field,fold,rank,original_index,size_ratio,captured_energy,projection_error,surrogate_error,excess_error
bulk,1,1,1,1.010101,0.9457373279857374,0.011427151973145654,0.011504068915485279,7.691694233962452e-05
bulk,1,1,7,1.070707,0.9457373279857374,0.007762244251042574,0.008048141414209647,0.00028589716316707384
bulk,1,1,12,1.121212,0.9457373279857374,0.0031105140796033356,0.003156620328785047,4.6106249181711474e-05
bulk,1,1,18,1.181818,0.9457373279857374,0.002443813065414581,0.003588762802941377,0.0011449497375267963
bulk,1,1,23,1.232323,0.9457373279857374,0.003370931829724643,0.0043652005455450255,0.0009942687158203825
bulk,1,1,29,1.292929,0.9457373279857374,0.0037053036572454678,0.0037110884222755045,5.7847650300367134e-06
bulk,1,1,34,1.343434,0.9457373279857374,0.004008566621479613,0.004369856733296069,0.0003612901118164556
bulk,1,1,40,1.40404,0.9457373279857374,0.005228970117121139,0.00522915614726754,1.860301464011102e-07
bulk,1,1,46,1.464646,0.9457373279857374,0.004219824746318126,0.004393214060971842,0.00017338931465371576
bulk,1,1,51,1.515152,0.9457373279857374,0.0037737773120480518,0.003984374381260438,0.00021059706921238612
bulk,1,1,57,1.575758,0.9457373279857374,0.00451350888901258,0.0045257425148165845,1.2233625804004486e-05
bulk,1,1,62,1.626263,0.9457373279857374,0.0052405077329492344,0.005258247749524536,1.774001657530149e-05
bulk,1,1,68,1.686869,0.9457373279857374,0.004040844181786479,0.0040842401561579705,4.339597437149137e-05
bulk,1,1,73,1.737374,0.9457373279857374,0.0029907072848825945,0.0033611973797105566,0.0003704900948279621
bulk,1,1,79,1.79798,0.9457373279857374,0.003004863977726902,0.003323862735583381,0.000318998757856479
bulk,1,1,84,1.848485,0.9457373279857374,0.003077512239757036,0.0032417496623119396,0.00016423742255490363
bulk,1,1,90,1.909091,0.9457373279857374,0.0037171762313987253,0.0037847812336537306,6.76050022550053e-05
bulk,1,1,96,1.969697,0.9457373279857374,0.0038231231604845617,0.004257487684385428,0.00043436452390086585
bulk,1,2,1,1.010101,0.9741817785530885,0.005157179038547438,0.005371621398442423,0.00021444235989498493
bulk,1,2,7,1.070707,0.9741817785530885,0.0031331418811569567,0.004091646016145395,0.0009585041349884382
bulk,1,2,12,1.121212,0.9741817785530885,0.0030711115247151455,0.003304421574963079,0.00023331005024793345
bulk,1,2,18,1.181818,0.9741817785530885,0.002355443281488443,0.0048874815208466964,0.0025320382393582536
bulk,1,2,23,1.232323,0.9741817785530885,0.0032928771368662527,0.0056899580565761354,0.0023970809197098827
bulk,1,2,29,1.292929,0.9741817785530885,0.003039519802124382,0.0031727825809447652,0.00013326277882038306
bulk,1,2,34,1.343434,0.9741817785530885,0.0039668398271159545,0.004812921036300643,0.0008460812091846889
bulk,1,2,40,1.40404,0.9741817785530885,0.003374619712597547,0.003375345862911869,7.261503143221257e-07
bulk,1,2,46,1.464646,0.9741817785530885,0.0036625728644179584,0.005233354116917906,0.0015707812524999474
bulk,1,2,51,1.515152,0.9741817785530885,0.003504988335592666,0.0037568282731546875,0.0002518399375620213
bulk,1,2,57,1.575758,0.9741817785530885,0.0033553841452042786,0.0041557405284026305,0.0008003563831983519
bulk,1,2,62,1.626263,0.9741817785530885,0.0037097673288288995,0.0045273372427229695,0.00081756991389407
bulk,1,2,68,1.686869,0.9741817785530885,0.002853118724907065,0.004061330150966878,0.0012082114260598131
bulk,1,2,73,1.737374,0.9741817785530885,0.0023827598511249066,0.0033718932974835902,0.0009891334463586836
bulk,1,2,79,1.79798,0.9741817785530885,0.0027050598380293544,0.00354806914248737,0.0008430093044580157
bulk,1,2,84,1.848485,0.9741817785530885,0.0027991491794765538,0.003937077787067906,0.0011379286075913525
bulk,1,2,90,1.909091,0.9741817785530885,0.0030831965415644424,0.0043839671034560735,0.001300770561891631
bulk,1,2,96,1.969697,0.9741817785530885,0.003810424528548208,0.004319060069428535,0.0005086355408803274
bulk,1,3,1,1.010101,0.9808058774885826,0.004639727281523548,0.005104480540980363,0.0004647532594568146
bulk,1,3,7,1.070707,0.9808058774885826,0.0031258273153830776,0.004151536119728476,0.0010257088043453986
bulk,1,3,12,1.121212,0.9808058774885826,0.0030225424448367378,0.0035218490452388175,0.0004993066004020798
bulk,1,3,18,1.181818,0.9808058774885826,0.002324883975067286,0.005822984666238633,0.003498100691171347
bulk,1,3,23,1.232323,0.9808058774885826,0.0031121428799915788,0.00595711642234134,0.0028449735423497612
bulk,1,3,29,1.292929,0.9808058774885826,0.0029575435901380235,0.00319240613181986,0.00023486254168183672
bulk,1,3,34,1.343434,0.9808058774885826,0.003054684447489168,0.00449104254356462,0.0014363580960754523
bulk,1,3,40,1.40404,0.9808058774885826,0.003206540902362679,0.00339264520365075,0.00018610430128807118
bulk,1,3,46,1.464646,0.9808058774885826,0.0027916753594230165,0.0048912493545407625,0.002099573995117746
bulk,1,3,51,1.515152,0.9808058774885826,0.0023282991663571466,0.0027444443068599315,0.0004161451405027849
bulk,1,3,57,1.575758,0.9808058774885826,0.0033177596923184304,0.00437844383568083,0.0010606841433623997
bulk,1,3,62,1.626263,0.9808058774885826,0.0034369864601286005,0.004351957813068514,0.0009149713529399131
bulk,1,3,68,1.686869,0.9808058774885826,0.0028515791500288686,0.004212118300333,0.0013605391503041311
bulk,1,3,73,1.737374,0.9808058774885826,0.0023123056864554473,0.0034862086891728128,0.0011739030027173654
bulk,1,3,79,1.79798,0.9808058774885826,0.0023029507140144324,0.0038240840234808364,0.001521133309466404
bulk,1,3,84,1.848485,0.9808058774885826,0.0026812934517227334,0.004244026349211978,0.0015627328974892442
bulk,1,3,90,1.909091,0.9808058774885826,0.0028768605606000015,0.00429193434722924,0.0014150737866292385
bulk,1,3,96,1.969697,0.9808058774885826,0.002599988034007879,0.0033159806064725467,0.0007159925724646676
bulk,1,4,1,1.010101,0.9840588726773075,0.003839160213346444,0.004419756697339376,0.0005805964839929317
bulk,1,4,7,1.070707,0.9840588726773075,0.003011109150109917,0.00417380894196705,0.0011626997918571325
bulk,1,4,12,1.121212,0.9840588726773075,0.002915151077333136,0.003980881535588919,0.0010657304582557831
bulk,1,4,18,1.181818,0.9840588726773075,0.0021577109330680765,0.005758326592193608,0.0036006156591255312
bulk,1,4,23,1.232323,0.9840588726773075,0.0030408062612650704,0.005927297261571564,0.0028864910003064933
bulk,1,4,29,1.292929,0.9840588726773075,0.002462453385067079,0.0028262102082515965,0.0003637568231845173
bulk,1,4,34,1.343434,0.9840588726773075,0.0030537387605292596,0.004541646413206917,0.0014879076526776577
bulk,1,4,40,1.40404,0.9840588726773075,0.002636445450429442,0.0030633291033780874,0.00042688365294864554
bulk,1,4,46,1.464646,0.9840588726773075,0.0027868136430169448,0.004896708269794097,0.0021098946267771525
bulk,1,4,51,1.515152,0.9840588726773075,0.0023282987724592497,0.0027467816037265416,0.00041848283126729195
bulk,1,4,57,1.575758,0.9840588726773075,0.0028476099419094537,0.004416303415629921,0.0015686934737204673
bulk,1,4,62,1.626263,0.9840588726773075,0.003420295992957985,0.004341428280815666,0.0009211322878576811
bulk,1,4,68,1.686869,0.9840588726773075,0.0024789260615314533,0.0041921039229420205,0.0017131778614105672
bulk,1,4,73,1.737374,0.9840588726773075,0.00231041872949872,0.003633314671592241,0.001322895942093521
bulk,1,4,79,1.79798,0.9840588726773075,0.002271593162471724,0.004047169741288798,0.0017755765788170742
bulk,1,4,84,1.848485,0.9840588726773075,0.00247688700940762,0.004153429917637115,0.0016765429082294947
bulk,1,4,90,1.909091,0.9840588726773075,0.002836576397291739,0.004398758945762828,0.0015621825484710894
bulk,1,4,96,1.969697,0.9840588726773075,0.0025736393913491766,0.003314272606467974,0.0007406332151187974
bulk,1,6,1,1.010101,0.9879118070133253,0.002679350803177902,0.005617055191743943,0.002937704388566041
bulk,1,6,7,1.070707,0.9879118070133253,0.002843867290478011,0.004183185425087902,0.0013393181346098913
bulk,1,6,12,1.121212,0.9879118070133253,0.0025721678382679292,0.003747948594797183,0.0011757807565292537
bulk,1,6,18,1.181818,0.9879118070133253,0.00213325261818794,0.005863676723087785,0.003730424104899845
bulk,1,6,23,1.232323,0.9879118070133253,0.0025113668412648704,0.0059757532281125144,0.003464386386847644
bulk,1,6,29,1.292929,0.9879118070133253,0.00240665128709343,0.0028393362598828644,0.00043268497278943453
bulk,1,6,34,1.343434,0.9879118070133253,0.002683756382620622,0.00448877921625907,0.0018050228336384476
bulk,1,6,40,1.40404,0.9879118070133253,0.0024640235887350855,0.003029320497768009,0.0005652969090329234
bulk,1,6,46,1.464646,0.9879118070133253,0.002656019613972154,0.005008533720166377,0.002352514106194223
bulk,1,6,51,1.515152,0.9879118070133253,0.0020552478477042996,0.0026041423908751337,0.0005488945431708341
bulk,1,6,57,1.575758,0.9879118070133253,0.0027010449794712594,0.00460961454513829,0.0019085695656670307
bulk,1,6,62,1.626263,0.9879118070133253,0.0029442102694689737,0.004506993439644311,0.0015627831701753377
bulk,1,6,68,1.686869,0.9879118070133253,0.0024368059542082664,0.004402498235187189,0.001965692280978922
bulk,1,6,73,1.737374,0.9879118070133253,0.0021025181289067805,0.003720867715794615,0.0016183495868878346
bulk,1,6,79,1.79798,0.9879118070133253,0.002219082246276508,0.004105916370465155,0.0018868341241886472
bulk,1,6,84,1.848485,0.9879118070133253,0.0020847510660422755,0.004127422254038705,0.00204267118799643
bulk,1,6,90,1.909091,0.9879118070133253,0.0027653683334986565,0.004432741100040977,0.0016673727665423204
bulk,1,6,96,1.969697,0.9879118070133253,0.0023373459038509192,0.0036127022015083206,0.0012753562976574014
bulk,1,8,1,1.010101,0.9903963500681038,0.0024408869456951977,0.00559319361942876,0.003152306673733562
bulk,1,8,7,1.070707,0.9903963500681038,0.0025585598319288116,0.004217192903229055,0.0016586330713002431
bulk,1,8,12,1.121212,0.9903963500681038,0.002228328336011433,0.003683572005308348,0.001455243669296915
bulk,1,8,18,1.181818,0.9903963500681038,0.002119435451829385,0.00590753812530808,0.0037881026734786953
bulk,1,8,23,1.232323,0.9903963500681038,0.0023020879472107317,0.006046304991684295,0.0037442170444735635
bulk,1,8,29,1.292929,0.9903963500681038,0.0020874845060491454,0.002876469810756872,0.0007889853047077268
bulk,1,8,34,1.343434,0.9903963500681038,0.002486026440553996,0.004448072839007453,0.0019620463984534567
bulk,1,8,40,1.40404,0.9903963500681038,0.002451614452017143,0.0030584476449717203,0.0006068331929545774
bulk,1,8,46,1.464646,0.9903963500681038,0.002436407910678268,0.004988863972283447,0.002552456061605179
bulk,1,8,51,1.515152,0.9903963500681038,0.0019485946617067576,0.002669555284567135,0.0007209606228603775
bulk,1,8,57,1.575758,0.9903963500681038,0.002438960332522705,0.004495237860291337,0.002056277527768632
bulk,1,8,62,1.626263,0.9903963500681038,0.0026577014543568873,0.0044332978337334175,0.0017755963793765301
bulk,1,8,68,1.686869,0.9903963500681038,0.0019023437203168788,0.004410818700375596,0.0025084749800587166
bulk,1,8,73,1.737374,0.9903963500681038,0.002054485335795048,0.0037176474884525203,0.0016631621526574723
bulk,1,8,79,1.79798,0.9903963500681038,0.001967200194250811,0.004148726798998677,0.0021815266047478664
bulk,1,8,84,1.848485,0.9903963500681038,0.00205485330968359,0.004247613642965435,0.002192760333281845
bulk,1,8,90,1.909091,0.9903963500681038,0.002744755163617212,0.004456546689052708,0.0017117915254354957
bulk,1,8,96,1.969697,0.9903963500681038,0.002224353135444327,0.0036195516521563614,0.0013951985167120345
bulk,1,10,1,1.010101,0.9920426592116235,0.002436646280613003,0.005614626278402497,0.0031779799977894943
bulk,1,10,7,1.070707,0.9920426592116235,0.0024600221641206694,0.004320767380081676,0.0018607452159610065
bulk,1,10,12,1.121212,0.9920426592116235,0.002170726364306123,0.003744456594989348,0.0015737302306832249
bulk,1,10,18,1.181818,0.9920426592116235,0.002103260482252459,0.005924914442761589,0.0038216539605091305
bulk,1,10,23,1.232323,0.9920426592116235,0.0022202707198574344,0.006016670808055045,0.0037964000881976104
bulk,1,10,29,1.292929,0.9920426592116235,0.0020167860462113924,0.002832127921827876,0.0008153418756164836
bulk,1,10,34,1.343434,0.9920426592116235,0.0024106529519948333,0.0044115825243157296,0.0020009295723208962
bulk,1,10,40,1.40404,0.9920426592116235,0.0022348863098664595,0.003224678076431524,0.0009897917665650643
bulk,1,10,46,1.464646,0.9920426592116235,0.0021046123749337104,0.00517119046186483,0.0030665780869311198
bulk,1,10,51,1.515152,0.9920426592116235,0.0019074253703923684,0.0027605192547958957,0.0008530938844035273
bulk,1,10,57,1.575758,0.9920426592116235,0.002434540590475481,0.00449606416618715,0.0020615235757116693
bulk,1,10,62,1.626263,0.9920426592116235,0.0020674900210415617,0.004627227262785218,0.0025597372417436566
bulk,1,10,68,1.686869,0.9920426592116235,0.0018562361752994915,0.004430522376421152,0.0025742862011216604
bulk,1,10,73,1.737374,0.9920426592116235,0.0020476297389881654,0.003828313634877765,0.0017806838958895994
bulk,1,10,79,1.79798,0.9920426592116235,0.0019634757680437966,0.004161393359878304,0.002197917591834507
bulk,1,10,84,1.848485,0.9920426592116235,0.0020223743905186916,0.004238921516811523,0.0022165471262928314
bulk,1,10,90,1.909091,0.9920426592116235,0.0025603679655801523,0.004525778146742861,0.001965410181162709
bulk,1,10,96,1.969697,0.9920426592116235,0.0021693556329888826,0.0036547013483912783,0.0014853457154023956
bulk,1,15,1,1.010101,0.9945443192037455,0.0023921209213601077,0.005638180074187996,0.003246059152827888
bulk,1,15,7,1.070707,0.9945443192037455,0.0020781741884896157,0.004389994722520085,0.002311820534030469
bulk,1,15,12,1.121212,0.9945443192037455,0.0020450492634991892,0.003714703655233561,0.001669654391734372
bulk,1,15,18,1.181818,0.9945443192037455,0.0018036182005961839,0.0058701790294201596,0.004066560828823976
bulk,1,15,23,1.232323,0.9945443192037455,0.0020671316978625354,0.006078084611682108,0.004010952913819572
bulk,1,15,29,1.292929,0.9945443192037455,0.0019597513480945493,0.002864488660637925,0.0009047373125433758
bulk,1,15,34,1.343434,0.9945443192037455,0.002346775126647282,0.004425184656939202,0.0020784095302919204
bulk,1,15,40,1.40404,0.9945443192037455,0.0018996179733671622,0.0031757786907889067,0.0012761607174217445
bulk,1,15,46,1.464646,0.9945443192037455,0.0018671380077411647,0.0052282853694349905,0.003361147361693826
bulk,1,15,51,1.515152,0.9945443192037455,0.0018244141281653363,0.0028297395876711907,0.0010053254595058544
bulk,1,15,57,1.575758,0.9945443192037455,0.0022372694505169385,0.004627444803948846,0.002390175353431908
bulk,1,15,62,1.626263,0.9945443192037455,0.001746213579818924,0.004813447108543841,0.003067233528724917
bulk,1,15,68,1.686869,0.9945443192037455,0.0017189884207391823,0.004441154746057115,0.002722166325317932
bulk,1,15,73,1.737374,0.9945443192037455,0.0018837016003072232,0.00391419660942637,0.0020304950091191466
bulk,1,15,79,1.79798,0.9945443192037455,0.00177261163733229,0.004174584595391897,0.002401972958059607
bulk,1,15,84,1.848485,0.9945443192037455,0.0019880083240119825,0.004279319621499245,0.002291311297487262
bulk,1,15,90,1.909091,0.9945443192037455,0.002191268781560154,0.004540531597356395,0.002349262815796241
bulk,1,15,96,1.969697,0.9945443192037455,0.001965978993452577,0.0036116007172165175,0.0016456217237639406
bulk,1,20,1,1.010101,0.9960156281108246,0.0023023137297362435,0.0056194248505126755,0.003317111120776432
bulk,1,20,7,1.070707,0.9960156281108246,0.0020239492425679203,0.004460948091808198,0.002436998849240278
bulk,1,20,12,1.121212,0.9960156281108246,0.001956536135856523,0.003728848720923622,0.0017723125850670988
bulk,1,20,18,1.181818,0.9960156281108246,0.0017181115259688904,0.00589016199304991,0.00417205046708102
bulk,1,20,23,1.232323,0.9960156281108246,0.00196893374964661,0.006101955264106674,0.004133021514460064
bulk,1,20,29,1.292929,0.9960156281108246,0.001942677523344285,0.0028694932766172763,0.0009268157532729912
bulk,1,20,34,1.343434,0.9960156281108246,0.0022343491084508564,0.004486631882626352,0.0022522827741754954
bulk,1,20,40,1.40404,0.9960156281108246,0.0017501093147820686,0.00323900485632765,0.0014888955415455814
bulk,1,20,46,1.464646,0.9960156281108246,0.0016452498736404817,0.005247766097852267,0.0036025162242117855
bulk,1,20,51,1.515152,0.9960156281108246,0.001642051384880274,0.0029654420636387197,0.0013233906787584457
bulk,1,20,57,1.575758,0.9960156281108246,0.002030679305000263,0.004713418120010044,0.002682738815009781
bulk,1,20,62,1.626263,0.9960156281108246,0.0017334626120597025,0.004834301231894667,0.0031008386198349645
bulk,1,20,68,1.686869,0.9960156281108246,0.0015799346955761035,0.004526640827950328,0.0029467061323742248
bulk,1,20,73,1.737374,0.9960156281108246,0.0018435757675139021,0.003926503503174148,0.0020829277356602454
bulk,1,20,79,1.79798,0.9960156281108246,0.001641456690743163,0.004191889187943872,0.002550432497200709
bulk,1,20,84,1.848485,0.9960156281108246,0.0018809245487463864,0.004364016366965191,0.0024830918182188045
bulk,1,20,90,1.909091,0.9960156281108246,0.0020702798008913415,0.004636804397658606,0.0025665245967672647
bulk,1,20,96,1.969697,0.9960156281108246,0.0017715992682530762,0.0035361667517743085,0.0017645674835212323
bulk,2,1,2,1.020202,0.9446636704228802,0.009843092001709021,0.009900020544985124,5.692854327610242e-05
bulk,2,1,8,1.080808,0.9446636704228802,0.007544134591954917,0.007568066300615829,2.3931708660912543e-05
bulk,2,1,13,1.131313,0.9446636704228802,0.003237973387500128,0.0033096864198762705,7.171303237614272e-05
bulk,2,1,19,1.191919,0.9446636704228802,0.005598295961382567,0.005876295542022812,0.0002779995806402452
bulk,2,1,24,1.242424,0.9446636704228802,0.006755279008390959,0.007762968043614701,0.0010076890352237414
bulk,2,1,30,1.30303,0.9446636704228802,0.0052301465694417374,0.005269749346537658,3.960277709592029e-05
bulk,2,1,36,1.363636,0.9446636704228802,0.002794924143207418,0.0028773308069604785,8.240666375306047e-05
bulk,2,1,41,1.414141,0.9446636704228802,0.004743371646206915,0.004753915466058632,1.0543819851716908e-05
bulk,2,1,47,1.474747,0.9446636704228802,0.0036455752863876712,0.0037013431765683977,5.576789018072641e-05
bulk,2,1,52,1.525253,0.9446636704228802,0.005213750828089423,0.005216270018002248,2.519189912825355e-06
bulk,2,1,58,1.585859,0.9446636704228802,0.003230488733156053,0.003279686616174233,4.919788301818023e-05
bulk,2,1,63,1.636364,0.9446636704228802,0.003079216449323763,0.0031342211522105722,5.500470288680908e-05
bulk,2,1,69,1.69697,0.9446636704228802,0.003256544853944681,0.004067804598361783,0.0008112597444171021
bulk,2,1,74,1.747475,0.9446636704228802,0.0023529165393624827,0.002398433258503581,4.551671914109845e-05
bulk,2,1,80,1.808081,0.9446636704228802,0.002385937814349346,0.0023892075349025888,3.269720553242695e-06
bulk,2,1,86,1.868687,0.9446636704228802,0.0031186851289237995,0.0032152179235501433,9.653279462634376e-05
bulk,2,1,91,1.919192,0.9446636704228802,0.00415086247535082,0.004297644161505615,0.00014678168615479478
bulk,2,1,97,1.979798,0.9446636704228802,0.004125575836721676,0.0041308781500719715,5.302313350295795e-06
bulk,2,2,2,1.020202,0.9735781939759041,0.003481195374364327,0.003649078323717765,0.00016788294935343772
bulk,2,2,8,1.080808,0.9735781939759041,0.0026905752244465466,0.003360779025149496,0.0006702038007029495
bulk,2,2,13,1.131313,0.9735781939759041,0.0030598244733715447,0.0034385650040959915,0.00037874053072444683
bulk,2,2,19,1.191919,0.9735781939759041,0.004948482036775389,0.005378329852657354,0.000429847815881965
bulk,2,2,24,1.242424,0.9735781939759041,0.003609413553341496,0.006478113182544362,0.002868699629202866
bulk,2,2,30,1.30303,0.9735781939759041,0.0032496401865656417,0.004219931623350805,0.000970291436785163
bulk,2,2,36,1.363636,0.9735781939759041,0.002136962929975456,0.0023073474398624667,0.00017038450988701064
bulk,2,2,41,1.414141,0.9735781939759041,0.003015205796372046,0.003049634725144496,3.4428928772449983e-05
bulk,2,2,47,1.474747,0.9735781939759041,0.003191748159245034,0.0038725215611782526,0.0006807734019332184
bulk,2,2,52,1.525253,0.9735781939759041,0.004403207412191166,0.004717074526413931,0.0003138671142227647
bulk,2,2,58,1.585859,0.9735781939759041,0.0031670770232789256,0.003236318348605996,6.924132532707024e-05
bulk,2,2,63,1.636364,0.9735781939759041,0.003044507302895805,0.003355557349199949,0.0003110500463041439
bulk,2,2,69,1.69697,0.9735781939759041,0.002769223428834505,0.003914107999432136,0.0011448845705976309
bulk,2,2,74,1.747475,0.9735781939759041,0.0021832307456638974,0.0022859225488683402,0.00010269180320444287
bulk,2,2,80,1.808081,0.9735781939759041,0.002378994487927341,0.0029571783358698805,0.0005781838479425394
bulk,2,2,86,1.868687,0.9735781939759041,0.0027842886848907897,0.0029778508942117053,0.00019356220932091562
bulk,2,2,91,1.919192,0.9735781939759041,0.0035000732761071,0.004790914163430072,0.0012908408873229717
bulk,2,2,97,1.979798,0.9735781939759041,0.004087318352379178,0.00430164291255384,0.00021432456017466198
bulk,2,3,2,1.020202,0.9800378009591952,0.003295435848234259,0.0037441882622205867,0.0004487524139863276
bulk,2,3,8,1.080808,0.9800378009591952,0.002592664665107038,0.0032865354840053034,0.0006938708188982652
bulk,2,3,13,1.131313,0.9800378009591952,0.0026851741415440857,0.003162431817784633,0.0004772576762405471
bulk,2,3,19,1.191919,0.9800378009591952,0.0033209461456440758,0.004814636667311136,0.00149369052166706
bulk,2,3,24,1.242424,0.9800378009591952,0.0026769005184588057,0.006564778585515854,0.0038878780670570483
bulk,2,3,30,1.30303,0.9800378009591952,0.0031892884801577323,0.004421692435276493,0.001232403955118761
bulk,2,3,36,1.363636,0.9800378009591952,0.002069127979087271,0.002447127779377424,0.0003779998002901531
bulk,2,3,41,1.414141,0.9800378009591952,0.0029980164694676736,0.0030587902918307996,6.0773822363126024e-05
bulk,2,3,47,1.474747,0.9800378009591952,0.0031861010194478524,0.004149144818498825,0.0009630437990509723
bulk,2,3,52,1.525253,0.9800378009591952,0.0032204001764486066,0.0038094141161245,0.0005890139396758933
bulk,2,3,58,1.585859,0.9800378009591952,0.0028107606375757997,0.0029477598413680155,0.0001369992037922158
bulk,2,3,63,1.636364,0.9800378009591952,0.0026757364175652404,0.0030260605431117957,0.0003503241255465553
bulk,2,3,69,1.69697,0.9800378009591952,0.002768970153304462,0.003920204569350567,0.0011512344160461048
bulk,2,3,74,1.747475,0.9800378009591952,0.002151751961513425,0.0024188734929088576,0.0002671215313954328
bulk,2,3,80,1.808081,0.9800378009591952,0.002294477128482068,0.0031810921108790875,0.0008866149823970196
bulk,2,3,86,1.868687,0.9800378009591952,0.0027554542047937454,0.002968758685446433,0.00021330448065268745
bulk,2,3,91,1.919192,0.9800378009591952,0.002652167674142678,0.004391204092458737,0.001739036418316059
bulk,2,3,97,1.979798,0.9800378009591952,0.0028059915520959483,0.0031734355565067184,0.0003674440044107701
bulk,2,4,2,1.020202,0.9836906040814387,0.003221123454690528,0.0037296361780710277,0.0005085127233804996
bulk,2,4,8,1.080808,0.9836906040814387,0.0023070054322603282,0.00354766243254331,0.0012406570002829816
bulk,2,4,13,1.131313,0.9836906040814387,0.0026346802740224023,0.003259454333122295,0.0006247740590998928
bulk,2,4,19,1.191919,0.9836906040814387,0.0029449909817046748,0.004725030173694017,0.0017800391919893426
bulk,2,4,24,1.242424,0.9836906040814387,0.0023610748194413354,0.006448358077095861,0.004087283257654526
bulk,2,4,30,1.30303,0.9836906040814387,0.0029888691271506757,0.004287963760431475,0.0012990946332807995
bulk,2,4,36,1.363636,0.9836906040814387,0.002022780064041428,0.0024232256297327783,0.00040044556569135024
bulk,2,4,41,1.414141,0.9836906040814387,0.002945164168045451,0.0030076441951232148,6.248002707776382e-05
bulk,2,4,47,1.474747,0.9836906040814387,0.0028211473502206376,0.003903253576581572,0.0010821062263609346
bulk,2,4,52,1.525253,0.9836906040814387,0.0031192162325053823,0.0038565511078919976,0.0007373348753866153
bulk,2,4,58,1.585859,0.9836906040814387,0.0028070999292688905,0.00365495719300308,0.0008478572637341895
bulk,2,4,63,1.636364,0.9836906040814387,0.002610478374355778,0.003195185830944008,0.0005847074565882302
bulk,2,4,69,1.69697,0.9836906040814387,0.002700214789162577,0.003927858848459506,0.0012276440592969289
bulk,2,4,74,1.747475,0.9836906040814387,0.002143477251065601,0.0024207997290015743,0.00027732247793597333
bulk,2,4,80,1.808081,0.9836906040814387,0.002291587733275462,0.003245748075856259,0.000954160342580797
bulk,2,4,86,1.868687,0.9836906040814387,0.0027410794388261855,0.003449027205989841,0.0007079477671636555
bulk,2,4,91,1.919192,0.9836906040814387,0.002651342718070138,0.0044214233081603955,0.0017700805900902573
bulk,2,4,97,1.979798,0.9836906040814387,0.002704105705866267,0.003093410961446237,0.0003893052555799699
bulk,2,6,2,1.020202,0.9874467880783331,0.002329694533941161,0.0045419397439670625,0.0022122452100259015
bulk,2,6,8,1.080808,0.9874467880783331,0.002077378241715167,0.003448476611603795,0.0013710983698886283
bulk,2,6,13,1.131313,0.9874467880783331,0.002022651351658973,0.00310687052554209,0.001084219173883117
bulk,2,6,19,1.191919,0.9874467880783331,0.0029103240413345154,0.004797974881000282,0.0018876508396657669
bulk,2,6,24,1.242424,0.9874467880783331,0.0022488858138661493,0.0065461870931743365,0.004297301279308188
bulk,2,6,30,1.30303,0.9874467880783331,0.0022668018145984834,0.004293273952688251,0.002026472138089768
bulk,2,6,36,1.363636,0.9874467880783331,0.0019494285259425835,0.0027463138697181697,0.0007968853437755861
bulk,2,6,41,1.414141,0.9874467880783331,0.002810738663618355,0.003026187812414297,0.00021544914879594208
bulk,2,6,47,1.474747,0.9874467880783331,0.002620982191348427,0.0038468604371281316,0.0012258782457797044
bulk,2,6,52,1.525253,0.9874467880783331,0.0026717774740315572,0.004043805631362996,0.0013720281573314386
bulk,2,6,58,1.585859,0.9874467880783331,0.0024206434697798223,0.00384912291111219,0.0014284794413323676
bulk,2,6,63,1.636364,0.9874467880783331,0.0025702383431542666,0.0031685728983130842,0.0005983345551588176
bulk,2,6,69,1.69697,0.9874467880783331,0.0023690333639879726,0.003977055246326223,0.00160802188233825
bulk,2,6,74,1.747475,0.9874467880783331,0.002031625876119743,0.002543088817417622,0.0005114629412978789
bulk,2,6,80,1.808081,0.9874467880783331,0.0022866316100368647,0.0033518917582034216,0.0010652601481665569
bulk,2,6,86,1.868687,0.9874467880783331,0.00269736565988833,0.0034196575665679466,0.0007222919066796167
bulk,2,6,91,1.919192,0.9874467880783331,0.002613641078024497,0.004546155155198076,0.0019325140771735794
bulk,2,6,97,1.979798,0.9874467880783331,0.0022975384107222466,0.003314864719805311,0.0010173263090830645
bulk,2,8,2,1.020202,0.9900073115863286,0.00220807346696194,0.004537171751109478,0.002329098284147538
bulk,2,8,8,1.080808,0.9900073115863286,0.0019519378842410321,0.003479101639216013,0.001527163754974981
bulk,2,8,13,1.131313,0.9900073115863286,0.0019818000280789646,0.003235967388811961,0.0012541673607329965
bulk,2,8,19,1.191919,0.9900073115863286,0.002798625680024355,0.004786259441594482,0.0019876337615701268
bulk,2,8,24,1.242424,0.9900073115863286,0.0021570972350514056,0.006579171848825424,0.004422074613774018
bulk,2,8,30,1.30303,0.9900073115863286,0.0018749452839341375,0.0045178627623439485,0.0026429174784098107
bulk,2,8,36,1.363636,0.9900073115863286,0.001635005013034247,0.0027407210447254796,0.0011057160316912326
bulk,2,8,41,1.414141,0.9900073115863286,0.00261685589706275,0.0030635076178448773,0.0004466517207821273
bulk,2,8,47,1.474747,0.9900073115863286,0.0025445338990653875,0.003979154584921404,0.0014346206858560167
bulk,2,8,52,1.525253,0.9900073115863286,0.002576888536140027,0.004104888066504542,0.0015279995303645144
bulk,2,8,58,1.585859,0.9900073115863286,0.0019135865149051436,0.003719357139804137,0.0018057706248989934
bulk,2,8,63,1.636364,0.9900073115863286,0.002358835128073401,0.003491373138116051,0.00113253801004265
bulk,2,8,69,1.69697,0.9900073115863286,0.0020576374948667884,0.0043231079023472365,0.002265470407480448
bulk,2,8,74,1.747475,0.9900073115863286,0.001952622323550439,0.002518789815503005,0.0005661674919525659
bulk,2,8,80,1.808081,0.9900073115863286,0.002158581895492713,0.003644139535904496,0.0014855576404117828
bulk,2,8,86,1.868687,0.9900073115863286,0.002054761737164124,0.003612351694103494,0.00155758995693937
bulk,2,8,91,1.919192,0.9900073115863286,0.0024008052537892043,0.0044981586791245955,0.002097353425335391
bulk,2,8,97,1.979798,0.9900073115863286,0.0022243399194233526,0.0032760248341523854,0.0010516849147290327
bulk,2,10,2,1.020202,0.9917037835596463,0.0021781853747461616,0.004537645345446345,0.0023594599707001834
bulk,2,10,8,1.080808,0.9917037835596463,0.0019328309262337277,0.003489331845796456,0.0015565009195627282
bulk,2,10,13,1.131313,0.9917037835596463,0.001971153868133926,0.0032951495716143854,0.0013239957034804593
bulk,2,10,19,1.191919,0.9917037835596463,0.0023724729201484752,0.004807783003074161,0.002435310082925686
bulk,2,10,24,1.242424,0.9917037835596463,0.0021291880524316083,0.006572122870433689,0.004442934818002081
bulk,2,10,30,1.30303,0.9917037835596463,0.0017723856707387515,0.0044799442392958475,0.002707558568557096
bulk,2,10,36,1.363636,0.9917037835596463,0.0015771200123599345,0.0027107374387734125,0.001133617426413478
bulk,2,10,41,1.414141,0.9917037835596463,0.0024059532118120438,0.0032672916646308684,0.0008613384528188247
bulk,2,10,47,1.474747,0.9917037835596463,0.002208347703874571,0.004032733162031223,0.001824385458156652
bulk,2,10,52,1.525253,0.9917037835596463,0.0024495130429657073,0.0041373650199801,0.0016878519770143923
bulk,2,10,58,1.585859,0.9917037835596463,0.0018506427890810989,0.0037414695403597516,0.0018908267512786528
bulk,2,10,63,1.636364,0.9917037835596463,0.0020819567515142786,0.0036967150518528477,0.0016147583003385691
bulk,2,10,69,1.69697,0.9917037835596463,0.002051028167810334,0.004339102491494166,0.0022880743236838317
bulk,2,10,74,1.747475,0.9917037835596463,0.0018867010255492807,0.0025700851717498584,0.0006833841462005777
bulk,2,10,80,1.808081,0.9917037835596463,0.0021070344086091025,0.0036884916243897464,0.0015814572157806439
bulk,2,10,86,1.868687,0.9917037835596463,0.00205222401844907,0.003622409812108266,0.001570185793659196
bulk,2,10,91,1.919192,0.9917037835596463,0.0022966513735561563,0.004659678283709474,0.0023630269101533176
bulk,2,10,97,1.979798,0.9917037835596463,0.00219372885044044,0.0033104756836666357,0.0011167468332261956
bulk,2,15,2,1.020202,0.9942826914379521,0.001964270875773242,0.004638823422487833,0.0026745525467145913
bulk,2,15,8,1.080808,0.9942826914379521,0.0018729121052390725,0.0035398300293946754,0.001666917924155603
bulk,2,15,13,1.131313,0.9942826914379521,0.0018902873960777579,0.0033546321503761965,0.0014643447542984386
bulk,2,15,19,1.191919,0.9942826914379521,0.0020503253709649384,0.004719556840069413,0.0026692314691044747
bulk,2,15,24,1.242424,0.9942826914379521,0.002057535781077159,0.006570203168598367,0.0045126673875212076
bulk,2,15,30,1.30303,0.9942826914379521,0.0017435620961716723,0.004609389749536956,0.002865827653365284
bulk,2,15,36,1.363636,0.9942826914379521,0.0014936685005860866,0.0027831304898834415,0.001289461989297355
bulk,2,15,41,1.414141,0.9942826914379521,0.001983439579973878,0.003294764478663198,0.00131132489868932
bulk,2,15,47,1.474747,0.9942826914379521,0.0020504597934344164,0.004131399157454107,0.0020809393640196907
bulk,2,15,52,1.525253,0.9942826914379521,0.0021795773933520465,0.004207748266060501,0.0020281708727084543
bulk,2,15,58,1.585859,0.9942826914379521,0.0017752950949234847,0.004087382905557556,0.002312087810634071
bulk,2,15,63,1.636364,0.9942826914379521,0.0018884683002491896,0.0037810449129189226,0.001892576612669733
bulk,2,15,69,1.69697,0.9942826914379521,0.0018876508850106473,0.004420024436849081,0.0025323735518384335
bulk,2,15,74,1.747475,0.9942826914379521,0.0017588720020825601,0.00273207952291269,0.0009732075208301297
bulk,2,15,80,1.808081,0.9942826914379521,0.0018991712395931021,0.0036159487838574953,0.0017167775442643932
bulk,2,15,86,1.868687,0.9942826914379521,0.0019690925746631803,0.0037510059490440182,0.001781913374380838
bulk,2,15,91,1.919192,0.9942826914379521,0.0019841174140180257,0.004758952387896664,0.0027748349738786382
bulk,2,15,97,1.979798,0.9942826914379521,0.002086960996904418,0.0033540072205148273,0.0012670462236104092
bulk,2,20,2,1.020202,0.9958571765802574,0.0018539846964489085,0.004723529529413396,0.0028695448329644872
bulk,2,20,8,1.080808,0.9958571765802574,0.0017815145331959398,0.003556896451088513,0.001775381917892573
bulk,2,20,13,1.131313,0.9958571765802574,0.0017410799930431804,0.0033871748555905634,0.001646094862547383
bulk,2,20,19,1.191919,0.9958571765802574,0.0019341503086097846,0.004751681030072752,0.002817530721462968
bulk,2,20,24,1.242424,0.9958571765802574,0.0019527642641598343,0.006605682421692258,0.0046529181575324235
bulk,2,20,30,1.30303,0.9958571765802574,0.0016148317911664197,0.004607397290163431,0.0029925654989970112
bulk,2,20,36,1.363636,0.9958571765802574,0.0014780372497966705,0.0030223482078709243,0.0015443109580742537
bulk,2,20,41,1.414141,0.9958571765802574,0.0015056406865703725,0.003241451643925175,0.0017358109573548026
bulk,2,20,47,1.474747,0.9958571765802574,0.0018628611762283934,0.004150721786766663,0.0022878606105382693
bulk,2,20,52,1.525253,0.9958571765802574,0.0020237009986656907,0.004206297860052587,0.002182596861386896
bulk,2,20,58,1.585859,0.9958571765802574,0.0016341991278700052,0.004111130924006663,0.002476931796136658
bulk,2,20,63,1.636364,0.9958571765802574,0.0018157420385011068,0.0038546461956016874,0.0020389041571005806
bulk,2,20,69,1.69697,0.9958571765802574,0.001804681240655761,0.004447551642284294,0.002642870401628533
bulk,2,20,74,1.747475,0.9958571765802574,0.0016974223906217577,0.002799651602554118,0.0011022292119323603
bulk,2,20,80,1.808081,0.9958571765802574,0.001780623123257333,0.0036203787050134964,0.0018397555817561634
bulk,2,20,86,1.868687,0.9958571765802574,0.0018193572874957444,0.003714321147183038,0.0018949638596872935
bulk,2,20,91,1.919192,0.9958571765802574,0.00194011949855855,0.004778424070532218,0.002838304571973668
bulk,2,20,97,1.979798,0.9958571765802574,0.0019059653564329827,0.003377037898510856,0.0014710725420778732
bulk,3,1,3,1.030303,0.9414101314723708,0.00913866646812089,0.00920091906216482,6.225259404393085e-05
bulk,3,1,9,1.090909,0.9414101314723708,0.004522498132554531,0.004629883631156556,0.00010738549860202489
bulk,3,1,14,1.141414,0.9414101314723708,0.004145651165940493,0.004227861174846316,8.221000890582236e-05
bulk,3,1,20,1.20202,0.9414101314723708,0.00426982831049641,0.004281129778165395,1.1301467668985155e-05
bulk,3,1,26,1.262626,0.9414101314723708,0.004935001400363137,0.005017636133182812,8.263473281967457e-05
bulk,3,1,31,1.313131,0.9414101314723708,0.0030888100797350835,0.0037282276180955138,0.0006394175383604302
bulk,3,1,37,1.373737,0.9414101314723708,0.0034079376057591787,0.0036252998170797353,0.00021736221132055656
bulk,3,1,42,1.424242,0.9414101314723708,0.004658024426116326,0.005057553491515115,0.0003995290653987897
bulk,3,1,48,1.484848,0.9414101314723708,0.003736122318740517,0.003737158738173244,1.0364194327266638e-06
bulk,3,1,53,1.535354,0.9414101314723708,0.0028339917453684355,0.0028368189822983478,2.8272369299122725e-06
bulk,3,1,59,1.59596,0.9414101314723708,0.00478734276631485,0.005064921284440111,0.0002775785181252611
bulk,3,1,64,1.646465,0.9414101314723708,0.002819980654265858,0.00285707566808951,3.709501382365187e-05
bulk,3,1,70,1.707071,0.9414101314723708,0.003764823923928976,0.005590868226917472,0.0018260443029884965
bulk,3,1,76,1.767677,0.9414101314723708,0.0027248768026559137,0.0032001564348263086,0.0004752796321703949
bulk,3,1,81,1.818182,0.9414101314723708,0.00367044231031229,0.003676135271052793,5.692960740503062e-06
bulk,3,1,87,1.878788,0.9414101314723708,0.003251877848517821,0.003681076828266481,0.00042919897974866023
bulk,3,1,92,1.929293,0.9414101314723708,0.0029512319275215196,0.0032253125572818987,0.00027408062976037916
bulk,3,1,98,1.989899,0.9414101314723708,0.006205676029131175,0.006516536913484509,0.0003108608843533341
bulk,3,2,3,1.030303,0.9728902320986978,0.003439678358475472,0.003688674513352546,0.0002489961548770743
bulk,3,2,9,1.090909,0.9728902320986978,0.0032711735531636105,0.0036815264139719393,0.0004103528608083288
bulk,3,2,14,1.141414,0.9728902320986978,0.003970209169607679,0.0044720950952045,0.0005018859255968211
bulk,3,2,20,1.20202,0.9728902320986978,0.0026162513118792386,0.0031407605128019045,0.0005245092009226659
bulk,3,2,26,1.262626,0.9728902320986978,0.0030350029138605317,0.003258805628795553,0.00022380271493502128
bulk,3,2,31,1.313131,0.9728902320986978,0.0030170195493860043,0.005130710473551252,0.002113690924165248
bulk,3,2,37,1.373737,0.9728902320986978,0.0031225938596795696,0.0033699509754847676,0.00024735711580519803
bulk,3,2,42,1.424242,0.9728902320986978,0.003183253232319468,0.003820728562595604,0.0006374753302761361
bulk,3,2,48,1.484848,0.9728902320986978,0.0035715442938179347,0.003745049426083016,0.00017350513226508128
bulk,3,2,53,1.535354,0.9728902320986978,0.002801122060041684,0.0034000025687060133,0.0005988805086643294
bulk,3,2,59,1.59596,0.9728902320986978,0.003708019554319337,0.005173217783689234,0.0014651982293698972
bulk,3,2,64,1.646465,0.9728902320986978,0.002749345188199913,0.002822707626420691,7.336243822077823e-05
bulk,3,2,70,1.707071,0.9728902320986978,0.0026816632006465085,0.005791321942690789,0.00310965874204428
bulk,3,2,76,1.767677,0.9728902320986978,0.0027205339164070447,0.003203736570078351,0.00048320265367130617
bulk,3,2,81,1.818182,0.9728902320986978,0.0028659615383244018,0.0034443820763819222,0.0005784205380575205
bulk,3,2,87,1.878788,0.9728902320986978,0.0031241210766898213,0.00364354340714335,0.0005194223304535285
bulk,3,2,92,1.929293,0.9728902320986978,0.002945399981992933,0.0032247169158006457,0.0002793169338077125
bulk,3,2,98,1.989899,0.9728902320986978,0.0039530740002829265,0.005213654848975563,0.0012605808486926369
bulk,3,3,3,1.030303,0.9802530814714323,0.0031290037788864436,0.0034024299571740204,0.00027342617828757677
bulk,3,3,9,1.090909,0.9802530814714323,0.0029043808652291685,0.0033747837344826406,0.0004704028692534721
bulk,3,3,14,1.141414,0.9802530814714323,0.0024157159202267157,0.00370536778420966,0.0012896518639829444
bulk,3,3,20,1.20202,0.9802530814714323,0.0025203071519256195,0.003495026140803117,0.0009747189888774975
bulk,3,3,26,1.262626,0.9802530814714323,0.002916531468365354,0.003179157805973475,0.0002626263376081213
bulk,3,3,31,1.313131,0.9802530814714323,0.002726333868504009,0.0053687853277725305,0.0026424514592685217
bulk,3,3,37,1.373737,0.9802530814714323,0.0029670034917897836,0.0032612773757209027,0.0002942738839311191
bulk,3,3,42,1.424242,0.9802530814714323,0.0026762565561873723,0.0035764436466856147,0.0009001870904982424
bulk,3,3,48,1.484848,0.9802530814714323,0.0035478107781990154,0.0037745912430553518,0.00022678046485633636
bulk,3,3,53,1.535354,0.9802530814714323,0.002595404175708436,0.0035575076523426544,0.0009621034766342184
bulk,3,3,59,1.59596,0.9802530814714323,0.0035658725951589368,0.0051395394552187935,0.0015736668600598567
bulk,3,3,64,1.646465,0.9802530814714323,0.0024004373709086467,0.002532907696495025,0.00013247032558637815
bulk,3,3,70,1.707071,0.9802530814714323,0.0026621016853011557,0.005821536821359795,0.003159435136058639
bulk,3,3,76,1.767677,0.9802530814714323,0.0027192659648529213,0.0032643991239413484,0.0005451331590884271
bulk,3,3,81,1.818182,0.9802530814714323,0.002863087945949857,0.0034460878850945164,0.0005829999391446595
bulk,3,3,87,1.878788,0.9802530814714323,0.003116325736117918,0.0037098866870006217,0.0005935609508827037
bulk,3,3,92,1.929293,0.9802530814714323,0.0028686822667496037,0.003848570830866439,0.0009798885641168352
bulk,3,3,98,1.989899,0.9802530814714323,0.003636686832429906,0.005017305026123609,0.0013806181936937031
bulk,3,4,3,1.030303,0.9833750806295475,0.0031286794373489224,0.0034206462284006316,0.0002919667910517092
bulk,3,4,9,1.090909,0.9833750806295475,0.002861332043823657,0.003666932650917132,0.0008056006070934754
bulk,3,4,14,1.141414,0.9833750806295475,0.0024107659396723656,0.0037461453582723365,0.001335379418599971
bulk,3,4,20,1.20202,0.9833750806295475,0.002456412853528893,0.0036300538762775456,0.0011736410227486528
bulk,3,4,26,1.262626,0.9833750806295475,0.002302652826051733,0.002925289361910343,0.0006226365358586099
bulk,3,4,31,1.313131,0.9833750806295475,0.0027175358975728738,0.005469701809059838,0.002752165911486964
bulk,3,4,37,1.373737,0.9833750806295475,0.0029448016941436297,0.0033299990468699477,0.0003851973527263181
bulk,3,4,42,1.424242,0.9833750806295475,0.0026084900226473625,0.0035389309573901923,0.0009304409347428298
bulk,3,4,48,1.484848,0.9833750806295475,0.003275993984448813,0.0037601702003909046,0.0004841762159420917
bulk,3,4,53,1.535354,0.9833750806295475,0.0025939446585555733,0.0035650893084536966,0.0009711446498981233
bulk,3,4,59,1.59596,0.9833750806295475,0.0026716690029631135,0.0049798895782583955,0.002308220575295282
bulk,3,4,64,1.646465,0.9833750806295475,0.0023710506562633635,0.002629276340966211,0.0002582256847028473
bulk,3,4,70,1.707071,0.9833750806295475,0.002229983866335284,0.005711796799478849,0.0034818129331435654
bulk,3,4,76,1.767677,0.9833750806295475,0.0022468452934526753,0.0032396342903394425,0.0009927889968867672
bulk,3,4,81,1.818182,0.9833750806295475,0.002470710183365519,0.003299868796378878,0.0008291586130133588
bulk,3,4,87,1.878788,0.9833750806295475,0.002093930805144314,0.0032398246555033292,0.0011458938503590152
bulk,3,4,92,1.929293,0.9833750806295475,0.002815233547980264,0.003945445913466867,0.001130212365486603
bulk,3,4,98,1.989899,0.9833750806295475,0.0033509357879979514,0.004816029221916584,0.001465093433918633
bulk,3,6,3,1.030303,0.9874611803136005,0.0028353000025682705,0.003780918623240663,0.0009456186206723925
bulk,3,6,9,1.090909,0.9874611803136005,0.002621525871365159,0.0035160648639767874,0.0008945389926116286
bulk,3,6,14,1.141414,0.9874611803136005,0.0023977087774041924,0.004046506861472695,0.001648798084068503
bulk,3,6,20,1.20202,0.9874611803136005,0.002363040138464438,0.003961046988123994,0.0015980068496595562
bulk,3,6,26,1.262626,0.9874611803136005,0.0022099618404214185,0.002993537173119033,0.0007835753326976146
bulk,3,6,31,1.313131,0.9874611803136005,0.0026323589380630656,0.005467176545944443,0.0028348176078813775
bulk,3,6,37,1.373737,0.9874611803136005,0.0024104464168959202,0.003179445973476937,0.0007689995565810168
bulk,3,6,42,1.424242,0.9874611803136005,0.0025111765932739043,0.003609105922848035,0.0010979293295741307
bulk,3,6,48,1.484848,0.9874611803136005,0.0031335721000683484,0.003729629393312389,0.0005960572932440407
bulk,3,6,53,1.535354,0.9874611803136005,0.0019472842508664804,0.0037134009132644323,0.001766116662397952
bulk,3,6,59,1.59596,0.9874611803136005,0.002373290667714189,0.0049833611233129,0.002610070455598711
bulk,3,6,64,1.646465,0.9874611803136005,0.0021810945091614783,0.002640422426132318,0.0004593279169708398
bulk,3,6,70,1.707071,0.9874611803136005,0.0021805721876305187,0.0059306701925070995,0.003750098004876581
bulk,3,6,76,1.767677,0.9874611803136005,0.0021502043651984025,0.003239121536507439,0.0010889171713090364
bulk,3,6,81,1.818182,0.9874611803136005,0.002166079524778056,0.0037231890260587233,0.0015571095012806672
bulk,3,6,87,1.878788,0.9874611803136005,0.0020632148084919286,0.00323809747662384,0.0011748826681319113
bulk,3,6,92,1.929293,0.9874611803136005,0.00269363031358039,0.003971753199418527,0.0012781228858381364
bulk,3,6,98,1.989899,0.9874611803136005,0.002983806150567784,0.004584335212621126,0.001600529062053342
bulk,3,8,3,1.030303,0.9901047796461967,0.00253734333993515,0.00381671368840851,0.0012793703484733601
bulk,3,8,9,1.090909,0.9901047796461967,0.0022807003552665164,0.003564834654507141,0.0012841342992406246
bulk,3,8,14,1.141414,0.9901047796461967,0.002336191262703854,0.004178669881520859,0.0018424786188170053
bulk,3,8,20,1.20202,0.9901047796461967,0.002303489149821536,0.0041434863751057165,0.0018399972252841805
bulk,3,8,26,1.262626,0.9901047796461967,0.00214692296364496,0.00294758235777147,0.0008006593941265096
bulk,3,8,31,1.313131,0.9901047796461967,0.0023783119857445855,0.005500228383714074,0.0031219163979694883
bulk,3,8,37,1.373737,0.9901047796461967,0.0023645300750532866,0.003253258239178167,0.0008887281641248804
bulk,3,8,42,1.424242,0.9901047796461967,0.00216549807050289,0.0035527191144121254,0.0013872210439092353
bulk,3,8,48,1.484848,0.9901047796461967,0.002924978965543117,0.003641595960909751,0.000716616995366634
bulk,3,8,53,1.535354,0.9901047796461967,0.0018880718091117605,0.0038201856536751893,0.0019321138445634288
bulk,3,8,59,1.59596,0.9901047796461967,0.0023530912845277766,0.005048065267324304,0.0026949739827965276
bulk,3,8,64,1.646465,0.9901047796461967,0.0019175451353507025,0.002717205009462177,0.0007996598741114745
bulk,3,8,70,1.707071,0.9901047796461967,0.002128119372210533,0.0059844378578969674,0.0038563184856864343
bulk,3,8,76,1.767677,0.9901047796461967,0.002114834238384762,0.003328542502593313,0.0012137082642085513
bulk,3,8,81,1.818182,0.9901047796461967,0.0019893282447484006,0.003868741498306366,0.0018794132535579653
bulk,3,8,87,1.878788,0.9901047796461967,0.0019413662237108753,0.003521092290827041,0.0015797260671161655
bulk,3,8,92,1.929293,0.9901047796461967,0.0024809045432721273,0.0040986152716037255,0.0016177107283315982
bulk,3,8,98,1.989899,0.9901047796461967,0.0025176715988503547,0.0044037713404859406,0.0018860997416355859
bulk,3,10,3,1.030303,0.991813103190675,0.0025267321438625675,0.003820978186936218,0.0012942460430736503
bulk,3,10,9,1.090909,0.991813103190675,0.0022253601865719268,0.0035861057355512055,0.0013607455489792787
bulk,3,10,14,1.141414,0.991813103190675,0.0022871415959855004,0.004233959992109385,0.0019468183961238845
bulk,3,10,20,1.20202,0.991813103190675,0.0021670244810660304,0.004342159744526732,0.0021751352634607015
bulk,3,10,26,1.262626,0.991813103190675,0.0020974036620443524,0.002984740221981652,0.0008873365599372995
bulk,3,10,31,1.313131,0.991813103190675,0.002359598366197973,0.005531899526133973,0.003172301159936
bulk,3,10,37,1.373737,0.991813103190675,0.0023160207934057823,0.0032612312045632616,0.0009452104111574793
bulk,3,10,42,1.424242,0.991813103190675,0.0020301047977543205,0.0036526999776022883,0.0016225951798479678
bulk,3,10,48,1.484848,0.991813103190675,0.0025503946785787276,0.003364663955667594,0.0008142692770888665
bulk,3,10,53,1.535354,0.991813103190675,0.0018202337012818914,0.0038442940656815694,0.0020240603643996782
bulk,3,10,59,1.59596,0.991813103190675,0.0021765887798624473,0.005062479561318712,0.0028858907814562646
bulk,3,10,64,1.646465,0.991813103190675,0.0019034002462659917,0.003010385101935412,0.0011069848556694202
bulk,3,10,70,1.707071,0.991813103190675,0.002080613107328625,0.006005229816678031,0.003924616709349406
bulk,3,10,76,1.767677,0.991813103190675,0.002019727493297712,0.0034932253991732036,0.0014734979058754916
bulk,3,10,81,1.818182,0.991813103190675,0.0019320688543441934,0.003892076723657016,0.001960007869312823
bulk,3,10,87,1.878788,0.991813103190675,0.0018579837437717748,0.0037004826779969487,0.001842498934225174
bulk,3,10,92,1.929293,0.991813103190675,0.002054095158536909,0.00412322086892512,0.0020691257103882107
bulk,3,10,98,1.989899,0.991813103190675,0.0024031717900994047,0.004381996157017544,0.0019788243669181392
bulk,3,15,3,1.030303,0.9941839308562063,0.0024260391962939165,0.003909248605074211,0.0014832094087802944
bulk,3,15,9,1.090909,0.9941839308562063,0.0021798290052172827,0.003600762175406194,0.0014209331701889112
bulk,3,15,14,1.141414,0.9941839308562063,0.0020255827983497892,0.004268435265975564,0.0022428524676257745
bulk,3,15,20,1.20202,0.9941839308562063,0.0018348070764498865,0.0043738776639184445,0.0025390705874685582
bulk,3,15,26,1.262626,0.9941839308562063,0.0018954738656940767,0.0031493448901180874,0.0012538710244240107
bulk,3,15,31,1.313131,0.9941839308562063,0.0019113192641032125,0.005596937430611828,0.003685618166508616
bulk,3,15,37,1.373737,0.9941839308562063,0.002214665156626405,0.003297193979167228,0.001082528822540823
bulk,3,15,42,1.424242,0.9941839308562063,0.001936965532282789,0.0037369494524920476,0.0017999839202092586
bulk,3,15,48,1.484848,0.9941839308562063,0.002280954298388879,0.0032510505883775447,0.0009700962899886656
bulk,3,15,53,1.535354,0.9941839308562063,0.0017683908946981293,0.003964276771859424,0.0021958858771612944
bulk,3,15,59,1.59596,0.9941839308562063,0.0017669301983522455,0.005117040274054248,0.0033501100757020023
bulk,3,15,64,1.646465,0.9941839308562063,0.0017309290654580894,0.003097736483178368,0.0013668074177202788
bulk,3,15,70,1.707071,0.9941839308562063,0.0017896762071044324,0.006069914151904392,0.00428023794479996
bulk,3,15,76,1.767677,0.9941839308562063,0.0015647890528593833,0.0034973572745428463,0.001932568221683463
bulk,3,15,81,1.818182,0.9941839308562063,0.0017586048583759762,0.0039019842019839364,0.00214337934360796
bulk,3,15,87,1.878788,0.9941839308562063,0.0016887364930889357,0.003729359955564005,0.002040623462475069
bulk,3,15,92,1.929293,0.9941839308562063,0.0019520921110413847,0.004237893024105595,0.00228580091306421
bulk,3,15,98,1.989899,0.9941839308562063,0.0023017759208639544,0.004414585347725589,0.002112809426861635
bulk,3,20,3,1.030303,0.9957607161944516,0.0021868069348957215,0.004038190167266829,0.0018513832323711079
bulk,3,20,9,1.090909,0.9957607161944516,0.0019597522548473042,0.0035566278205735736,0.0015968755657262694
bulk,3,20,14,1.141414,0.9957607161944516,0.0019745483762348115,0.004300600084634048,0.0023260517083992364
bulk,3,20,20,1.20202,0.9957607161944516,0.0016921666506530652,0.004401691246781785,0.00270952459612872
bulk,3,20,26,1.262626,0.9957607161944516,0.0016986862031532733,0.0032369567531539776,0.0015382705500007043
bulk,3,20,31,1.313131,0.9957607161944516,0.0016838280785597232,0.005594067597081501,0.003910239518521778
bulk,3,20,37,1.373737,0.9957607161944516,0.0020540663168280722,0.0033201263331090664,0.0012660600162809942
bulk,3,20,42,1.424242,0.9957607161944516,0.0018466777774141087,0.0037299804038314227,0.001883302626417314
bulk,3,20,48,1.484848,0.9957607161944516,0.0021167567441163536,0.0033346805412708663,0.0012179237971545126
bulk,3,20,53,1.535354,0.9957607161944516,0.001526212614967917,0.003968789578069671,0.002442576963101754
bulk,3,20,59,1.59596,0.9957607161944516,0.0017367106854638077,0.005148246775559971,0.003411536090096163
bulk,3,20,64,1.646465,0.9957607161944516,0.0016459131690309378,0.0032383405322282733,0.0015924273631973355
bulk,3,20,70,1.707071,0.9957607161944516,0.0017716514146242375,0.006081876499435576,0.0043102250848113385
bulk,3,20,76,1.767677,0.9957607161944516,0.0015404820659878707,0.0035342521990530547,0.001993770133065184
bulk,3,20,81,1.818182,0.9957607161944516,0.001593858410937083,0.003968242196881123,0.0023743837859440398
bulk,3,20,87,1.878788,0.9957607161944516,0.001647140695236586,0.0037515068739874874,0.002104366178750901
bulk,3,20,92,1.929293,0.9957607161944516,0.0016523311978002308,0.004145020461198857,0.002492689263398626
bulk,3,20,98,1.989899,0.9957607161944516,0.0019203113558167455,0.0045443791481846576,0.002624067792367912
bulk,4,1,4,1.040404,0.943908527126438,0.010070362821551982,0.010317370453346724,0.000247007631794742
bulk,4,1,10,1.10101,0.943908527126438,0.0035827487719310843,0.00359862835237031,1.5879580439225657e-05
bulk,4,1,16,1.161616,0.943908527126438,0.0028370744473954846,0.0030796787195815013,0.00024260427218601678
bulk,4,1,21,1.212121,0.943908527126438,0.0032223413039776656,0.0033934923523397903,0.00017115104836212466
bulk,4,1,27,1.272727,0.943908527126438,0.002901107519680793,0.0029455375433839782,4.4430023703185065e-05
bulk,4,1,32,1.323232,0.943908527126438,0.005250491492003608,0.005645369978059734,0.00039487848605612545
bulk,4,1,38,1.383838,0.943908527126438,0.003446195863937553,0.0035001911551441577,5.399529120660466e-05
bulk,4,1,43,1.434343,0.943908527126438,0.005734715169829279,0.005864815962359921,0.000130100792530642
bulk,4,1,49,1.494949,0.943908527126438,0.004491592406717508,0.004790731475369349,0.0002991390686518415
bulk,4,1,54,1.545455,0.943908527126438,0.0038499929535498437,0.0038535453505241933,3.552396974349642e-06
bulk,4,1,60,1.606061,0.943908527126438,0.0031566704767539105,0.0031572279236022666,5.574468483560482e-07
bulk,4,1,66,1.666667,0.943908527126438,0.0035220593883794823,0.0036668643521889596,0.00014480496380947722
bulk,4,1,71,1.717172,0.943908527126438,0.0047615574249897956,0.005886627411113749,0.0011250699861239536
bulk,4,1,77,1.777778,0.943908527126438,0.002199899163219904,0.003438790917852734,0.00123889175463283
bulk,4,1,82,1.828283,0.943908527126438,0.0030564864349688957,0.0031030168137412798,4.653037877238404e-05
bulk,4,1,88,1.888889,0.943908527126438,0.004186833134825122,0.00480266111072262,0.0006158279758974984
bulk,4,1,93,1.939394,0.943908527126438,0.004495861512685635,0.004935821119859829,0.0004399596071741939
bulk,4,2,4,1.040404,0.9743908066611627,0.004111571218754864,0.00521090813876118,0.0010993369200063162
bulk,4,2,10,1.10101,0.9743908066611627,0.0029334188416073994,0.0029635594693399256,3.014062773252623e-05
bulk,4,2,16,1.161616,0.9743908066611627,0.0028134240666545813,0.004483363730114451,0.00166993966345987
bulk,4,2,21,1.212121,0.9743908066611627,0.0031977640855533726,0.004487414351947459,0.0012896502663940867
bulk,4,2,27,1.272727,0.9743908066611627,0.0023326482859263834,0.0027209389415090816,0.0003882906555826983
bulk,4,2,32,1.323232,0.9743908066611627,0.002925899759279287,0.004317187627242801,0.0013912878679635142
bulk,4,2,38,1.383838,0.9743908066611627,0.003410626646409095,0.004325114879710942,0.0009144882333018468
bulk,4,2,43,1.434343,0.9743908066611627,0.003197542748863406,0.004176302807485012,0.0009787600586216058
bulk,4,2,49,1.494949,0.9743908066611627,0.0033751175711345853,0.004674563391085529,0.0012994458199509437
bulk,4,2,54,1.545455,0.9743908066611627,0.0030224816048530978,0.0034678891115277545,0.00044540750667465675
bulk,4,2,60,1.606061,0.9743908066611627,0.003145337245253589,0.0032208943046003443,7.555705934675534e-05
bulk,4,2,66,1.666667,0.9743908066611627,0.003492921583547434,0.003716689526533615,0.00022376794298618104
bulk,4,2,71,1.717172,0.9743908066611627,0.004759693822770112,0.006034782465808832,0.00127508864303872
bulk,4,2,77,1.777778,0.9743908066611627,0.002173085294956529,0.0035744259785977046,0.0014013406836411754
bulk,4,2,82,1.828283,0.9743908066611627,0.0030564495401137984,0.003130218744691102,7.376920457730345e-05
bulk,4,2,88,1.888889,0.9743908066611627,0.003620824143471493,0.004988103154071312,0.001367279010599819
bulk,4,2,93,1.939394,0.9743908066611627,0.004347228306645019,0.0049529622238854674,0.0006057339172404483
bulk,4,3,4,1.040404,0.9810241012420544,0.003975861985123817,0.005124764781543121,0.001148902796419304
bulk,4,3,10,1.10101,0.9810241012420544,0.0026068248724750317,0.002781547469404885,0.0001747225969298532
bulk,4,3,16,1.161616,0.9810241012420544,0.0026722907719436274,0.005197122458450218,0.0025248316865065907
bulk,4,3,21,1.212121,0.9810241012420544,0.0031122718220276454,0.0044804331053921774,0.001368161283364532
bulk,4,3,27,1.272727,0.9810241012420544,0.002271315628400688,0.002841316575895953,0.0005700009474952647
bulk,4,3,32,1.323232,0.9810241012420544,0.002718625714419283,0.0046887472387199735,0.0019701215243006906
bulk,4,3,38,1.383838,0.9810241012420544,0.002620971351015146,0.004042314637313981,0.0014213432862988352
bulk,4,3,43,1.434343,0.9810241012420544,0.002901232959646779,0.004009154626011194,0.0011079216663644155
bulk,4,3,49,1.494949,0.9810241012420544,0.0033746448142005204,0.004998764321616857,0.0016241195074163362
bulk,4,3,54,1.545455,0.9810241012420544,0.002492994794661931,0.003023190654016289,0.0005301958593543579
bulk,4,3,60,1.606061,0.9810241012420544,0.0024322408207759186,0.002537112003488483,0.00010487118271256457
bulk,4,3,66,1.666667,0.9810241012420544,0.002645817603133946,0.002969088066818094,0.000323270463684148
bulk,4,3,71,1.717172,0.9810241012420544,0.0047447245070030555,0.00607220197760811,0.0013274774706050546
bulk,4,3,77,1.777778,0.9810241012420544,0.0021120754700204485,0.0036446820221873516,0.001532606552166903
bulk,4,3,82,1.828283,0.9810241012420544,0.002993940032983221,0.0032653601869076956,0.0002714201539244748
bulk,4,3,88,1.888889,0.9810241012420544,0.003223062763668937,0.004786495325843086,0.0015634325621741488
bulk,4,3,93,1.939394,0.9810241012420544,0.0026206825015053082,0.004341949882013471,0.001721267380508163
bulk,4,4,4,1.040404,0.9840566917423298,0.0032755786002322683,0.0050846941774764145,0.0018091155772441462
bulk,4,4,10,1.10101,0.9840566917423298,0.0024932883924887648,0.0026858623071862606,0.00019257391469749583
bulk,4,4,16,1.161616,0.9840566917423298,0.002659346670874971,0.005190485704486771,0.0025311390336118
bulk,4,4,21,1.212121,0.9840566917423298,0.0031110464110635097,0.004564997212182154,0.0014539508011186444
bulk,4,4,27,1.272727,0.9840566917423298,0.002268775412974934,0.003061440436091007,0.000792665023116073
bulk,4,4,32,1.323232,0.9840566917423298,0.0027174870455196226,0.004718631776694315,0.0020011447311746922
bulk,4,4,38,1.383838,0.9840566917423298,0.002523848227693945,0.004011640799769424,0.001487792572075479
bulk,4,4,43,1.434343,0.9840566917423298,0.0025915071312833065,0.0038293083927889034,0.0012378012615055969
bulk,4,4,49,1.494949,0.9840566917423298,0.003366767478840658,0.005273176696737717,0.0019064092178970589
bulk,4,4,54,1.545455,0.9840566917423298,0.002481247566102701,0.0031247492617630652,0.0006435016956603643
bulk,4,4,60,1.606061,0.9840566917423298,0.0023633893548493145,0.002488449258130531,0.0001250599032812166
bulk,4,4,66,1.666667,0.9840566917423298,0.0025836551594217456,0.002954647093978153,0.0003709919345564073
bulk,4,4,71,1.717172,0.9840566917423298,0.002608894364828008,0.005283042397351162,0.002674148032523154
bulk,4,4,77,1.777778,0.9840566917423298,0.0021075617525445982,0.0041105361720845755,0.0020029744195399772
bulk,4,4,82,1.828283,0.9840566917423298,0.002992623940832205,0.003276808160934596,0.000284184220102391
bulk,4,4,88,1.888889,0.9840566917423298,0.0030131683682073198,0.00473074923770233,0.0017175808694950105
bulk,4,4,93,1.939394,0.9840566917423298,0.002601840621674949,0.0043680746378030365,0.0017662340161280874
bulk,4,6,4,1.040404,0.9877835275721221,0.003090242642696113,0.004996578284098046,0.0019063356414019332
bulk,4,6,10,1.10101,0.9877835275721221,0.0023214407752955965,0.002581340470621631,0.00025989969532603466
bulk,4,6,16,1.161616,0.9877835275721221,0.0024654792034185394,0.005495746619498347,0.0030302674160798074
bulk,4,6,21,1.212121,0.9877835275721221,0.002843477282927779,0.004922087135715034,0.0020786098527872552
bulk,4,6,27,1.272727,0.9877835275721221,0.002196925467685832,0.003025220382088142,0.0008282949144023098
bulk,4,6,32,1.323232,0.9877835275721221,0.0024912144980095982,0.004708305045291754,0.002217090547282156
bulk,4,6,38,1.383838,0.9877835275721221,0.0025197831824785837,0.004098009616172985,0.001578226433694401
bulk,4,6,43,1.434343,0.9877835275721221,0.00249294879315706,0.003978755708523515,0.0014858069153664546
bulk,4,6,49,1.494949,0.9877835275721221,0.0027462534959804435,0.005266617537351129,0.0025203640413706857
bulk,4,6,54,1.545455,0.9877835275721221,0.002317221054705368,0.003190611332449802,0.0008733902777444342
bulk,4,6,60,1.606061,0.9877835275721221,0.0019290897658750033,0.0031706266421626917,0.0012415368762876884
bulk,4,6,66,1.666667,0.9877835275721221,0.0024273668976147827,0.0034380439462474892,0.0010106770486327066
bulk,4,6,71,1.717172,0.9877835275721221,0.0025588268801822077,0.0053847944072349455,0.002825967527052738
bulk,4,6,77,1.777778,0.9877835275721221,0.0020841710674316433,0.004203045739809051,0.0021188746723774074
bulk,4,6,82,1.828283,0.9877835275721221,0.0028345653332293003,0.0032170445899099057,0.0003824792566806054
bulk,4,6,88,1.888889,0.9877835275721221,0.0029521481026840816,0.004784988161691846,0.0018328400590077645
bulk,4,6,93,1.939394,0.9877835275721221,0.0024534060609862456,0.004478169649967757,0.0020247635889815117
bulk,4,8,4,1.040404,0.9902766193947582,0.0026576296390148605,0.00527305180654874,0.0026154221675338796
bulk,4,8,10,1.10101,0.9902766193947582,0.0021645356031333635,0.0029713695474896853,0.0008068339443563217
bulk,4,8,16,1.161616,0.9902766193947582,0.002205976589024569,0.005616647277770644,0.003410670688746075
bulk,4,8,21,1.212121,0.9902766193947582,0.0022363363104162884,0.005181020779012181,0.0029446844685958925
bulk,4,8,27,1.272727,0.9902766193947582,0.002105572409610502,0.002989556469626223,0.0008839840600157207
bulk,4,8,32,1.323232,0.9902766193947582,0.002016319682875437,0.0045617338098039905,0.0025454141269285534
bulk,4,8,38,1.383838,0.9902766193947582,0.001970858762677829,0.004007324585208697,0.002036465822530868
bulk,4,8,43,1.434343,0.9902766193947582,0.002206916725888394,0.0039355932155182,0.001728676489629806
bulk,4,8,49,1.494949,0.9902766193947582,0.0022580753090068015,0.00527981309633544,0.0030217377873286385
bulk,4,8,54,1.545455,0.9902766193947582,0.0022550424481518005,0.003235963595750495,0.0009809211475986946
bulk,4,8,60,1.606061,0.9902766193947582,0.0018851934677616583,0.0032425563086134154,0.0013573628408517571
bulk,4,8,66,1.666667,0.9902766193947582,0.0023660665638149813,0.0034933993417407003,0.001127332777925719
bulk,4,8,71,1.717172,0.9902766193947582,0.002528716817631817,0.005425439104210414,0.0028967222865785972
bulk,4,8,77,1.777778,0.9902766193947582,0.0020504689688713674,0.0041929470777930565,0.002142478108921689
bulk,4,8,82,1.828283,0.9902766193947582,0.0023239630933135375,0.0037404937820956596,0.001416530688782122
bulk,4,8,88,1.888889,0.9902766193947582,0.002663399648336338,0.004755762224088371,0.0020923625757520332
bulk,4,8,93,1.939394,0.9902766193947582,0.002435895861432419,0.004487400345810934,0.0020515044843785147
bulk,4,10,4,1.040404,0.9918250269369459,0.0025705398007256413,0.005312454752036513,0.002741914951310872
bulk,4,10,10,1.10101,0.9918250269369459,0.002035851064652728,0.003090102762528811,0.0010542516978760829
bulk,4,10,16,1.161616,0.9918250269369459,0.0020869473343897845,0.005684606726164504,0.00359765939177472
bulk,4,10,21,1.212121,0.9918250269369459,0.0022266995024953144,0.005263267877723791,0.0030365683752284762
bulk,4,10,27,1.272727,0.9918250269369459,0.0020736713665087847,0.0030034490210453547,0.00092977765453657
bulk,4,10,32,1.323232,0.9918250269369459,0.0018069454584429955,0.004556120548049567,0.0027491750896065717
bulk,4,10,38,1.383838,0.9918250269369459,0.0018970195728724775,0.004113970125480782,0.0022169505526083043
bulk,4,10,43,1.434343,0.9918250269369459,0.0021435165095188948,0.004050101019454655,0.0019065845099357605
bulk,4,10,49,1.494949,0.9918250269369459,0.002151032957905489,0.005238881817544135,0.0030878488596386457
bulk,4,10,54,1.545455,0.9918250269369459,0.00189600754514099,0.0031858963612395002,0.0012898888160985103
bulk,4,10,60,1.606061,0.9918250269369459,0.0018503922549884591,0.0034040305587589555,0.0015536383037704964
bulk,4,10,66,1.666667,0.9918250269369459,0.00193258300404339,0.003445507352425735,0.0015129243483823448
bulk,4,10,71,1.717172,0.9918250269369459,0.0024092654642437466,0.005437107019420108,0.0030278415551763613
bulk,4,10,77,1.777778,0.9918250269369459,0.0018791740916457831,0.00437395209379007,0.002494778002144287
bulk,4,10,82,1.828283,0.9918250269369459,0.002285580428588638,0.0037286532630094278,0.00144307283442079
bulk,4,10,88,1.888889,0.9918250269369459,0.002305313860933821,0.00473118477158433,0.0024258709106505087
bulk,4,10,93,1.939394,0.9918250269369459,0.00236197397849065,0.004565827278714947,0.002203853300224297
bulk,4,15,4,1.040404,0.9943414915046506,0.002315728449999767,0.005416594192384311,0.003100865742384544
bulk,4,15,10,1.10101,0.9943414915046506,0.0017930088953205595,0.0030733803455872434,0.001280371450266684
bulk,4,15,16,1.161616,0.9943414915046506,0.0018072533401726312,0.005748848826310736,0.003941595486138105
bulk,4,15,21,1.212121,0.9943414915046506,0.002146055039004638,0.005355126127558246,0.003209071088553608
bulk,4,15,27,1.272727,0.9943414915046506,0.001725235299003388,0.003141269552700485,0.0014160342536970972
bulk,4,15,32,1.323232,0.9943414915046506,0.0016874047574678478,0.004679308875133484,0.002991904117665636
bulk,4,15,38,1.383838,0.9943414915046506,0.0016848371244401166,0.00419322485084775,0.0025083877264076328
bulk,4,15,43,1.434343,0.9943414915046506,0.001986568365270515,0.004133708328671327,0.002147139963400812
bulk,4,15,49,1.494949,0.9943414915046506,0.0017467567737338898,0.005125132314529925,0.003378375540796035
bulk,4,15,54,1.545455,0.9943414915046506,0.0017680486837701253,0.0032020139037908547,0.0014339652200207294
bulk,4,15,60,1.606061,0.9943414915046506,0.0017644275831079225,0.0034769062394224746,0.001712478656314552
bulk,4,15,66,1.666667,0.9943414915046506,0.0017122845097975363,0.003530536827518499,0.0018182523177209626
bulk,4,15,71,1.717172,0.9943414915046506,0.002103677928474569,0.005434641618355568,0.003330963689880999
bulk,4,15,77,1.777778,0.9943414915046506,0.0018519814288182708,0.004441681441529178,0.0025897000127109073
bulk,4,15,82,1.828283,0.9943414915046506,0.0020268029593084116,0.0037182068494878697,0.001691403890179458
bulk,4,15,88,1.888889,0.9943414915046506,0.0022118027938818575,0.004804985158865486,0.0025931823649836287
bulk,4,15,93,1.939394,0.9943414915046506,0.002231872895391478,0.004772350841534676,0.002540477946143198
bulk,4,20,4,1.040404,0.9958645184133185,0.0021104622271006517,0.005400059540217512,0.00328959731311686
bulk,4,20,10,1.10101,0.9958645184133185,0.0016638004038324087,0.0030548318802061498,0.001391031476373741
bulk,4,20,16,1.161616,0.9958645184133185,0.0017655433506793784,0.005794674181736861,0.004029130831057483
bulk,4,20,21,1.212121,0.9958645184133185,0.001829728123638548,0.005349455944046485,0.0035197278204079363
bulk,4,20,27,1.272727,0.9958645184133185,0.0015527415072023722,0.0032527416277768973,0.001700000120574525
bulk,4,20,32,1.323232,0.9958645184133185,0.0015753802804297583,0.004720706299190114,0.003145326018760356
bulk,4,20,38,1.383838,0.9958645184133185,0.0015320012452911904,0.004235317574465233,0.0027033163291740425
bulk,4,20,43,1.434343,0.9958645184133185,0.001705061132488061,0.0041958048167710085,0.0024907436842829473
bulk,4,20,49,1.494949,0.9958645184133185,0.0017046880198286884,0.005163832397091553,0.003459144377262865
bulk,4,20,54,1.545455,0.9958645184133185,0.0016322085039956705,0.0032166205108065454,0.0015844120068108749
bulk,4,20,60,1.606061,0.9958645184133185,0.0016744428421668458,0.0035062685416648986,0.0018318256994980528
bulk,4,20,66,1.666667,0.9958645184133185,0.0015468838902233414,0.003592296309716969,0.0020454124194936277
bulk,4,20,71,1.717172,0.9958645184133185,0.0019362394850245815,0.005464791729157484,0.003528552244132902
bulk,4,20,77,1.777778,0.9958645184133185,0.0018288039828846902,0.004471882791651305,0.002643078808766615
bulk,4,20,82,1.828283,0.9958645184133185,0.001867383687354255,0.0037247093962133834,0.0018573257088591285
bulk,4,20,88,1.888889,0.9958645184133185,0.001939322430039926,0.004874476926146631,0.002935154496106705
bulk,4,20,93,1.939394,0.9958645184133185,0.0021425446668474164,0.004814531527327304,0.0026719868604798873
bulk,5,1,6,1.060606,0.9411673088379292,0.0046079559299303545,0.005502238312156421,0.0008942823822260665
bulk,5,1,11,1.111111,0.9411673088379292,0.004264357351774142,0.00427728199389328,1.2924642119138338e-05
bulk,5,1,17,1.171717,0.9411673088379292,0.006381630594569501,0.006704421992446429,0.0003227913978769278
bulk,5,1,22,1.222222,0.9411673088379292,0.0049498342727657876,0.005029471134662567,7.963686189677976e-05
bulk,5,1,28,1.282828,0.9411673088379292,0.003497769979522357,0.003522361262028325,2.4591282505968294e-05
bulk,5,1,33,1.333333,0.9411673088379292,0.00426852625762884,0.004276691415394455,8.16515776561489e-06
bulk,5,1,39,1.393939,0.9411673088379292,0.005527021313262836,0.005530277879635953,3.256566373116901e-06
bulk,5,1,44,1.444444,0.9411673088379292,0.003388880989614457,0.0033892728605103327,3.9187089587557414e-07
bulk,5,1,50,1.505051,0.9411673088379292,0.0038837302166265047,0.004659597431456409,0.0007758672148299047
bulk,5,1,56,1.565657,0.9411673088379292,0.0030950286224348503,0.0030950786225569056,5.000012205528051e-08
bulk,5,1,61,1.616162,0.9411673088379292,0.004354979504694991,0.004675004602064771,0.00032002509736978046
bulk,5,1,67,1.676768,0.9411673088379292,0.0037045787869252438,0.0041560388482187694,0.0004514600612935257
bulk,5,1,72,1.727273,0.9411673088379292,0.0027780500879084364,0.0036956110967304103,0.0009175610088219739
bulk,5,1,78,1.787879,0.9411673088379292,0.003630343523916245,0.004349432654611254,0.0007190891306950095
bulk,5,1,83,1.838384,0.9411673088379292,0.004190972837061484,0.004192195256408092,1.2224193466081612e-06
bulk,5,1,89,1.89899,0.9411673088379292,0.0030556273616506773,0.003359624986848705,0.00030399762519802776
bulk,5,1,94,1.949495,0.9411673088379292,0.002744625091437485,0.0027877833366652957,4.3158245227810886e-05
bulk,5,2,6,1.060606,0.9740009339855915,0.003367802074965146,0.006251158510881981,0.0028833564359168353
bulk,5,2,11,1.111111,0.9740009339855915,0.004140026808655857,0.004155947649715805,1.592084105994738e-05
bulk,5,2,17,1.171717,0.9740009339855915,0.004931109796633014,0.006698606564615981,0.0017674967679829666
bulk,5,2,22,1.222222,0.9740009339855915,0.0031589272275541866,0.004351498532534356,0.001192571304980169
bulk,5,2,28,1.282828,0.9740009339855915,0.00233577372057153,0.002390711997911571,5.4938277340040725e-05
bulk,5,2,33,1.333333,0.9740009339855915,0.002296991041977692,0.002447787104036872,0.00015079606205917976
bulk,5,2,39,1.393939,0.9740009339855915,0.0025738259666110838,0.003375061156994088,0.000801235190383004
bulk,5,2,44,1.444444,0.9740009339855915,0.0030085817028501086,0.00323460966880621,0.0002260279659561013
bulk,5,2,50,1.505051,0.9740009339855915,0.003825246410177959,0.005535002103171569,0.0017097556929936103
bulk,5,2,56,1.565657,0.9740009339855915,0.002957936686417056,0.0036696880941231524,0.0007117514077060964
bulk,5,2,61,1.616162,0.9740009339855915,0.003861805585302464,0.004220472091181972,0.0003586665058795081
bulk,5,2,67,1.676768,0.9740009339855915,0.003372529124057989,0.004820626467704328,0.001448097343646339
bulk,5,2,72,1.727273,0.9740009339855915,0.0026708387475333894,0.003950006984406041,0.0012791682368726515
bulk,5,2,78,1.787879,0.9740009339855915,0.0034953086328581018,0.004638026961524705,0.0011427183286666035
bulk,5,2,83,1.838384,0.9740009339855915,0.003378388532036385,0.004709755818664645,0.0013313672866282602
bulk,5,2,89,1.89899,0.9740009339855915,0.0030181576259697422,0.003348648327528619,0.00033049070155887665
bulk,5,2,94,1.949495,0.9740009339855915,0.0027207654349460436,0.002808478727793166,8.771329284712253e-05
bulk,5,3,6,1.060606,0.9802405649104637,0.003079803747800427,0.006213615126159876,0.0031338113783594495
bulk,5,3,11,1.111111,0.9802405649104637,0.0032087554163299807,0.0036567380498476604,0.0004479826335176797
bulk,5,3,17,1.171717,0.9802405649104637,0.0027096745833460837,0.0062322240289141816,0.003522549445568098
bulk,5,3,22,1.222222,0.9802405649104637,0.003117910728282722,0.004358406937585053,0.0012404962093023313
bulk,5,3,28,1.282828,0.9802405649104637,0.0023340884894083166,0.002440295430644051,0.0001062069412357345
bulk,5,3,33,1.333333,0.9802405649104637,0.0022432583142560185,0.0024177545277184317,0.00017449621346241322
bulk,5,3,39,1.393939,0.9802405649104637,0.0025628274286527914,0.0034198899801857544,0.000857062551532963
bulk,5,3,44,1.444444,0.9802405649104637,0.0022940176383387575,0.0026036447591572436,0.0003096271208184861
bulk,5,3,50,1.505051,0.9802405649104637,0.002488860005683519,0.005012088647889223,0.0025232286422057037
bulk,5,3,56,1.565657,0.9802405649104637,0.0023407210338360603,0.003324699213643872,0.0009839781798078118
bulk,5,3,61,1.616162,0.9802405649104637,0.0033552053200725396,0.0037667265984628706,0.00041152127839033095
bulk,5,3,67,1.676768,0.9802405649104637,0.002771787987597947,0.004459373132709985,0.0016875851451120384
bulk,5,3,72,1.727273,0.9802405649104637,0.0025950434112040465,0.004062510162996745,0.0014674667517926981
bulk,5,3,78,1.787879,0.9802405649104637,0.0033956156911873103,0.0049225886851687215,0.0015269729939814112
bulk,5,3,83,1.838384,0.9802405649104637,0.003289418458408487,0.005022458775492798,0.001733040317084311
bulk,5,3,89,1.89899,0.9802405649104637,0.002932595439016393,0.0033464446512812664,0.0004138492122648732
bulk,5,3,94,1.949495,0.9802405649104637,0.0025862374946172507,0.003603959457655365,0.0010177219630381142
bulk,5,4,6,1.060606,0.9836322552749189,0.0030276842484500874,0.00624493507050905,0.0032172508220589626
bulk,5,4,11,1.111111,0.9836322552749189,0.0030530867403005943,0.003746723188093182,0.0006936364477925878
bulk,5,4,17,1.171717,0.9836322552749189,0.002685203576837022,0.006243905609241629,0.0035587020324046067
bulk,5,4,22,1.222222,0.9836322552749189,0.0028026097873065175,0.004318545495914048,0.0015159357086075302
bulk,5,4,28,1.282828,0.9836322552749189,0.0022993480636501517,0.0024328241241640455,0.0001334760605138938
bulk,5,4,33,1.333333,0.9836322552749189,0.0020129978534787043,0.0023697999012479635,0.0003568020477692593
bulk,5,4,39,1.393939,0.9836322552749189,0.0024326805076352242,0.0033557836449837437,0.0009231031373485195
bulk,5,4,44,1.444444,0.9836322552749189,0.002131074060662156,0.0024770917423659186,0.00034601768170376256
bulk,5,4,50,1.505051,0.9836322552749189,0.002154512548954518,0.005097273887342166,0.002942761338387648
bulk,5,4,56,1.565657,0.9836322552749189,0.0022397991269531895,0.0032664772948963667,0.0010266781679431772
bulk,5,4,61,1.616162,0.9836322552749189,0.003234028890098104,0.0037429300552613907,0.0005089011651632867
bulk,5,4,67,1.676768,0.9836322552749189,0.002769933461328215,0.004482821050798367,0.0017128875894701521
bulk,5,4,72,1.727273,0.9836322552749189,0.0022165982778758983,0.003875601256500767,0.0016590029786248688
bulk,5,4,78,1.787879,0.9836322552749189,0.0029919780168206557,0.004981122924803211,0.001989144907982555
bulk,5,4,83,1.838384,0.9836322552749189,0.0030898736170364345,0.004943351036603864,0.00185347741956743
bulk,5,4,89,1.89899,0.9836322552749189,0.0024399075643111007,0.0031810704893848966,0.0007411629250737958
bulk,5,4,94,1.949495,0.9836322552749189,0.002581682465026926,0.003643928884035028,0.0010622464190081023
bulk,5,6,6,1.060606,0.9874940533354919,0.002963380973400771,0.006312124840652843,0.003348743867252072
bulk,5,6,11,1.111111,0.9874940533354919,0.0024686295975643734,0.0037153670118590574,0.001246737414294684
bulk,5,6,17,1.171717,0.9874940533354919,0.0025051003553563404,0.006374069106931026,0.0038689687515746857
bulk,5,6,22,1.222222,0.9874940533354919,0.002616221843686122,0.00447384930005859,0.0018576274563724682
bulk,5,6,28,1.282828,0.9874940533354919,0.002208686594338508,0.002369658425998071,0.00016097183165956304
bulk,5,6,33,1.333333,0.9874940533354919,0.001909024212353109,0.00283174729243652,0.0009227230800834107
bulk,5,6,39,1.393939,0.9874940533354919,0.0024029799137865356,0.003356154869596006,0.0009531749558094704
bulk,5,6,44,1.444444,0.9874940533354919,0.0018873422332944608,0.0026380798796697426,0.0007507376463752819
bulk,5,6,50,1.505051,0.9874940533354919,0.0020365974535473588,0.005206645571394462,0.0031700481178471036
bulk,5,6,56,1.565657,0.9874940533354919,0.002060094656118503,0.0033676405763123987,0.0013075459201938957
bulk,5,6,61,1.616162,0.9874940533354919,0.0026692557874498624,0.004319718945313471,0.0016504631578636085
bulk,5,6,67,1.676768,0.9874940533354919,0.002282485508186627,0.0047286457086960325,0.0024461602005094057
bulk,5,6,72,1.727273,0.9874940533354919,0.0020231374333210222,0.003918704069196775,0.001895566635875753
bulk,5,6,78,1.787879,0.9874940533354919,0.0027248897487789085,0.004952691080839822,0.0022278013320609137
bulk,5,6,83,1.838384,0.9874940533354919,0.0027055099978356154,0.005051230912289776,0.0023457209144541608
bulk,5,6,89,1.89899,0.9874940533354919,0.0022379467933786815,0.003206483915854451,0.0009685371224757693
bulk,5,6,94,1.949495,0.9874940533354919,0.0025653595390129754,0.0036714545386537095,0.001106094999640734
bulk,5,8,6,1.060606,0.9899872729245024,0.0026268929352034616,0.006270650685228876,0.0036437577500254147
bulk,5,8,11,1.111111,0.9899872729245024,0.0022311072470015056,0.0036033549256511543,0.0013722476786496487
bulk,5,8,17,1.171717,0.9899872729245024,0.002271298356389889,0.0064955156685387525,0.004224217312148863
bulk,5,8,22,1.222222,0.9899872729245024,0.0023950483844937896,0.004882890035060373,0.0024878416505665834
bulk,5,8,28,1.282828,0.9899872729245024,0.0019490909837916526,0.0021657346112083694,0.00021664362741671676
bulk,5,8,33,1.333333,0.9899872729245024,0.0019007710594167947,0.0029577844908490543,0.0010570134314322596
bulk,5,8,39,1.393939,0.9899872729245024,0.00205678725515127,0.0035953800001304235,0.0015385927449791535
bulk,5,8,44,1.444444,0.9899872729245024,0.0017561523781833247,0.0025719472248118655,0.0008157948466285408
bulk,5,8,50,1.505051,0.9899872729245024,0.0019520684675217537,0.0052299516372584865,0.003277883169736733
bulk,5,8,56,1.565657,0.9899872729245024,0.0019617691334031387,0.0033540510176471514,0.0013922818842440126
bulk,5,8,61,1.616162,0.9899872729245024,0.0026202474468019423,0.00433847320856871,0.0017182257617667676
bulk,5,8,67,1.676768,0.9899872729245024,0.002064979932760182,0.004657484387625687,0.002592504454865505
bulk,5,8,72,1.727273,0.9899872729245024,0.002008891712995432,0.003921957574307665,0.0019130658613122332
bulk,5,8,78,1.787879,0.9899872729245024,0.0025468691631012714,0.004896472044175688,0.0023496028810744167
bulk,5,8,83,1.838384,0.9899872729245024,0.0020308294582164965,0.005073622067041581,0.003042792608825085
bulk,5,8,89,1.89899,0.9899872729245024,0.002185729568031414,0.0033605704088864115,0.0011748408408549975
bulk,5,8,94,1.949495,0.9899872729245024,0.0023845122737885176,0.003790818194420809,0.0014063059206322914
bulk,5,10,6,1.060606,0.9916886858279668,0.0025198704816806103,0.006321522744708998,0.0038016522630283877
bulk,5,10,11,1.111111,0.9916886858279668,0.0021010314347546717,0.003525036485013202,0.0014240050502585303
bulk,5,10,17,1.171717,0.9916886858279668,0.002261955820262726,0.006533847945229957,0.004271892124967231
bulk,5,10,22,1.222222,0.9916886858279668,0.0022438691762686493,0.004974187995266879,0.0027303188189982297
bulk,5,10,28,1.282828,0.9916886858279668,0.0019469520729001742,0.002285214041032784,0.00033826196813260996
bulk,5,10,33,1.333333,0.9916886858279668,0.0018989867765087513,0.0030901729899653284,0.0011911862134565772
bulk,5,10,39,1.393939,0.9916886858279668,0.0019708902657255474,0.0035541059940941686,0.0015832157283686213
bulk,5,10,44,1.444444,0.9916886858279668,0.0016190657369483615,0.0028915405759605854,0.0012724748390122238
bulk,5,10,50,1.505051,0.9916886858279668,0.0019346554723593606,0.005274975504392557,0.0033403200320331963
bulk,5,10,56,1.565657,0.9916886858279668,0.0019195452488535198,0.003411983025998783,0.0014924377771452632
bulk,5,10,61,1.616162,0.9916886858279668,0.0021841144947892526,0.004346612170204669,0.002162497675415416
bulk,5,10,67,1.676768,0.9916886858279668,0.002052055550890078,0.004678162207686373,0.002626106656796295
bulk,5,10,72,1.727273,0.9916886858279668,0.001988341082381908,0.003917435076616144,0.0019290939942342364
bulk,5,10,78,1.787879,0.9916886858279668,0.002230897328194028,0.004959566023090656,0.0027286686948966277
bulk,5,10,83,1.838384,0.9916886858279668,0.0018519347889179138,0.005033382114303338,0.003181447325385424
bulk,5,10,89,1.89899,0.9916886858279668,0.002029305021675107,0.0034970711756897458,0.0014677661540146388
bulk,5,10,94,1.949495,0.9916886858279668,0.002313545078286549,0.0037598966978014286,0.0014463516195148797
bulk,5,15,6,1.060606,0.9943139419687359,0.0021847848917167954,0.006363257250623108,0.004178472358906313
bulk,5,15,11,1.111111,0.9943139419687359,0.0017033364998519577,0.003505551342962214,0.0018022148431102564
bulk,5,15,17,1.171717,0.9943139419687359,0.0018819314475088968,0.006528109882974477,0.00464617843546558
bulk,5,15,22,1.222222,0.9943139419687359,0.002032325821979321,0.0050321377533788965,0.0029998119313995753
bulk,5,15,28,1.282828,0.9943139419687359,0.0018455351654683382,0.0023748192319675734,0.0005292840664992352
bulk,5,15,33,1.333333,0.9943139419687359,0.0016817161941903337,0.0030181403810697147,0.001336424186879381
bulk,5,15,39,1.393939,0.9943139419687359,0.0018793034562639577,0.0037934277828820984,0.0019141243266181406
bulk,5,15,44,1.444444,0.9943139419687359,0.001566713107507617,0.00311078803072616,0.0015440749232185432
bulk,5,15,50,1.505051,0.9943139419687359,0.0018576986101843515,0.005284302601286634,0.003426603991102282
bulk,5,15,56,1.565657,0.9943139419687359,0.001815109555746652,0.0036597789632771983,0.0018446694075305464
bulk,5,15,61,1.616162,0.9943139419687359,0.0019151038071855374,0.004411697851865495,0.002496594044679957
bulk,5,15,67,1.676768,0.9943139419687359,0.001923627830636246,0.0046626188455363435,0.0027389910149000973
bulk,5,15,72,1.727273,0.9943139419687359,0.001732972278635046,0.003922953800268707,0.0021899815216336613
bulk,5,15,78,1.787879,0.9943139419687359,0.002076880124959967,0.004963751170887277,0.00288687104592731
bulk,5,15,83,1.838384,0.9943139419687359,0.001787010201667748,0.005094522270682724,0.0033075120690149763
bulk,5,15,89,1.89899,0.9943139419687359,0.001845447735851799,0.003561548075582992,0.001716100339731193
bulk,5,15,94,1.949495,0.9943139419687359,0.002147415486400431,0.0038184871599589477,0.0016710716735585168
bulk,5,20,6,1.060606,0.9958804710266269,0.0021274458462809485,0.006437950868149798,0.00431050502186885
bulk,5,20,11,1.111111,0.9958804710266269,0.0016209806719029783,0.003539351616353856,0.0019183709444508777
bulk,5,20,17,1.171717,0.9958804710266269,0.0017607206599313794,0.006529749214014522,0.004769028554083142
bulk,5,20,22,1.222222,0.9958804710266269,0.0018894554393987747,0.0050660088446114965,0.003176553405212722
bulk,5,20,28,1.282828,0.9958804710266269,0.0017609279640115481,0.00250799174959201,0.0007470637855804621
bulk,5,20,33,1.333333,0.9958804710266269,0.0015855173107813176,0.003164864496101062,0.0015793471853197444
bulk,5,20,39,1.393939,0.9958804710266269,0.0017439777569047104,0.0038664543220165277,0.0021224765651118175
bulk,5,20,44,1.444444,0.9958804710266269,0.0015351418465029748,0.003141659277595374,0.0016065174310923992
bulk,5,20,50,1.505051,0.9958804710266269,0.0016411730867584389,0.005307913703894542,0.0036667406171361026
bulk,5,20,56,1.565657,0.9958804710266269,0.0017716183637257862,0.0036780385637209425,0.0019064201999951563
bulk,5,20,61,1.616162,0.9958804710266269,0.0018839317868963625,0.00441310721933065,0.002529175432434288
bulk,5,20,67,1.676768,0.9958804710266269,0.0017895021350625368,0.004632479481590087,0.0028429773465275506
bulk,5,20,72,1.727273,0.9958804710266269,0.00155044148376379,0.004035042396816517,0.002484600913052727
bulk,5,20,78,1.787879,0.9958804710266269,0.0019384588799900072,0.004952771005243688,0.003014312125253681
bulk,5,20,83,1.838384,0.9958804710266269,0.0017484861609268498,0.005148878250968271,0.0034003920900414217
bulk,5,20,89,1.89899,0.9958804710266269,0.0017469637874560956,0.003703321043898447,0.0019563572564423514
bulk,5,20,94,1.949495,0.9958804710266269,0.001973982443192244,0.003920510300996103,0.0019465278578038592
small,1,1,1,1.010101,0.9644674279671345,0.07238976596018593,0.07239630879589433,6.542835708403527e-06
small,1,1,7,1.070707,0.9644674279671345,0.04216692079581247,0.04226446378493103,9.75429891185639e-05
small,1,1,12,1.121212,0.9644674279671345,0.016427605422190694,0.017102979272424462,0.0006753738502337688
small,1,1,18,1.181818,0.9644674279671345,0.026078419586475443,0.026402440068687114,0.00032402048221167115
small,1,1,23,1.232323,0.9644674279671345,0.03388064273177152,0.03671545895041004,0.002834816218638521
small,1,1,29,1.292929,0.9644674279671345,0.03949681528088359,0.0396180236878891,0.00012120840700551028
small,1,1,34,1.343434,0.9644674279671345,0.04134794747661336,0.041401149803098544,5.320232648518136e-05
small,1,1,40,1.40404,0.9644674279671345,0.028560907713163726,0.028652070786284574,9.116307312084793e-05
small,1,1,46,1.464646,0.9644674279671345,0.027528967121158047,0.029070850519091234,0.0015418833979331872
small,1,1,51,1.515152,0.9644674279671345,0.022145273978575655,0.02280019567464496,0.0006549216960693056
small,1,1,57,1.575758,0.9644674279671345,0.012485975196421176,0.013821810632925662,0.0013358354365044858
small,1,1,62,1.626263,0.9644674279671345,0.010979559074731027,0.012060129816345293,0.001080570741614266
small,1,1,68,1.686869,0.9644674279671345,0.00792172343923529,0.009118399661368959,0.001196676222133668
small,1,1,73,1.737374,0.9644674279671345,0.01614959206871448,0.017912212775515874,0.0017626207068013947
small,1,1,79,1.79798,0.9644674279671345,0.01889061266737427,0.018899191934375423,8.579267001151969e-06
small,1,1,84,1.848485,0.9644674279671345,0.02299538768565251,0.02299601752291994,6.298372674309882e-07
small,1,1,90,1.909091,0.9644674279671345,0.02741140376860953,0.02741825150891278,6.847740303250055e-06
small,1,1,96,1.969697,0.9644674279671345,0.032230635853953284,0.03224238316754607,1.1747313592783137e-05
small,1,2,1,1.010101,0.9967834525580579,0.01291196868266148,0.013104507417885798,0.00019253873522431797
small,1,2,7,1.070707,0.9967834525580579,0.006154807328288899,0.009467920118568014,0.0033131127902791156
small,1,2,12,1.121212,0.9967834525580579,0.016286449461525087,0.017530619881216375,0.001244170419691288
small,1,2,18,1.181818,0.9967834525580579,0.01221049584109026,0.013709193254299491,0.001498697413209231
small,1,2,23,1.232323,0.9967834525580579,0.013894750157625965,0.02045025629054614,0.006555506132920174
small,1,2,29,1.292929,0.9967834525580579,0.00736888889197665,0.007999783574863504,0.0006308946828868537
small,1,2,34,1.343434,0.9967834525580579,0.008827048032747266,0.01001792807099541,0.0011908800382481443
small,1,2,40,1.40404,0.9967834525580579,0.007872268323058887,0.009220781712369506,0.0013485133893106193
small,1,2,46,1.464646,0.9967834525580579,0.009226186317331256,0.013178571042979752,0.003952384725648496
small,1,2,51,1.515152,0.9967834525580579,0.008564862338023393,0.010224994140139021,0.0016601318021156278
small,1,2,57,1.575758,0.9967834525580579,0.007789659977406155,0.010383463380088423,0.002593803402682268
small,1,2,62,1.626263,0.9967834525580579,0.00946353609380099,0.010988868240655937,0.0015253321468549474
small,1,2,68,1.686869,0.9967834525580579,0.006260032599899888,0.007763209418842966,0.0015031768189430776
small,1,2,73,1.737374,0.9967834525580579,0.007387623539939483,0.011077498501605425,0.0036898749616659423
small,1,2,79,1.79798,0.9967834525580579,0.0051212332865503635,0.005349947780326938,0.00022871449377657484
small,1,2,84,1.848485,0.9967834525580579,0.006422675407247904,0.007068514646932785,0.0006458392396848809
small,1,2,90,1.909091,0.9967834525580579,0.006601707159323654,0.006805271290087391,0.00020356413076373647
small,1,2,96,1.969697,0.9967834525580579,0.0070967878478947095,0.007496372898150875,0.0003995850502561656
small,1,3,1,1.010101,0.9980910443165736,0.012062748050022717,0.01448279619583824,0.002420048145815524
small,1,3,7,1.070707,0.9980910443165736,0.005678469503781366,0.009471913846946371,0.003793444343165005
small,1,3,12,1.121212,0.9980910443165736,0.011579179912137387,0.014849855048803071,0.0032706751366656846
small,1,3,18,1.181818,0.9980910443165736,0.007536830179443449,0.009839104866865518,0.002302274687422069
small,1,3,23,1.232323,0.9980910443165736,0.008015113500663898,0.017905601529258706,0.009890488028594808
small,1,3,29,1.292929,0.9980910443165736,0.007368675379037729,0.008437519574893795,0.001068844195856066
small,1,3,34,1.343434,0.9980910443165736,0.007793861508652532,0.00970730105741599,0.0019134395487634586
small,1,3,40,1.40404,0.9980910443165736,0.007854850432530761,0.009534776124779099,0.0016799256922483373
small,1,3,46,1.464646,0.9980910443165736,0.00902355303034358,0.013781110272413603,0.004757557242070023
small,1,3,51,1.515152,0.9980910443165736,0.004354227661667633,0.007752062770312242,0.003397835108644609
small,1,3,57,1.575758,0.9980910443165736,0.005703362204554356,0.008926588193188345,0.0032232259886339886
small,1,3,62,1.626263,0.9980910443165736,0.006385349046078628,0.008515234936575949,0.0021298858904973206
small,1,3,68,1.686869,0.9980910443165736,0.005190046019706872,0.0069961725559677754,0.0018061265362609037
small,1,3,73,1.737374,0.9980910443165736,0.007038685584470205,0.010852142295505053,0.003813456711034848
small,1,3,79,1.79798,0.9980910443165736,0.005120860389243337,0.0055841932129451904,0.0004633328237018536
small,1,3,84,1.848485,0.9980910443165736,0.005985039219766448,0.006774120562346293,0.0007890813425798443
small,1,3,90,1.909091,0.9980910443165736,0.005991111670909215,0.006511598617071638,0.0005204869461624233
small,1,3,96,1.969697,0.9980910443165736,0.004257907332364428,0.005820134731743132,0.001562227399378704
small,1,4,1,1.010101,0.998658267398111,0.011714643763738031,0.01734603700390885,0.005631393240170819
small,1,4,7,1.070707,0.998658267398111,0.00560819966912948,0.010199424811063607,0.004591225141934128
small,1,4,12,1.121212,0.998658267398111,0.01068545850658113,0.014972953112003742,0.004287494605422612
small,1,4,18,1.181818,0.998658267398111,0.007527833255934738,0.009944713672860147,0.002416880416925409
small,1,4,23,1.232323,0.998658267398111,0.006957243045932885,0.01828254249463802,0.011325299448705136
small,1,4,29,1.292929,0.998658267398111,0.007256722422815663,0.008802439382426891,0.001545716959611228
small,1,4,34,1.343434,0.998658267398111,0.007779602668266383,0.009712310377168793,0.0019327077089024095
small,1,4,40,1.40404,0.998658267398111,0.0076496679485078805,0.009626876840202742,0.0019772088916948614
small,1,4,46,1.464646,0.998658267398111,0.0072695880636140684,0.013158058678560286,0.005888470614946218
small,1,4,51,1.515152,0.998658267398111,0.0042427642335270705,0.0076993220918722734,0.003456557858345203
small,1,4,57,1.575758,0.998658267398111,0.0043539247287398145,0.009766999838690177,0.005413075109950362
small,1,4,62,1.626263,0.998658267398111,0.005999354295079277,0.00823140161327699,0.002232047318197712
small,1,4,68,1.686869,0.998658267398111,0.00464972997014444,0.006605893568236261,0.001956163598091821
small,1,4,73,1.737374,0.998658267398111,0.005345372695193317,0.009942529178092187,0.00459715648289887
small,1,4,79,1.79798,0.998658267398111,0.004416897797165449,0.006266201005782285,0.0018493032086168365
small,1,4,84,1.848485,0.998658267398111,0.005762914844044315,0.007585714632396437,0.0018227997883521214
small,1,4,90,1.909091,0.998658267398111,0.005801881215641826,0.006393597458976824,0.0005917162433349988
small,1,4,96,1.969697,0.998658267398111,0.004249813093388462,0.007263964470997814,0.0030141513776093523
small,1,6,1,1.010101,0.9991021541053701,0.010187345487914497,0.01739746775111369,0.007210122263199191
small,1,6,7,1.070707,0.9991021541053701,0.005289279777285789,0.010437467694973312,0.0051481879176875234
small,1,6,12,1.121212,0.9991021541053701,0.009057238749580894,0.014777582268045247,0.005720343518464352
small,1,6,18,1.181818,0.9991021541053701,0.006020577236958463,0.010493307292403652,0.004472730055445189
small,1,6,23,1.232323,0.9991021541053701,0.00667527288025615,0.018775147522294148,0.012099874642037997
small,1,6,29,1.292929,0.9991021541053701,0.005088247183865087,0.007540606583364385,0.0024523593994992977
small,1,6,34,1.343434,0.9991021541053701,0.007096108642413766,0.010194439691615544,0.0030983310492017782
small,1,6,40,1.40404,0.9991021541053701,0.006615549776693914,0.009428217704980583,0.0028126679282866694
small,1,6,46,1.464646,0.9991021541053701,0.007010621580358893,0.013074274476640014,0.0060636528962811215
small,1,6,51,1.515152,0.9991021541053701,0.004213985855284642,0.007838417251682174,0.003624431396397532
small,1,6,57,1.575758,0.9991021541053701,0.004264219660238799,0.009771510921877497,0.005507291261638698
small,1,6,62,1.626263,0.9991021541053701,0.00489361513375906,0.007842729663801824,0.002949114530042764
small,1,6,68,1.686869,0.9991021541053701,0.004146658927400602,0.006802258451295917,0.002655599523895315
small,1,6,73,1.737374,0.9991021541053701,0.004803049142350768,0.010115336807463631,0.005312287665112864
small,1,6,79,1.79798,0.9991021541053701,0.0034213599914102786,0.006107971547012691,0.002686611555602412
small,1,6,84,1.848485,0.9991021541053701,0.0037571787528377317,0.008166682799767504,0.004409504046929772
small,1,6,90,1.909091,0.9991021541053701,0.003399263319211044,0.00571011456240831,0.0023108512431972658
small,1,6,96,1.969697,0.9991021541053701,0.0032010255897868658,0.0070712940061253005,0.0038702684163384347
small,1,8,1,1.010101,0.9993719881230638,0.008051551101397617,0.017503357056884966,0.00945180595548735
small,1,8,7,1.070707,0.9993719881230638,0.004805127781160458,0.010814792299788012,0.006009664518627555
small,1,8,12,1.121212,0.9993719881230638,0.008145719560938357,0.014605850915520479,0.0064601313545821215
small,1,8,18,1.181818,0.9993719881230638,0.005427787138647273,0.01102579714614546,0.0055980100074981875
small,1,8,23,1.232323,0.9993719881230638,0.004760066269758196,0.01910614112011412,0.014346074850355925
small,1,8,29,1.292929,0.9993719881230638,0.0050496515699215636,0.007833632634453119,0.002783981064531555
small,1,8,34,1.343434,0.9993719881230638,0.004912170085816546,0.01016597403886102,0.005253803953044474
small,1,8,40,1.40404,0.9993719881230638,0.0046531716415928025,0.00892014260184474,0.004266970960251937
small,1,8,46,1.464646,0.9993719881230638,0.004735104432366779,0.01365629378430671,0.008921189351939932
small,1,8,51,1.515152,0.9993719881230638,0.003674206986633941,0.008139754751181512,0.004465547764547571
small,1,8,57,1.575758,0.9993719881230638,0.003516604585317265,0.01043673619386076,0.006920131608543495
small,1,8,62,1.626263,0.9993719881230638,0.0036737454487324904,0.008125919896579153,0.004452174447846663
small,1,8,68,1.686869,0.9993719881230638,0.003720049793113381,0.006687460131859626,0.0029674103387462448
small,1,8,73,1.737374,0.9993719881230638,0.003801674566092861,0.009932315663199607,0.006130641097106745
small,1,8,79,1.79798,0.9993719881230638,0.003392873595130074,0.006850676267083131,0.003457802671953057
small,1,8,84,1.848485,0.9993719881230638,0.0035973470507579693,0.008227268995913108,0.0046299219451551386
small,1,8,90,1.909091,0.9993719881230638,0.003208086566601366,0.005664030213496548,0.0024559436468951823
small,1,8,96,1.969697,0.9993719881230638,0.002969683558452925,0.007153421856744932,0.004183738298292007
small,1,10,1,1.010101,0.9995076891498836,0.007905150323243779,0.017496152962346138,0.009591002639102359
small,1,10,7,1.070707,0.9995076891498836,0.004651203024347661,0.010977261035325992,0.006326058010978332
small,1,10,12,1.121212,0.9995076891498836,0.007189681960403773,0.015321904542430674,0.0081322225820269
small,1,10,18,1.181818,0.9995076891498836,0.004346464643621793,0.01107716217127722,0.006730697527655426
small,1,10,23,1.232323,0.9995076891498836,0.004240684663765356,0.01914976980527903,0.014909085141513675
small,1,10,29,1.292929,0.9995076891498836,0.004988342643463498,0.008578797624214768,0.003590454980751269
small,1,10,34,1.343434,0.9995076891498836,0.004725070272412754,0.010109250778881113,0.005384180506468358
small,1,10,40,1.40404,0.9995076891498836,0.004446051522109715,0.008974462832117844,0.004528411310008129
small,1,10,46,1.464646,0.9995076891498836,0.004151588436181587,0.013786415854670267,0.00963482741848868
small,1,10,51,1.515152,0.9995076891498836,0.0031076264628523047,0.008592636035742415,0.00548500957289011
small,1,10,57,1.575758,0.9995076891498836,0.003202420020643464,0.010418580857371303,0.007216160836727839
small,1,10,62,1.626263,0.9995076891498836,0.0034972181719254126,0.008117003525026168,0.004619785353100755
small,1,10,68,1.686869,0.9995076891498836,0.0032139984062385185,0.006621031704710929,0.0034070332984724103
small,1,10,73,1.737374,0.9995076891498836,0.0033429297474738364,0.01002832903565133,0.006685399288177494
small,1,10,79,1.79798,0.9995076891498836,0.003368370940324363,0.006887601077392077,0.0035192301370677143
small,1,10,84,1.848485,0.9995076891498836,0.003116666324020856,0.008414836860904372,0.005298170536883516
small,1,10,90,1.909091,0.9995076891498836,0.0031751769475277395,0.005788204898863045,0.002613027951335305
small,1,10,96,1.969697,0.9995076891498836,0.002866815842689719,0.007281729163697304,0.004414913321007585
small,1,15,1,1.010101,0.9996842837349077,0.006215106515992493,0.0175401405071179,0.011325033991125406
small,1,15,7,1.070707,0.9996842837349077,0.004538195820079423,0.011103707510243728,0.0065655116901643055
small,1,15,12,1.121212,0.9996842837349077,0.005347534092466465,0.015605689482938478,0.010258155390472014
small,1,15,18,1.181818,0.9996842837349077,0.0041778197015758505,0.01138018365874322,0.0072023639571673695
small,1,15,23,1.232323,0.9996842837349077,0.004051180439515669,0.019186307865766472,0.015135127426250804
small,1,15,29,1.292929,0.9996842837349077,0.0038055811338604875,0.008572582334701104,0.004767001200840617
small,1,15,34,1.343434,0.9996842837349077,0.0037790858359722517,0.009962234952048734,0.006183149116076482
small,1,15,40,1.40404,0.9996842837349077,0.003933202281550243,0.009117015369948819,0.005183813088398576
small,1,15,46,1.464646,0.9996842837349077,0.00350796252268155,0.013982760440003187,0.010474797917321636
small,1,15,51,1.515152,0.9996842837349077,0.002876398110608659,0.008677949483410094,0.005801551372801435
small,1,15,57,1.575758,0.9996842837349077,0.003051257229265159,0.010494618725628827,0.007443361496363668
small,1,15,62,1.626263,0.9996842837349077,0.003328493662963207,0.008218248415118515,0.004889754752155308
small,1,15,68,1.686869,0.9996842837349077,0.0029907756524888613,0.006710062687187946,0.0037192870346990843
small,1,15,73,1.737374,0.9996842837349077,0.0027482193829349217,0.009959027650924998,0.007210808267990077
small,1,15,79,1.79798,0.9996842837349077,0.0027012024294533524,0.006965678426178718,0.004264475996725366
small,1,15,84,1.848485,0.9996842837349077,0.002751919925717324,0.008459856234570167,0.005707936308852843
small,1,15,90,1.909091,0.9996842837349077,0.002975304835229761,0.005860359690368443,0.002885054855138682
small,1,15,96,1.969697,0.9996842837349077,0.0027658499625007535,0.007319175288552775,0.004553325326052022
small,1,20,1,1.010101,0.9997834435082961,0.006120977610360746,0.017649007003723544,0.011528029393362798
small,1,20,7,1.070707,0.9997834435082961,0.00452061346117186,0.011195564134495049,0.006674950673323189
small,1,20,12,1.121212,0.9997834435082961,0.004923743145333745,0.015657255909152536,0.01073351276381879
small,1,20,18,1.181818,0.9997834435082961,0.00407155777859266,0.01156231448972482,0.00749075671113216
small,1,20,23,1.232323,0.9997834435082961,0.003940194539126874,0.01925424740706945,0.015314052867942575
small,1,20,29,1.292929,0.9997834435082961,0.0037787516019585064,0.008611635138134966,0.0048328835361764605
small,1,20,34,1.343434,0.9997834435082961,0.003714147195217984,0.010056011108128024,0.006341863912910041
small,1,20,40,1.40404,0.9997834435082961,0.0036539730906057517,0.009286319859407647,0.005632346768801895
small,1,20,46,1.464646,0.9997834435082961,0.0034292227306523134,0.014017425000042069,0.010588202269389755
small,1,20,51,1.515152,0.9997834435082961,0.0027875616995651,0.008715603677354992,0.005928041977789893
small,1,20,57,1.575758,0.9997834435082961,0.0027400801437568586,0.010548519161082877,0.007808439017326019
small,1,20,62,1.626263,0.9997834435082961,0.0032500501577682477,0.008374159986116006,0.005124109828347758
small,1,20,68,1.686869,0.9997834435082961,0.0027488813087688884,0.006771708979416412,0.004022827670647523
small,1,20,73,1.737374,0.9997834435082961,0.0026961870829660018,0.009996850506577788,0.007300663423611787
small,1,20,79,1.79798,0.9997834435082961,0.0025208049263443265,0.006975257128496283,0.004454452202151957
small,1,20,84,1.848485,0.9997834435082961,0.0025253808314211396,0.008479179083322064,0.005953798251900925
small,1,20,90,1.909091,0.9997834435082961,0.002535968562871398,0.006117147064633959,0.0035811785017625607
small,1,20,96,1.969697,0.9997834435082961,0.0025531525730215906,0.007314131258964259,0.004760978685942668
small,2,1,2,1.020202,0.964755662390139,0.07251207581229772,0.07340145279988888,0.0008893769875911589
small,2,1,8,1.080808,0.964755662390139,0.030622054470587592,0.030839260752836505,0.00021720628224891278
small,2,1,13,1.131313,0.964755662390139,0.007409556986874136,0.007861164055693306,0.00045160706881917055
small,2,1,19,1.191919,0.964755662390139,0.022917773491380983,0.02457140770571501,0.0016536342143340273
small,2,1,24,1.242424,0.964755662390139,0.03669435525179415,0.037219315500533506,0.0005249602487393534
small,2,1,30,1.30303,0.964755662390139,0.04127206624674719,0.04153393234412822,0.0002618660973810333
small,2,1,36,1.363636,0.964755662390139,0.03589489155268476,0.03589567663861009,7.85085925332496e-07
small,2,1,41,1.414141,0.964755662390139,0.03043599299356901,0.030688605918849324,0.00025261292528031346
small,2,1,47,1.474747,0.964755662390139,0.026995434894563783,0.027669962315266698,0.0006745274207029146
small,2,1,52,1.525253,0.964755662390139,0.020687889021333745,0.021081452522982404,0.00039356350164865966
small,2,1,58,1.585859,0.964755662390139,0.01072046522340023,0.010950762842289085,0.0002302976188888542
small,2,1,63,1.636364,0.964755662390139,0.008762316450723279,0.008774766569897244,1.2450119173964755e-05
small,2,1,69,1.69697,0.964755662390139,0.009536177067939775,0.00954726476729233,1.1087699352554936e-05
small,2,1,74,1.747475,0.964755662390139,0.014446372096808938,0.015117905329186625,0.0006715332323776867
small,2,1,80,1.808081,0.964755662390139,0.02172879329244167,0.022362317805446945,0.0006335245130052736
small,2,1,86,1.868687,0.964755662390139,0.02656178971668445,0.02662982470348142,6.80349867969686e-05
small,2,1,91,1.919192,0.964755662390139,0.029377942816017605,0.029474464035843653,9.652121982604844e-05
small,2,1,97,1.979798,0.964755662390139,0.0367213876660519,0.0367371035329051,1.571586685319981e-05
small,2,2,2,1.020202,0.9967284954230499,0.015150831454418132,0.020196949271781305,0.005046117817363173
small,2,2,8,1.080808,0.9967284954230499,0.010436636300298499,0.01117144115824436,0.0007348048579458605
small,2,2,13,1.131313,0.9967284954230499,0.006881357277676971,0.0073683317905221535,0.0004869745128451824
small,2,2,19,1.191919,0.9967284954230499,0.011714472792771083,0.01671891590145554,0.005004443108684456
small,2,2,24,1.242424,0.9967284954230499,0.00920407974159686,0.011236728782054351,0.0020326490404574907
small,2,2,30,1.30303,0.9967284954230499,0.00776765499085901,0.009059604072741353,0.0012919490818823435
small,2,2,36,1.363636,0.9967284954230499,0.005355197781697744,0.005441322534921751,8.61247532240074e-05
small,2,2,41,1.414141,0.9967284954230499,0.006389543993251213,0.007502746171584284,0.0011132021783330712
small,2,2,47,1.474747,0.9967284954230499,0.010622973011478297,0.012663571835075665,0.0020405988235973685
small,2,2,52,1.525253,0.9967284954230499,0.008147192235628896,0.009235896172499147,0.0010887039368702514
small,2,2,58,1.585859,0.9967284954230499,0.007471285732205306,0.007872228109934895,0.00040094237772958854
small,2,2,63,1.636364,0.9967284954230499,0.008270128467649372,0.008521817480643153,0.0002516890129937808
small,2,2,69,1.69697,0.9967284954230499,0.006164371904329867,0.006187212053975567,2.284014964570001e-05
small,2,2,74,1.747475,0.9967284954230499,0.004450146440832226,0.006408382869859362,0.0019582364290271362
small,2,2,80,1.808081,0.9967284954230499,0.006215092516281724,0.008460874682211158,0.0022457821659294334
small,2,2,86,1.868687,0.9967284954230499,0.006157811591223134,0.00648585364996577,0.00032804205874263637
small,2,2,91,1.919192,0.9967284954230499,0.006994231004383686,0.007460164587529642,0.000465933583145956
small,2,2,97,1.979798,0.9967284954230499,0.011291334769880831,0.011474835638055278,0.0001835008681744469
small,2,3,2,1.020202,0.9980300802170795,0.011432813765980862,0.01830506126908512,0.006872247503104258
small,2,3,8,1.080808,0.9980300802170795,0.009401605819308366,0.011233539550811134,0.0018319337315027672
small,2,3,13,1.131313,0.9980300802170795,0.006239772232387852,0.0071933265001016865,0.0009535542677138343
small,2,3,19,1.191919,0.9980300802170795,0.009620877640544158,0.015335162984830245,0.005714285344286087
small,2,3,24,1.242424,0.9980300802170795,0.006224125165869324,0.009399093810941917,0.003174968645072593
small,2,3,30,1.30303,0.9980300802170795,0.007436100170059192,0.008891085191436703,0.0014549850213775115
small,2,3,36,1.363636,0.9980300802170795,0.004632882133839882,0.007190195710551178,0.0025573135767112953
small,2,3,41,1.414141,0.9980300802170795,0.005717113390223758,0.007202472267153534,0.0014853588769297762
small,2,3,47,1.474747,0.9980300802170795,0.006308480996553856,0.010253936212819996,0.00394545521626614
small,2,3,52,1.525253,0.9980300802170795,0.006617975760274474,0.008228701763201778,0.0016107260029273032
small,2,3,58,1.585859,0.9980300802170795,0.005589905999922359,0.006712116618932872,0.0011222106190105123
small,2,3,63,1.636364,0.9980300802170795,0.0047864186500517795,0.00549045551250275,0.0007040368624509708
small,2,3,69,1.69697,0.9980300802170795,0.005715766863037397,0.006045085408654404,0.00032931854561700676
small,2,3,74,1.747475,0.9980300802170795,0.004095511107103919,0.006175010824169362,0.002079499717065443
small,2,3,80,1.808081,0.9980300802170795,0.006191507017867778,0.008443610878414984,0.0022521038605472056
small,2,3,86,1.868687,0.9980300802170795,0.004757046186331301,0.005183129353177311,0.00042608316684600994
small,2,3,91,1.919192,0.9980300802170795,0.005672959773239291,0.0062554693405563735,0.0005825095673170824
small,2,3,97,1.979798,0.9980300802170795,0.005368792350910937,0.006096149636763096,0.0007273572858521584
small,2,4,2,1.020202,0.9985975345592678,0.010119852944611029,0.018721181945667617,0.008601329001056588
small,2,4,8,1.080808,0.9985975345592678,0.007177394429514926,0.01114547446875556,0.003968080039240633
small,2,4,13,1.131313,0.9985975345592678,0.006161024797905018,0.009475295320828319,0.0033142705229233004
small,2,4,19,1.191919,0.9985975345592678,0.00899530063764747,0.015258555180654537,0.006263254543007066
small,2,4,24,1.242424,0.9985975345592678,0.006031051658985136,0.010920553339418644,0.004889501680433507
small,2,4,30,1.30303,0.9985975345592678,0.0074248321024380564,0.010132164249256724,0.0027073321468186673
small,2,4,36,1.363636,0.9985975345592678,0.004412591299193095,0.00714000131084565,0.002727410011652555
small,2,4,41,1.414141,0.9985975345592678,0.005706780141332526,0.007195284778374589,0.001488504637042063
small,2,4,47,1.474747,0.9985975345592678,0.005671523122161545,0.009953834155646626,0.004282311033485081
small,2,4,52,1.525253,0.9985975345592678,0.00646461383302733,0.008115916262376247,0.0016513024293489161
small,2,4,58,1.585859,0.9985975345592678,0.005261259716973525,0.0065454620916618415,0.0012842023746883167
small,2,4,63,1.636364,0.9985975345592678,0.004772040455689473,0.006228554467456974,0.001456514011767501
small,2,4,69,1.69697,0.9985975345592678,0.005048960312569682,0.005708725425840066,0.000659765113270384
small,2,4,74,1.747475,0.9985975345592678,0.0033936836156217907,0.006039924259981957,0.0026462406443601666
small,2,4,80,1.808081,0.9985975345592678,0.0061319830563400105,0.008448499387432912,0.0023165163310929016
small,2,4,86,1.868687,0.9985975345592678,0.004598393352161545,0.0050613339653703664,0.0004629406132088216
small,2,4,91,1.919192,0.9985975345592678,0.0046271996005871644,0.0065131198757826855,0.001885920275195521
small,2,4,97,1.979798,0.9985975345592678,0.004022141562211778,0.004968596430875178,0.0009464548686634001
small,2,6,2,1.020202,0.9990768760167805,0.006879946851443925,0.017930457678304472,0.011050510826860547
small,2,6,8,1.080808,0.9990768760167805,0.005405859053131102,0.011020844997717667,0.0056149859445865655
small,2,6,13,1.131313,0.9990768760167805,0.006011365742248549,0.009411179194263033,0.003399813452014484
small,2,6,19,1.191919,0.9990768760167805,0.007854961655896001,0.016190943446225566,0.008335981790329565
small,2,6,24,1.242424,0.9990768760167805,0.0055565153495156705,0.011253770573249241,0.005697255223733571
small,2,6,30,1.30303,0.9990768760167805,0.00676929176984404,0.009704764763631442,0.002935472993787402
small,2,6,36,1.363636,0.9990768760167805,0.004165508429998857,0.008555801928920631,0.0043902934989217745
small,2,6,41,1.414141,0.9990768760167805,0.00461550170271477,0.007337110403668614,0.002721608700953844
small,2,6,47,1.474747,0.9990768760167805,0.005514886992854582,0.010368323306333456,0.004853436313478874
small,2,6,52,1.525253,0.9990768760167805,0.005949644395897889,0.00807944233811798,0.002129797942220092
small,2,6,58,1.585859,0.9990768760167805,0.005017142717761421,0.006530542105966323,0.0015133993882049017
small,2,6,63,1.636364,0.9990768760167805,0.004215519113708334,0.006172542865080385,0.001957023751372052
small,2,6,69,1.69697,0.9990768760167805,0.0036409397784966688,0.006379070936302298,0.0027381311578056297
small,2,6,74,1.747475,0.9990768760167805,0.0033355768519881365,0.006091634941858283,0.002756058089870146
small,2,6,80,1.808081,0.9990768760167805,0.005618024907744241,0.00812555299882115,0.0025075280910769092
small,2,6,86,1.868687,0.9990768760167805,0.003491872949466848,0.006496087919680029,0.0030042149702131813
small,2,6,91,1.919192,0.9990768760167805,0.003865939335997204,0.006578978932382642,0.0027130395963854376
small,2,6,97,1.979798,0.9990768760167805,0.003377193861477185,0.005518404150584017,0.002141210289106832
small,2,8,2,1.020202,0.9993693800560087,0.006809195718466631,0.018210907336888734,0.011401711618422104
small,2,8,8,1.080808,0.9993693800560087,0.0054029371630443,0.011109312100080844,0.005706374937036544
small,2,8,13,1.131313,0.9993693800560087,0.005774114067741003,0.009783903223904346,0.004009789156163343
small,2,8,19,1.191919,0.9993693800560087,0.005900854652589152,0.015795838724825657,0.009894984072236506
small,2,8,24,1.242424,0.9993693800560087,0.004641410375828032,0.011920271399526597,0.007278861023698565
small,2,8,30,1.30303,0.9993693800560087,0.005812992473528277,0.009851335162633824,0.004038342689105547
small,2,8,36,1.363636,0.9993693800560087,0.0038616582700573315,0.008548603577143243,0.004686945307085912
small,2,8,41,1.414141,0.9993693800560087,0.004423042870974524,0.007881193147885903,0.0034581502769113794
small,2,8,47,1.474747,0.9993693800560087,0.004292299239226844,0.010379704261480294,0.00608740502225345
small,2,8,52,1.525253,0.9993693800560087,0.004255413769583128,0.00735836202982701,0.0031029482602438823
small,2,8,58,1.585859,0.9993693800560087,0.0033731353077011954,0.006040914495965178,0.002667779188263983
small,2,8,63,1.636364,0.9993693800560087,0.00369664073800374,0.0060286593114322546,0.0023320185734285147
small,2,8,69,1.69697,0.9993693800560087,0.003334521862373311,0.006348180770999693,0.0030136589086263823
small,2,8,74,1.747475,0.9993693800560087,0.0031115211029552788,0.006183545846092873,0.0030720247431375945
small,2,8,80,1.808081,0.9993693800560087,0.002827098791511087,0.007176655093643403,0.004349556302132316
small,2,8,86,1.868687,0.9993693800560087,0.0034752671067864267,0.006614659267646938,0.003139392160860511
small,2,8,91,1.919192,0.9993693800560087,0.003488510609833893,0.006647504776756394,0.003158994166922501
small,2,8,97,1.979798,0.9993693800560087,0.0032326196904466334,0.0056257753706078426,0.002393155680161209
small,2,10,2,1.020202,0.99950891935259,0.006704695637392766,0.018322905410378648,0.011618209772985881
small,2,10,8,1.080808,0.99950891935259,0.005376196821232734,0.01114006904374012,0.0057638722225073855
small,2,10,13,1.131313,0.99950891935259,0.004490927264203675,0.009528780218799797,0.0050378529545961215
small,2,10,19,1.191919,0.99950891935259,0.0058986850967482395,0.015831482871123282,0.009932797774375043
small,2,10,24,1.242424,0.99950891935259,0.004301668849213687,0.011811442264616985,0.007509773415403298
small,2,10,30,1.30303,0.99950891935259,0.004727316601925035,0.009948300501806428,0.005220983899881394
small,2,10,36,1.363636,0.99950891935259,0.0033876334194918,0.008394410100210548,0.005006776680718748
small,2,10,41,1.414141,0.99950891935259,0.004336443907435051,0.00834188691559493,0.004005443008159878
small,2,10,47,1.474747,0.99950891935259,0.004241300727144491,0.010559775385703444,0.006318474658558952
small,2,10,52,1.525253,0.99950891935259,0.003481563733352305,0.00792215856014125,0.0044405948267889446
small,2,10,58,1.585859,0.99950891935259,0.0032649932662018955,0.0059868629919954995,0.002721869725793604
small,2,10,63,1.636364,0.99950891935259,0.003410650628791422,0.005938833705477148,0.002528183076685726
small,2,10,69,1.69697,0.99950891935259,0.003265993849059053,0.0064702151005910265,0.0032042212515319734
small,2,10,74,1.747475,0.99950891935259,0.002836376423918365,0.006287440611519584,0.003451064187601219
small,2,10,80,1.808081,0.99950891935259,0.0026343692194807497,0.00725439514666735,0.004620025927186601
small,2,10,86,1.868687,0.99950891935259,0.0034208873551777527,0.006606985177468096,0.003186097822290343
small,2,10,91,1.919192,0.99950891935259,0.003265649991069536,0.006631074677551775,0.0033654246864822388
small,2,10,97,1.979798,0.99950891935259,0.003032977632015698,0.005645250724715964,0.0026122730927002663
small,2,15,2,1.020202,0.9996935676654484,0.006291453329903373,0.018508309523946807,0.012216856194043434
small,2,15,8,1.080808,0.9996935676654484,0.004897654337985526,0.011016395758246346,0.00611874142026082
small,2,15,13,1.131313,0.9996935676654484,0.004318912683862203,0.009668487215349292,0.005349574531487089
small,2,15,19,1.191919,0.9996935676654484,0.004795617163393531,0.016027918811061487,0.011232301647667958
small,2,15,24,1.242424,0.9996935676654484,0.003921056391939646,0.011845111522018042,0.007924055130078395
small,2,15,30,1.30303,0.9996935676654484,0.004088389224002089,0.010003633039022429,0.00591524381502034
small,2,15,36,1.363636,0.9996935676654484,0.0029719110462896213,0.008580281205262203,0.005608370158972582
small,2,15,41,1.414141,0.9996935676654484,0.003411227213597106,0.008551360824991094,0.005140133611393987
small,2,15,47,1.474747,0.9996935676654484,0.003458166151381194,0.01051111502919604,0.007052948877814845
small,2,15,52,1.525253,0.9996935676654484,0.0031689573698899082,0.008033127694487888,0.00486417032459798
small,2,15,58,1.585859,0.9996935676654484,0.003109144405148163,0.006227112122796705,0.003117967717648542
small,2,15,63,1.636364,0.9996935676654484,0.003224035991769778,0.005905607927693209,0.002681571935923431
small,2,15,69,1.69697,0.9996935676654484,0.0028682991527766897,0.0063462451602984,0.0034779460075217102
small,2,15,74,1.747475,0.9996935676654484,0.002610864033017,0.006315040296736855,0.003704176263719855
small,2,15,80,1.808081,0.9996935676654484,0.002433378156409777,0.0074416245571221505,0.005008246400712374
small,2,15,86,1.868687,0.9996935676654484,0.003172331757542946,0.0067436416199178435,0.0035713098623748976
small,2,15,91,1.919192,0.9996935676654484,0.0031827907179085577,0.006749854126446887,0.0035670634085383296
small,2,15,97,1.979798,0.9996935676654484,0.0026414437870268845,0.005583715285724459,0.0029422714986975748
small,2,20,2,1.020202,0.999780932479756,0.006125513206269438,0.018546498117294672,0.012420984911025234
small,2,20,8,1.080808,0.999780932479756,0.00469875932634324,0.011067701398915438,0.006368942072572198
small,2,20,13,1.131313,0.999780932479756,0.004022401746925445,0.009647181029608813,0.005624779282683368
small,2,20,19,1.191919,0.999780932479756,0.004284239421835254,0.01604303630028957,0.011758796878454318
small,2,20,24,1.242424,0.999780932479756,0.00382065500952399,0.01194738240542672,0.00812672739590273
small,2,20,30,1.30303,0.999780932479756,0.003815348763708924,0.010004836963279154,0.00618948819957023
small,2,20,36,1.363636,0.999780932479756,0.002806968709238225,0.008678332416757023,0.005871363707518798
small,2,20,41,1.414141,0.999780932479756,0.0033267869910987872,0.008677808511656148,0.005351021520557361
small,2,20,47,1.474747,0.999780932479756,0.0033634418553261563,0.01054414092359429,0.007180699068268134
small,2,20,52,1.525253,0.999780932479756,0.002968820740591354,0.007971381355458608,0.005002560614867254
small,2,20,58,1.585859,0.999780932479756,0.0030705071668922666,0.006238357680866165,0.003167850513973898
small,2,20,63,1.636364,0.999780932479756,0.0030340782334409098,0.006157575423833088,0.003123497190392178
small,2,20,69,1.69697,0.999780932479756,0.0026333305936955234,0.006395478406762398,0.0037621478130668742
small,2,20,74,1.747475,0.999780932479756,0.0024783196316772913,0.006302215052011945,0.0038238954203346537
small,2,20,80,1.808081,0.999780932479756,0.0023768585784791373,0.007486186711433922,0.005109328132954784
small,2,20,86,1.868687,0.999780932479756,0.0028487792210236578,0.006713687688357748,0.00386490846733409
small,2,20,91,1.919192,0.999780932479756,0.0028899381228686045,0.0068544081764997135,0.003964470053631109
small,2,20,97,1.979798,0.999780932479756,0.0021769805313947505,0.0055756702858537266,0.003398689754458976
small,3,1,3,1.030303,0.9642277745239544,0.055412477109278824,0.0579656142282289,0.002553137118950076
small,3,1,9,1.090909,0.9642277745239544,0.012886192543920885,0.012920051227806156,3.385868388527079e-05
small,3,1,14,1.141414,0.9642277745239544,0.012777273764522605,0.0133140090988734,0.0005367353343507953
small,3,1,20,1.20202,0.9642277745239544,0.03459408546233038,0.034631611052309746,3.75255899793675e-05
small,3,1,26,1.262626,0.9642277745239544,0.04145425932318064,0.04337258826453895,0.0019183289413583077
small,3,1,31,1.313131,0.9642277745239544,0.044681643713220504,0.04500058015857721,0.0003189364453567087
small,3,1,37,1.373737,0.9642277745239544,0.03272292147236421,0.033063218546607986,0.00034029707424377414
small,3,1,42,1.424242,0.9642277745239544,0.03336399336579888,0.03540855949058094,0.0020445661247820643
small,3,1,48,1.484848,0.9642277745239544,0.019761143745699677,0.019794016275606622,3.2872529906944475e-05
small,3,1,53,1.535354,0.9642277745239544,0.016549113770803273,0.016719652481045514,0.00017053871024224135
small,3,1,59,1.59596,0.9642277745239544,0.013653078654029037,0.01387042617789577,0.00021734752386673266
small,3,1,64,1.646465,0.9642277745239544,0.008534424151755867,0.00865965844319847,0.0001252342914426028
small,3,1,70,1.707071,0.9642277745239544,0.011462290066988708,0.01200233060680563,0.0005400405398169224
small,3,1,76,1.767677,0.9642277745239544,0.01655475487010508,0.01729245824837265,0.0007377033782675693
small,3,1,81,1.818182,0.9642277745239544,0.019942190997769442,0.02002016268820275,7.797169043330734e-05
small,3,1,87,1.878788,0.9642277745239544,0.029797335770100852,0.030426394541137162,0.0006290587710363095
small,3,1,92,1.929293,0.9642277745239544,0.029547103512422658,0.029607233522342076,6.013000991941797e-05
small,3,1,98,1.989899,0.9642277745239544,0.03760320527555764,0.0378459683833232,0.00024276310776556037
small,3,2,3,1.030303,0.9968032610907656,0.007719271865371028,0.01873733419807478,0.011018062332703752
small,3,2,9,1.090909,0.9968032610907656,0.006604591480703613,0.010889025249702996,0.004284433768999383
small,3,2,14,1.141414,0.9968032610907656,0.011726549257028124,0.012480879308336934,0.0007543300513088106
small,3,2,20,1.20202,0.9968032610907656,0.008718789545186846,0.011500344070403496,0.00278155452521665
small,3,2,26,1.262626,0.9968032610907656,0.011182501602357054,0.017081666040736253,0.005899164438379199
small,3,2,31,1.313131,0.9968032610907656,0.010850554421938597,0.012853267961601628,0.002002713539663031
small,3,2,37,1.373737,0.9968032610907656,0.007296313870234777,0.009146901202397863,0.001850587332163086
small,3,2,42,1.424242,0.9968032610907656,0.009129302536903439,0.015012999182132362,0.005883696645228923
small,3,2,48,1.484848,0.9968032610907656,0.009586627273553685,0.010773758648416688,0.0011871313748630027
small,3,2,53,1.535354,0.9968032610907656,0.007993529476494505,0.00852953796518584,0.0005360084886913349
small,3,2,59,1.59596,0.9968032610907656,0.01120010852333336,0.011482215975426726,0.0002821074520933664
small,3,2,64,1.646465,0.9968032610907656,0.007681291355575794,0.00857920545471071,0.0008979140991349152
small,3,2,70,1.707071,0.9968032610907656,0.006832193988642283,0.007897257990437527,0.0010650640017952438
small,3,2,76,1.767677,0.9968032610907656,0.005644896724783548,0.007673427404510096,0.0020285306797265474
small,3,2,81,1.818182,0.9968032610907656,0.005109925079373242,0.005449683859385663,0.0003397587800124209
small,3,2,87,1.878788,0.9968032610907656,0.006458830086421998,0.009319330996695196,0.002860500910273198
small,3,2,92,1.929293,0.9968032610907656,0.007246203318046288,0.007845257768447364,0.0005990544504010766
small,3,2,98,1.989899,0.9968032610907656,0.013222234173695026,0.013937750931642129,0.000715516757947102
small,3,3,3,1.030303,0.9981350835926516,0.006975271393451299,0.018652285296000187,0.011677013902548888
small,3,3,9,1.090909,0.9981350835926516,0.005121159990586515,0.011161984585570252,0.006040824594983737
small,3,3,14,1.141414,0.9981350835926516,0.011681910259975734,0.012861006464602318,0.001179096204626584
small,3,3,20,1.20202,0.9981350835926516,0.00789136223060356,0.012555705296654356,0.004664343066050796
small,3,3,26,1.262626,0.9981350835926516,0.009017153670864198,0.01574941801305315,0.0067322643421889525
small,3,3,31,1.313131,0.9981350835926516,0.010758286333294917,0.012784742748090345,0.0020264564147954283
small,3,3,37,1.373737,0.9981350835926516,0.006982078131192107,0.01066898684174237,0.0036869087105502636
small,3,3,42,1.424242,0.9981350835926516,0.009105637071082648,0.01528558560618192,0.0061799485350992715
small,3,3,48,1.484848,0.9981350835926516,0.006671019313187584,0.008365702453889332,0.0016946831407017478
small,3,3,53,1.535354,0.9981350835926516,0.004914263603459603,0.00633467124652396,0.0014204076430643572
small,3,3,59,1.59596,0.9981350835926516,0.005965600015524274,0.00712281448378784,0.001157214468263566
small,3,3,64,1.646465,0.9981350835926516,0.007296762721573531,0.008649280458976722,0.0013525177374031907
small,3,3,70,1.707071,0.9981350835926516,0.004890171123880239,0.006438460278272426,0.001548289154392187
small,3,3,76,1.767677,0.9981350835926516,0.0055997356154160955,0.007701772784988892,0.002102037169572797
small,3,3,81,1.818182,0.9981350835926516,0.005089094045022984,0.005430556931926713,0.0003414628869037291
small,3,3,87,1.878788,0.9981350835926516,0.004983258788344997,0.008374941458042545,0.0033916826696975483
small,3,3,92,1.929293,0.9981350835926516,0.004140090634242283,0.005121226828128741,0.0009811361938864586
small,3,3,98,1.989899,0.9981350835926516,0.009404798879730822,0.010389198882024001,0.0009844000022931794
small,3,4,3,1.030303,0.9986158397116416,0.00686240552849118,0.01940897340211977,0.012546567873628591
small,3,4,9,1.090909,0.9986158397116416,0.005113478012725251,0.011663045532690932,0.006549567519965681
small,3,4,14,1.141414,0.9986158397116416,0.007777151695033901,0.010925449328638231,0.003148297633604331
small,3,4,20,1.20202,0.9986158397116416,0.007822194213292059,0.012622613061618666,0.004800418848326608
small,3,4,26,1.262626,0.9986158397116416,0.0059456899638814144,0.016876651637939447,0.010930961674058033
small,3,4,31,1.313131,0.9986158397116416,0.006151450427241968,0.010635553681262155,0.004484103254020187
small,3,4,37,1.373737,0.9986158397116416,0.006877674360572922,0.010614639757039327,0.003736965396466406
small,3,4,42,1.424242,0.9986158397116416,0.008112570168118845,0.01471581383402499,0.006603243665906144
small,3,4,48,1.484848,0.9986158397116416,0.00621386115748756,0.008044951259669387,0.0018310901021818269
small,3,4,53,1.535354,0.9986158397116416,0.004757641975237766,0.006640821559919743,0.001883179584681977
small,3,4,59,1.59596,0.9986158397116416,0.005142122942351441,0.0070469597310027525,0.0019048367886513118
small,3,4,64,1.646465,0.9986158397116416,0.006666414302295231,0.008667401161093484,0.0020009868587982527
small,3,4,70,1.707071,0.9986158397116416,0.00488871333029818,0.007257242233440654,0.002368528903142474
small,3,4,76,1.767677,0.9986158397116416,0.00521393495533063,0.007615735974826523,0.002401801019495893
small,3,4,81,1.818182,0.9986158397116416,0.0049442826632024464,0.0053314490263310105,0.0003871663631285641
small,3,4,87,1.878788,0.9986158397116416,0.004420231038873543,0.008468446451549922,0.004048215412676378
small,3,4,92,1.929293,0.9986158397116416,0.004112755540919168,0.005190011028187301,0.001077255487268133
small,3,4,98,1.989899,0.9986158397116416,0.006608833390105618,0.009592689181141556,0.0029838557910359387
small,3,6,3,1.030303,0.9990921798337947,0.006611667440275257,0.019551947801791925,0.012940280361516667
small,3,6,9,1.090909,0.9990921798337947,0.004865381553721193,0.011892523467465334,0.007027141913744141
small,3,6,14,1.141414,0.9990921798337947,0.007305417091323771,0.010848173733010717,0.003542756641686946
small,3,6,20,1.20202,0.9990921798337947,0.006203105919081333,0.012355626319896925,0.0061525204008155915
small,3,6,26,1.262626,0.9990921798337947,0.005225499260544574,0.01684250780270729,0.011617008542162716
small,3,6,31,1.313131,0.9990921798337947,0.006087589247285408,0.010908313184748317,0.004820723937462908
small,3,6,37,1.373737,0.9990921798337947,0.005306278765237434,0.01082519109706217,0.005518912331824736
small,3,6,42,1.424242,0.9990921798337947,0.0071663853664311414,0.015063929762260828,0.007897544395829686
small,3,6,48,1.484848,0.9990921798337947,0.005404243972036479,0.007796723223565274,0.0023924792515287955
small,3,6,53,1.535354,0.9990921798337947,0.004572932617351967,0.006938894337549243,0.0023659617201972757
small,3,6,59,1.59596,0.9990921798337947,0.00414983910672854,0.006550854291627725,0.0024010151848991848
small,3,6,64,1.646465,0.9990921798337947,0.006152119614160444,0.008394044286279564,0.00224192467211912
small,3,6,70,1.707071,0.9990921798337947,0.0041288665097280255,0.00810274119774901,0.0039738746880209844
small,3,6,76,1.767677,0.9990921798337947,0.005114836698158285,0.007635240991112702,0.002520404292954417
small,3,6,81,1.818182,0.9990921798337947,0.004646902659016592,0.005060158212502508,0.00041325555348591635
small,3,6,87,1.878788,0.9990921798337947,0.004085492461643346,0.009085584141378186,0.0050000916797348395
small,3,6,92,1.929293,0.9990921798337947,0.0037617688431706093,0.00545070784979978,0.0016889390066291707
small,3,6,98,1.989899,0.9990921798337947,0.004004140783596376,0.009373120920698527,0.005368980137102151
small,3,8,3,1.030303,0.9993815462894369,0.0064409994578552895,0.019734097571734728,0.013293098113879439
small,3,8,9,1.090909,0.9993815462894369,0.004740981506390647,0.012142599664822677,0.007401618158432029
small,3,8,14,1.141414,0.9993815462894369,0.006973076014738615,0.01076287415860105,0.0037897981438624346
small,3,8,20,1.20202,0.9993815462894369,0.00443009042659568,0.013270330976937444,0.008840240550341764
small,3,8,26,1.262626,0.9993815462894369,0.004838698900007711,0.016900499716256578,0.012061800816248866
small,3,8,31,1.313131,0.9993815462894369,0.005848198396727419,0.011445189359935827,0.0055969909632084085
small,3,8,37,1.373737,0.9993815462894369,0.005068457005434482,0.010888106017937103,0.005819649012502621
small,3,8,42,1.424242,0.9993815462894369,0.004626650870191769,0.015076054800525419,0.01044940393033365
small,3,8,48,1.484848,0.9993815462894369,0.0042583312317081784,0.007360439311845868,0.003102108080137689
small,3,8,53,1.535354,0.9993815462894369,0.004001007232744608,0.007016036709289877,0.0030150294765452683
small,3,8,59,1.59596,0.9993815462894369,0.0035969630066039924,0.006305575012598512,0.00270861200599452
small,3,8,64,1.646465,0.9993815462894369,0.003990990250216558,0.008606918146659552,0.004615927896442994
small,3,8,70,1.707071,0.9993815462894369,0.003487452949333528,0.008670608600054254,0.0051831556507207265
small,3,8,76,1.767677,0.9993815462894369,0.0032760169644147213,0.007223751023101883,0.0039477340586871615
small,3,8,81,1.818182,0.9993815462894369,0.004096136241837936,0.005115924617091986,0.0010197883752540498
small,3,8,87,1.878788,0.9993815462894369,0.0034975079224944263,0.008886546073042338,0.0053890381505479115
small,3,8,92,1.929293,0.9993815462894369,0.003184323980923756,0.0054011254888010896,0.0022168015078773335
small,3,8,98,1.989899,0.9993815462894369,0.0038815350943591574,0.009587003981161447,0.00570546888680229
small,3,10,3,1.030303,0.9995164927912064,0.005321121565144414,0.0195597611935711,0.014238639628426685
small,3,10,9,1.090909,0.9995164927912064,0.004499026883706668,0.012117730287857148,0.00761870340415048
small,3,10,14,1.141414,0.9995164927912064,0.0064102630599589695,0.010654477660606327,0.004244214600647358
small,3,10,20,1.20202,0.9995164927912064,0.004391762890389796,0.013426258439034328,0.009034495548644533
small,3,10,26,1.262626,0.9995164927912064,0.004722592516595395,0.016969590122735367,0.01224699760613997
small,3,10,31,1.313131,0.9995164927912064,0.005036857117658982,0.011312209478318853,0.006275352360659871
small,3,10,37,1.373737,0.9995164927912064,0.004603464340470393,0.010934632693435609,0.006331168352965216
small,3,10,42,1.424242,0.9995164927912064,0.0041236808209188566,0.015084735778979824,0.010961054958060967
small,3,10,48,1.484848,0.9995164927912064,0.004077708863946251,0.007337411208964752,0.0032597023450185014
small,3,10,53,1.535354,0.9995164927912064,0.003432916027963172,0.007457460862241844,0.004024544834278672
small,3,10,59,1.59596,0.9995164927912064,0.003594806998425501,0.006324648790560975,0.0027298417921354737
small,3,10,64,1.646465,0.9995164927912064,0.00359179858499169,0.008450199927712619,0.004858401342720929
small,3,10,70,1.707071,0.9995164927912064,0.0034309857995242794,0.008650274811337266,0.005219289011812987
small,3,10,76,1.767677,0.9995164927912064,0.002926150434088468,0.007196614825388736,0.004270464391300268
small,3,10,81,1.818182,0.9995164927912064,0.00398813503006644,0.005119229653569606,0.0011310946235031658
small,3,10,87,1.878788,0.9995164927912064,0.003190470073054846,0.008897939801963635,0.005707469728908789
small,3,10,92,1.929293,0.9995164927912064,0.00309853466674344,0.005498815449717622,0.0024002807829741823
small,3,10,98,1.989899,0.9995164927912064,0.0036753584786089638,0.009725674778914757,0.006050316300305794
small,3,15,3,1.030303,0.999691235316308,0.00512340465294759,0.0196303638480329,0.014506959195085309
small,3,15,9,1.090909,0.999691235316308,0.004179457242562575,0.012079611147364024,0.007900153904801449
small,3,15,14,1.141414,0.999691235316308,0.005249526405989926,0.01043067688846325,0.005181150482473325
small,3,15,20,1.20202,0.999691235316308,0.004029566681285044,0.013492718623473628,0.009463151942188584
small,3,15,26,1.262626,0.999691235316308,0.003942028030721468,0.01698021595234122,0.013038187921619752
small,3,15,31,1.313131,0.999691235316308,0.00457365214635734,0.011496001637794358,0.006922349491437017
small,3,15,37,1.373737,0.999691235316308,0.004123478866420521,0.011104774321597049,0.006981295455176528
small,3,15,42,1.424242,0.999691235316308,0.0036097454842645193,0.015096904720608493,0.011487159236343972
small,3,15,48,1.484848,0.999691235316308,0.0036063897220291485,0.007260569992066294,0.003654180270037146
small,3,15,53,1.535354,0.999691235316308,0.0032654434871139068,0.007488879729497982,0.004223436242384075
small,3,15,59,1.59596,0.999691235316308,0.0030523398313062186,0.006436805817755051,0.003384465986448832
small,3,15,64,1.646465,0.999691235316308,0.002992894461220995,0.008355606697886955,0.00536271223666596
small,3,15,70,1.707071,0.999691235316308,0.003154844548904736,0.008618239456838764,0.005463394907934028
small,3,15,76,1.767677,0.999691235316308,0.002836770294003814,0.007415964590217402,0.0045791942962135875
small,3,15,81,1.818182,0.999691235316308,0.002780189744157982,0.005118512307084194,0.0023383225629262125
small,3,15,87,1.878788,0.999691235316308,0.0028220730702636053,0.008980409460634282,0.006158336390370677
small,3,15,92,1.929293,0.999691235316308,0.00276741491374472,0.005588482059820278,0.002821067146075558
small,3,15,98,1.989899,0.999691235316308,0.0031866357372272655,0.009600122793911427,0.0064134870566841615
small,3,20,3,1.030303,0.9997816105649204,0.004850024403804263,0.019673546581270577,0.014823522177466315
small,3,20,9,1.090909,0.9997816105649204,0.0038113095359497725,0.012287191793216691,0.008475882257266918
small,3,20,14,1.141414,0.9997816105649204,0.00495635040924654,0.010391261300393724,0.005434910891147184
small,3,20,20,1.20202,0.9997816105649204,0.0038423820624273472,0.013530170967762266,0.009687788905334917
small,3,20,26,1.262626,0.9997816105649204,0.0037272265072441388,0.017026768333357135,0.013299541826112996
small,3,20,31,1.313131,0.9997816105649204,0.003910813484763721,0.011474162441528747,0.007563348956765026
small,3,20,37,1.373737,0.9997816105649204,0.0037468485232178433,0.01112089980467558,0.007374051281457737
small,3,20,42,1.424242,0.9997816105649204,0.003350445933102953,0.015159265976105707,0.011808820043002754
small,3,20,48,1.484848,0.9997816105649204,0.003372958530742964,0.007217048341515353,0.0038440898107723886
small,3,20,53,1.535354,0.9997816105649204,0.0027916427444054865,0.007389891258502277,0.00459824851409679
small,3,20,59,1.59596,0.9997816105649204,0.002786543185371716,0.006389088090167252,0.0036025449047955363
small,3,20,64,1.646465,0.9997816105649204,0.002741146621953487,0.008479950500517185,0.005738803878563698
small,3,20,70,1.707071,0.9997816105649204,0.0030554789509544423,0.008624992561821346,0.005569513610866904
small,3,20,76,1.767677,0.9997816105649204,0.0025198115945348604,0.007488068266140185,0.004968256671605324
small,3,20,81,1.818182,0.9997816105649204,0.0025822634440766713,0.005221263568305725,0.0026390001242290535
small,3,20,87,1.878788,0.9997816105649204,0.002750960615415108,0.008993395825106784,0.0062424352096916765
small,3,20,92,1.929293,0.9997816105649204,0.002594341549795897,0.005738291361756148,0.003143949811960251
small,3,20,98,1.989899,0.9997816105649204,0.003091117246726215,0.00963162163618504,0.006540504389458825
small,4,1,4,1.040404,0.9639233613828722,0.04463678299759177,0.045297282423284194,0.0006604994256924207
small,4,1,10,1.10101,0.9639233613828722,0.01475788130573882,0.015097730242909922,0.0003398489371711014
small,4,1,16,1.161616,0.9639233613828722,0.017528071965337726,0.017695985185633048,0.00016791322029532235
small,4,1,21,1.212121,0.9639233613828722,0.034999110559633596,0.037537249031040866,0.0025381384714072697
small,4,1,27,1.272727,0.9639233613828722,0.040620017830438705,0.041319874823915054,0.0006998569934763485
small,4,1,32,1.323232,0.9639233613828722,0.03820424802251993,0.039501185248358474,0.0012969372258385473
small,4,1,38,1.383838,0.9639233613828722,0.03504061152691005,0.035311902036508115,0.00027129050959806555
small,4,1,43,1.434343,0.9639233613828722,0.03355849044037471,0.03386401356833122,0.0003055231279565085
small,4,1,49,1.494949,0.9639233613828722,0.021982059513489537,0.02297265733319167,0.0009905978197021319
small,4,1,54,1.545455,0.9639233613828722,0.016167021919293357,0.016203952244028402,3.69303247350454e-05
small,4,1,60,1.606061,0.9639233613828722,0.012577027113766313,0.013096089332863686,0.0005190622190973729
small,4,1,66,1.666667,0.9639233613828722,0.008601654030483486,0.008686406670315446,8.475263983196042e-05
small,4,1,71,1.717172,0.9639233613828722,0.010506199892660072,0.010644461466869159,0.00013826157420908716
small,4,1,77,1.777778,0.9639233613828722,0.018561864750798622,0.019822882570922726,0.0012610178201241037
small,4,1,82,1.828283,0.9639233613828722,0.018649345463347174,0.01876291420494659,0.00011356874159941521
small,4,1,88,1.888889,0.9639233613828722,0.027042243512092983,0.027726383673969006,0.0006841401618760228
small,4,1,93,1.939394,0.9639233613828722,0.03334758384833372,0.033347652768731154,6.892039743078282e-08
small,4,2,4,1.040404,0.9968749244820342,0.009364883380980923,0.01326284643549155,0.0038979630545106277
small,4,2,10,1.10101,0.9968749244820342,0.007550212448012314,0.009742989388973564,0.0021927769409612503
small,4,2,16,1.161616,0.9968749244820342,0.012365676256541312,0.012844292489724,0.00047861623318268785
small,4,2,21,1.212121,0.9968749244820342,0.01501577278096697,0.020718626451467253,0.005702853670500283
small,4,2,27,1.272727,0.9968749244820342,0.010068880997919883,0.012614691183963248,0.0025458101860433655
small,4,2,32,1.323232,0.9968749244820342,0.008363018550406845,0.013466892077220223,0.005103873526813378
small,4,2,38,1.383838,0.9968749244820342,0.007079807434838056,0.008371131136259083,0.0012913237014210268
small,4,2,43,1.434343,0.9968749244820342,0.009456225429280955,0.011145488560434616,0.0016892631311536607
small,4,2,49,1.494949,0.9968749244820342,0.008887727040402141,0.011217511078856589,0.0023297840384544476
small,4,2,54,1.545455,0.9968749244820342,0.007325585241902526,0.007648284399690631,0.0003226991577881056
small,4,2,60,1.606061,0.9968749244820342,0.01001137961848205,0.01084148326223371,0.0008301036437516601
small,4,2,66,1.666667,0.9968749244820342,0.00703999543278128,0.007195758380773743,0.00015576294799246344
small,4,2,71,1.717172,0.9968749244820342,0.008195299758565226,0.008782928709788468,0.0005876289512232423
small,4,2,77,1.777778,0.9968749244820342,0.005693849003790932,0.009697973940928457,0.004004124937137525
small,4,2,82,1.828283,0.9968749244820342,0.005757739630754714,0.007363591155392425,0.001605851524637711
small,4,2,88,1.888889,0.9968749244820342,0.007923748474137128,0.010354728374357466,0.0024309799002203373
small,4,2,93,1.939394,0.9968749244820342,0.009103867220805457,0.009346999541935581,0.0002431323211301243
small,4,3,4,1.040404,0.9981521910375498,0.009187481011244827,0.013346366119383994,0.004158885108139167
small,4,3,10,1.10101,0.9981521910375498,0.00718293216646456,0.009846897964014877,0.0026639657975503165
small,4,3,16,1.161616,0.9981521910375498,0.011344743525166505,0.011880958090803966,0.0005362145656374606
small,4,3,21,1.212121,0.9981521910375498,0.007648432887358843,0.01866993382248905,0.011021500935130206
small,4,3,27,1.272727,0.9981521910375498,0.008214536925959207,0.011239955617877283,0.003025418691918077
small,4,3,32,1.323232,0.9981521910375498,0.008042696702456411,0.013270791889512204,0.005228095187055793
small,4,3,38,1.383838,0.9981521910375498,0.005396811422792976,0.00785011269765962,0.002453301274866645
small,4,3,43,1.434343,0.9981521910375498,0.008907631977716742,0.010827157246593198,0.0019195252688764559
small,4,3,49,1.494949,0.9981521910375498,0.005109987571155953,0.00874909475049879,0.0036391071793428374
small,4,3,54,1.545455,0.9981521910375498,0.006977722957174409,0.008378235033124164,0.0014005120759497556
small,4,3,60,1.606061,0.9981521910375498,0.00625916791814726,0.007518776734600359,0.0012596088164530993
small,4,3,66,1.666667,0.9981521910375498,0.006800991233227045,0.007876663813421673,0.0010756725801946282
small,4,3,71,1.717172,0.9981521910375498,0.006008437589500091,0.006942268076638655,0.0009338304871385639
small,4,3,77,1.777778,0.9981521910375498,0.0056704915469349415,0.009757417154409682,0.004086925607474741
small,4,3,82,1.828283,0.9981521910375498,0.005741302564182724,0.007474665420079572,0.0017333628558968478
small,4,3,88,1.888889,0.9981521910375498,0.006315947208106177,0.00918294236003127,0.002866995151925093
small,4,3,93,1.939394,0.9981521910375498,0.0046555427274237214,0.0052065657190974975,0.000551022991673776
small,4,4,4,1.040404,0.9986327945092396,0.007776526030979805,0.013626163531477309,0.005849637500497503
small,4,4,10,1.10101,0.9986327945092396,0.007177067023096614,0.009842925835307824,0.00266585881221121
small,4,4,16,1.161616,0.9986327945092396,0.007493967116748254,0.008344586604597448,0.0008506194878491937
small,4,4,21,1.212121,0.9986327945092396,0.007543892234547789,0.01862826654341412,0.011084374308866331
small,4,4,27,1.272727,0.9986327945092396,0.0071437556722830425,0.01173280815439843,0.004589052482115388
small,4,4,32,1.323232,0.9986327945092396,0.0061208463129944594,0.01225637876703906,0.006135532454044601
small,4,4,38,1.383838,0.9986327945092396,0.005361843732670535,0.007830756671090192,0.0024689129384196564
small,4,4,43,1.434343,0.9986327945092396,0.00534653604903976,0.009585333263674646,0.004238797214634886
small,4,4,49,1.494949,0.9986327945092396,0.005034720696722485,0.008745157043583593,0.0037104363468611085
small,4,4,54,1.545455,0.9986327945092396,0.006206434815808272,0.007934142912614907,0.0017277080968066353
small,4,4,60,1.606061,0.9986327945092396,0.005485585264889555,0.008712503855355248,0.0032269185904656933
small,4,4,66,1.666667,0.9986327945092396,0.006785868218470615,0.008114350159411275,0.0013284819409406599
small,4,4,71,1.717172,0.9986327945092396,0.004880560830401943,0.006537044889698346,0.0016564840592964026
small,4,4,77,1.777778,0.9986327945092396,0.003897225911739299,0.008928548530856461,0.005031322619117162
small,4,4,82,1.828283,0.9986327945092396,0.00501213069816686,0.007833567725421656,0.002821437027254796
small,4,4,88,1.888889,0.9986327945092396,0.006304700260927282,0.009182544862974883,0.002877844602047601
small,4,4,93,1.939394,0.9986327945092396,0.0038094689919662174,0.004732594988151035,0.0009231259961848173
small,4,6,4,1.040404,0.9990857642260537,0.00721603907749968,0.013881412501783265,0.006665373424283585
small,4,6,10,1.10101,0.9990857642260537,0.0070379461206764304,0.01024379718075125,0.0032058510600748193
small,4,6,16,1.161616,0.9990857642260537,0.006795200542113898,0.008555046806657527,0.001759846264543629
small,4,6,21,1.212121,0.9990857642260537,0.007039116861337633,0.019410408273900864,0.012371291412563231
small,4,6,27,1.272727,0.9990857642260537,0.006173746729261028,0.01178426324568604,0.005610516516425012
small,4,6,32,1.323232,0.9990857642260537,0.004669280914876127,0.012761962460221776,0.008092681545345648
small,4,6,38,1.383838,0.9990857642260537,0.0047629977006101885,0.008578813962252704,0.0038158162616425155
small,4,6,43,1.434343,0.9990857642260537,0.004337101167188975,0.011556203445261839,0.007219102278072864
small,4,6,49,1.494949,0.9990857642260537,0.003586818936410352,0.00927110519719587,0.005684286260785518
small,4,6,54,1.545455,0.9990857642260537,0.003812294498597108,0.007587659051858472,0.0037753645532613636
small,4,6,60,1.606061,0.9990857642260537,0.004295354909511822,0.008684563160319724,0.004389208250807902
small,4,6,66,1.666667,0.9990857642260537,0.0041457390913557405,0.008012728933730662,0.003866989842374922
small,4,6,71,1.717172,0.9990857642260537,0.004831781616748398,0.007250285168109339,0.002418503551360941
small,4,6,77,1.777778,0.9990857642260537,0.0038558480868213715,0.009221589702286754,0.005365741615465382
small,4,6,82,1.828283,0.9990857642260537,0.004844496942597471,0.007964318873232873,0.003119821930635402
small,4,6,88,1.888889,0.9990857642260537,0.0045275685756112115,0.00979024188525222,0.005262673309641009
small,4,6,93,1.939394,0.9990857642260537,0.003112086892969057,0.00423364899982411,0.0011215621068550534
small,4,8,4,1.040404,0.999381994025579,0.006539198806429518,0.014096905576436515,0.0075577067700069965
small,4,8,10,1.10101,0.999381994025579,0.005885758491693478,0.010609950248348014,0.004724191756654536
small,4,8,16,1.161616,0.999381994025579,0.005881528261295016,0.007887921532626288,0.002006393271331272
small,4,8,21,1.212121,0.999381994025579,0.006391818184160394,0.019804075944391944,0.01341225776023155
small,4,8,27,1.272727,0.999381994025579,0.004813053094941331,0.011861243491193163,0.007048190396251832
small,4,8,32,1.323232,0.999381994025579,0.004039713435656609,0.01333497871678328,0.009295265281126671
small,4,8,38,1.383838,0.999381994025579,0.004545066246020266,0.00856144271598854,0.004016376469968274
small,4,8,43,1.434343,0.999381994025579,0.0038304668628148437,0.011605742260481543,0.0077752753976667
small,4,8,49,1.494949,0.999381994025579,0.0034915068038695266,0.009465327814194013,0.005973821010324487
small,4,8,54,1.545455,0.999381994025579,0.0033110515768809898,0.0076800885088829166,0.004369036932001927
small,4,8,60,1.606061,0.999381994025579,0.0038857705507963462,0.008757865608332317,0.004872095057535971
small,4,8,66,1.666667,0.999381994025579,0.003999764497578207,0.007978408599752991,0.003978644102174784
small,4,8,71,1.717172,0.999381994025579,0.003729230064709438,0.007127287507225549,0.0033980574425161113
small,4,8,77,1.777778,0.999381994025579,0.0033892167558456122,0.009377557851753242,0.00598834109590763
small,4,8,82,1.828283,0.999381994025579,0.004082977902912368,0.008095502198582976,0.004012524295670608
small,4,8,88,1.888889,0.999381994025579,0.0037681025473581147,0.009686083299822639,0.0059179807524645245
small,4,8,93,1.939394,0.999381994025579,0.0030217789887996556,0.004283458856921605,0.0012616798681219497
small,4,10,4,1.040404,0.999510901360159,0.006455833708538587,0.014271106208353887,0.007815272499815298
small,4,10,10,1.10101,0.999510901360159,0.004606399404795365,0.010160997852704481,0.005554598447909116
small,4,10,16,1.161616,0.999510901360159,0.0050596824211264655,0.007771342548170899,0.0027116601270444334
small,4,10,21,1.212121,0.999510901360159,0.004903956415853271,0.019772604152414653,0.014868647736561382
small,4,10,27,1.272727,0.999510901360159,0.004563252532361375,0.01187196389999391,0.007308711367632535
small,4,10,32,1.323232,0.999510901360159,0.003936535417743738,0.013406042550999246,0.00946950713325551
small,4,10,38,1.383838,0.999510901360159,0.003798799668402456,0.009002858798039012,0.005204059129636556
small,4,10,43,1.434343,0.999510901360159,0.0037067990170166105,0.011598155266372425,0.007891356249355814
small,4,10,49,1.494949,0.999510901360159,0.003344859405335064,0.00945936542827509,0.006114506022940025
small,4,10,54,1.545455,0.999510901360159,0.003006759516871854,0.007856482959161939,0.004849723442290085
small,4,10,60,1.606061,0.999510901360159,0.003423513097078228,0.008614184506558334,0.005190671409480106
small,4,10,66,1.666667,0.999510901360159,0.003844953999979704,0.008134531960847801,0.004289577960868097
small,4,10,71,1.717172,0.999510901360159,0.003448965974006228,0.007104427087748344,0.003655461113742116
small,4,10,77,1.777778,0.999510901360159,0.0031503379294669552,0.009513201154439644,0.006362863224972689
small,4,10,82,1.828283,0.999510901360159,0.0037867028737837293,0.00810226000236423,0.0043155571285805015
small,4,10,88,1.888889,0.999510901360159,0.003600000688556109,0.009897294579078064,0.0062972938905219555
small,4,10,93,1.939394,0.999510901360159,0.0030114501735989817,0.004349985754757195,0.0013385355811582132
small,4,15,4,1.040404,0.9996913607462434,0.005570469272334223,0.014068241796746098,0.008497772524411876
small,4,15,10,1.10101,0.9996913607462434,0.004404055893290316,0.010496189687183598,0.006092133793893281
small,4,15,16,1.161616,0.9996913607462434,0.004687367926818883,0.007868010945112313,0.0031806430182934296
small,4,15,21,1.212121,0.9996913607462434,0.004433543690537051,0.019773680917843563,0.015340137227306512
small,4,15,27,1.272727,0.9996913607462434,0.003929581425259201,0.011913366127598768,0.007983784702339567
small,4,15,32,1.323232,0.9996913607462434,0.003726866099259349,0.013561784181535164,0.009834918082275814
small,4,15,38,1.383838,0.9996913607462434,0.0032655814346046206,0.009302946151646023,0.006037364717041403
small,4,15,43,1.434343,0.9996913607462434,0.0031126696399024724,0.011546855886758904,0.008434186246856431
small,4,15,49,1.494949,0.9996913607462434,0.0028927857410037568,0.00956805216383719,0.006675266422833434
small,4,15,54,1.545455,0.9996913607462434,0.0027568982412470343,0.007885842390947894,0.00512894414970086
small,4,15,60,1.606061,0.9996913607462434,0.0033732258536116806,0.008651946519308807,0.0052787206656971265
small,4,15,66,1.666667,0.9996913607462434,0.003333847543868004,0.008087550454353718,0.004753702910485715
small,4,15,71,1.717172,0.9996913607462434,0.0028991200303553097,0.0071574950541707805,0.0042583750238154704
small,4,15,77,1.777778,0.9996913607462434,0.0028901007229443897,0.009730058473164662,0.006839957750220272
small,4,15,82,1.828283,0.9996913607462434,0.0032762075481158792,0.008079345415116413,0.004803137867000535
small,4,15,88,1.888889,0.9996913607462434,0.0028718433471164265,0.009789724087187245,0.006917880740070818
small,4,15,93,1.939394,0.9996913607462434,0.0027229697116247244,0.004238977871619052,0.0015160081599943274
small,4,20,4,1.040404,0.9997831235757274,0.005378012768036643,0.01415244261419902,0.008774429846162377
small,4,20,10,1.10101,0.9997831235757274,0.0042397004259695165,0.010602960322194316,0.0063632598962248
small,4,20,16,1.161616,0.9997831235757274,0.004601558946125486,0.008408329905550451,0.003806770959424966
small,4,20,21,1.212121,0.9997831235757274,0.004124696797303423,0.019764825821857894,0.015640129024554472
small,4,20,27,1.272727,0.9997831235757274,0.0037267825056336024,0.011896860762963321,0.008170078257329719
small,4,20,32,1.323232,0.9997831235757274,0.0035599149640575247,0.01362751223481384,0.010067597270756314
small,4,20,38,1.383838,0.9997831235757274,0.00314916311374519,0.009372794580366278,0.0062236314666210876
small,4,20,43,1.434343,0.9997831235757274,0.002912859670772831,0.01155522600119845,0.00864236633042562
small,4,20,49,1.494949,0.9997831235757274,0.002705730571769261,0.00961109197942068,0.00690536140765142
small,4,20,54,1.545455,0.9997831235757274,0.0026267447483095964,0.008027611187629381,0.005400866439319784
small,4,20,60,1.606061,0.9997831235757274,0.003190327049984183,0.008679391794896628,0.005489064744912444
small,4,20,66,1.666667,0.9997831235757274,0.0030884053075812793,0.00803452540467559,0.004946120097094312
small,4,20,71,1.717172,0.9997831235757274,0.0027458361385615812,0.007191768845700332,0.004445932707138751
small,4,20,77,1.777778,0.9997831235757274,0.0025416108901456357,0.00979905232017999,0.0072574414300343535
small,4,20,82,1.828283,0.9997831235757274,0.0029521655508953464,0.008248091165214291,0.005295925614318945
small,4,20,88,1.888889,0.9997831235757274,0.0025730534345459,0.009812589802433503,0.007239536367887604
small,4,20,93,1.939394,0.9997831235757274,0.0025136022910375944,0.004242561006511774,0.00172895871547418
small,5,1,6,1.060606,0.9646625532020189,0.03831023939814612,0.03831872450736895,8.485109222827747e-06
small,5,1,11,1.111111,0.9646625532020189,0.009950370831952023,0.01059183688412902,0.0006414660521769974
small,5,1,17,1.171717,0.9646625532020189,0.02481562752897165,0.025104659212812342,0.00028903168384069103
small,5,1,22,1.222222,0.9646625532020189,0.039462200267483954,0.04329597265467148,0.0038337723871875243
small,5,1,28,1.282828,0.9646625532020189,0.040170622813744214,0.04043735637139007,0.0002667335576458582
small,5,1,33,1.333333,0.9646625532020189,0.03829754299476564,0.03900645533098144,0.0007089123362157973
small,5,1,39,1.393939,0.9646625532020189,0.034889664055594814,0.034934538033749976,4.4873978155161864e-05
small,5,1,44,1.444444,0.9646625532020189,0.025064038026255453,0.02550338125578576,0.00043934322953030625
small,5,1,50,1.505051,0.9646625532020189,0.02085295002226394,0.022711806597379088,0.001858856575115149
small,5,1,56,1.565657,0.9646625532020189,0.021020188412949746,0.02263472035097906,0.0016145319380293129
small,5,1,61,1.616162,0.9646625532020189,0.008940618600524699,0.010761108398583262,0.0018204897980585635
small,5,1,67,1.676768,0.9646625532020189,0.010062974267802796,0.010379103649271875,0.0003161293814690786
small,5,1,72,1.727273,0.9646625532020189,0.012477032190809954,0.013055245365924329,0.0005782131751143754
small,5,1,78,1.787879,0.9646625532020189,0.015697339842282606,0.01689791838854818,0.0012005785462655752
small,5,1,83,1.838384,0.9646625532020189,0.026295935207714522,0.026298235339734754,2.300132020231771e-06
small,5,1,89,1.89899,0.9646625532020189,0.0301137551096872,0.030147834479237575,3.407936955037577e-05
small,5,1,94,1.949495,0.9646625532020189,0.0338277608309884,0.03384010431544807,1.234348445967176e-05
small,5,2,6,1.060606,0.9969052036797142,0.011783117459237352,0.012066756428385885,0.00028363896914853325
small,5,2,11,1.111111,0.9969052036797142,0.009528475736780583,0.01019750126232926,0.0006690255255486777
small,5,2,17,1.171717,0.9969052036797142,0.014137212342596944,0.01465463381232386,0.0005174214697269159
small,5,2,22,1.222222,0.9969052036797142,0.009009286252486459,0.020758891102436137,0.011749604849949679
small,5,2,28,1.282828,0.9969052036797142,0.006954728055452974,0.008382494998076119,0.001427766942623145
small,5,2,33,1.333333,0.9969052036797142,0.007048980238542333,0.010432111597074753,0.00338313135853242
small,5,2,39,1.393939,0.9969052036797142,0.007068984647257632,0.007867632631481119,0.0007986479842234861
small,5,2,44,1.444444,0.9969052036797142,0.006229585558083642,0.009802485733137904,0.0035729001750542623
small,5,2,50,1.505051,0.9969052036797142,0.00829023199409527,0.01228844472027912,0.00399821272618385
small,5,2,56,1.565657,0.9969052036797142,0.009941808650671466,0.014954024963088355,0.005012216312416889
small,5,2,61,1.616162,0.9969052036797142,0.00860392755146357,0.011158483681367909,0.0025545561299043385
small,5,2,67,1.676768,0.9969052036797142,0.00875852898200778,0.009125613167413614,0.0003670841854058332
small,5,2,72,1.727273,0.9969052036797142,0.006991664628308373,0.008008493857381765,0.0010168292290733917
small,5,2,78,1.787879,0.9969052036797142,0.007639671104498946,0.010985729465354121,0.0033460583608551754
small,5,2,83,1.838384,0.9969052036797142,0.006554545222930313,0.00827353212437398,0.0017189869014436667
small,5,2,89,1.89899,0.9969052036797142,0.008915463057870268,0.00925043835552005,0.0003349752976497828
small,5,2,94,1.949495,0.9969052036797142,0.009802359411331705,0.009844872130841087,4.251271950938239e-05
small,5,3,6,1.060606,0.9981961075018198,0.009883324303848412,0.010946164978810104,0.0010628406749616914
small,5,3,11,1.111111,0.9981961075018198,0.008169494759384797,0.009067783921528901,0.0008982891621441037
small,5,3,17,1.171717,0.9981961075018198,0.01164230627670293,0.01230167250036712,0.0006593662236641911
small,5,3,22,1.222222,0.9981961075018198,0.008620594205570022,0.022591623863265266,0.013971029657695245
small,5,3,28,1.282828,0.9981961075018198,0.0067494150675423414,0.00827671121169656,0.001527296144154219
small,5,3,33,1.333333,0.9981961075018198,0.006836463907682897,0.010334162760957083,0.003497698853274186
small,5,3,39,1.393939,0.9981961075018198,0.005522439225775522,0.006662928322852739,0.0011404890970772167
small,5,3,44,1.444444,0.9981961075018198,0.005702154195344991,0.009503616880803676,0.003801462685458685
small,5,3,50,1.505051,0.9981961075018198,0.007308671310465509,0.01223025133905661,0.004921580028591101
small,5,3,56,1.565657,0.9981961075018198,0.007903369234154106,0.013750145960707805,0.005846776726553699
small,5,3,61,1.616162,0.9981961075018198,0.0064309381363734245,0.00980510600231171,0.0033741678659382863
small,5,3,67,1.676768,0.9981961075018198,0.005802073676052773,0.007406596775112018,0.0016045230990592444
small,5,3,72,1.727273,0.9981961075018198,0.0062661696120086905,0.007423769248051751,0.0011575996360430607
small,5,3,78,1.787879,0.9981961075018198,0.006841011528167791,0.011049128458855535,0.004208116930687744
small,5,3,83,1.838384,0.9981961075018198,0.005515237584831469,0.00774326259945862,0.002228025014627151
small,5,3,89,1.89899,0.9981961075018198,0.006917573135589012,0.00752017131300274,0.000602598177413728
small,5,3,94,1.949495,0.9981961075018198,0.005608971668979589,0.00575011546387775,0.000141143794898161
small,5,4,6,1.060606,0.998692913689096,0.009531657151910048,0.011306315455918316,0.0017746583040082684
small,5,4,11,1.111111,0.998692913689096,0.008115235755233785,0.009850373928366692,0.0017351381731329062
small,5,4,17,1.171717,0.998692913689096,0.007722270112928618,0.009592559506248523,0.001870289393319905
small,5,4,22,1.222222,0.998692913689096,0.008429093277311507,0.02270424653289042,0.014275153255578913
small,5,4,28,1.282828,0.998692913689096,0.005971017103928656,0.007808184643932183,0.001837167540003527
small,5,4,33,1.333333,0.998692913689096,0.006835246173536645,0.010551034549994653,0.0037157883764580082
small,5,4,39,1.393939,0.998692913689096,0.0054759705638245774,0.006665229041631174,0.0011892584778065967
small,5,4,44,1.444444,0.998692913689096,0.005621498111752555,0.011980605855376504,0.006359107743623949
small,5,4,50,1.505051,0.998692913689096,0.007299154073957228,0.012224703801300797,0.004925549727343569
small,5,4,56,1.565657,0.998692913689096,0.005978858089344158,0.014502091347688918,0.00852323325834476
small,5,4,61,1.616162,0.998692913689096,0.0051701206245518844,0.009871839127365655,0.00470171850281377
small,5,4,67,1.676768,0.998692913689096,0.005530471048722825,0.0071991804968476215,0.0016687094481247968
small,5,4,72,1.727273,0.998692913689096,0.005360048295933246,0.006769082953370089,0.0014090346574368428
small,5,4,78,1.787879,0.998692913689096,0.0059618322235545605,0.010780762188820084,0.004818929965265523
small,5,4,83,1.838384,0.998692913689096,0.004873240033447171,0.00896435187659443,0.004091111843147258
small,5,4,89,1.89899,0.998692913689096,0.005402235746601925,0.006706510934778028,0.0013042751881761029
small,5,4,94,1.949495,0.998692913689096,0.004221066297481859,0.004669201832818734,0.00044813553533687434
small,5,6,6,1.060606,0.9991204471569402,0.00779640116496456,0.011519159090544085,0.0037227579255795255
small,5,6,11,1.111111,0.9991204471569402,0.007108616314748147,0.010296817203119445,0.003188200888371298
small,5,6,17,1.171717,0.9991204471569402,0.005836875145442396,0.009473335173354034,0.0036364600279116376
small,5,6,22,1.222222,0.9991204471569402,0.006222686958715402,0.02288511847901807,0.016662431520302667
small,5,6,28,1.282828,0.9991204471569402,0.005272310937870778,0.007291060791263896,0.0020187498533931177
small,5,6,33,1.333333,0.9991204471569402,0.006038502994955093,0.011367469336211345,0.005328966341256252
small,5,6,39,1.393939,0.9991204471569402,0.004179736335653795,0.006210084915875054,0.0020303485802212586
small,5,6,44,1.444444,0.9991204471569402,0.004977507118186192,0.012083045572818994,0.0071055384546328025
small,5,6,50,1.505051,0.9991204471569402,0.006171763399853075,0.012402951438842756,0.006231188038989681
small,5,6,56,1.565657,0.9991204471569402,0.005833266175181365,0.014607102604974753,0.008773836429793389
small,5,6,61,1.616162,0.9991204471569402,0.00514936152883444,0.010502933465806687,0.005353571936972248
small,5,6,67,1.676768,0.9991204471569402,0.0035146001855059397,0.007829243612373415,0.004314643426867475
small,5,6,72,1.727273,0.9991204471569402,0.004538710623831638,0.007186477425382852,0.0026477668015512145
small,5,6,78,1.787879,0.9991204471569402,0.004275897743888337,0.011380276850375274,0.0071043791064869365
small,5,6,83,1.838384,0.9991204471569402,0.0037546725410071637,0.009681299609063616,0.005926627068056453
small,5,6,89,1.89899,0.9991204471569402,0.0050552817934814516,0.006785427945037435,0.0017301461515559832
small,5,6,94,1.949495,0.9991204471569402,0.003756709729301657,0.004460599505732856,0.0007038897764311989
small,5,8,6,1.060606,0.9994042989251257,0.006600035437562103,0.012367212684293855,0.005767177246731752
small,5,8,11,1.111111,0.9994042989251257,0.0068440914165714285,0.011057561133121025,0.004213469716549597
small,5,8,17,1.171717,0.9994042989251257,0.005341753617879911,0.009352702999552471,0.0040109493816725605
small,5,8,22,1.222222,0.9994042989251257,0.005564262123568075,0.02284699927152451,0.017282737147956435
small,5,8,28,1.282828,0.9994042989251257,0.004650785154971032,0.007932975329235738,0.003282190174264706
small,5,8,33,1.333333,0.9994042989251257,0.003941211675221678,0.01145401188324028,0.0075128002080186015
small,5,8,39,1.393939,0.9994042989251257,0.003900347179557876,0.007117143234082025,0.0032167960545241487
small,5,8,44,1.444444,0.9994042989251257,0.0045645862519929975,0.01200305359884438,0.0074384673468513825
small,5,8,50,1.505051,0.9994042989251257,0.004147877177817192,0.01251976659339106,0.008371889415573867
small,5,8,56,1.565657,0.9994042989251257,0.004562122021155512,0.014673531007065846,0.010111408985910335
small,5,8,61,1.616162,0.9994042989251257,0.00434175883211827,0.01099752095947898,0.0066557621273607105
small,5,8,67,1.676768,0.9994042989251257,0.003421150343013332,0.007855218456299448,0.004434068113286116
small,5,8,72,1.727273,0.9994042989251257,0.0037068424230880677,0.007058288922199141,0.0033514464991110733
small,5,8,78,1.787879,0.9994042989251257,0.0038527144243165295,0.011336136129277776,0.007483421704961246
small,5,8,83,1.838384,0.9994042989251257,0.0036140968070075318,0.009799876952175103,0.006185780145167572
small,5,8,89,1.89899,0.9994042989251257,0.003830193690983659,0.006556176593552046,0.0027259829025683873
small,5,8,94,1.949495,0.9994042989251257,0.0036506087892301422,0.004471432822837568,0.0008208240336074258
small,5,10,6,1.060606,0.99953571682898,0.006201917195140744,0.0124691298891384,0.0062672126939976565
small,5,10,11,1.111111,0.99953571682898,0.005659294963469391,0.010995961987517485,0.005336667024048094
small,5,10,17,1.171717,0.99953571682898,0.005230603698180933,0.009537417534679942,0.004306813836499009
small,5,10,22,1.222222,0.99953571682898,0.0050987338855375645,0.02324426998536958,0.018145536099832014
small,5,10,28,1.282828,0.99953571682898,0.00420287393926581,0.008167346635480481,0.003964472696214671
small,5,10,33,1.333333,0.99953571682898,0.00373558783409597,0.011389653597910969,0.007654065763814999
small,5,10,39,1.393939,0.99953571682898,0.0038653691410031324,0.007249056006925964,0.003383686865922832
small,5,10,44,1.444444,0.99953571682898,0.004042054461797841,0.012043603897637868,0.008001549435840027
small,5,10,50,1.505051,0.99953571682898,0.003836430001043806,0.012764164582496082,0.008927734581452277
small,5,10,56,1.565657,0.99953571682898,0.004262182450174307,0.014739854494805173,0.010477672044630865
small,5,10,61,1.616162,0.99953571682898,0.004238470558964366,0.0109803167517455,0.006741846192781133
small,5,10,67,1.676768,0.99953571682898,0.0033088566082302272,0.007853110726028763,0.004544254117798536
small,5,10,72,1.727273,0.99953571682898,0.00365534549070669,0.007061728922682882,0.003406383431976192
small,5,10,78,1.787879,0.99953571682898,0.003726161186074554,0.011324305538734675,0.007598144352660121
small,5,10,83,1.838384,0.99953571682898,0.0032844810798786863,0.010029048523464562,0.006744567443585876
small,5,10,89,1.89899,0.99953571682898,0.0032680506617196307,0.006605198780672627,0.003337148118952996
small,5,10,94,1.949495,0.99953571682898,0.0034960802940835153,0.004543440164989534,0.001047359870906019
small,5,15,6,1.060606,0.9997008530581186,0.005292295168010451,0.012666031282988228,0.007373736114977777
small,5,15,11,1.111111,0.9997008530581186,0.00451670742170248,0.011474160808811164,0.006957453387108684
small,5,15,17,1.171717,0.9997008530581186,0.004973491396985371,0.009608553449943458,0.004635062052958087
small,5,15,22,1.222222,0.9997008530581186,0.0038189723361514143,0.023300961255952997,0.01948198891980158
small,5,15,28,1.282828,0.9997008530581186,0.004145327547305398,0.008406397238002955,0.0042610696906975574
small,5,15,33,1.333333,0.9997008530581186,0.0035890613920044915,0.011549549455937584,0.007960488063933093
small,5,15,39,1.393939,0.9997008530581186,0.003665772545548647,0.0074145925588637055,0.0037488200133150586
small,5,15,44,1.444444,0.9997008530581186,0.003500248605201824,0.012141466458801839,0.008641217853600015
small,5,15,50,1.505051,0.9997008530581186,0.003539355862024981,0.012896348821362752,0.00935699295933777
small,5,15,56,1.565657,0.9997008530581186,0.003447565355869826,0.01476225256004588,0.011314687204176053
small,5,15,61,1.616162,0.9997008530581186,0.00324851055359894,0.010954488435849704,0.007705977882250763
small,5,15,67,1.676768,0.9997008530581186,0.0029495350229135748,0.007839712961852312,0.0048901779389387365
small,5,15,72,1.727273,0.9997008530581186,0.0031760401725244272,0.007105005773096533,0.0039289656005721055
small,5,15,78,1.787879,0.9997008530581186,0.0030121590264748904,0.011595069931420374,0.008582910904945484
small,5,15,83,1.838384,0.9997008530581186,0.002631413615286794,0.010012243455992019,0.007380829840705224
small,5,15,89,1.89899,0.9997008530581186,0.0026178863932196884,0.006466157968250094,0.0038482715750304056
small,5,15,94,1.949495,0.9997008530581186,0.0031727791023955804,0.004408915900273473,0.0012361367978778928
small,5,20,6,1.060606,0.9997870221963608,0.005064634376864497,0.012746281700333052,0.007681647323468555
small,5,20,11,1.111111,0.9997870221963608,0.004199334431581306,0.011401392296138247,0.007202057864556941
small,5,20,17,1.171717,0.9997870221963608,0.004736306087901927,0.009654206777190798,0.004917900689288871
small,5,20,22,1.222222,0.9997870221963608,0.0036471090909163282,0.023364490726081672,0.019717381635165343
small,5,20,28,1.282828,0.9997870221963608,0.004006287529031141,0.008354592509179646,0.004348304980148505
small,5,20,33,1.333333,0.9997870221963608,0.0034711203522896548,0.011617246673129087,0.008146126320839431
small,5,20,39,1.393939,0.9997870221963608,0.00347473134795642,0.00754612908167154,0.004071397733715119
small,5,20,44,1.444444,0.9997870221963608,0.003148609515140688,0.012192380652675581,0.009043771137534892
small,5,20,50,1.505051,0.9997870221963608,0.003466741427644277,0.01293683993374345,0.009470098506099173
small,5,20,56,1.565657,0.9997870221963608,0.0032171179699364443,0.014784028375657364,0.01156691040572092
small,5,20,61,1.616162,0.9997870221963608,0.0027067040525074774,0.011018038443831908,0.008311334391324431
small,5,20,67,1.676768,0.9997870221963608,0.002772659779060777,0.007855762467669886,0.005083102688609109
small,5,20,72,1.727273,0.9997870221963608,0.002894062556428345,0.00706422818437113,0.0041701656279427846
small,5,20,78,1.787879,0.9997870221963608,0.0027604627035183412,0.011621627282865817,0.008861164579347476
small,5,20,83,1.838384,0.9997870221963608,0.002337609667753532,0.01006048393092848,0.007722874263174948
small,5,20,89,1.89899,0.9997870221963608,0.002390310893102076,0.006539612930762649,0.004149302037660573
small,5,20,94,1.949495,0.9997870221963608,0.0029197211686511778,0.004297358623755083,0.0013776374551039056
large,1,1,1,1.010101,0.9661178720988544,0.07087890782391457,0.07088644849747015,7.54067355558663e-06
large,1,1,7,1.070707,0.9661178720988544,0.04072877487496421,0.040751579567490565,2.2804692526356973e-05
large,1,1,12,1.121212,0.9661178720988544,0.01531366003293234,0.015905310666418815,0.0005916506334864742
large,1,1,18,1.181818,0.9661178720988544,0.025369342546764064,0.02576176452181576,0.00039242197505169607
large,1,1,23,1.232323,0.9661178720988544,0.03288902546110887,0.03583578739143705,0.0029467619303281817
large,1,1,29,1.292929,0.9661178720988544,0.03990148560934494,0.03992557884944822,2.4093240103280344e-05
large,1,1,34,1.343434,0.9661178720988544,0.04043818468603473,0.04052052114972447,8.233646368974168e-05
large,1,1,40,1.40404,0.9661178720988544,0.03148557297790875,0.03156698183895927,8.140886105052064e-05
large,1,1,46,1.464646,0.9661178720988544,0.026790168740407648,0.028649245233170077,0.0018590764927624293
large,1,1,51,1.515152,0.9661178720988544,0.021130534403034845,0.021850674172904243,0.000720139769869399
large,1,1,57,1.575758,0.9661178720988544,0.011938947480992312,0.013658166664032917,0.0017192191830406045
large,1,1,62,1.626263,0.9661178720988544,0.011096835397001329,0.011390745343673183,0.00029390994667185394
large,1,1,68,1.686869,0.9661178720988544,0.008386044094927634,0.009096825461045987,0.0007107813661183533
large,1,1,73,1.737374,0.9661178720988544,0.01678818278629166,0.018378464477993305,0.0015902816917016463
large,1,1,79,1.79798,0.9661178720988544,0.019651996303328253,0.01966618588004715,1.4189576718896119e-05
large,1,1,84,1.848485,0.9661178720988544,0.023633240392684753,0.023661697586967484,2.8457194282731357e-05
large,1,1,90,1.909091,0.9661178720988544,0.02898066521892929,0.029066894644330234,8.62294254009438e-05
large,1,1,96,1.969697,0.9661178720988544,0.032214344651892574,0.03223551686010097,2.1172208208394827e-05
large,1,2,1,1.010101,0.9964774082906934,0.01187473494344306,0.012038636515606245,0.0001639015721631859
large,1,2,7,1.070707,0.9964774082906934,0.007002788084372997,0.008818052246412628,0.0018152641620396313
large,1,2,12,1.121212,0.9964774082906934,0.015036254391538688,0.01635006358042438,0.0013138091888856927
large,1,2,18,1.181818,0.9964774082906934,0.013472681663724296,0.014387404631341008,0.0009147229676167122
large,1,2,23,1.232323,0.9964774082906934,0.015180102308382234,0.021943800947944847,0.006763698639562613
large,1,2,29,1.292929,0.9964774082906934,0.00824408817424866,0.008363817165735274,0.0001197289914866128
large,1,2,34,1.343434,0.9964774082906934,0.011211016587438553,0.011862602576413077,0.0006515859889745235
large,1,2,40,1.40404,0.9964774082906934,0.008963897778950023,0.009646239264864378,0.0006823414859143551
large,1,2,46,1.464646,0.9964774082906934,0.010041296550183109,0.014289944795342933,0.004248648245159824
large,1,2,51,1.515152,0.9964774082906934,0.008724735334520338,0.010427418343951422,0.0017026830094310844
large,1,2,57,1.575758,0.9964774082906934,0.008229158070039228,0.01132147758933152,0.003092319519292291
large,1,2,62,1.626263,0.9964774082906934,0.009828442987132206,0.010419359679187803,0.0005909166920555972
large,1,2,68,1.686869,0.9964774082906934,0.007497892835550107,0.00860689678867995,0.0011090039531298432
large,1,2,73,1.737374,0.9964774082906934,0.00981071980860509,0.012422258360683426,0.0026115385520783362
large,1,2,79,1.79798,0.9964774082906934,0.005084831528776633,0.00542977197682181,0.00034494044804517666
large,1,2,84,1.848485,0.9964774082906934,0.0067452697103829885,0.007063648285639337,0.00031837857525634887
large,1,2,90,1.909091,0.9964774082906934,0.008793536717833894,0.009073840132747747,0.0002803034149138524
large,1,2,96,1.969697,0.9964774082906934,0.008313162530078154,0.008652482003974503,0.00033931947389634863
large,1,3,1,1.010101,0.9977074809633485,0.01148294469347606,0.015231989229050882,0.0037490445355748223
large,1,3,7,1.070707,0.9977074809633485,0.006588960050191954,0.008637882699442894,0.0020489226492509394
large,1,3,12,1.121212,0.9977074809633485,0.010610078128181693,0.01389061230501147,0.0032805341768297764
large,1,3,18,1.181818,0.9977074809633485,0.00806436122887719,0.010422862238704264,0.002358501009827074
large,1,3,23,1.232323,0.9977074809633485,0.010319972245839484,0.019818703767543182,0.009498731521703697
large,1,3,29,1.292929,0.9977074809633485,0.008234596198409008,0.008750340542511887,0.0005157443441028784
large,1,3,34,1.343434,0.9977074809633485,0.009332461740068444,0.011284013624162127,0.001951551884093683
large,1,3,40,1.40404,0.9977074809633485,0.0088598562168301,0.009960478768177135,0.0011006225513470348
large,1,3,46,1.464646,0.9977074809633485,0.009939303358695263,0.015203521855781055,0.005264218497085792
large,1,3,51,1.515152,0.9977074809633485,0.00570646133311395,0.008876533672888022,0.003170072339774072
large,1,3,57,1.575758,0.9977074809633485,0.007012846848400465,0.010510520949335272,0.0034976741009348075
large,1,3,62,1.626263,0.9977074809633485,0.0073241617191215245,0.008100781885697916,0.0007766201665763911
large,1,3,68,1.686869,0.9977074809633485,0.006378405109837929,0.007660442137239887,0.001282037027401958
large,1,3,73,1.737374,0.9977074809633485,0.009277866387241485,0.012058335402131115,0.00278046901488963
large,1,3,79,1.79798,0.9977074809633485,0.005080402440074372,0.005615687642219246,0.0005352852021448737
large,1,3,84,1.848485,0.9977074809633485,0.006343866902853804,0.0067420300270482035,0.00039816312419439955
large,1,3,90,1.909091,0.9977074809633485,0.008251570767593648,0.008586135335587835,0.00033456456799418714
large,1,3,96,1.969697,0.9977074809633485,0.005750682428084073,0.0065216301337008425,0.0007709477056167691
large,1,4,1,1.010101,0.9982180276384232,0.011457424311504625,0.01612818859976566,0.004670764288261034
large,1,4,7,1.070707,0.9982180276384232,0.006181377617731654,0.008486146866915116,0.002304769249183462
large,1,4,12,1.121212,0.9982180276384232,0.01035106137765014,0.014153604486934108,0.0038025431092839675
large,1,4,18,1.181818,0.9982180276384232,0.008063912077891104,0.010521205315269094,0.00245729323737799
large,1,4,23,1.232323,0.9982180276384232,0.006806469849121745,0.020591373412340654,0.01378490356321891
large,1,4,29,1.292929,0.9982180276384232,0.008233234448345998,0.009240538445014854,0.0010073039966688561
large,1,4,34,1.343434,0.9982180276384232,0.009295261295656453,0.011352663033593348,0.0020574017379368943
large,1,4,40,1.40404,0.9982180276384232,0.00877772223233836,0.009963127251466702,0.0011854050191283418
large,1,4,46,1.464646,0.9982180276384232,0.00785408854578991,0.01511089207643365,0.00725680353064374
large,1,4,51,1.515152,0.9982180276384232,0.005314828869285634,0.008649867605468224,0.003335038736182591
large,1,4,57,1.575758,0.9982180276384232,0.005839626932555051,0.011812343499626914,0.005972716567071863
large,1,4,62,1.626263,0.9982180276384232,0.007289147824332267,0.008080439429684803,0.0007912916053525367
large,1,4,68,1.686869,0.9982180276384232,0.005814589586990703,0.007197818707204896,0.0013832291202141933
large,1,4,73,1.737374,0.9982180276384232,0.008309638829273823,0.011373944972712166,0.003064306143438344
large,1,4,79,1.79798,0.9982180276384232,0.004760833153382881,0.006608155001846915,0.0018473218484640341
large,1,4,84,1.848485,0.9982180276384232,0.006160906603076629,0.0071430521810986755,0.0009821455780220463
large,1,4,90,1.909091,0.9982180276384232,0.00819895336037097,0.008587412042032252,0.0003884586816612825
large,1,4,96,1.969697,0.9982180276384232,0.005659750368249357,0.00765603859180052,0.0019962882235511625
large,1,6,1,1.010101,0.9988163649407157,0.010602319905690445,0.01640519265661615,0.005802872750925704
large,1,6,7,1.070707,0.9988163649407157,0.006180416447695589,0.008486351655618883,0.0023059352079232943
large,1,6,12,1.121212,0.9988163649407157,0.008799249278579953,0.014049177470038015,0.005249928191458062
large,1,6,18,1.181818,0.9988163649407157,0.007209970809568124,0.012369723563971794,0.00515975275440367
large,1,6,23,1.232323,0.9988163649407157,0.006492132225116082,0.020830564646113558,0.014338432420997475
large,1,6,29,1.292929,0.9988163649407157,0.006897810446865965,0.008683162027333198,0.0017853515804672326
large,1,6,34,1.343434,0.9988163649407157,0.008104131092428992,0.011730521010320703,0.0036263899178917113
large,1,6,40,1.40404,0.9988163649407157,0.005720385273751415,0.009018766945315209,0.0032983816715637937
large,1,6,46,1.464646,0.9988163649407157,0.007311951025940863,0.015143518569043779,0.007831567543102916
large,1,6,51,1.515152,0.9988163649407157,0.00478479054400867,0.008610634028092697,0.003825843484084027
large,1,6,57,1.575758,0.9988163649407157,0.005255034128313763,0.01216594382691411,0.0069109096986003475
large,1,6,62,1.626263,0.9988163649407157,0.006986380431622707,0.007980886273107567,0.0009945058414848607
large,1,6,68,1.686869,0.9988163649407157,0.005419062438416345,0.007465372610925833,0.0020463101725094876
large,1,6,73,1.737374,0.9988163649407157,0.005319997811293122,0.010946398992364915,0.0056264011810717935
large,1,6,79,1.79798,0.9988163649407157,0.004398065985769652,0.006505368841446735,0.002107302855677083
large,1,6,84,1.848485,0.9988163649407157,0.004906704494850496,0.00871792106373913,0.003811216568888634
large,1,6,90,1.909091,0.9988163649407157,0.006224372507691433,0.008787865544120218,0.0025634930364287854
large,1,6,96,1.969697,0.9988163649407157,0.004829077414009564,0.007454174166361064,0.0026250967523515
large,1,8,1,1.010101,0.9991131956335728,0.009772362876150551,0.016822305095982332,0.007049942219831781
large,1,8,7,1.070707,0.9991131956335728,0.0055406086077552244,0.009509880289637262,0.003969271681882038
large,1,8,12,1.121212,0.9991131956335728,0.008061683948121146,0.014170995128400676,0.00610931118027953
large,1,8,18,1.181818,0.9991131956335728,0.005193721120926627,0.012315200510873345,0.007121479389946718
large,1,8,23,1.232323,0.9991131956335728,0.0057109999131956055,0.021291797908781263,0.015580797995585658
large,1,8,29,1.292929,0.9991131956335728,0.005658269300355943,0.008043515867835204,0.0023852465674792612
large,1,8,34,1.343434,0.9991131956335728,0.0070212151547593814,0.012106432457383437,0.0050852173026240555
large,1,8,40,1.40404,0.9991131956335728,0.005486196863280466,0.009024469277497317,0.003538272414216851
large,1,8,46,1.464646,0.9991131956335728,0.004944709460645171,0.015367185399350461,0.010422475938705291
large,1,8,51,1.515152,0.9991131956335728,0.004389870099777775,0.009090664865235342,0.004700794765457567
large,1,8,57,1.575758,0.9991131956335728,0.005115737929675727,0.012454816631888436,0.00733907870221271
large,1,8,62,1.626263,0.9991131956335728,0.0054360195903159795,0.008194391365537271,0.0027583717752212916
large,1,8,68,1.686869,0.9991131956335728,0.0048241493861473465,0.007142706463621705,0.0023185570774743583
large,1,8,73,1.737374,0.9991131956335728,0.004670033638258284,0.010801458182924016,0.006131424544665732
large,1,8,79,1.79798,0.9991131956335728,0.004222960852877418,0.006868099992274917,0.0026451391393974982
large,1,8,84,1.848485,0.9991131956335728,0.004629175258438983,0.008605177816837941,0.003976002558398958
large,1,8,90,1.909091,0.9991131956335728,0.005421107744053391,0.008533999320658285,0.0031128915766048945
large,1,8,96,1.969697,0.9991131956335728,0.0047594771968811345,0.007592186235442369,0.002832709038561234
large,1,10,1,1.010101,0.9993040313240926,0.006885306492795097,0.016766113983499836,0.009880807490704739
large,1,10,7,1.070707,0.9993040313240926,0.005299134384402452,0.009613856958169022,0.00431472257376657
large,1,10,12,1.121212,0.9993040313240926,0.006979778871401045,0.014676400477287181,0.007696621605886136
large,1,10,18,1.181818,0.9993040313240926,0.004915904275162453,0.012707591984553061,0.007791687709390608
large,1,10,23,1.232323,0.9993040313240926,0.005049462669596836,0.021297881312109718,0.016248418642512884
large,1,10,29,1.292929,0.9993040313240926,0.005397788347497758,0.008879600332034169,0.003481811984536411
large,1,10,34,1.343434,0.9993040313240926,0.005845738174668006,0.011743674326831417,0.005897936152163411
large,1,10,40,1.40404,0.9993040313240926,0.005021787378867124,0.008808826986484341,0.003787039607617217
large,1,10,46,1.464646,0.9993040313240926,0.00493931562994542,0.015403173054629087,0.010463857424683667
large,1,10,51,1.515152,0.9993040313240926,0.004046886639828878,0.009278124481947333,0.005231237842118455
large,1,10,57,1.575758,0.9993040313240926,0.0049136005758617105,0.012444992192250487,0.007531391616388776
large,1,10,62,1.626263,0.9993040313240926,0.005157684203985695,0.008199974215254539,0.003042290011268844
large,1,10,68,1.686869,0.9993040313240926,0.004817794943022473,0.00719959094646624,0.0023817960034437672
large,1,10,73,1.737374,0.9993040313240926,0.004519315675080378,0.010920797100445453,0.006401481425365075
large,1,10,79,1.79798,0.9993040313240926,0.00415467651282318,0.007321365495537358,0.0031666889827141782
large,1,10,84,1.848485,0.9993040313240926,0.004485285030105705,0.00854254359183461,0.004057258561728906
large,1,10,90,1.909091,0.9993040313240926,0.004973502911016682,0.008985446749480399,0.004011943838463717
large,1,10,96,1.969697,0.9993040313240926,0.004508430349156692,0.007483953270343513,0.002975522921186821
large,1,15,1,1.010101,0.9995482062838976,0.006523247146387377,0.01691301524392929,0.010389768097541913
large,1,15,7,1.070707,0.9995482062838976,0.005123233974425962,0.009806250371354647,0.004683016396928685
large,1,15,12,1.121212,0.9995482062838976,0.005516572599425449,0.015119524901949802,0.009602952302524352
large,1,15,18,1.181818,0.9995482062838976,0.00467654150331069,0.012779147529732972,0.008102606026422283
large,1,15,23,1.232323,0.9995482062838976,0.004458936107519715,0.021314740396305508,0.016855804288785792
large,1,15,29,1.292929,0.9995482062838976,0.0049468060402805296,0.009056396195678619,0.004109590155398089
large,1,15,34,1.343434,0.9995482062838976,0.004957289077262158,0.01159417829806465,0.006636889220802492
large,1,15,40,1.40404,0.9995482062838976,0.0045441091294453175,0.008976276431984146,0.004432167302538829
large,1,15,46,1.464646,0.9995482062838976,0.004193751304426515,0.015501131699219853,0.01130738039479334
large,1,15,51,1.515152,0.9995482062838976,0.0038343547882060017,0.009250782053269008,0.005416427265063006
large,1,15,57,1.575758,0.9995482062838976,0.0042581411312578145,0.01260865878745333,0.008350517656195516
large,1,15,62,1.626263,0.9995482062838976,0.004442925145482512,0.00845779131643043,0.004014866170947918
large,1,15,68,1.686869,0.9995482062838976,0.003961750138869379,0.007598577171735737,0.0036368270328663585
large,1,15,73,1.737374,0.9995482062838976,0.003635894120541237,0.011078554928583145,0.007442660808041908
large,1,15,79,1.79798,0.9995482062838976,0.0036653992554650464,0.007349309875704999,0.0036839106202399526
large,1,15,84,1.848485,0.9995482062838976,0.0036801932809519553,0.008737154140767034,0.005056960859815079
large,1,15,90,1.909091,0.9995482062838976,0.004282483621603051,0.008984927365963923,0.004702443744360871
large,1,15,96,1.969697,0.9995482062838976,0.003927684799681504,0.007614670900754345,0.003686986101072841
large,1,20,1,1.010101,0.9996773621778212,0.006093125267175809,0.01682889542545671,0.010735770158280903
large,1,20,7,1.070707,0.9996773621778212,0.004929485622774048,0.009869368217052893,0.0049398825942788445
large,1,20,12,1.121212,0.9996773621778212,0.004956116045854448,0.01531541700213388,0.010359300956279432
large,1,20,18,1.181818,0.9996773621778212,0.004517676614160248,0.012862804674497835,0.008345128060337586
large,1,20,23,1.232323,0.9996773621778212,0.0043708802808423665,0.02136581010534139,0.016994929824499024
large,1,20,29,1.292929,0.9996773621778212,0.004828884707954094,0.009044692204353007,0.004215807496398913
large,1,20,34,1.343434,0.9996773621778212,0.004490412947930789,0.011724436925228962,0.007234023977298174
large,1,20,40,1.40404,0.9996773621778212,0.004087870232831009,0.009291220006206026,0.005203349773375017
large,1,20,46,1.464646,0.9996773621778212,0.0038741959739414097,0.015523374968260699,0.01164917899431929
large,1,20,51,1.515152,0.9996773621778212,0.003460220817296346,0.00940684396712232,0.0059466231498259735
large,1,20,57,1.575758,0.9996773621778212,0.004028570095571951,0.012787768162068919,0.008759198066496967
large,1,20,62,1.626263,0.9996773621778212,0.004262745009711309,0.008712598238758732,0.004449853229047423
large,1,20,68,1.686869,0.9996773621778212,0.0037194097410803476,0.00772983991919599,0.004010430178115643
large,1,20,73,1.737374,0.9996773621778212,0.0034920335284700614,0.011204526555142208,0.007712493026672146
large,1,20,79,1.79798,0.9996773621778212,0.0035867205790181805,0.007409576057406149,0.003822855478387968
large,1,20,84,1.848485,0.9996773621778212,0.0035880360522830257,0.008810463386253685,0.005222427333970658
large,1,20,90,1.909091,0.9996773621778212,0.004107716812493742,0.008976167086892469,0.004868450274398727
large,1,20,96,1.969697,0.9996773621778212,0.0037012461554763857,0.007599693058233703,0.003898446902757317
large,2,1,2,1.020202,0.9665835798714147,0.07094443260994562,0.07177897408776858,0.000834541477822956
large,2,1,8,1.080808,0.9665835798714147,0.0311783913892447,0.03130807184150744,0.00012968045226274122
large,2,1,13,1.131313,0.9665835798714147,0.00792208825716856,0.008200138618898921,0.0002780503617303611
large,2,1,19,1.191919,0.9665835798714147,0.02389417687429457,0.025411385097589927,0.001517208223295357
large,2,1,24,1.242424,0.9665835798714147,0.03829867733307858,0.03881172941930081,0.0005130520862222307
large,2,1,30,1.30303,0.9665835798714147,0.04238418716146772,0.04288356994058292,0.0004993827791152025
large,2,1,36,1.363636,0.9665835798714147,0.03527561608731018,0.035279047483173634,3.431395863451314e-06
large,2,1,41,1.414141,0.9665835798714147,0.03272580986883036,0.032915476834991526,0.00018966696616116302
large,2,1,47,1.474747,0.9665835798714147,0.02802238354472856,0.028620541938563237,0.0005981583938346781
large,2,1,52,1.525253,0.9665835798714147,0.020981452405779113,0.021560086516388886,0.0005786341106097728
large,2,1,58,1.585859,0.9665835798714147,0.010270405248168094,0.01049727565337664,0.00022687040520854608
large,2,1,63,1.636364,0.9665835798714147,0.009432001014424415,0.009434463595769535,2.4625813451195633e-06
large,2,1,69,1.69697,0.9665835798714147,0.010180642521052045,0.010184549960980598,3.9074399285528305e-06
large,2,1,74,1.747475,0.9665835798714147,0.015129723330695833,0.015601939819748702,0.00047221648905286864
large,2,1,80,1.808081,0.9665835798714147,0.02254831730749489,0.023692317283612308,0.0011439999761174192
large,2,1,86,1.868687,0.9665835798714147,0.027258410479234153,0.027432647679980587,0.00017423720074643406
large,2,1,91,1.919192,0.9665835798714147,0.028770507386980535,0.02913256273091323,0.00036205534393269484
large,2,1,97,1.979798,0.9665835798714147,0.03609971804395475,0.03614030496498702,4.058692103226652e-05
large,2,2,2,1.020202,0.9963978724305542,0.01631358455554069,0.020640179949662312,0.004326595394121623
large,2,2,8,1.080808,0.9963978724305542,0.009707791236357212,0.010568786989293989,0.000860995752936777
large,2,2,13,1.131313,0.9963978724305542,0.007757267006213105,0.0081917785865732,0.0004345115803600953
large,2,2,19,1.191919,0.9963978724305542,0.011373593339885892,0.015471204554982887,0.004097611215096995
large,2,2,24,1.242424,0.9963978724305542,0.009643208229606702,0.012109110135317616,0.0024659019057109138
large,2,2,30,1.30303,0.9963978724305542,0.007871764975787109,0.010270974520815638,0.0023992095450285286
large,2,2,36,1.363636,0.9963978724305542,0.005867800970426433,0.005977578304120895,0.00010977733369446196
large,2,2,41,1.414141,0.9963978724305542,0.008903713337796725,0.009582482422739229,0.0006787690849425036
large,2,2,47,1.474747,0.9963978724305542,0.010851725413168561,0.013213951866956147,0.002362226453787586
large,2,2,52,1.525253,0.9963978724305542,0.009088351823724543,0.010521827555828677,0.0014334757321041343
large,2,2,58,1.585859,0.9963978724305542,0.0076006772027691245,0.007904913593280924,0.0003042363905117994
large,2,2,63,1.636364,0.9963978724305542,0.009125065398638825,0.009315941818043853,0.00019087641940502761
large,2,2,69,1.69697,0.9963978724305542,0.007635083849250904,0.0076403342564790476,5.250407228143614e-06
large,2,2,74,1.747475,0.9963978724305542,0.006274273972226007,0.007348647188966427,0.0010743732167404207
large,2,2,80,1.808081,0.9963978724305542,0.007757006998340232,0.01079476824917377,0.003037761250833538
large,2,2,86,1.868687,0.9963978724305542,0.0069681377611404026,0.00765074256966754,0.0006826048085271375
large,2,2,91,1.919192,0.9963978724305542,0.007863961925283613,0.009110554238306525,0.0012465923130229126
large,2,2,97,1.979798,0.9963978724305542,0.011314708624146035,0.01145672358063378,0.00014201495648774425
large,2,3,2,1.020202,0.9976477340609912,0.011427823399525203,0.018735945883431228,0.007308122483906025
large,2,3,8,1.080808,0.9976477340609912,0.009554311396490083,0.010588227797992828,0.0010339164015027453
large,2,3,13,1.131313,0.9976477340609912,0.006254087370361635,0.006843820635750149,0.0005897332653885144
large,2,3,19,1.191919,0.9976477340609912,0.010735146939372428,0.015418377655233143,0.0046832307158607145
large,2,3,24,1.242424,0.9976477340609912,0.008477515147394442,0.012074835601310752,0.00359732045391631
large,2,3,30,1.30303,0.9976477340609912,0.007800921523741967,0.01021728072274152,0.002416359198999553
large,2,3,36,1.363636,0.9976477340609912,0.005595183029197636,0.007378317525061119,0.0017831344958634835
large,2,3,41,1.414141,0.9976477340609912,0.007061603501428578,0.008444807200515915,0.001383203699087337
large,2,3,47,1.474747,0.9976477340609912,0.0061287970939578615,0.010802394013936345,0.0046735969199784835
large,2,3,52,1.525253,0.9976477340609912,0.007870355175200537,0.009746617686387059,0.001876262511186522
large,2,3,58,1.585859,0.9976477340609912,0.006271868544473222,0.006827566131555782,0.0005556975870825605
large,2,3,63,1.636364,0.9976477340609912,0.006331044811376182,0.006778346994119017,0.00044730218274283574
large,2,3,69,1.69697,0.9976477340609912,0.006977705756105425,0.00704200088601326,6.429512990783516e-05
large,2,3,74,1.747475,0.9976477340609912,0.005972611150091708,0.007104136155488194,0.0011315250053964858
large,2,3,80,1.808081,0.9976477340609912,0.007689864203053248,0.010839760862302377,0.0031498966592491294
large,2,3,86,1.868687,0.9976477340609912,0.005263858418733519,0.0061833479882992875,0.0009194895695657686
large,2,3,91,1.919192,0.9976477340609912,0.007509190447104515,0.00921422252324862,0.0017050320761441062
large,2,3,97,1.979798,0.9976477340609912,0.006763408870818081,0.007016636018294596,0.0002532271474765145
large,2,4,2,1.020202,0.9981964014710586,0.011136009452941768,0.018907105535195756,0.007771096082253988
large,2,4,8,1.080808,0.9981964014710586,0.008920119023060074,0.01046011435338428,0.001539995330324206
large,2,4,13,1.131313,0.9981964014710586,0.0062506290156626055,0.009602067583584709,0.0033514385679221034
large,2,4,19,1.191919,0.9981964014710586,0.01064646432614462,0.015361060395798135,0.004714596069653515
large,2,4,24,1.242424,0.9981964014710586,0.007863629902433014,0.013954197721735532,0.006090567819302518
large,2,4,30,1.30303,0.9981964014710586,0.007682088106163298,0.012664438691844151,0.004982350585680854
large,2,4,36,1.363636,0.9981964014710586,0.00499369878978933,0.007009516931708596,0.0020158181419192662
large,2,4,41,1.414141,0.9981964014710586,0.007047434791436361,0.008550312439099166,0.001502877647662805
large,2,4,47,1.474747,0.9981964014710586,0.006056205179638441,0.011095955116040501,0.0050397499364020605
large,2,4,52,1.525253,0.9981964014710586,0.007870193555852886,0.009825968696003454,0.001955775140150568
large,2,4,58,1.585859,0.9981964014710586,0.006262625175781903,0.007136137844132348,0.0008735126683504452
large,2,4,63,1.636364,0.9981964014710586,0.0061240992496998875,0.007508859610570771,0.0013847603608708832
large,2,4,69,1.69697,0.9981964014710586,0.006376207756309893,0.006878837625327625,0.000502629869017732
large,2,4,74,1.747475,0.9981964014710586,0.005371917323392173,0.007166516075171251,0.001794598751779078
large,2,4,80,1.808081,0.9981964014710586,0.007689590596929568,0.011004799058593223,0.0033152084616636553
large,2,4,86,1.868687,0.9981964014710586,0.0050155280320317765,0.00614836012357635,0.0011328320915445734
large,2,4,91,1.919192,0.9981964014710586,0.0056774689470980065,0.009854185858837735,0.0041767169117397284
large,2,4,97,1.979798,0.9981964014710586,0.005729371516957088,0.0060512355620622755,0.00032186404510518764
large,2,6,2,1.020202,0.9987818969424695,0.007458470563675753,0.0178047947366483,0.010346324172972547
large,2,6,8,1.080808,0.9987818969424695,0.005520021562464688,0.010012484331314237,0.004492462768849549
large,2,6,13,1.131313,0.9987818969424695,0.00613201681129445,0.009526473272444356,0.003394456461149906
large,2,6,19,1.191919,0.9987818969424695,0.008075107224789928,0.01702900943790215,0.008953902213112222
large,2,6,24,1.242424,0.9987818969424695,0.006979917772109683,0.013643504072393224,0.006663586300283541
large,2,6,30,1.30303,0.9987818969424695,0.007445647731397293,0.01257141020617514,0.005125762474777846
large,2,6,36,1.363636,0.9987818969424695,0.004684154869068996,0.007677256494032856,0.00299310162496386
large,2,6,41,1.414141,0.9987818969424695,0.006045322533557041,0.00898297830100732,0.0029376557674502795
large,2,6,47,1.474747,0.9987818969424695,0.006053938618588369,0.01170776707602818,0.0056538284574398105
large,2,6,52,1.525253,0.9987818969424695,0.0075295797985379335,0.009934243457324554,0.0024046636587866203
large,2,6,58,1.585859,0.9987818969424695,0.005558867161400233,0.008205530280441511,0.002646663119041278
large,2,6,63,1.636364,0.9987818969424695,0.005864300873975241,0.007855055419846171,0.00199075454587093
large,2,6,69,1.69697,0.9987818969424695,0.0048402326920418326,0.008646835161216697,0.003806602469174864
large,2,6,74,1.747475,0.9987818969424695,0.00463685376132815,0.006674930068569627,0.0020380763072414777
large,2,6,80,1.808081,0.9987818969424695,0.006501095507136117,0.010566744153182263,0.004065648646046146
large,2,6,86,1.868687,0.9987818969424695,0.004966642515108491,0.006351321437207623,0.0013846789220991317
large,2,6,91,1.919192,0.9987818969424695,0.004770999674217138,0.009588815539477847,0.004817815865260709
large,2,6,97,1.979798,0.9987818969424695,0.004747408056461505,0.006417878939604465,0.00167047088314296
large,2,8,2,1.020202,0.9991107709172944,0.007436097238566163,0.01795666948969352,0.010520572251127357
large,2,8,8,1.080808,0.9991107709172944,0.005420982951050075,0.010214787591193009,0.004793804640142934
large,2,8,13,1.131313,0.9991107709172944,0.0060084195386641516,0.01014366209202583,0.004135242553361678
large,2,8,19,1.191919,0.9991107709172944,0.007606532331296653,0.016832377847542785,0.009225845516246133
large,2,8,24,1.242424,0.9991107709172944,0.005135072805733932,0.013842535554904497,0.008707462749170565
large,2,8,30,1.30303,0.9991107709172944,0.005961902086716612,0.012237557773649082,0.00627565568693247
large,2,8,36,1.363636,0.9991107709172944,0.0043926833440815685,0.007809817849581674,0.003417134505500106
large,2,8,41,1.414141,0.9991107709172944,0.005746579964840097,0.008994870395392976,0.003248290430552879
large,2,8,47,1.474747,0.9991107709172944,0.004926594813813674,0.011796466078977682,0.006869871265164008
large,2,8,52,1.525253,0.9991107709172944,0.006531377934876516,0.009326491920362898,0.002795113985486382
large,2,8,58,1.585859,0.9991107709172944,0.004804646096084515,0.008159741125367968,0.003355095029283453
large,2,8,63,1.636364,0.9991107709172944,0.0053607403543282275,0.008319752313124268,0.00295901195879604
large,2,8,69,1.69697,0.9991107709172944,0.004627240442852766,0.008554201341490188,0.003926960898637422
large,2,8,74,1.747475,0.9991107709172944,0.004397550702553968,0.006696291076996674,0.0022987403744427056
large,2,8,80,1.808081,0.9991107709172944,0.004469730669208479,0.01016985573487098,0.005700125065662501
large,2,8,86,1.868687,0.9991107709172944,0.004588166306731318,0.006554157788767004,0.001965991482035686
large,2,8,91,1.919192,0.9991107709172944,0.004701523779095018,0.009572049148588278,0.00487052536949326
large,2,8,97,1.979798,0.9991107709172944,0.004618580942699319,0.006803971381546125,0.002185390438846806
large,2,10,2,1.020202,0.9993047833858854,0.0069457189806879024,0.018274578444651718,0.011328859463963815
large,2,10,8,1.080808,0.9993047833858854,0.005324831952984711,0.01029160051542033,0.004966768562435619
large,2,10,13,1.131313,0.9993047833858854,0.004991054684507831,0.010150714460569487,0.005159659776061656
large,2,10,19,1.191919,0.9993047833858854,0.006060719932764232,0.01680325753134859,0.010742537598584356
large,2,10,24,1.242424,0.9993047833858854,0.0051081817436846085,0.013963861400424259,0.00885567965673965
large,2,10,30,1.30303,0.9993047833858854,0.0053552319693696325,0.012089710455378473,0.00673447848600884
large,2,10,36,1.363636,0.9993047833858854,0.004298040207666703,0.00777880530323189,0.003480765095565187
large,2,10,41,1.414141,0.9993047833858854,0.005082920665089213,0.008984349291778524,0.003901428626689311
large,2,10,47,1.474747,0.9993047833858854,0.004323472652448625,0.011654846125795182,0.007331373473346557
large,2,10,52,1.525253,0.9993047833858854,0.005100993687857252,0.009421992808995224,0.004320999121137972
large,2,10,58,1.585859,0.9993047833858854,0.004795953529946629,0.008232659267356281,0.0034367057374096524
large,2,10,63,1.636364,0.9993047833858854,0.004768866140714587,0.008450304533491524,0.0036814383927769373
large,2,10,69,1.69697,0.9993047833858854,0.004533456627674171,0.00853086395640884,0.003997407328734669
large,2,10,74,1.747475,0.9993047833858854,0.0042884808102151145,0.006766029413398879,0.0024775486031837646
large,2,10,80,1.808081,0.9993047833858854,0.0041078223213723815,0.010151999151373235,0.006044176830000854
large,2,10,86,1.868687,0.9993047833858854,0.004381163461029127,0.006585260752480902,0.0022040972914517754
large,2,10,91,1.919192,0.9993047833858854,0.004534547159539744,0.009683587786311483,0.005149040626771739
large,2,10,97,1.979798,0.9993047833858854,0.004409021205133013,0.006697007122419507,0.0022879859172864944
large,2,15,2,1.020202,0.9995593649520887,0.0062114396396609,0.01821029239035986,0.011998852750698959
large,2,15,8,1.080808,0.9995593649520887,0.004950559191143873,0.010196759790509945,0.005246200599366073
large,2,15,13,1.131313,0.9995593649520887,0.004439048179519277,0.01033737418220159,0.005898326002682313
large,2,15,19,1.191919,0.9995593649520887,0.005297728893674682,0.016896680004701934,0.011598951111027253
large,2,15,24,1.242424,0.9995593649520887,0.004829250335235815,0.01404805470233864,0.009218804367102824
large,2,15,30,1.30303,0.9995593649520887,0.004176352555768018,0.012173922450193005,0.007997569894424987
large,2,15,36,1.363636,0.9995593649520887,0.0035571278200156927,0.007806444192094505,0.004249316372078813
large,2,15,41,1.414141,0.9995593649520887,0.004523436151668753,0.009457081086211521,0.004933644934542769
large,2,15,47,1.474747,0.9995593649520887,0.00398620466734473,0.011800929847642293,0.007814725180297563
large,2,15,52,1.525253,0.9995593649520887,0.004512074035709496,0.009574146249103955,0.005062072213394459
large,2,15,58,1.585859,0.9995593649520887,0.004210650384930681,0.008409151737787562,0.004198501352856881
large,2,15,63,1.636364,0.9995593649520887,0.004594138666702285,0.008719864807272344,0.004125726140570059
large,2,15,69,1.69697,0.9995593649520887,0.00440070090390244,0.008797209031643004,0.004396508127740564
large,2,15,74,1.747475,0.9995593649520887,0.0039768160369352285,0.006984512600769668,0.00300769656383444
large,2,15,80,1.808081,0.9995593649520887,0.0038203583291835062,0.010191070709673879,0.0063707123804903724
large,2,15,86,1.868687,0.9995593649520887,0.003860906024006317,0.006819332409757256,0.002958426385750939
large,2,15,91,1.919192,0.9995593649520887,0.004078126739665237,0.009624085617722516,0.00554595887805728
large,2,15,97,1.979798,0.9995593649520887,0.004189633515873823,0.007057972248963762,0.0028683387330899392
large,2,20,2,1.020202,0.9996825372360161,0.006091073974961109,0.01827103632730559,0.01217996235234448
large,2,20,8,1.080808,0.9996825372360161,0.004553804657854231,0.010186268092705095,0.005632463434850864
large,2,20,13,1.131313,0.9996825372360161,0.0043408298963178715,0.010424115030912916,0.006083285134595044
large,2,20,19,1.191919,0.9996825372360161,0.00475499627599421,0.01683580622800517,0.012080809952010958
large,2,20,24,1.242424,0.9996825372360161,0.004711496100719019,0.014014309320186706,0.009302813219467687
large,2,20,30,1.30303,0.9996825372360161,0.003869409562551169,0.012278125677107576,0.008408716114556406
large,2,20,36,1.363636,0.9996825372360161,0.00341408981848522,0.007886025453367562,0.004471935634882342
large,2,20,41,1.414141,0.9996825372360161,0.004224275023716084,0.009529059762294354,0.00530478473857827
large,2,20,47,1.474747,0.9996825372360161,0.003915143394863687,0.012021912953374693,0.008106769558511005
large,2,20,52,1.525253,0.9996825372360161,0.004194658381449978,0.009664758576761037,0.005470100195311059
large,2,20,58,1.585859,0.9996825372360161,0.003707631832355844,0.008549460556281167,0.004841828723925324
large,2,20,63,1.636364,0.9996825372360161,0.004437811485778471,0.008911727594633025,0.0044739161088545535
large,2,20,69,1.69697,0.9996825372360161,0.0038353812287865528,0.008983768218271411,0.005148386989484858
large,2,20,74,1.747475,0.9996825372360161,0.003712730643367413,0.007197921972674118,0.0034851913293067046
large,2,20,80,1.808081,0.9996825372360161,0.0035431764449773964,0.01032410570083902,0.006780929255861624
large,2,20,86,1.868687,0.9996825372360161,0.0037325120384142435,0.006827447109769156,0.0030949350713549125
large,2,20,91,1.919192,0.9996825372360161,0.003804086272164554,0.009708177590986657,0.0059040913188221035
large,2,20,97,1.979798,0.9996825372360161,0.003862669896134118,0.006920028302691192,0.0030573584065570745
large,3,1,3,1.030303,0.9661631839377027,0.05385184975377026,0.05642983052549573,0.002577980771725469
large,3,1,9,1.090909,0.9661631839377027,0.01346858121318849,0.013472842034236607,4.260821048117369e-06
large,3,1,14,1.141414,0.9661631839377027,0.012007200537663845,0.012528210059289878,0.0005210095216260334
large,3,1,20,1.20202,0.9661631839377027,0.034587913057444505,0.034599927551406506,1.2014493962000938e-05
large,3,1,26,1.262626,0.9661631839377027,0.04252952951794799,0.04492584840076445,0.0023963188828164533
large,3,1,31,1.313131,0.9661631839377027,0.04465079030794584,0.0452473639606177,0.000596573652671864
large,3,1,37,1.373737,0.9661631839377027,0.032046072775875505,0.032446737658964865,0.00040066488308936055
large,3,1,42,1.424242,0.9661631839377027,0.03486139303635706,0.03760915258821895,0.002747759551861892
large,3,1,48,1.484848,0.9661631839377027,0.020017489628679476,0.020031437206124925,1.394757744544936e-05
large,3,1,53,1.535354,0.9661631839377027,0.017020116468088625,0.017204809126752294,0.00018469265866366893
large,3,1,59,1.59596,0.9661631839377027,0.012888193361074982,0.013025315520058058,0.00013712215898307664
large,3,1,64,1.646465,0.9661631839377027,0.010033991771712145,0.01013100747436394,9.701570265179503e-05
large,3,1,70,1.707071,0.9661631839377027,0.013238166340979523,0.013641845077881342,0.0004036787369018184
large,3,1,76,1.767677,0.9661631839377027,0.01652106059502234,0.017775188139081556,0.001254127544059215
large,3,1,81,1.818182,0.9661631839377027,0.021230467494083114,0.021483091897785488,0.0002526244037023735
large,3,1,87,1.878788,0.9661631839377027,0.030585614430821643,0.03136258657237526,0.0007769721415536203
large,3,1,92,1.929293,0.9661631839377027,0.030562552985361223,0.03088894750263232,0.00032639451727109817
large,3,1,98,1.989899,0.9661631839377027,0.0401264611417626,0.04035220341532113,0.000225742273558531
large,3,2,3,1.030303,0.9965036767749536,0.0068592533746526805,0.018254129022896654,0.011394875648243975
large,3,2,9,1.090909,0.9965036767749536,0.006887227844374256,0.010447140600979829,0.0035599127566055726
large,3,2,14,1.141414,0.9965036767749536,0.011084213887787043,0.011744575283640493,0.0006603613958534506
large,3,2,20,1.20202,0.9965036767749536,0.009609022338876476,0.01200996644159881,0.0024009441027223345
large,3,2,26,1.262626,0.9965036767749536,0.009590225098304586,0.01779107085274368,0.008200845754439095
large,3,2,31,1.313131,0.9965036767749536,0.012793856584062204,0.014979151651838074,0.0021852950677758703
large,3,2,37,1.373737,0.9965036767749536,0.006993043282570247,0.008920258912943985,0.001927215630373738
large,3,2,42,1.424242,0.9965036767749536,0.009464985772076736,0.01704515215506173,0.0075801663829849954
large,3,2,48,1.484848,0.9965036767749536,0.0103482191610093,0.011824066165963357,0.0014758470049540569
large,3,2,53,1.535354,0.9965036767749536,0.008634174397563978,0.009219596154598043,0.0005854217570340648
large,3,2,59,1.59596,0.9965036767749536,0.011829187411772104,0.012083479991896955,0.00025429258012485065
large,3,2,64,1.646465,0.9965036767749536,0.009066972551470405,0.009819543988675346,0.0007525714372049411
large,3,2,70,1.707071,0.9965036767749536,0.008614856345620928,0.009462466717654036,0.0008476103720331078
large,3,2,76,1.767677,0.9965036767749536,0.0070173832709183575,0.010085416507161672,0.0030680332362433144
large,3,2,81,1.818182,0.9965036767749536,0.006494043299322466,0.007294905935824144,0.000800862636501678
large,3,2,87,1.878788,0.9965036767749536,0.007235304983511324,0.010806100588504902,0.0035707956049935777
large,3,2,92,1.929293,0.9965036767749536,0.008998549978733082,0.010146521264446175,0.0011479712857130932
large,3,2,98,1.989899,0.9965036767749536,0.015893633329132087,0.01645556459939037,0.0005619312702582827
large,3,3,3,1.030303,0.9977770813959467,0.006472736113283665,0.01863408241396078,0.012161346300677113
large,3,3,9,1.090909,0.9977770813959467,0.005092280858530009,0.010392548545694522,0.005300267687164514
large,3,3,14,1.141414,0.9977770813959467,0.010674458187781873,0.011748867848235488,0.0010744096604536155
large,3,3,20,1.20202,0.9977770813959467,0.008209835426292228,0.011746048042743287,0.003536212616451059
large,3,3,26,1.262626,0.9977770813959467,0.008238698053999263,0.017233669852595182,0.00899497179859592
large,3,3,31,1.313131,0.9977770813959467,0.012667369357163845,0.014927929433290577,0.0022605600761267317
large,3,3,37,1.373737,0.9977770813959467,0.006834157121985354,0.009776176827915099,0.002942019705929745
large,3,3,42,1.424242,0.9977770813959467,0.009110706818759784,0.01730351581416399,0.008192808995404208
large,3,3,48,1.484848,0.9977770813959467,0.007419502189316269,0.009479756108749791,0.002060253919433522
large,3,3,53,1.535354,0.9977770813959467,0.006207875404780736,0.007287198189774238,0.0010793227849935022
large,3,3,59,1.59596,0.9977770813959467,0.010148417852267996,0.010444816637909918,0.00029639878564192285
large,3,3,64,1.646465,0.9977770813959467,0.008793429457161274,0.009949168816625801,0.001155739359464527
large,3,3,70,1.707071,0.9977770813959467,0.00794553289697511,0.008872926286092783,0.0009273933891176724
large,3,3,76,1.767677,0.9977770813959467,0.006899197340480192,0.010034372591529029,0.0031351752510488367
large,3,3,81,1.818182,0.9977770813959467,0.00644798887746047,0.00736205862270161,0.0009140697452411405
large,3,3,87,1.878788,0.9977770813959467,0.00536755070120104,0.009675089957809555,0.004307539256608515
large,3,3,92,1.929293,0.9977770813959467,0.005746133323537156,0.00751246271574218,0.0017663293922050242
large,3,3,98,1.989899,0.9977770813959467,0.012070808385169555,0.012807170860537904,0.0007363624753683497
large,3,4,3,1.030303,0.9982224189471707,0.006431698020561652,0.019183301143677774,0.012751603123116122
large,3,4,9,1.090909,0.9982224189471707,0.005090001382251225,0.011112907622037385,0.00602290623978616
large,3,4,14,1.141414,0.9982224189471707,0.008041331356690492,0.010800561374872428,0.0027592300181819365
large,3,4,20,1.20202,0.9982224189471707,0.008202478398207522,0.01202501409436672,0.003822535696159198
large,3,4,26,1.262626,0.9982224189471707,0.005866064771611879,0.017489785040118812,0.011623720268506933
large,3,4,31,1.313131,0.9982224189471707,0.00861976331609454,0.01372433924274878,0.0051045759266542395
large,3,4,37,1.373737,0.9982224189471707,0.006128169700642949,0.009741735183113063,0.0036135654824701133
large,3,4,42,1.424242,0.9982224189471707,0.008057575802554262,0.01678165218392645,0.00872407638137219
large,3,4,48,1.484848,0.9982224189471707,0.007047344314022451,0.009429198270135462,0.0023818539561130114
large,3,4,53,1.535354,0.9982224189471707,0.00590376921624953,0.008584734119429959,0.002680964903180429
large,3,4,59,1.59596,0.9982224189471707,0.00949943962211863,0.010516278597545059,0.0010168389754264297
large,3,4,64,1.646465,0.9982224189471707,0.008624516508293305,0.010144825187813244,0.0015203086795199383
large,3,4,70,1.707071,0.9982224189471707,0.007895511665252215,0.008922486930914462,0.0010269752656622468
large,3,4,76,1.767677,0.9982224189471707,0.0068192466682270424,0.010077552801499905,0.0032583061332728622
large,3,4,81,1.818182,0.9982224189471707,0.0061322350181825195,0.0071002536860571,0.0009680186678745805
large,3,4,87,1.878788,0.9982224189471707,0.005138087907322968,0.009687184247270256,0.004549096339947288
large,3,4,92,1.929293,0.9982224189471707,0.005572935105183571,0.00764159711823626,0.002068662013052689
large,3,4,98,1.989899,0.9982224189471707,0.010488445772520928,0.012100736188974084,0.0016122904164531555
large,3,6,3,1.030303,0.9988086636684067,0.006391853258688967,0.01918182838806591,0.012789975129376943
large,3,6,9,1.090909,0.9988086636684067,0.004990500452087654,0.011096853706497939,0.006106353254410285
large,3,6,14,1.141414,0.9988086636684067,0.007227725913009468,0.010577454223104832,0.003349728310095363
large,3,6,20,1.20202,0.9988086636684067,0.007211650128563713,0.012734646000679561,0.0055229958721158484
large,3,6,26,1.262626,0.9988086636684067,0.005606582027196908,0.01794038579407258,0.012333803766875675
large,3,6,31,1.313131,0.9988086636684067,0.00630988536889236,0.014670443796453204,0.008360558427560845
large,3,6,37,1.373737,0.9988086636684067,0.005784375538619863,0.010331569597667898,0.004547194059048036
large,3,6,42,1.424242,0.9988086636684067,0.007569442033193002,0.016957537508629335,0.009388095475436332
large,3,6,48,1.484848,0.9988086636684067,0.006048523608233144,0.008947908174764903,0.0028993845665317595
large,3,6,53,1.535354,0.9988086636684067,0.005871248010328083,0.009005541831581764,0.003134293821253681
large,3,6,59,1.59596,0.9988086636684067,0.006509485882565314,0.009180884724164791,0.002671398841599477
large,3,6,64,1.646465,0.9988086636684067,0.007750165679276294,0.010545671913428945,0.002795506234152651
large,3,6,70,1.707071,0.9988086636684067,0.005451804539522524,0.010488460195879129,0.005036655656356605
large,3,6,76,1.767677,0.9988086636684067,0.006362980486840188,0.009864255669062754,0.003501275182222566
large,3,6,81,1.818182,0.9988086636684067,0.006044081612724598,0.007158435407776434,0.0011143537950518353
large,3,6,87,1.878788,0.9988086636684067,0.005027830565921887,0.00975921917409994,0.0047313886081780535
large,3,6,92,1.929293,0.9988086636684067,0.005333834688302778,0.007669792532041629,0.002335957843738852
large,3,6,98,1.989899,0.9988086636684067,0.006226806103900945,0.011580104479578768,0.005353298375677823
large,3,8,3,1.030303,0.9991169802438838,0.006329534876988851,0.01930972058694057,0.01298018570995172
large,3,8,9,1.090909,0.9991169802438838,0.004862334326697452,0.01151288230334354,0.0066505479766460875
large,3,8,14,1.141414,0.9991169802438838,0.007111666531291886,0.010604091815946176,0.00349242528465429
large,3,8,20,1.20202,0.9991169802438838,0.005016052401567729,0.013555223097660402,0.008539170696092674
large,3,8,26,1.262626,0.9991169802438838,0.004435790860421982,0.01770574265043449,0.013269951790012509
large,3,8,31,1.313131,0.9991169802438838,0.006289158231809691,0.014670100823236786,0.008380942591427095
large,3,8,37,1.373737,0.9991169802438838,0.00510792166597657,0.010216635541336073,0.005108713875359503
large,3,8,42,1.424242,0.9991169802438838,0.0061748998308991925,0.017021152061233048,0.010846252230333855
large,3,8,48,1.484848,0.9991169802438838,0.005477708414765663,0.00913092591586264,0.0036532175010969775
large,3,8,53,1.535354,0.9991169802438838,0.005073272019555877,0.008842356784393065,0.003769084764837188
large,3,8,59,1.59596,0.9991169802438838,0.006347063584541706,0.009485164725412722,0.003138101140871016
large,3,8,64,1.646465,0.9991169802438838,0.005154002517219896,0.010289856917346057,0.005135854400126161
large,3,8,70,1.707071,0.9991169802438838,0.005182588835790325,0.01044609734897141,0.005263508513181085
large,3,8,76,1.767677,0.9991169802438838,0.00489733873572661,0.009391361890996179,0.004494023155269569
large,3,8,81,1.818182,0.9991169802438838,0.0052163225975432985,0.007257287018452956,0.002040964420909657
large,3,8,87,1.878788,0.9991169802438838,0.004984183861608086,0.01008533057788739,0.005101146716279305
large,3,8,92,1.929293,0.9991169802438838,0.004508299078689486,0.00722606608483173,0.002717767006142244
large,3,8,98,1.989899,0.9991169802438838,0.005656008863051312,0.01211083630507845,0.006454827442027138
large,3,10,3,1.030303,0.9992980289372222,0.005561502257518762,0.019392981537720896,0.013831479280202133
large,3,10,9,1.090909,0.9992980289372222,0.004813257745109952,0.011573828646097559,0.006760570900987607
large,3,10,14,1.141414,0.9992980289372222,0.005779372849002434,0.009988575726607418,0.004209202877604984
large,3,10,20,1.20202,0.9992980289372222,0.004875146932646913,0.0135795180593853,0.008704371126738386
large,3,10,26,1.262626,0.9992980289372222,0.004294417938191413,0.017761512379847206,0.013467094441655794
large,3,10,31,1.313131,0.9992980289372222,0.005143998688897428,0.01443709545418385,0.009293096765286422
large,3,10,37,1.373737,0.9992980289372222,0.005058401608203388,0.010246644364489377,0.005188242756285989
large,3,10,42,1.424242,0.9992980289372222,0.005222950642713216,0.016953397088557642,0.011730446445844426
large,3,10,48,1.484848,0.9992980289372222,0.004629628083043552,0.008772366626795227,0.004142738543751675
large,3,10,53,1.535354,0.9992980289372222,0.004420931809265206,0.009516355257560335,0.005095423448295128
large,3,10,59,1.59596,0.9992980289372222,0.004508879136263018,0.009424457487288967,0.004915578351025949
large,3,10,64,1.646465,0.9992980289372222,0.004416249212178107,0.01009657248538447,0.005680323273206363
large,3,10,70,1.707071,0.9992980289372222,0.004522253575740897,0.010248581073662734,0.005726327497921836
large,3,10,76,1.767677,0.9992980289372222,0.0047387829314993945,0.00938509437212889,0.004646311440629496
large,3,10,81,1.818182,0.9992980289372222,0.004601729750256243,0.007238604317494523,0.0026368745672382798
large,3,10,87,1.878788,0.9992980289372222,0.004420637580786424,0.010082714884290323,0.005662077303503899
large,3,10,92,1.929293,0.9992980289372222,0.00432810587682148,0.0071607552226145175,0.002832649345793038
large,3,10,98,1.989899,0.9992980289372222,0.005613527175579495,0.012117432287938278,0.006503905112358784
large,3,15,3,1.030303,0.9995515315263495,0.005135179259751194,0.019348669860347525,0.014213490600596332
large,3,15,9,1.090909,0.9995515315263495,0.004587910304700327,0.011592618321734706,0.007004708017034378
large,3,15,14,1.141414,0.9995515315263495,0.005284044282350371,0.0101986184281052,0.004914574145754829
large,3,15,20,1.20202,0.9995515315263495,0.0037492838891676214,0.01371324963465456,0.009963965745486938
large,3,15,26,1.262626,0.9995515315263495,0.0036623796402820326,0.017898005942950115,0.014235626302668083
large,3,15,31,1.313131,0.9995515315263495,0.004972229736446238,0.01445785682066503,0.009485627084218792
large,3,15,37,1.373737,0.9995515315263495,0.004451653463979257,0.01022992353831011,0.005778270074330853
large,3,15,42,1.424242,0.9995515315263495,0.004384416986447739,0.017045760793754153,0.012661343807306415
large,3,15,48,1.484848,0.9995515315263495,0.004489185647343018,0.00905067084082067,0.004561485193477652
large,3,15,53,1.535354,0.9995515315263495,0.00410764532293846,0.009556611092115516,0.005448965769177056
large,3,15,59,1.59596,0.9995515315263495,0.0042363227289416204,0.00965493244588237,0.00541860971694075
large,3,15,64,1.646465,0.9995515315263495,0.003807112573660236,0.010363584221956667,0.006556471648296431
large,3,15,70,1.707071,0.9995515315263495,0.004404558759859663,0.010275686380809891,0.005871127620950228
large,3,15,76,1.767677,0.9995515315263495,0.004088824280847742,0.009472826396079076,0.005384002115231334
large,3,15,81,1.818182,0.9995515315263495,0.004188717719902241,0.007304267676591117,0.003115549956688876
large,3,15,87,1.878788,0.9995515315263495,0.003806909116081758,0.010216253478803852,0.0064093443627220945
large,3,15,92,1.929293,0.9995515315263495,0.003604735818604373,0.0075645814852397224,0.003959845666635349
large,3,15,98,1.989899,0.9995515315263495,0.004448092125351153,0.012007478778873187,0.007559386653522034
large,3,20,3,1.030303,0.9996775005484199,0.004944448393083829,0.01939849799815747,0.01445404960507364
large,3,20,9,1.090909,0.9996775005484199,0.004370321605489781,0.01158143573503073,0.007211114129540949
large,3,20,14,1.141414,0.9996775005484199,0.005091795890691774,0.010238038698388545,0.00514624280769677
large,3,20,20,1.20202,0.9996775005484199,0.003639034749953584,0.01377107535519499,0.010132040605241407
large,3,20,26,1.262626,0.9996775005484199,0.0036052821060587777,0.017941140660100326,0.014335858554041549
large,3,20,31,1.313131,0.9996775005484199,0.004584534792254155,0.014462591736166546,0.009878056943912392
large,3,20,37,1.373737,0.9996775005484199,0.004147872972657369,0.010310610260015627,0.006162737287358258
large,3,20,42,1.424242,0.9996775005484199,0.004284248550720647,0.0170614102531532,0.012777161702432552
large,3,20,48,1.484848,0.9996775005484199,0.0041649732830777745,0.009063713014603918,0.0048987397315261435
large,3,20,53,1.535354,0.9996775005484199,0.003651428385216773,0.0094546758074395,0.0058032474222227265
large,3,20,59,1.59596,0.9996775005484199,0.0038152511961565124,0.009809128337152322,0.0059938771409958095
large,3,20,64,1.646465,0.9996775005484199,0.003650659020662704,0.010450494853042988,0.006799835832380284
large,3,20,70,1.707071,0.9996775005484199,0.004111999445116689,0.010283736804128902,0.006171737359012213
large,3,20,76,1.767677,0.9996775005484199,0.003821457708810155,0.009563932161690252,0.005742474452880097
large,3,20,81,1.818182,0.9996775005484199,0.0040717904844473915,0.007457554045307553,0.0033857635608601612
large,3,20,87,1.878788,0.9996775005484199,0.0035359330890007866,0.010178060030092853,0.006642126941092066
large,3,20,92,1.929293,0.9996775005484199,0.0033154684820008488,0.007700747901379223,0.004385279419378375
large,3,20,98,1.989899,0.9996775005484199,0.004183614369412427,0.012036050297006724,0.007852435927594298
large,4,1,4,1.040404,0.9656506672339714,0.043766727390824656,0.04444998093444117,0.0006832535436165146
large,4,1,10,1.10101,0.9656506672339714,0.013582252361917407,0.013955440100281997,0.0003731877383645905
large,4,1,16,1.161616,0.9656506672339714,0.017049796729014043,0.018104508027782712,0.0010547112987686694
large,4,1,21,1.212121,0.9656506672339714,0.03435102875990946,0.037692053878666996,0.003341025118757536
large,4,1,27,1.272727,0.9656506672339714,0.03958829016692626,0.04071783319972523,0.0011295430327989686
large,4,1,32,1.323232,0.9656506672339714,0.03954813922895724,0.041274531359416076,0.0017263921304588384
large,4,1,38,1.383838,0.9656506672339714,0.03335893259649455,0.03387015267332069,0.0005112200768261424
large,4,1,43,1.434343,0.9656506672339714,0.03510350052563427,0.03592813917433239,0.0008246386486981186
large,4,1,49,1.494949,0.9656506672339714,0.023403555740126546,0.02457756861986808,0.0011740128797415351
large,4,1,54,1.545455,0.9656506672339714,0.01804445513330576,0.018131713541909643,8.725840860388315e-05
large,4,1,60,1.606061,0.9656506672339714,0.013592432608437854,0.013875413920112649,0.0002829813116747952
large,4,1,66,1.666667,0.9656506672339714,0.00990546484900337,0.009944408439026274,3.8943590022903415e-05
large,4,1,71,1.717172,0.9656506672339714,0.011723938996037863,0.011896553328084447,0.00017261433204658443
large,4,1,77,1.777778,0.9656506672339714,0.019742850209293773,0.021163402547765265,0.0014205523384714924
large,4,1,82,1.828283,0.9656506672339714,0.019865733752051768,0.019982549627658844,0.00011681587560707571
large,4,1,88,1.888889,0.9656506672339714,0.025130842503934443,0.02588654717272051,0.0007557046687860676
large,4,1,93,1.939394,0.9656506672339714,0.03339442163159167,0.03347821040431817,8.378877272650215e-05
large,4,2,4,1.040404,0.9965825456498528,0.009523814200391043,0.013240531890741262,0.0037167176903502193
large,4,2,10,1.10101,0.9965825456498528,0.0075261738353009444,0.009395362590150329,0.0018691887548493843
large,4,2,16,1.161616,0.9965825456498528,0.012301465056419837,0.014088509746938852,0.001787044690519015
large,4,2,21,1.212121,0.9965825456498528,0.016224167292454735,0.023031066666193194,0.0068068993737384585
large,4,2,27,1.272727,0.9965825456498528,0.011018421450319777,0.014737546055521127,0.00371912460520135
large,4,2,32,1.323232,0.9965825456498528,0.008921621303856769,0.014924916286199342,0.006003294982342573
large,4,2,38,1.383838,0.9965825456498528,0.006641065245422369,0.008899720460988202,0.0022586552155658335
large,4,2,43,1.434343,0.9965825456498528,0.011040319685270496,0.014070922044911527,0.003030602359641031
large,4,2,49,1.494949,0.9965825456498528,0.010771838719986552,0.013520389457261353,0.002748550737274801
large,4,2,54,1.545455,0.9965825456498528,0.009118815947335776,0.009334875235946605,0.00021605928861082903
large,4,2,60,1.606061,0.9965825456498528,0.011133510810464818,0.011958080623764435,0.0008245698132996176
large,4,2,66,1.666667,0.9965825456498528,0.008377728422530994,0.008427460631855935,4.973220932494131e-05
large,4,2,71,1.717172,0.9965825456498528,0.00882590019331676,0.009370951015936976,0.0005450508226202168
large,4,2,77,1.777778,0.9965825456498528,0.005446221520661114,0.010651134129069456,0.005204912608408342
large,4,2,82,1.828283,0.9965825456498528,0.007107602883918216,0.008028886236464689,0.0009212833525464731
large,4,2,88,1.888889,0.9965825456498528,0.008403865697899117,0.011508530729519463,0.0031046650316203465
large,4,2,93,1.939394,0.9965825456498528,0.010047549631848092,0.010485501501720952,0.00043795186987286017
large,4,3,4,1.040404,0.9977442316087917,0.009411608329361406,0.013429641545595311,0.004018033216233905
large,4,3,10,1.10101,0.9977442316087917,0.007491005989460115,0.009965636551974867,0.002474630562514752
large,4,3,16,1.161616,0.9977442316087917,0.010395355991182428,0.012565700021189747,0.002170344030007319
large,4,3,21,1.212121,0.9977442316087917,0.0076338548166085375,0.0204990778215609,0.012865223004952363
large,4,3,27,1.272727,0.9977442316087917,0.008013812449326162,0.013062807572830255,0.005048995123504093
large,4,3,32,1.323232,0.9977442316087917,0.008912197151200141,0.015117437725078014,0.006205240573877873
large,4,3,38,1.383838,0.9977442316087917,0.005533145702132253,0.008399818604982094,0.0028666729028498407
large,4,3,43,1.434343,0.9977442316087917,0.009253172990490803,0.013159843726626467,0.003906670736135664
large,4,3,49,1.494949,0.9977442316087917,0.00637096483823681,0.011091696463305604,0.004720731625068794
large,4,3,54,1.545455,0.9977442316087917,0.008570275927539317,0.009334426518345897,0.0007641505908065806
large,4,3,60,1.606061,0.9977442316087917,0.007911605132349085,0.009090551666038334,0.0011789465336892492
large,4,3,66,1.666667,0.9977442316087917,0.00801705076800828,0.00851792499839813,0.0005008742303898497
large,4,3,71,1.717172,0.9977442316087917,0.007816877058127805,0.00846504461426853,0.0006481675561407253
large,4,3,77,1.777778,0.9977442316087917,0.005443778571852746,0.010755609973418647,0.005311831401565901
large,4,3,82,1.828283,0.9977442316087917,0.007097364287349044,0.008194334615280342,0.0010969703279312976
large,4,3,88,1.888889,0.9977442316087917,0.007952090042041013,0.011398379478626847,0.0034462894365858334
large,4,3,93,1.939394,0.9977442316087917,0.006397379215328464,0.007094406454392549,0.0006970272390640847
large,4,4,4,1.040404,0.9982409356226527,0.007670662281777811,0.013609502576896616,0.005938840295118805
large,4,4,10,1.10101,0.9982409356226527,0.007452619429669016,0.01003515361805361,0.0025825341883845936
large,4,4,16,1.161616,0.9982409356226527,0.008633246059992692,0.011612282091480351,0.002979036031487659
large,4,4,21,1.212121,0.9982409356226527,0.007300730954626536,0.020533439142491852,0.013232708187865316
large,4,4,27,1.272727,0.9982409356226527,0.007665900078141298,0.013101129339526786,0.0054352292613854885
large,4,4,32,1.323232,0.9982409356226527,0.008763130287903046,0.015280216113683525,0.006517085825780479
large,4,4,38,1.383838,0.9982409356226527,0.005408696073116221,0.008480591242336123,0.003071895169219902
large,4,4,43,1.434343,0.9982409356226527,0.007118801769222538,0.012930807037132038,0.0058120052679095
large,4,4,49,1.494949,0.9982409356226527,0.006317165994910696,0.01119650360430497,0.004879337609394275
large,4,4,54,1.545455,0.9982409356226527,0.008221553985876276,0.009021730644449237,0.0008001766585729615
large,4,4,60,1.606061,0.9982409356226527,0.0064904904064596765,0.009479423723554438,0.002988933317094761
large,4,4,66,1.666667,0.9982409356226527,0.007941297118161533,0.008450587537253541,0.0005092904190920084
large,4,4,71,1.717172,0.9982409356226527,0.007558611001860348,0.008600982914156953,0.0010423719122966057
large,4,4,77,1.777778,0.9982409356226527,0.0044204252840228065,0.010276110218374844,0.0058556849343520375
large,4,4,82,1.828283,0.9982409356226527,0.006513961449607023,0.00850721490096165,0.001993253451354627
large,4,4,88,1.888889,0.9982409356226527,0.007868840819422681,0.01146938903985599,0.003600548220433309
large,4,4,93,1.939394,0.9982409356226527,0.006264678015911763,0.007022828635190348,0.000758150619278585
large,4,6,4,1.040404,0.9988247815477199,0.007601251110391188,0.013692920284264035,0.006091669173872847
large,4,6,10,1.10101,0.9988247815477199,0.007390145242109966,0.010008508237807323,0.002618362995697358
large,4,6,16,1.161616,0.9988247815477199,0.0063075194535779,0.010248500508947085,0.003940981055369185
large,4,6,21,1.212121,0.9988247815477199,0.007280426598243188,0.02117297447869371,0.013892547880450523
large,4,6,27,1.272727,0.9988247815477199,0.00561273278316963,0.013443571241633815,0.007830838458464185
large,4,6,32,1.323232,0.9988247815477199,0.005252146360970263,0.015515426923060491,0.010263280562090228
large,4,6,38,1.383838,0.9988247815477199,0.004649527352997638,0.009254470094351212,0.004604942741353574
large,4,6,43,1.434343,0.9988247815477199,0.006118776851221554,0.01332700381742468,0.007208226966203126
large,4,6,49,1.494949,0.9988247815477199,0.005582622820288447,0.011298517430927218,0.005715894610638771
large,4,6,54,1.545455,0.9988247815477199,0.005335870123468532,0.009610568844083619,0.004274698720615087
large,4,6,60,1.606061,0.9988247815477199,0.005531418904667983,0.009120168837210375,0.0035887499325423927
large,4,6,66,1.666667,0.9988247815477199,0.005932248250473475,0.009921253363133596,0.003989005112660121
large,4,6,71,1.717172,0.9988247815477199,0.0072072060650228064,0.00861471193372729,0.001407505868704484
large,4,6,77,1.777778,0.9988247815477199,0.004222091709323921,0.010280480615432833,0.006058388906108912
large,4,6,82,1.828283,0.9988247815477199,0.006211130517636174,0.008910065479538916,0.0026989349619027415
large,4,6,88,1.888889,0.9988247815477199,0.0073052956599540956,0.011578820464937802,0.004273524804983706
large,4,6,93,1.939394,0.9988247815477199,0.006037598073637898,0.006889240308651974,0.0008516422350140765
large,4,8,4,1.040404,0.9991360694954925,0.006887332388705723,0.013912672843422432,0.0070253404547167084
large,4,8,10,1.10101,0.9991360694954925,0.006717614204541768,0.010385282426063888,0.00366766822152212
large,4,8,16,1.161616,0.9991360694954925,0.005498034517974862,0.009773617226717586,0.004275582708742723
large,4,8,21,1.212121,0.9991360694954925,0.0065932601944657405,0.021910503980874657,0.015317243786408917
large,4,8,27,1.272727,0.9991360694954925,0.004589655415771392,0.013285150731354082,0.00869549531558269
large,4,8,32,1.323232,0.9991360694954925,0.005141133547749565,0.01563115133496268,0.010490017787213113
large,4,8,38,1.383838,0.9991360694954925,0.004505975955293527,0.009244893018074843,0.004738917062781315
large,4,8,43,1.434343,0.9991360694954925,0.005231683788518966,0.013560119685091519,0.008328435896572553
large,4,8,49,1.494949,0.9991360694954925,0.005514593612718748,0.01175236173281097,0.006237768120092221
large,4,8,54,1.545455,0.9991360694954925,0.004616588593738322,0.009358206421721428,0.004741617827983106
large,4,8,60,1.606061,0.9991360694954925,0.004784688478963234,0.009278676953645055,0.004493988474681821
large,4,8,66,1.666667,0.9991360694954925,0.005395693469613591,0.009660096462873918,0.004264402993260327
large,4,8,71,1.717172,0.9991360694954925,0.006964795295871901,0.008485310313418842,0.0015205150175469414
large,4,8,77,1.777778,0.9991360694954925,0.003924525426268627,0.010181602302781017,0.00625707687651239
large,4,8,82,1.828283,0.9991360694954925,0.0055944089990034584,0.008842577087184271,0.0032481680881808125
large,4,8,88,1.888889,0.9991360694954925,0.005228091482924292,0.011754432487189118,0.006526341004264825
large,4,8,93,1.939394,0.9991360694954925,0.005890590680529626,0.00691756254957763,0.0010269718690480044
large,4,10,4,1.040404,0.9993265230861579,0.006672500376707618,0.014247490053119219,0.007574989676411601
large,4,10,10,1.10101,0.9993265230861579,0.006690870460114773,0.010430337760686368,0.0037394673005715943
large,4,10,16,1.161616,0.9993265230861579,0.0051663616471021665,0.009833868741928526,0.00466750709482636
large,4,10,21,1.212121,0.9993265230861579,0.006022209768802678,0.02193223167569119,0.015910021906888512
large,4,10,27,1.272727,0.9993265230861579,0.004582051497821501,0.013336878797914415,0.008754827300092914
large,4,10,32,1.323232,0.9993265230861579,0.005004197966339666,0.015624590006276608,0.010620392039936942
large,4,10,38,1.383838,0.9993265230861579,0.004200587678434156,0.009397238297947651,0.005196650619513496
large,4,10,43,1.434343,0.9993265230861579,0.00476614071072391,0.013390313224426117,0.008624172513702209
large,4,10,49,1.494949,0.9993265230861579,0.005361091484493946,0.011691739637512013,0.006330648153018067
large,4,10,54,1.545455,0.9993265230861579,0.004379937692745122,0.00959664806715613,0.0052167103744110085
large,4,10,60,1.606061,0.9993265230861579,0.00469883171505509,0.009341755736439793,0.004642924021384703
large,4,10,66,1.666667,0.9993265230861579,0.00473210534703681,0.00963160504714896,0.0048994997001121495
large,4,10,71,1.717172,0.9993265230861579,0.004722417931488503,0.008269367068665458,0.0035469491371769553
large,4,10,77,1.777778,0.9993265230861579,0.0038928219584409597,0.010442579175825493,0.006549757217384534
large,4,10,82,1.828283,0.9993265230861579,0.005394915119437562,0.0087506915391568,0.003355776419719238
large,4,10,88,1.888889,0.9993265230861579,0.0049455046345111865,0.01220310605310008,0.007257601418588893
large,4,10,93,1.939394,0.9993265230861579,0.005254838377761276,0.006566304824796002,0.001311466447034726
large,4,15,4,1.040404,0.9995601142989988,0.005903737175275402,0.014098201982175047,0.008194464806899646
large,4,15,10,1.10101,0.9995601142989988,0.005216401134665009,0.010148865704583055,0.004932464569918046
large,4,15,16,1.161616,0.9995601142989988,0.004793850016666838,0.009980754573335577,0.005186904556668739
large,4,15,21,1.212121,0.9995601142989988,0.005234996727282075,0.021916379121432423,0.016681382394150346
large,4,15,27,1.272727,0.9995601142989988,0.004026163684104033,0.013408730939349653,0.00938256725524562
large,4,15,32,1.323232,0.9995601142989988,0.004241737134660105,0.015810992498250947,0.011569255363590842
large,4,15,38,1.383838,0.9995601142989988,0.00395906139372308,0.009493390637878294,0.005534329244155214
large,4,15,43,1.434343,0.9995601142989988,0.004087225619079585,0.013498748055305057,0.009411522436225471
large,4,15,49,1.494949,0.9995601142989988,0.003812780702963955,0.01205951356548276,0.008246732862518806
large,4,15,54,1.545455,0.9995601142989988,0.004203179558032577,0.009868177831717841,0.005664998273685264
large,4,15,60,1.606061,0.9995601142989988,0.0034389110655598945,0.009558640272076662,0.006119729206516767
large,4,15,66,1.666667,0.9995601142989988,0.004354130627097712,0.009821874202213579,0.005467743575115867
large,4,15,71,1.717172,0.9995601142989988,0.0041643356782989655,0.008315510897359326,0.00415117521906036
large,4,15,77,1.777778,0.9995601142989988,0.003464918585669878,0.010744017919025252,0.0072790993333553735
large,4,15,82,1.828283,0.9995601142989988,0.004592317036336411,0.008779948568491885,0.004187631532155474
large,4,15,88,1.888889,0.9995601142989988,0.004384891217324682,0.012166041558028065,0.007781150340703384
large,4,15,93,1.939394,0.9995601142989988,0.004712812331221089,0.00700487576730987,0.002292063436088781
large,4,20,4,1.040404,0.9996832279724145,0.005037101557597597,0.01403550358118865,0.008998402023591054
large,4,20,10,1.10101,0.9996832279724145,0.005017751307139499,0.010314286534499057,0.005296535227359558
large,4,20,16,1.161616,0.9996832279724145,0.004351642223029047,0.010150219977752423,0.005798577754723376
large,4,20,21,1.212121,0.9996832279724145,0.005103621368293141,0.021918666081022165,0.016815044712729023
large,4,20,27,1.272727,0.9996832279724145,0.0038039332674292734,0.013470480511557296,0.009666547244128023
large,4,20,32,1.323232,0.9996832279724145,0.0041864633297618355,0.01592883894681836,0.011742375617056525
large,4,20,38,1.383838,0.9996832279724145,0.0038175054208590916,0.009632489249550047,0.005814983828690955
large,4,20,43,1.434343,0.9996832279724145,0.0039903984749471225,0.013493674640396334,0.009503276165449211
large,4,20,49,1.494949,0.9996832279724145,0.0034979103819649414,0.012057570933332519,0.008559660551367577
large,4,20,54,1.545455,0.9996832279724145,0.0037551348787804467,0.009783654465558277,0.006028519586777831
large,4,20,60,1.606061,0.9996832279724145,0.0033475405740290586,0.009618025679519167,0.006270485105490109
large,4,20,66,1.666667,0.9996832279724145,0.0042425230143876575,0.009830485510869407,0.00558796249648175
large,4,20,71,1.717172,0.9996832279724145,0.003849521571313472,0.008474728417501774,0.0046252068461883015
large,4,20,77,1.777778,0.9996832279724145,0.003295094455329039,0.010827334385705675,0.0075322399303766364
large,4,20,82,1.828283,0.9996832279724145,0.004199843878921481,0.008711884839897408,0.0045120409609759275
large,4,20,88,1.888889,0.9996832279724145,0.004249446304967278,0.012123201153321985,0.007873754848354708
large,4,20,93,1.939394,0.9996832279724145,0.0046871682248753495,0.007204901912417557,0.0025177336875422075
large,5,1,6,1.060606,0.9663284801733498,0.03695857112800624,0.0370453492629119,8.677813490565872e-05
large,5,1,11,1.111111,0.9663284801733498,0.007995455019470785,0.009038348933859897,0.0010428939143891126
large,5,1,17,1.171717,0.9663284801733498,0.024971496855247653,0.025898029272964387,0.0009265324177167335
large,5,1,22,1.222222,0.9663284801733498,0.03884379163624647,0.043247668043851176,0.004403876407604708
large,5,1,28,1.282828,0.9663284801733498,0.039692873666844354,0.039829459922616745,0.00013658625577239042
large,5,1,33,1.333333,0.9663284801733498,0.03882623405743812,0.03959960334555092,0.0007733692881128004
large,5,1,39,1.393939,0.9663284801733498,0.03576539567943762,0.03594978764773787,0.00018439196830024457
large,5,1,44,1.444444,0.9663284801733498,0.025296852294590916,0.025523164853450228,0.00022631255885931234
large,5,1,50,1.505051,0.9663284801733498,0.019227907463074925,0.02137446603887181,0.0021465585757968857
large,5,1,56,1.565657,0.9663284801733498,0.021382559754374978,0.023226437853396786,0.0018438780990218083
large,5,1,61,1.616162,0.9663284801733498,0.01046970483313107,0.011123463440637266,0.0006537586075061972
large,5,1,67,1.676768,0.9663284801733498,0.011805615933871232,0.011945696921479627,0.00014008098760839513
large,5,1,72,1.727273,0.9663284801733498,0.013875305790403393,0.01427613388059269,0.00040082809018929764
large,5,1,78,1.787879,0.9663284801733498,0.016705247960468562,0.017698778734058975,0.0009935307735904134
large,5,1,83,1.838384,0.9663284801733498,0.02550311518476945,0.02559171605175852,8.860086698907199e-05
large,5,1,89,1.89899,0.9663284801733498,0.029688922382594057,0.029762800992220364,7.387860962630721e-05
large,5,1,94,1.949495,0.9663284801733498,0.03375803587997837,0.03376100062175628,2.964741777911062e-06
large,5,2,6,1.060606,0.9966048569238734,0.012172901732875068,0.012684248878428832,0.000511347145553764
large,5,2,11,1.111111,0.9966048569238734,0.0079558157849592,0.009040097478072431,0.0010842816931132312
large,5,2,17,1.171717,0.9966048569238734,0.013863923950402575,0.015614026491759934,0.0017501025413573599
large,5,2,22,1.222222,0.9966048569238734,0.010466350642824258,0.022563573671132566,0.012097223028308308
large,5,2,28,1.282828,0.9966048569238734,0.008623081272167309,0.009274633637954758,0.0006515523657874486
large,5,2,33,1.333333,0.9966048569238734,0.008444451031178498,0.011627554475648403,0.003183103444469905
large,5,2,39,1.393939,0.9966048569238734,0.007488259208840367,0.008934705420893719,0.001446446212053352
large,5,2,44,1.444444,0.9966048569238734,0.0074183997033506295,0.010404743209311626,0.002986343505960997
large,5,2,50,1.505051,0.9966048569238734,0.008826756864818845,0.01318228401853889,0.004355527153720045
large,5,2,56,1.565657,0.9966048569238734,0.010842617475883299,0.016062030514479395,0.005219413038596096
large,5,2,61,1.616162,0.9966048569238734,0.010133001192350246,0.011364683254001688,0.0012316820616514422
large,5,2,67,1.676768,0.9966048569238734,0.010029053945952326,0.010277167756390341,0.00024811381043801477
large,5,2,72,1.727273,0.9966048569238734,0.00775450992308782,0.008453732765971608,0.0006992228428837873
large,5,2,78,1.787879,0.9966048569238734,0.008727561606109446,0.0117893951604771,0.003061833554367654
large,5,2,83,1.838384,0.9966048569238734,0.00788771217139359,0.008742672243759752,0.0008549600723661618
large,5,2,89,1.89899,0.9966048569238734,0.008809405712389359,0.009303106777741914,0.0004937010653525559
large,5,2,94,1.949495,0.9966048569238734,0.01050859457640085,0.010518900710534755,1.0306134133905229e-05
large,5,3,6,1.060606,0.9978473460179083,0.008791540436488547,0.010929186723847309,0.0021376462873587618
large,5,3,11,1.111111,0.9978473460179083,0.007611085580854341,0.00906737403551431,0.0014562884546599686
large,5,3,17,1.171717,0.9978473460179083,0.012125846573706144,0.014196874763591058,0.002071028189884914
large,5,3,22,1.222222,0.9978473460179083,0.009961160025815118,0.024238556422790762,0.014277396396975645
large,5,3,28,1.282828,0.9978473460179083,0.008260432053322475,0.009022970723670913,0.0007625386703484383
large,5,3,33,1.333333,0.9978473460179083,0.008271650068798486,0.01155712578855688,0.003285475719758393
large,5,3,39,1.393939,0.9978473460179083,0.006143368392307083,0.007944014676793532,0.0018006462844864487
large,5,3,44,1.444444,0.9978473460179083,0.006747688735789014,0.010122902076813274,0.0033752133410242602
large,5,3,50,1.505051,0.9978473460179083,0.00866595316172598,0.014454553166667307,0.0057886000049413265
large,5,3,56,1.565657,0.9978473460179083,0.009214551818739173,0.015064542454355184,0.005849990635616011
large,5,3,61,1.616162,0.9978473460179083,0.00781584602155149,0.009440785132615374,0.0016249391110638844
large,5,3,67,1.676768,0.9978473460179083,0.008298023052016839,0.008893014131221483,0.0005949910792046442
large,5,3,72,1.727273,0.9978473460179083,0.007374323698750278,0.008209812735782371,0.0008354890370320936
large,5,3,78,1.787879,0.9978473460179083,0.008443923826891056,0.011898095711630925,0.003454171884739869
large,5,3,83,1.838384,0.9978473460179083,0.007511928985962018,0.008507153343119482,0.0009952243571574645
large,5,3,89,1.89899,0.9978473460179083,0.007054520316285999,0.007900239846687768,0.0008457195304017694
large,5,3,94,1.949495,0.9978473460179083,0.007133501294491288,0.007154222416206363,2.0721121715075105e-05
large,5,4,6,1.060606,0.9983026166176471,0.008184112384223702,0.011258283832595311,0.0030741714483716095
large,5,4,11,1.111111,0.9983026166176471,0.007580520610681,0.01000829988137878,0.0024277792706977807
large,5,4,17,1.171717,0.9983026166176471,0.008211631893289212,0.013019117907572252,0.00480748601428304
large,5,4,22,1.222222,0.9983026166176471,0.009958449251570486,0.024242786371366464,0.014284337119795978
large,5,4,28,1.282828,0.9983026166176471,0.007858831915771818,0.009075407167528748,0.0012165752517569305
large,5,4,33,1.333333,0.9983026166176471,0.00817665595850157,0.011770415426060181,0.003593759467558612
large,5,4,39,1.393939,0.9983026166176471,0.005414219702645329,0.007404644297746648,0.001990424595101319
large,5,4,44,1.444444,0.9983026166176471,0.006509250274521041,0.012406230375107371,0.0058969801005863305
large,5,4,50,1.505051,0.9983026166176471,0.008596901209890692,0.0145790499320356,0.005982148722144908
large,5,4,56,1.565657,0.9983026166176471,0.006549400955609299,0.016336438610530184,0.009787037654920885
large,5,4,61,1.616162,0.9983026166176471,0.0069336976897974,0.01041891744714392,0.003485219757346521
large,5,4,67,1.676768,0.9983026166176471,0.008283354061891478,0.009309289856956985,0.0010259357950655069
large,5,4,72,1.727273,0.9983026166176471,0.0071581981388495666,0.008512438597688453,0.0013542404588388866
large,5,4,78,1.787879,0.9983026166176471,0.00798811272537866,0.01176287606272535,0.003774763337346689
large,5,4,83,1.838384,0.9983026166176471,0.006950692304655027,0.010159093900720945,0.0032084015960659176
large,5,4,89,1.89899,0.9983026166176471,0.0062443620511769705,0.00735193780768619,0.0011075757565092194
large,5,4,94,1.949495,0.9983026166176471,0.0067391677099444755,0.0068796071256669224,0.00014043941572244693
large,5,6,6,1.060606,0.9988572287553146,0.007805269403017629,0.011542504294792645,0.0037372348917750165
large,5,6,11,1.111111,0.9988572287553146,0.0074741810187391395,0.010058020838653607,0.002583839819914468
large,5,6,17,1.171717,0.9988572287553146,0.006441721019127268,0.012105944540816775,0.005664223521689507
large,5,6,22,1.222222,0.9988572287553146,0.007419422021914913,0.02509875284270914,0.017679330820794228
large,5,6,28,1.282828,0.9988572287553146,0.00584448562452216,0.007732656320834863,0.0018881706963127035
large,5,6,33,1.333333,0.9988572287553146,0.007066761951078524,0.013079103891172965,0.006012341940094442
large,5,6,39,1.393939,0.9988572287553146,0.005288177740755304,0.007320015313632239,0.002031837572876935
large,5,6,44,1.444444,0.9988572287553146,0.005975384548681583,0.012253175282039615,0.006277790733358032
large,5,6,50,1.505051,0.9988572287553146,0.007616779293143682,0.014327731013224026,0.006710951720080344
large,5,6,56,1.565657,0.9988572287553146,0.0064731165783145465,0.016315413770283137,0.00984229719196859
large,5,6,61,1.616162,0.9988572287553146,0.006395779743526785,0.010809086615679045,0.00441330687215226
large,5,6,67,1.676768,0.9988572287553146,0.0047242871352863956,0.009855035399950269,0.005130748264663873
large,5,6,72,1.727273,0.9988572287553146,0.0052608232164311815,0.007952143911160286,0.0026913206947291046
large,5,6,78,1.787879,0.9988572287553146,0.005120749860165963,0.01168224948163084,0.006561499621464877
large,5,6,83,1.838384,0.9988572287553146,0.0059853151744287654,0.0107054544819276,0.0047201393074988345
large,5,6,89,1.89899,0.9988572287553146,0.005986501827907686,0.008009442605059976,0.0020229407771522904
large,5,6,94,1.949495,0.9988572287553146,0.005709038485126732,0.006377515869258817,0.0006684773841320853
large,5,8,6,1.060606,0.9991546246452604,0.006130156873476942,0.012258136705814162,0.0061279798323372195
large,5,8,11,1.111111,0.9991546246452604,0.007291742049281175,0.0112606338028795,0.003968891753598325
large,5,8,17,1.171717,0.9991546246452604,0.005815971929047928,0.012024264177979442,0.006208292248931514
large,5,8,22,1.222222,0.9991546246452604,0.006075613728919029,0.025139101881131744,0.019063488152212715
large,5,8,28,1.282828,0.9991546246452604,0.005638041063441324,0.00809434727177209,0.002456306208330765
large,5,8,33,1.333333,0.9991546246452604,0.005535708483963832,0.012887204402261945,0.007351495918298113
large,5,8,39,1.393939,0.9991546246452604,0.0043628902556131196,0.007625830526311754,0.0032629402706986343
large,5,8,44,1.444444,0.9991546246452604,0.005698615673900493,0.01234679196315307,0.006648176289252577
large,5,8,50,1.505051,0.9991546246452604,0.005726101867135938,0.014479880458639585,0.008753778591503648
large,5,8,56,1.565657,0.9991546246452604,0.005173393313018207,0.01615074020903401,0.010977346896015802
large,5,8,61,1.616162,0.9991546246452604,0.005846792943764076,0.011584373115443924,0.005737580171679847
large,5,8,67,1.676768,0.9991546246452604,0.004623644099583051,0.009814124145075601,0.005190480045492551
large,5,8,72,1.727273,0.9991546246452604,0.004902604420621953,0.007920830698668523,0.00301822627804657
large,5,8,78,1.787879,0.9991546246452604,0.00492838032526431,0.011708120411224104,0.006779740085959794
large,5,8,83,1.838384,0.9991546246452604,0.005650559867193725,0.010673843842609053,0.005023283975415327
large,5,8,89,1.89899,0.9991546246452604,0.004904678749620912,0.008222112488814605,0.003317433739193693
large,5,8,94,1.949495,0.9991546246452604,0.005502701102978169,0.006634719010537749,0.0011320179075595804
large,5,10,6,1.060606,0.9993357851703154,0.005744989830051684,0.012513464406012384,0.006768474575960699
large,5,10,11,1.111111,0.9993357851703154,0.00665124286953089,0.011131882990353776,0.004480640120822886
large,5,10,17,1.171717,0.9993357851703154,0.005687374254410155,0.012115923709935878,0.0064285494555257235
large,5,10,22,1.222222,0.9993357851703154,0.005337330875808638,0.025250936237558287,0.01991360536174965
large,5,10,28,1.282828,0.9993357851703154,0.004803386086380436,0.008091259354023593,0.003287873267643157
large,5,10,33,1.333333,0.9993357851703154,0.004762479605456752,0.012901031845753586,0.008138552240296835
large,5,10,39,1.393939,0.9993357851703154,0.004327340908999381,0.007605676351412846,0.0032783354424134655
large,5,10,44,1.444444,0.9993357851703154,0.004971237933358801,0.012259796890676869,0.007288558957318068
large,5,10,50,1.505051,0.9993357851703154,0.005208809594903456,0.014550763395040479,0.009341953800137023
large,5,10,56,1.565657,0.9993357851703154,0.005063836385608895,0.016241609581628756,0.011177773196019862
large,5,10,61,1.616162,0.9993357851703154,0.004910383177792424,0.01122913686799553,0.006318753690203106
large,5,10,67,1.676768,0.9993357851703154,0.004531968784480764,0.009842476200949803,0.005310507416469039
large,5,10,72,1.727273,0.9993357851703154,0.00478553751111516,0.00817518354070001,0.00338964602958485
large,5,10,78,1.787879,0.9993357851703154,0.00478011316538457,0.011816152398724179,0.007036039233339609
large,5,10,83,1.838384,0.9993357851703154,0.0045417384748971616,0.010500382406481698,0.0059586439315845365
large,5,10,89,1.89899,0.9993357851703154,0.004033168472680755,0.008370803785738352,0.0043376353130575975
large,5,10,94,1.949495,0.9993357851703154,0.005395130829617039,0.006757870608917888,0.0013627397793008495
large,5,15,6,1.060606,0.9995728208567202,0.005268897089927185,0.012552685008670812,0.007283787918743626
large,5,15,11,1.111111,0.9995728208567202,0.005576139530721105,0.011263509276941345,0.0056873697462202395
large,5,15,17,1.171717,0.9995728208567202,0.005405116008179511,0.012188542212702814,0.006783426204523303
large,5,15,22,1.222222,0.9995728208567202,0.004516518070984831,0.025423123934109032,0.020906605863124202
large,5,15,28,1.282828,0.9995728208567202,0.00440192412112295,0.008150136493581952,0.003748212372459002
large,5,15,33,1.333333,0.9995728208567202,0.004254099640747087,0.013113713450141371,0.008859613809394283
large,5,15,39,1.393939,0.9995728208567202,0.0036831214815610815,0.0076171461365521055,0.0039340246549910245
large,5,15,44,1.444444,0.9995728208567202,0.004162270877031177,0.01247984706893251,0.008317576191901332
large,5,15,50,1.505051,0.9995728208567202,0.004837344320260544,0.01474042928428817,0.009903084964027626
large,5,15,56,1.565657,0.9995728208567202,0.004129045258889088,0.01645231919079698,0.01232327393190789
large,5,15,61,1.616162,0.9995728208567202,0.004295363311619745,0.01159863217567964,0.007303268864059896
large,5,15,67,1.676768,0.9995728208567202,0.004008849155004181,0.010167539589571698,0.006158690434567518
large,5,15,72,1.727273,0.9995728208567202,0.004072538570367123,0.008558406251459644,0.004485867681092521
large,5,15,78,1.787879,0.9995728208567202,0.004285643986388732,0.01191847983964483,0.007632835853256098
large,5,15,83,1.838384,0.9995728208567202,0.004277760406948518,0.01057353004243505,0.006295769635486532
large,5,15,89,1.89899,0.9995728208567202,0.003547549057545378,0.008563641486248327,0.005016092428702949
large,5,15,94,1.949495,0.9995728208567202,0.005013368773099042,0.006973964042879057,0.001960595269780015
large,5,20,6,1.060606,0.9996874921207735,0.0049807611282830285,0.012808439910647102,0.007827678782364074
large,5,20,11,1.111111,0.9996874921207735,0.004671535645300874,0.011422556354087919,0.0067510207087870455
large,5,20,17,1.171717,0.9996874921207735,0.004818965702827193,0.012364324842764741,0.007545359139937548
large,5,20,22,1.222222,0.9996874921207735,0.004125393807231336,0.025447032167042586,0.02132163835981125
large,5,20,28,1.282828,0.9996874921207735,0.004376515996189772,0.008181070584416151,0.003804554588226379
large,5,20,33,1.333333,0.9996874921207735,0.004072162028512391,0.013116399481198594,0.009044237452686203
large,5,20,39,1.393939,0.9996874921207735,0.0035240913608674883,0.007646424815290601,0.004122333454423113
large,5,20,44,1.444444,0.9996874921207735,0.0040616120764885065,0.012500350004680385,0.00843873792819188
large,5,20,50,1.505051,0.9996874921207735,0.004516051771643256,0.014865133916175614,0.010349082144532357
large,5,20,56,1.565657,0.9996874921207735,0.003924687698453164,0.016576957030852296,0.012652269332399133
large,5,20,61,1.616162,0.9996874921207735,0.004177536378017388,0.011645694562838284,0.007468158184820896
large,5,20,67,1.676768,0.9996874921207735,0.0038082686604396943,0.010131114114945675,0.00632284545450598
large,5,20,72,1.727273,0.9996874921207735,0.0038784424073209493,0.008555034664144895,0.004676592256823946
large,5,20,78,1.787879,0.9996874921207735,0.003793704225551534,0.011960889605517435,0.008167185379965901
large,5,20,83,1.838384,0.9996874921207735,0.003927576041917328,0.010729329366599592,0.006801753324682264
large,5,20,89,1.89899,0.9996874921207735,0.0034852038718933233,0.008703645634907232,0.005218441763013909
large,5,20,94,1.949495,0.9996874921207735,0.004489924760098049,0.007292758222688632,0.0028028334625905833
