field,fold,rank,original_index,size_ratio,captured_energy,projection_error,surrogate_error,excess_error,random_state
bulk,1,1,1,1.010101,0.9457373279857374,0.011427151973145654,0.011933039144970715,0.0005058871718250611,1101
bulk,1,1,7,1.070707,0.9457373279857374,0.007762244251042574,0.008198129333063093,0.0004358850820205193,1101
bulk,1,1,12,1.121212,0.9457373279857374,0.0031105140796033356,0.0035542730502190114,0.00044375897061567577,1101
bulk,1,1,18,1.181818,0.9457373279857374,0.002443813065414581,0.0024517993510034092,7.986285588828385e-06,1101
bulk,1,1,23,1.232323,0.9457373279857374,0.003370931829724643,0.0037350372229748036,0.0003641053932501607,1101
bulk,1,1,29,1.292929,0.9457373279857374,0.0037053036572454678,0.0037053073305979025,3.673352434729882e-09,1101
bulk,1,1,34,1.343434,0.9457373279857374,0.004008566621479613,0.00500434956586641,0.0009957829443867968,1101
bulk,1,1,40,1.40404,0.9457373279857374,0.005228970117121139,0.005343211531729682,0.00011424141460854298,1101
bulk,1,1,46,1.464646,0.9457373279857374,0.004219824746318126,0.004527956544636583,0.00030813179831845703,1101
bulk,1,1,51,1.515152,0.9457373279857374,0.0037737773120480518,0.0037819810387219816,8.203726673929827e-06,1101
bulk,1,1,57,1.575758,0.9457373279857374,0.00451350888901258,0.004533283777874137,1.9774888861557455e-05,1101
bulk,1,1,62,1.626263,0.9457373279857374,0.0052405077329492344,0.005269705437687097,2.919770473786259e-05,1101
bulk,1,1,68,1.686869,0.9457373279857374,0.004040844181786479,0.004075494486578423,3.465030479194407e-05,1101
bulk,1,1,73,1.737374,0.9457373279857374,0.0029907072848825945,0.003519022416000841,0.0005283151311182466,1101
bulk,1,1,79,1.79798,0.9457373279857374,0.003004863977726902,0.0030335838037051617,2.8719825978259714e-05,1101
bulk,1,1,84,1.848485,0.9457373279857374,0.003077512239757036,0.0032864875574149873,0.0002089753176579513,1101
bulk,1,1,90,1.909091,0.9457373279857374,0.0037171762313987253,0.0037456357401012192,2.8459508702493967e-05,1101
bulk,1,1,96,1.969697,0.9457373279857374,0.0038231231604845617,0.004066536634112441,0.0002434134736278796,1101
bulk,1,2,1,1.010101,0.9741817785530885,0.005157179038547438,0.00578673290255915,0.0006295538640117117,1102
bulk,1,2,7,1.070707,0.9741817785530885,0.0031331418811569567,0.0041223660020138,0.0009892241208568435,1102
bulk,1,2,12,1.121212,0.9741817785530885,0.0030711115247151455,0.003415658319204867,0.00034454679448972167,1102
bulk,1,2,18,1.181818,0.9741817785530885,0.002355443281488443,0.003459743593842945,0.001104300312354502,1102
bulk,1,2,23,1.232323,0.9741817785530885,0.0032928771368662527,0.004436356714995766,0.0011434795781295136,1102
bulk,1,2,29,1.292929,0.9741817785530885,0.003039519802124382,0.003179343618851935,0.00013982381672755263,1102
bulk,1,2,34,1.343434,0.9741817785530885,0.0039668398271159545,0.005417018651650255,0.0014501788245343,1102
bulk,1,2,40,1.40404,0.9741817785530885,0.003374619712597547,0.00397366460444427,0.0005990448918467227,1102
bulk,1,2,46,1.464646,0.9741817785530885,0.0036625728644179584,0.005499639070142145,0.0018370662057241869,1102
bulk,1,2,51,1.515152,0.9741817785530885,0.003504988335592666,0.0035110021031291255,6.013767536459328e-06,1102
bulk,1,2,57,1.575758,0.9741817785530885,0.0033553841452042786,0.004127967238486245,0.0007725830932819666,1102
bulk,1,2,62,1.626263,0.9741817785530885,0.0037097673288288995,0.005032223419572097,0.0013224560907431977,1102
bulk,1,2,68,1.686869,0.9741817785530885,0.002853118724907065,0.004020139864896755,0.0011670211399896898,1102
bulk,1,2,73,1.737374,0.9741817785530885,0.0023827598511249066,0.0035032883921464354,0.0011205285410215288,1102
bulk,1,2,79,1.79798,0.9741817785530885,0.0027050598380293544,0.0029766647047262404,0.0002716048666968861,1102
bulk,1,2,84,1.848485,0.9741817785530885,0.0027991491794765538,0.003270144151224913,0.00047099497174835905,1102
bulk,1,2,90,1.909091,0.9741817785530885,0.0030831965415644424,0.0035185930970196766,0.0004353965554552341,1102
bulk,1,2,96,1.969697,0.9741817785530885,0.003810424528548208,0.004189800168972205,0.00037937564042399676,1102
bulk,1,3,1,1.010101,0.9808058774885826,0.004639727281523548,0.0052990627948082195,0.0006593355132846713,1103
bulk,1,3,7,1.070707,0.9808058774885826,0.0031258273153830776,0.004411849182114559,0.0012860218667314818,1103
bulk,1,3,12,1.121212,0.9808058774885826,0.0030225424448367378,0.003437223475979322,0.00041468103114258425,1103
bulk,1,3,18,1.181818,0.9808058774885826,0.002324883975067286,0.0037173453163403345,0.0013924613412730487,1103
bulk,1,3,23,1.232323,0.9808058774885826,0.0031121428799915788,0.0048127116404252535,0.0017005687604336748,1103
bulk,1,3,29,1.292929,0.9808058774885826,0.0029575435901380235,0.0032556942193366985,0.000298150629198675,1103
bulk,1,3,34,1.343434,0.9808058774885826,0.003054684447489168,0.005146884891613887,0.002092200444124719,1103
bulk,1,3,40,1.40404,0.9808058774885826,0.003206540902362679,0.004448242673313938,0.0012417017709512594,1103
bulk,1,3,46,1.464646,0.9808058774885826,0.0027916753594230165,0.004982808426563433,0.0021911330671404165,1103
bulk,1,3,51,1.515152,0.9808058774885826,0.0023282991663571466,0.0024897129164458947,0.00016141375008874807,1103
bulk,1,3,57,1.575758,0.9808058774885826,0.0033177596923184304,0.004406670225684615,0.0010889105333661843,1103
bulk,1,3,62,1.626263,0.9808058774885826,0.0034369864601286005,0.004995049354460894,0.0015580628943322938,1103
bulk,1,3,68,1.686869,0.9808058774885826,0.0028515791500288686,0.004286344556610417,0.0014347654065815481,1103
bulk,1,3,73,1.737374,0.9808058774885826,0.0023123056864554473,0.003616733129782952,0.0013044274433275048,1103
bulk,1,3,79,1.79798,0.9808058774885826,0.0023029507140144324,0.003108813711291233,0.0008058629972768007,1103
bulk,1,3,84,1.848485,0.9808058774885826,0.0026812934517227334,0.0035151118673206147,0.0008338184155978813,1103
bulk,1,3,90,1.909091,0.9808058774885826,0.0028768605606000015,0.0034102884954609575,0.000533427934860956,1103
bulk,1,3,96,1.969697,0.9808058774885826,0.002599988034007879,0.0032533763827087845,0.0006533883487009054,1103
bulk,1,4,1,1.010101,0.9840588726773075,0.003839160213346444,0.004840563525451991,0.0010014033121055468,1104
bulk,1,4,7,1.070707,0.9840588726773075,0.003011109150109917,0.0049793900981814085,0.0019682809480714913,1104
bulk,1,4,12,1.121212,0.9840588726773075,0.002915151077333136,0.003655884958301216,0.0007407338809680801,1104
bulk,1,4,18,1.181818,0.9840588726773075,0.0021577109330680765,0.0035756111254936222,0.0014179001924255457,1104
bulk,1,4,23,1.232323,0.9840588726773075,0.0030408062612650704,0.00466284946189284,0.0016220432006277697,1104
bulk,1,4,29,1.292929,0.9840588726773075,0.002462453385067079,0.0031299424549531317,0.0006674890698860525,1104
bulk,1,4,34,1.343434,0.9840588726773075,0.0030537387605292596,0.004748198883966249,0.001694460123436989,1104
bulk,1,4,40,1.40404,0.9840588726773075,0.002636445450429442,0.004863317759215957,0.0022268723087865154,1104
bulk,1,4,46,1.464646,0.9840588726773075,0.0027868136430169448,0.004984878889328687,0.002198065246311742,1104
bulk,1,4,51,1.515152,0.9840588726773075,0.0023282987724592497,0.0025500679683123882,0.00022176919585313853,1104
bulk,1,4,57,1.575758,0.9840588726773075,0.0028476099419094537,0.004208501122981636,0.0013608911810721823,1104
bulk,1,4,62,1.626263,0.9840588726773075,0.003420295992957985,0.004973706901895541,0.0015534109089375562,1104
bulk,1,4,68,1.686869,0.9840588726773075,0.0024789260615314533,0.004222622030083026,0.0017436959685515727,1104
bulk,1,4,73,1.737374,0.9840588726773075,0.00231041872949872,0.004192055625831399,0.001881636896332679,1104
bulk,1,4,79,1.79798,0.9840588726773075,0.002271593162471724,0.0031735567157709192,0.0009019635532991951,1104
bulk,1,4,84,1.848485,0.9840588726773075,0.00247688700940762,0.0036925845265309083,0.0012156975171232882,1104
bulk,1,4,90,1.909091,0.9840588726773075,0.002836576397291739,0.003662660836293526,0.0008260844390017871,1104
bulk,1,4,96,1.969697,0.9840588726773075,0.0025736393913491766,0.003307451022047295,0.0007338116306981183,1104
bulk,1,6,1,1.010101,0.9879118070133253,0.002679350803177902,0.005026131057186599,0.002346780254008697,1106
bulk,1,6,7,1.070707,0.9879118070133253,0.002843867290478011,0.004557478379160477,0.0017136110886824658,1106
bulk,1,6,12,1.121212,0.9879118070133253,0.0025721678382679292,0.003514090235686731,0.0009419223974188018,1106
bulk,1,6,18,1.181818,0.9879118070133253,0.00213325261818794,0.0034343602646434465,0.0013011076464555064,1106
bulk,1,6,23,1.232323,0.9879118070133253,0.0025113668412648704,0.00450771437597036,0.00199634753470549,1106
bulk,1,6,29,1.292929,0.9879118070133253,0.00240665128709343,0.0030058026325764492,0.0005991513454830194,1106
bulk,1,6,34,1.343434,0.9879118070133253,0.002683756382620622,0.005621493166621626,0.002937736784001004,1106
bulk,1,6,40,1.40404,0.9879118070133253,0.0024640235887350855,0.004313983796848155,0.0018499602081130692,1106
bulk,1,6,46,1.464646,0.9879118070133253,0.002656019613972154,0.004901078860675042,0.0022450592467028884,1106
bulk,1,6,51,1.515152,0.9879118070133253,0.0020552478477042996,0.002853727569107783,0.0007984797214034833,1106
bulk,1,6,57,1.575758,0.9879118070133253,0.0027010449794712594,0.004591562764942296,0.0018905177854710363,1106
bulk,1,6,62,1.626263,0.9879118070133253,0.0029442102694689737,0.005088197951125937,0.002143987681656963,1106
bulk,1,6,68,1.686869,0.9879118070133253,0.0024368059542082664,0.003965379510721981,0.0015285735565137145,1106
bulk,1,6,73,1.737374,0.9879118070133253,0.0021025181289067805,0.003161395211917988,0.0010588770830112075,1106
bulk,1,6,79,1.79798,0.9879118070133253,0.002219082246276508,0.0036430018382279748,0.0014239195919514666,1106
bulk,1,6,84,1.848485,0.9879118070133253,0.0020847510660422755,0.0038941627563622095,0.001809411690319934,1106
bulk,1,6,90,1.909091,0.9879118070133253,0.0027653683334986565,0.0033743032730788837,0.0006089349395802272,1106
bulk,1,6,96,1.969697,0.9879118070133253,0.0023373459038509192,0.004366822763698375,0.0020294768598474555,1106
bulk,1,8,1,1.010101,0.9903963500681038,0.0024408869456951977,0.005802202615331463,0.0033613156696362654,1108
bulk,1,8,7,1.070707,0.9903963500681038,0.0025585598319288116,0.004530226961274745,0.001971667129345933,1108
bulk,1,8,12,1.121212,0.9903963500681038,0.002228328336011433,0.003448462741412078,0.0012201344054006448,1108
bulk,1,8,18,1.181818,0.9903963500681038,0.002119435451829385,0.003517716676725559,0.001398281224896174,1108
bulk,1,8,23,1.232323,0.9903963500681038,0.0023020879472107317,0.004755975215901528,0.0024538872686907967,1108
bulk,1,8,29,1.292929,0.9903963500681038,0.0020874845060491454,0.0031294094832276975,0.0010419249771785521,1108
bulk,1,8,34,1.343434,0.9903963500681038,0.002486026440553996,0.005012610485201198,0.0025265840446472014,1108
bulk,1,8,40,1.40404,0.9903963500681038,0.002451614452017143,0.004659296393302277,0.0022076819412851344,1108
bulk,1,8,46,1.464646,0.9903963500681038,0.002436407910678268,0.004846035865321082,0.0024096279546428146,1108
bulk,1,8,51,1.515152,0.9903963500681038,0.0019485946617067576,0.0026764664539378176,0.00072787179223106,1108
bulk,1,8,57,1.575758,0.9903963500681038,0.002438960332522705,0.004259430257273733,0.0018204699247510283,1108
bulk,1,8,62,1.626263,0.9903963500681038,0.0026577014543568873,0.004939604605393295,0.0022819031510364074,1108
bulk,1,8,68,1.686869,0.9903963500681038,0.0019023437203168788,0.004084164881761372,0.0021818211614444928,1108
bulk,1,8,73,1.737374,0.9903963500681038,0.002054485335795048,0.003346882585107338,0.0012923972493122898,1108
bulk,1,8,79,1.79798,0.9903963500681038,0.001967200194250811,0.003368976642970955,0.0014017764487201444,1108
bulk,1,8,84,1.848485,0.9903963500681038,0.00205485330968359,0.0036744069932885272,0.0016195536836049371,1108
bulk,1,8,90,1.909091,0.9903963500681038,0.002744755163617212,0.0034351202432910495,0.0006903650796738375,1108
bulk,1,8,96,1.969697,0.9903963500681038,0.002224353135444327,0.004044270337592548,0.0018199172021482208,1108
bulk,1,10,1,1.010101,0.9920426592116235,0.002436646280613003,0.005670399635722936,0.0032337533551099326,1110
bulk,1,10,7,1.070707,0.9920426592116235,0.0024600221641206694,0.004456973220206647,0.0019969510560859773,1110
bulk,1,10,12,1.121212,0.9920426592116235,0.002170726364306123,0.0034945167284505104,0.0013237903641443874,1110
bulk,1,10,18,1.181818,0.9920426592116235,0.002103260482252459,0.003451103047207649,0.00134784256495519,1110
bulk,1,10,23,1.232323,0.9920426592116235,0.0022202707198574344,0.004729972286018954,0.0025097015661615196,1110
bulk,1,10,29,1.292929,0.9920426592116235,0.0020167860462113924,0.003104849099134367,0.0010880630529229748,1110
bulk,1,10,34,1.343434,0.9920426592116235,0.0024106529519948333,0.005409960050708871,0.002999307098714038,1110
bulk,1,10,40,1.40404,0.9920426592116235,0.0022348863098664595,0.004370270692661548,0.0021353843827950883,1110
bulk,1,10,46,1.464646,0.9920426592116235,0.0021046123749337104,0.004910397770600575,0.0028057853956668646,1110
bulk,1,10,51,1.515152,0.9920426592116235,0.0019074253703923684,0.002724050338461951,0.0008166249680695828,1110
bulk,1,10,57,1.575758,0.9920426592116235,0.002434540590475481,0.0044225102496997706,0.0019879696592242898,1110
bulk,1,10,62,1.626263,0.9920426592116235,0.0020674900210415617,0.005023314820809125,0.002955824799767563,1110
bulk,1,10,68,1.686869,0.9920426592116235,0.0018562361752994915,0.003973874616545278,0.0021176384412457862,1110
bulk,1,10,73,1.737374,0.9920426592116235,0.0020476297389881654,0.003389526406673804,0.0013418966676856385,1110
bulk,1,10,79,1.79798,0.9920426592116235,0.0019634757680437966,0.003340091144870287,0.0013766153768264905,1110
bulk,1,10,84,1.848485,0.9920426592116235,0.0020223743905186916,0.0036029350732271585,0.001580560682708467,1110
bulk,1,10,90,1.909091,0.9920426592116235,0.0025603679655801523,0.003415060114340076,0.0008546921487599239,1110
bulk,1,10,96,1.969697,0.9920426592116235,0.0021693556329888826,0.003658773048656597,0.0014894174156677145,1110
bulk,1,15,1,1.010101,0.9945443192037455,0.0023921209213601077,0.005659422707575413,0.0032673017862153053,1115
bulk,1,15,7,1.070707,0.9945443192037455,0.0020781741884896157,0.004111077502690375,0.002032903314200759,1115
bulk,1,15,12,1.121212,0.9945443192037455,0.0020450492634991892,0.003521890637442439,0.0014768413739432496,1115
bulk,1,15,18,1.181818,0.9945443192037455,0.0018036182005961839,0.0036586467984942883,0.0018550285978981044,1115
bulk,1,15,23,1.232323,0.9945443192037455,0.0020671316978625354,0.0052223301924923015,0.003155198494629766,1115
bulk,1,15,29,1.292929,0.9945443192037455,0.0019597513480945493,0.0032756896422119516,0.0013159382941174023,1115
bulk,1,15,34,1.343434,0.9945443192037455,0.002346775126647282,0.005254409309057323,0.002907634182410041,1115
bulk,1,15,40,1.40404,0.9945443192037455,0.0018996179733671622,0.0045755183331337565,0.0026759003597665943,1115
bulk,1,15,46,1.464646,0.9945443192037455,0.0018671380077411647,0.004939290704295097,0.0030721526965539325,1115
bulk,1,15,51,1.515152,0.9945443192037455,0.0018244141281653363,0.0026627184730810913,0.000838304344915755,1115
bulk,1,15,57,1.575758,0.9945443192037455,0.0022372694505169385,0.004318368603625643,0.0020810991531087044,1115
bulk,1,15,62,1.626263,0.9945443192037455,0.001746213579818924,0.005097838504378249,0.003351624924559325,1115
bulk,1,15,68,1.686869,0.9945443192037455,0.0017189884207391823,0.0040671751481495075,0.002348186727410325,1115
bulk,1,15,73,1.737374,0.9945443192037455,0.0018837016003072232,0.0034403387559958695,0.0015566371556886463,1115
bulk,1,15,79,1.79798,0.9945443192037455,0.00177261163733229,0.003357563662525618,0.0015849520251933283,1115
bulk,1,15,84,1.848485,0.9945443192037455,0.0019880083240119825,0.00371171607091321,0.0017237077469012276,1115
bulk,1,15,90,1.909091,0.9945443192037455,0.002191268781560154,0.0034279952499139616,0.0012367264683538076,1115
bulk,1,15,96,1.969697,0.9945443192037455,0.001965978993452577,0.003920009485567527,0.0019540304921149497,1115
bulk,1,20,1,1.010101,0.9960156281108246,0.0023023137297362435,0.00953565890812809,0.007233345178391847,1120
bulk,1,20,7,1.070707,0.9960156281108246,0.0020239492425679203,0.005491845034358251,0.0034678957917903307,1120
bulk,1,20,12,1.121212,0.9960156281108246,0.001956536135856523,0.0044858648210341625,0.0025293286851776394,1120
bulk,1,20,18,1.181818,0.9960156281108246,0.0017181115259688904,0.002648543624344333,0.0009304320983754425,1120
bulk,1,20,23,1.232323,0.9960156281108246,0.00196893374964661,0.0036013155063711584,0.0016323817567245485,1120
bulk,1,20,29,1.292929,0.9960156281108246,0.001942677523344285,0.0030319826520383993,0.0010893051286941142,1120
bulk,1,20,34,1.343434,0.9960156281108246,0.0022343491084508564,0.005760981982706945,0.003526632874256089,1120
bulk,1,20,40,1.40404,0.9960156281108246,0.0017501093147820686,0.003989461101146936,0.0022393517863648674,1120
bulk,1,20,46,1.464646,0.9960156281108246,0.0016452498736404817,0.005613538579049507,0.003968288705409025,1120
bulk,1,20,51,1.515152,0.9960156281108246,0.001642051384880274,0.002818880703270585,0.0011768293183903112,1120
bulk,1,20,57,1.575758,0.9960156281108246,0.002030679305000263,0.004482410775113971,0.0024517314701137083,1120
bulk,1,20,62,1.626263,0.9960156281108246,0.0017334626120597025,0.005209090184357951,0.003475627572298249,1120
bulk,1,20,68,1.686869,0.9960156281108246,0.0015799346955761035,0.004310962610775643,0.00273102791519954,1120
bulk,1,20,73,1.737374,0.9960156281108246,0.0018435757675139021,0.0034321761333848933,0.0015886003658709912,1120
bulk,1,20,79,1.79798,0.9960156281108246,0.001641456690743163,0.0032536734790118735,0.0016122167882687104,1120
bulk,1,20,84,1.848485,0.9960156281108246,0.0018809245487463864,0.003581517844465754,0.0017005932957193676,1120
bulk,1,20,90,1.909091,0.9960156281108246,0.0020702798008913415,0.0034265606673699097,0.0013562808664785682,1120
bulk,1,20,96,1.969697,0.9960156281108246,0.0017715992682530762,0.003286221416232457,0.001514622147979381,1120
bulk,2,1,2,1.020202,0.9446636704228802,0.009843092001709021,0.009855986475639664,1.28944739306424e-05,1201
bulk,2,1,8,1.080808,0.9446636704228802,0.007544134591954917,0.00761323445523554,6.909986328062362e-05,1201
bulk,2,1,13,1.131313,0.9446636704228802,0.003237973387500128,0.0035729792058182526,0.00033500581831812483,1201
bulk,2,1,19,1.191919,0.9446636704228802,0.005598295961382567,0.006198552300466519,0.0006002563390839523,1201
bulk,2,1,24,1.242424,0.9446636704228802,0.006755279008390959,0.007371598203194147,0.0006163191948031881,1201
bulk,2,1,30,1.30303,0.9446636704228802,0.0052301465694417374,0.005230157504350213,1.093490847522971e-08,1201
bulk,2,1,36,1.363636,0.9446636704228802,0.002794924143207418,0.0031923987545276742,0.0003974746113202562,1201
bulk,2,1,41,1.414141,0.9446636704228802,0.004743371646206915,0.004991420424567777,0.0002480487783608617,1201
bulk,2,1,47,1.474747,0.9446636704228802,0.0036455752863876712,0.0036501126689331407,4.537382545469464e-06,1201
bulk,2,1,52,1.525253,0.9446636704228802,0.005213750828089423,0.005244423462930171,3.0672634840748364e-05,1201
bulk,2,1,58,1.585859,0.9446636704228802,0.003230488733156053,0.003232957739001669,2.469005845616261e-06,1201
bulk,2,1,63,1.636364,0.9446636704228802,0.003079216449323763,0.0030810656157549366,1.8491664311734782e-06,1201
bulk,2,1,69,1.69697,0.9446636704228802,0.003256544853944681,0.003607585568205509,0.00035104071426082795,1201
bulk,2,1,74,1.747475,0.9446636704228802,0.0023529165393624827,0.0027104109818484904,0.00035749444248600777,1201
bulk,2,1,80,1.808081,0.9446636704228802,0.002385937814349346,0.002446796743007521,6.0858928658175104e-05,1201
bulk,2,1,86,1.868687,0.9446636704228802,0.0031186851289237995,0.003155791246745755,3.710611782195561e-05,1201
bulk,2,1,91,1.919192,0.9446636704228802,0.00415086247535082,0.004455825649457178,0.0003049631741063579,1201
bulk,2,1,97,1.979798,0.9446636704228802,0.004125575836721676,0.004244860858037353,0.00011928502131567688,1201
bulk,2,2,2,1.020202,0.9735781939759041,0.003481195374364327,0.0036177231432465186,0.00013652776888219142,1202
bulk,2,2,8,1.080808,0.9735781939759041,0.0026905752244465466,0.004270452684433906,0.0015798774599873598,1202
bulk,2,2,13,1.131313,0.9735781939759041,0.0030598244733715447,0.003111471313192101,5.1646839820556224e-05,1202
bulk,2,2,19,1.191919,0.9735781939759041,0.004948482036775389,0.0053033470922331915,0.00035486505545780263,1202
bulk,2,2,24,1.242424,0.9735781939759041,0.003609413553341496,0.0054572908086632154,0.0018478772553217194,1202
bulk,2,2,30,1.30303,0.9735781939759041,0.0032496401865656417,0.003553921162787287,0.0003042809762216453,1202
bulk,2,2,36,1.363636,0.9735781939759041,0.002136962929975456,0.002456488863913109,0.0003195259339376531,1202
bulk,2,2,41,1.414141,0.9735781939759041,0.003015205796372046,0.003985576293140716,0.00097037049676867,1202
bulk,2,2,47,1.474747,0.9735781939759041,0.003191748159245034,0.003204006615613804,1.2258456368769832e-05,1202
bulk,2,2,52,1.525253,0.9735781939759041,0.004403207412191166,0.0046125419194328,0.00020933450724163437,1202
bulk,2,2,58,1.585859,0.9735781939759041,0.0031670770232789256,0.003198451745764465,3.137472248553952e-05,1202
bulk,2,2,63,1.636364,0.9735781939759041,0.003044507302895805,0.0030731794838112147,2.867218091540981e-05,1202
bulk,2,2,69,1.69697,0.9735781939759041,0.002769223428834505,0.003315544528668651,0.0005463210998341459,1202
bulk,2,2,74,1.747475,0.9735781939759041,0.0021832307456638974,0.0025382358966370556,0.00035500515097315827,1202
bulk,2,2,80,1.808081,0.9735781939759041,0.002378994487927341,0.0024370858223735858,5.80913344462447e-05,1202
bulk,2,2,86,1.868687,0.9735781939759041,0.0027842886848907897,0.002962819792086172,0.00017853110719538235,1202
bulk,2,2,91,1.919192,0.9735781939759041,0.0035000732761071,0.004937720173742872,0.001437646897635772,1202
bulk,2,2,97,1.979798,0.9735781939759041,0.004087318352379178,0.004157041091846697,6.972273946751883e-05,1202
bulk,2,3,2,1.020202,0.9800378009591952,0.003295435848234259,0.003820596473007526,0.0005251606247732668,1203
bulk,2,3,8,1.080808,0.9800378009591952,0.002592664665107038,0.0044460317368361126,0.0018533670717290744,1203
bulk,2,3,13,1.131313,0.9800378009591952,0.0026851741415440857,0.0028128071844301344,0.0001276330428860487,1203
bulk,2,3,19,1.191919,0.9800378009591952,0.0033209461456440758,0.004579015778213567,0.0012580696325694913,1203
bulk,2,3,24,1.242424,0.9800378009591952,0.0026769005184588057,0.0056373333721622025,0.002960432853703397,1203
bulk,2,3,30,1.30303,0.9800378009591952,0.0031892884801577323,0.0036832866612506194,0.000493998181092887,1203
bulk,2,3,36,1.363636,0.9800378009591952,0.002069127979087271,0.0025663421521499724,0.0004972141730627015,1203
bulk,2,3,41,1.414141,0.9800378009591952,0.0029980164694676736,0.003996438900749504,0.0009984224312818307,1203
bulk,2,3,47,1.474747,0.9800378009591952,0.0031861010194478524,0.0035328227585427864,0.00034672173909493405,1203
bulk,2,3,52,1.525253,0.9800378009591952,0.0032204001764486066,0.0038570576203733704,0.0006366574439247638,1203
bulk,2,3,58,1.585859,0.9800378009591952,0.0028107606375757997,0.002831204170744114,2.0443533168314383e-05,1203
bulk,2,3,63,1.636364,0.9800378009591952,0.0026757364175652404,0.0026930308014980428,1.729438393280238e-05,1203
bulk,2,3,69,1.69697,0.9800378009591952,0.002768970153304462,0.0034235643710410755,0.0006545942177366136,1203
bulk,2,3,74,1.747475,0.9800378009591952,0.002151751961513425,0.002418362166377539,0.0002666102048641144,1203
bulk,2,3,80,1.808081,0.9800378009591952,0.002294477128482068,0.0023739947953998457,7.951766691777782e-05,1203
bulk,2,3,86,1.868687,0.9800378009591952,0.0027554542047937454,0.002992488248841412,0.00023703404404766667,1203
bulk,2,3,91,1.919192,0.9800378009591952,0.002652167674142678,0.004529668240582243,0.0018775005664395652,1203
bulk,2,3,97,1.979798,0.9800378009591952,0.0028059915520959483,0.003031129627860145,0.00022513807576419673,1203
bulk,2,4,2,1.020202,0.9836906040814387,0.003221123454690528,0.0035596285285143265,0.00033850507382379843,1204
bulk,2,4,8,1.080808,0.9836906040814387,0.0023070054322603282,0.004481805227878356,0.002174799795618028,1204
bulk,2,4,13,1.131313,0.9836906040814387,0.0026346802740224023,0.002792452699765527,0.00015777242574312482,1204
bulk,2,4,19,1.191919,0.9836906040814387,0.0029449909817046748,0.004579154255466526,0.001634163273761851,1204
bulk,2,4,24,1.242424,0.9836906040814387,0.0023610748194413354,0.005296355436265892,0.002935280616824557,1204
bulk,2,4,30,1.30303,0.9836906040814387,0.0029888691271506757,0.0035653467475595863,0.0005764776204089106,1204
bulk,2,4,36,1.363636,0.9836906040814387,0.002022780064041428,0.0022802585554193558,0.0002574784913779277,1204
bulk,2,4,41,1.414141,0.9836906040814387,0.002945164168045451,0.004486088087348317,0.001540923919302866,1204
bulk,2,4,47,1.474747,0.9836906040814387,0.0028211473502206376,0.0035206850990123846,0.000699537748791747,1204
bulk,2,4,52,1.525253,0.9836906040814387,0.0031192162325053823,0.004021548242163412,0.0009023320096580301,1204
bulk,2,4,58,1.585859,0.9836906040814387,0.0028070999292688905,0.0029607237621672856,0.00015362383289839509,1204
bulk,2,4,63,1.636364,0.9836906040814387,0.002610478374355778,0.0026608118894264616,5.033351507068365e-05,1204
bulk,2,4,69,1.69697,0.9836906040814387,0.002700214789162577,0.0032341365160044274,0.0005339217268418503,1204
bulk,2,4,74,1.747475,0.9836906040814387,0.002143477251065601,0.002311891757828399,0.00016841450676279793,1204
bulk,2,4,80,1.808081,0.9836906040814387,0.002291587733275462,0.0024085308310592196,0.00011694309778375765,1204
bulk,2,4,86,1.868687,0.9836906040814387,0.0027410794388261855,0.0030362962529691976,0.0002952168141430122,1204
bulk,2,4,91,1.919192,0.9836906040814387,0.002651342718070138,0.00452642369605446,0.0018750809779843215,1204
bulk,2,4,97,1.979798,0.9836906040814387,0.002704105705866267,0.0029396434036236684,0.0002355376977574014,1204
bulk,2,6,2,1.020202,0.9874467880783331,0.002329694533941161,0.00378015347971991,0.0014504589457787491,1206
bulk,2,6,8,1.080808,0.9874467880783331,0.002077378241715167,0.00441807501129155,0.002340696769576383,1206
bulk,2,6,13,1.131313,0.9874467880783331,0.002022651351658973,0.002606533668294361,0.000583882316635388,1206
bulk,2,6,19,1.191919,0.9874467880783331,0.0029103240413345154,0.004693480984846391,0.0017831569435118756,1206
bulk,2,6,24,1.242424,0.9874467880783331,0.0022488858138661493,0.00534314585740863,0.0030942600435424805,1206
bulk,2,6,30,1.30303,0.9874467880783331,0.0022668018145984834,0.0034790686102556738,0.0012122667956571903,1206
bulk,2,6,36,1.363636,0.9874467880783331,0.0019494285259425835,0.0025983455950092087,0.0006489170690666252,1206
bulk,2,6,41,1.414141,0.9874467880783331,0.002810738663618355,0.00419524301158432,0.001384504347965965,1206
bulk,2,6,47,1.474747,0.9874467880783331,0.002620982191348427,0.003413114173437919,0.0007921319820894919,1206
bulk,2,6,52,1.525253,0.9874467880783331,0.0026717774740315572,0.004081007726964994,0.0014092302529334364,1206
bulk,2,6,58,1.585859,0.9874467880783331,0.0024206434697798223,0.0028007066630854364,0.00038006319330561407,1206
bulk,2,6,63,1.636364,0.9874467880783331,0.0025702383431542666,0.0026171713829384294,4.6933039784162814e-05,1206
bulk,2,6,69,1.69697,0.9874467880783331,0.0023690333639879726,0.0031149783046950084,0.0007459449407070358,1206
bulk,2,6,74,1.747475,0.9874467880783331,0.002031625876119743,0.0023282074937254578,0.0002965816176057146,1206
bulk,2,6,80,1.808081,0.9874467880783331,0.0022866316100368647,0.0023984934592204315,0.00011186184918356677,1206
bulk,2,6,86,1.868687,0.9874467880783331,0.00269736565988833,0.0030736051852497327,0.0003762395253614028,1206
bulk,2,6,91,1.919192,0.9874467880783331,0.002613641078024497,0.004608125898972332,0.001994484820947835,1206
bulk,2,6,97,1.979798,0.9874467880783331,0.0022975384107222466,0.0031807167920055615,0.0008831783812833149,1206
bulk,2,8,2,1.020202,0.9900073115863286,0.00220807346696194,0.0035110820367290066,0.0013030085697670665,1208
bulk,2,8,8,1.080808,0.9900073115863286,0.0019519378842410321,0.003917064532199811,0.001965126647958779,1208
bulk,2,8,13,1.131313,0.9900073115863286,0.0019818000280789646,0.0028269762700115835,0.0008451762419326189,1208
bulk,2,8,19,1.191919,0.9900073115863286,0.002798625680024355,0.0048481836422802575,0.0020495579622559026,1208
bulk,2,8,24,1.242424,0.9900073115863286,0.0021570972350514056,0.005103034614384278,0.0029459373793328724,1208
bulk,2,8,30,1.30303,0.9900073115863286,0.0018749452839341375,0.0034671781274670543,0.0015922328435329168,1208
bulk,2,8,36,1.363636,0.9900073115863286,0.001635005013034247,0.0025853348373526008,0.0009503298243183538,1208
bulk,2,8,41,1.414141,0.9900073115863286,0.00261685589706275,0.0040705546131220875,0.0014536987160593375,1208
bulk,2,8,47,1.474747,0.9900073115863286,0.0025445338990653875,0.0035227697140965473,0.0009782358150311598,1208
bulk,2,8,52,1.525253,0.9900073115863286,0.002576888536140027,0.003977513979902994,0.0014006254437629669,1208
bulk,2,8,58,1.585859,0.9900073115863286,0.0019135865149051436,0.0027135205018844455,0.000799933986979302,1208
bulk,2,8,63,1.636364,0.9900073115863286,0.002358835128073401,0.00255432468096606,0.00019548955289265925,1208
bulk,2,8,69,1.69697,0.9900073115863286,0.0020576374948667884,0.0033543987611200127,0.0012967612662532243,1208
bulk,2,8,74,1.747475,0.9900073115863286,0.001952622323550439,0.0025148902765584993,0.0005622679530080602,1208
bulk,2,8,80,1.808081,0.9900073115863286,0.002158581895492713,0.002404716345605183,0.0002461344501124697,1208
bulk,2,8,86,1.868687,0.9900073115863286,0.002054761737164124,0.0030032612329973377,0.0009484994958332137,1208
bulk,2,8,91,1.919192,0.9900073115863286,0.0024008052537892043,0.004519558397355389,0.0021187531435661847,1208
bulk,2,8,97,1.979798,0.9900073115863286,0.0022243399194233526,0.003095029601939922,0.0008706896825165693,1208
bulk,2,10,2,1.020202,0.9917037835596463,0.0021781853747461616,0.0034952695666221347,0.001317084191875973,1210
bulk,2,10,8,1.080808,0.9917037835596463,0.0019328309262337277,0.003906389630451976,0.001973558704218248,1210
bulk,2,10,13,1.131313,0.9917037835596463,0.001971153868133926,0.0028090191046558693,0.0008378652365219432,1210
bulk,2,10,19,1.191919,0.9917037835596463,0.0023724729201484752,0.004634707606989103,0.002262234686840628,1210
bulk,2,10,24,1.242424,0.9917037835596463,0.0021291880524316083,0.0049370065022521226,0.0028078184498205143,1210
bulk,2,10,30,1.30303,0.9917037835596463,0.0017723856707387515,0.0035381464649466717,0.0017657607942079202,1210
bulk,2,10,36,1.363636,0.9917037835596463,0.0015771200123599345,0.0030983360065534034,0.001521215994193469,1210
bulk,2,10,41,1.414141,0.9917037835596463,0.0024059532118120438,0.003961523212245322,0.001555570000433278,1210
bulk,2,10,47,1.474747,0.9917037835596463,0.002208347703874571,0.0034307512542738512,0.0012224035503992804,1210
bulk,2,10,52,1.525253,0.9917037835596463,0.0024495130429657073,0.0039999899284695935,0.0015504768855038862,1210
bulk,2,10,58,1.585859,0.9917037835596463,0.0018506427890810989,0.002921195048710088,0.0010705522596289893,1210
bulk,2,10,63,1.636364,0.9917037835596463,0.0020819567515142786,0.0027383773406410524,0.0006564205891267738,1210
bulk,2,10,69,1.69697,0.9917037835596463,0.002051028167810334,0.0036797278441441945,0.0016286996763338604,1210
bulk,2,10,74,1.747475,0.9917037835596463,0.0018867010255492807,0.002590287781427404,0.0007035867558781231,1210
bulk,2,10,80,1.808081,0.9917037835596463,0.0021070344086091025,0.0023911334065280835,0.00028409899791898095,1210
bulk,2,10,86,1.868687,0.9917037835596463,0.00205222401844907,0.003252694628300449,0.001200470609851379,1210
bulk,2,10,91,1.919192,0.9917037835596463,0.0022966513735561563,0.004343761639353887,0.002047110265797731,1210
bulk,2,10,97,1.979798,0.9917037835596463,0.00219372885044044,0.003251814270261047,0.001058085419820607,1210
bulk,2,15,2,1.020202,0.9942826914379521,0.001964270875773242,0.0037560112794433054,0.0017917404036700635,1215
bulk,2,15,8,1.080808,0.9942826914379521,0.0018729121052390725,0.0038603599897843745,0.0019874478845453023,1215
bulk,2,15,13,1.131313,0.9942826914379521,0.0018902873960777579,0.003083137091884931,0.0011928496958071733,1215
bulk,2,15,19,1.191919,0.9942826914379521,0.0020503253709649384,0.005227573296620461,0.0031772479256555225,1215
bulk,2,15,24,1.242424,0.9942826914379521,0.002057535781077159,0.005651192984750647,0.0035936572036734875,1215
bulk,2,15,30,1.30303,0.9942826914379521,0.0017435620961716723,0.003506647040082285,0.0017630849439106127,1215
bulk,2,15,36,1.363636,0.9942826914379521,0.0014936685005860866,0.0027573094306147044,0.0012636409300286178,1215
bulk,2,15,41,1.414141,0.9942826914379521,0.001983439579973878,0.004048758015028656,0.002065318435054778,1215
bulk,2,15,47,1.474747,0.9942826914379521,0.0020504597934344164,0.0034601135960478043,0.001409653802613388,1215
bulk,2,15,52,1.525253,0.9942826914379521,0.0021795773933520465,0.003959547894097778,0.0017799705007457318,1215
bulk,2,15,58,1.585859,0.9942826914379521,0.0017752950949234847,0.0027893267598050205,0.0010140316648815358,1215
bulk,2,15,63,1.636364,0.9942826914379521,0.0018884683002491896,0.0026376732343553312,0.0007492049341061417,1215
bulk,2,15,69,1.69697,0.9942826914379521,0.0018876508850106473,0.003320191406233297,0.0014325405212226498,1215
bulk,2,15,74,1.747475,0.9942826914379521,0.0017588720020825601,0.0025777555662003762,0.0008188835641178161,1215
bulk,2,15,80,1.808081,0.9942826914379521,0.0018991712395931021,0.00244276184422452,0.0005435906046314179,1215
bulk,2,15,86,1.868687,0.9942826914379521,0.0019690925746631803,0.002891250062361927,0.0009221574876987467,1215
bulk,2,15,91,1.919192,0.9942826914379521,0.0019841174140180257,0.0045732445108840275,0.002589127096866002,1215
bulk,2,15,97,1.979798,0.9942826914379521,0.002086960996904418,0.002972733942953793,0.0008857729460493751,1215
bulk,2,20,2,1.020202,0.9958571765802574,0.0018539846964489085,0.0039857802102698965,0.002131795513820988,1220
bulk,2,20,8,1.080808,0.9958571765802574,0.0017815145331959398,0.00365300380275678,0.0018714892695608403,1220
bulk,2,20,13,1.131313,0.9958571765802574,0.0017410799930431804,0.003836294963645134,0.0020952149706019536,1220
bulk,2,20,19,1.191919,0.9958571765802574,0.0019341503086097846,0.005817973953545903,0.003883823644936119,1220
bulk,2,20,24,1.242424,0.9958571765802574,0.0019527642641598343,0.005559839169660801,0.0036070749055009664,1220
bulk,2,20,30,1.30303,0.9958571765802574,0.0016148317911664197,0.00350782621378477,0.0018929944226183505,1220
bulk,2,20,36,1.363636,0.9958571765802574,0.0014780372497966705,0.003453831986510223,0.0019757947367135525,1220
bulk,2,20,41,1.414141,0.9958571765802574,0.0015056406865703725,0.003719680018640197,0.0022140393320698244,1220
bulk,2,20,47,1.474747,0.9958571765802574,0.0018628611762283934,0.0035175800239822257,0.0016547188477538323,1220
bulk,2,20,52,1.525253,0.9958571765802574,0.0020237009986656907,0.00393598245557829,0.001912281456912599,1220
bulk,2,20,58,1.585859,0.9958571765802574,0.0016341991278700052,0.002832158675499475,0.0011979595476294697,1220
bulk,2,20,63,1.636364,0.9958571765802574,0.0018157420385011068,0.0026016708292452033,0.0007859287907440965,1220
bulk,2,20,69,1.69697,0.9958571765802574,0.001804681240655761,0.0034304456800052395,0.0016257644393494785,1220
bulk,2,20,74,1.747475,0.9958571765802574,0.0016974223906217577,0.002480194630518381,0.0007827722398966231,1220
bulk,2,20,80,1.808081,0.9958571765802574,0.001780623123257333,0.0024022802087769863,0.0006216570855196533,1220
bulk,2,20,86,1.868687,0.9958571765802574,0.0018193572874957444,0.002994965745029922,0.0011756084575341775,1220
bulk,2,20,91,1.919192,0.9958571765802574,0.00194011949855855,0.004548152266295704,0.002608032767737154,1220
bulk,2,20,97,1.979798,0.9958571765802574,0.0019059653564329827,0.0030151128373831527,0.00110914748095017,1220
bulk,3,1,3,1.030303,0.9414101314723708,0.00913866646812089,0.009138677269233559,1.0801112669198143e-08,1301
bulk,3,1,9,1.090909,0.9414101314723708,0.004522498132554531,0.004768419870866624,0.0002459217383120925,1301
bulk,3,1,14,1.141414,0.9414101314723708,0.004145651165940493,0.004727622561627269,0.0005819713956867756,1301
bulk,3,1,20,1.20202,0.9414101314723708,0.00426982831049641,0.004473579244141782,0.00020375093364537276,1301
bulk,3,1,26,1.262626,0.9414101314723708,0.004935001400363137,0.004965123323524879,3.0121923161741636e-05,1301
bulk,3,1,31,1.313131,0.9414101314723708,0.0030888100797350835,0.00365707688457023,0.0005682668048351464,1301
bulk,3,1,37,1.373737,0.9414101314723708,0.0034079376057591787,0.004032663851829252,0.0006247262460700731,1301
bulk,3,1,42,1.424242,0.9414101314723708,0.004658024426116326,0.005259310544043235,0.000601286117926909,1301
bulk,3,1,48,1.484848,0.9414101314723708,0.003736122318740517,0.0037361223203389573,1.5984401302571172e-12,1301
bulk,3,1,53,1.535354,0.9414101314723708,0.0028339917453684355,0.0028715530866320785,3.756134126364297e-05,1301
bulk,3,1,59,1.59596,0.9414101314723708,0.00478734276631485,0.005079232822634255,0.00029189005631940525,1301
bulk,3,1,64,1.646465,0.9414101314723708,0.002819980654265858,0.0028376210220365057,1.764036777064746e-05,1301
bulk,3,1,70,1.707071,0.9414101314723708,0.003764823923928976,0.004548347657222774,0.000783523733293798,1301
bulk,3,1,76,1.767677,0.9414101314723708,0.0027248768026559137,0.0029658902208202333,0.00024101341816431957,1301
bulk,3,1,81,1.818182,0.9414101314723708,0.00367044231031229,0.003754133687334484,8.369137702219373e-05,1301
bulk,3,1,87,1.878788,0.9414101314723708,0.003251877848517821,0.003658115421931167,0.00040623757341334615,1301
bulk,3,1,92,1.929293,0.9414101314723708,0.0029512319275215196,0.003195803696315615,0.0002445717687940955,1301
bulk,3,1,98,1.989899,0.9414101314723708,0.006205676029131175,0.006842444909387642,0.0006367688802564669,1301
bulk,3,2,3,1.030303,0.9728902320986978,0.003439678358475472,0.0036676082452998427,0.00022792988682437086,1302
bulk,3,2,9,1.090909,0.9728902320986978,0.0032711735531636105,0.0035894166890981425,0.00031824313593453203,1302
bulk,3,2,14,1.141414,0.9728902320986978,0.003970209169607679,0.004315526596849934,0.00034531742724225496,1302
bulk,3,2,20,1.20202,0.9728902320986978,0.0026162513118792386,0.0029072417462865543,0.00029099043440731576,1302
bulk,3,2,26,1.262626,0.9728902320986978,0.0030350029138605317,0.0032937114482332742,0.0002587085343727425,1302
bulk,3,2,31,1.313131,0.9728902320986978,0.0030170195493860043,0.004022065020449133,0.0010050454710631286,1302
bulk,3,2,37,1.373737,0.9728902320986978,0.0031225938596795696,0.0037012192031687934,0.0005786253434892238,1302
bulk,3,2,42,1.424242,0.9728902320986978,0.003183253232319468,0.004445549114042401,0.0012622958817229335,1302
bulk,3,2,48,1.484848,0.9728902320986978,0.0035715442938179347,0.0036496089525653403,7.806465874740567e-05,1302
bulk,3,2,53,1.535354,0.9728902320986978,0.002801122060041684,0.0030367829457174454,0.0002356608856757614,1302
bulk,3,2,59,1.59596,0.9728902320986978,0.003708019554319337,0.005845563957398175,0.0021375444030788384,1302
bulk,3,2,64,1.646465,0.9728902320986978,0.002749345188199913,0.003066430496484183,0.00031708530828427,1302
bulk,3,2,70,1.707071,0.9728902320986978,0.0026816632006465085,0.004878907334276179,0.0021972441336296704,1302
bulk,3,2,76,1.767677,0.9728902320986978,0.0027205339164070447,0.002903678486693537,0.00018314457028649218,1302
bulk,3,2,81,1.818182,0.9728902320986978,0.0028659615383244018,0.0035442399521637656,0.0006782784138393639,1302
bulk,3,2,87,1.878788,0.9728902320986978,0.0031241210766898213,0.0035406079465656794,0.0004164868698758582,1302
bulk,3,2,92,1.929293,0.9728902320986978,0.002945399981992933,0.0033364242435646257,0.0003910242615716925,1302
bulk,3,2,98,1.989899,0.9728902320986978,0.0039530740002829265,0.005891017542189292,0.0019379435419063654,1302
bulk,3,3,3,1.030303,0.9802530814714323,0.0031290037788864436,0.003603458649623996,0.0004744548707375524,1303
bulk,3,3,9,1.090909,0.9802530814714323,0.0029043808652291685,0.0031973589820144684,0.0002929781167852999,1303
bulk,3,3,14,1.141414,0.9802530814714323,0.0024157159202267157,0.00342577459601165,0.0010100586757849344,1303
bulk,3,3,20,1.20202,0.9802530814714323,0.0025203071519256195,0.002975444324416565,0.00045513717249094556,1303
bulk,3,3,26,1.262626,0.9802530814714323,0.002916531468365354,0.0032854828320279254,0.0003689513636625716,1303
bulk,3,3,31,1.313131,0.9802530814714323,0.002726333868504009,0.004301608610446375,0.0015752747419423663,1303
bulk,3,3,37,1.373737,0.9802530814714323,0.0029670034917897836,0.003914155230866991,0.0009471517390772077,1303
bulk,3,3,42,1.424242,0.9802530814714323,0.0026762565561873723,0.00393849020826046,0.001262233652073088,1303
bulk,3,3,48,1.484848,0.9802530814714323,0.0035478107781990154,0.003816726357761258,0.0002689155795622426,1303
bulk,3,3,53,1.535354,0.9802530814714323,0.002595404175708436,0.0028181427976065447,0.00022273862189810863,1303
bulk,3,3,59,1.59596,0.9802530814714323,0.0035658725951589368,0.005479216216163829,0.0019133436210048925,1303
bulk,3,3,64,1.646465,0.9802530814714323,0.0024004373709086467,0.002730669980177624,0.00033023260926897747,1303
bulk,3,3,70,1.707071,0.9802530814714323,0.0026621016853011557,0.0048533762013454424,0.0021912745160442867,1303
bulk,3,3,76,1.767677,0.9802530814714323,0.0027192659648529213,0.002866395868887422,0.00014712990403450065,1303
bulk,3,3,81,1.818182,0.9802530814714323,0.002863087945949857,0.0035330033507177923,0.0006699154047679354,1303
bulk,3,3,87,1.878788,0.9802530814714323,0.003116325736117918,0.003614450179744812,0.0004981244436268939,1303
bulk,3,3,92,1.929293,0.9802530814714323,0.0028686822667496037,0.003478634416724285,0.0006099521499746811,1303
bulk,3,3,98,1.989899,0.9802530814714323,0.003636686832429906,0.005729819407655027,0.0020931325752251207,1303
bulk,3,4,3,1.030303,0.9833750806295475,0.0031286794373489224,0.0036132444497171553,0.0004845650123682329,1304
bulk,3,4,9,1.090909,0.9833750806295475,0.002861332043823657,0.0034102104529961396,0.0005488784091724828,1304
bulk,3,4,14,1.141414,0.9833750806295475,0.0024107659396723656,0.003608568375933464,0.0011978024362610984,1304
bulk,3,4,20,1.20202,0.9833750806295475,0.002456412853528893,0.0028901917534201304,0.0004337788998912376,1304
bulk,3,4,26,1.262626,0.9833750806295475,0.002302652826051733,0.003248242476629383,0.0009455896505776496,1304
bulk,3,4,31,1.313131,0.9833750806295475,0.0027175358975728738,0.004464359968432237,0.0017468240708593636,1304
bulk,3,4,37,1.373737,0.9833750806295475,0.0029448016941436297,0.003517376498495386,0.0005725748043517564,1304
bulk,3,4,42,1.424242,0.9833750806295475,0.0026084900226473625,0.004813418438488875,0.002204928415841513,1304
bulk,3,4,48,1.484848,0.9833750806295475,0.003275993984448813,0.003878025811780345,0.0006020318273315321,1304
bulk,3,4,53,1.535354,0.9833750806295475,0.0025939446585555733,0.002850570788451081,0.0002566261298955078,1304
bulk,3,4,59,1.59596,0.9833750806295475,0.0026716690029631135,0.005400206679011611,0.0027285376760484976,1304
bulk,3,4,64,1.646465,0.9833750806295475,0.0023710506562633635,0.0029322858474895904,0.0005612351912262269,1304
bulk,3,4,70,1.707071,0.9833750806295475,0.002229983866335284,0.0055154856272925795,0.0032855017609572956,1304
bulk,3,4,76,1.767677,0.9833750806295475,0.0022468452934526753,0.0026082271158671256,0.00036138182241445037,1304
bulk,3,4,81,1.818182,0.9833750806295475,0.002470710183365519,0.0035078690984508888,0.0010371589150853697,1304
bulk,3,4,87,1.878788,0.9833750806295475,0.002093930805144314,0.0034377917840564803,0.0013438609789121663,1304
bulk,3,4,92,1.929293,0.9833750806295475,0.002815233547980264,0.0039960245941841515,0.0011807910462038875,1304
bulk,3,4,98,1.989899,0.9833750806295475,0.0033509357879979514,0.004944913391508182,0.0015939776035102308,1304
bulk,3,6,3,1.030303,0.9874611803136005,0.0028353000025682705,0.0035257645216597274,0.0006904645190914569,1306
bulk,3,6,9,1.090909,0.9874611803136005,0.002621525871365159,0.0029531991489805637,0.00033167327761540483,1306
bulk,3,6,14,1.141414,0.9874611803136005,0.0023977087774041924,0.0036290833715435632,0.0012313745941393709,1306
bulk,3,6,20,1.20202,0.9874611803136005,0.002363040138464438,0.0030648469588149744,0.0007018068203505363,1306
bulk,3,6,26,1.262626,0.9874611803136005,0.0022099618404214185,0.0030573949134974168,0.0008474330730759982,1306
bulk,3,6,31,1.313131,0.9874611803136005,0.0026323589380630656,0.0041477245204544055,0.0015153655823913399,1306
bulk,3,6,37,1.373737,0.9874611803136005,0.0024104464168959202,0.0034430384106251765,0.0010325919937292562,1306
bulk,3,6,42,1.424242,0.9874611803136005,0.0025111765932739043,0.004209530630453152,0.0016983540371792475,1306
bulk,3,6,48,1.484848,0.9874611803136005,0.0031335721000683484,0.003599964851257218,0.0004663927511888697,1306
bulk,3,6,53,1.535354,0.9874611803136005,0.0019472842508664804,0.0026801703046216247,0.0007328860537551443,1306
bulk,3,6,59,1.59596,0.9874611803136005,0.002373290667714189,0.005384915927736722,0.003011625260022533,1306
bulk,3,6,64,1.646465,0.9874611803136005,0.0021810945091614783,0.00279072007372301,0.0006096255645615316,1306
bulk,3,6,70,1.707071,0.9874611803136005,0.0021805721876305187,0.004979856921183695,0.002799284733553176,1306
bulk,3,6,76,1.767677,0.9874611803136005,0.0021502043651984025,0.0026795820691904292,0.0005293777039920267,1306
bulk,3,6,81,1.818182,0.9874611803136005,0.002166079524778056,0.0034806085918185183,0.0013145290670404622,1306
bulk,3,6,87,1.878788,0.9874611803136005,0.0020632148084919286,0.0035238050217915947,0.001460590213299666,1306
bulk,3,6,92,1.929293,0.9874611803136005,0.00269363031358039,0.00355599391698487,0.0008623636034044797,1306
bulk,3,6,98,1.989899,0.9874611803136005,0.002983806150567784,0.005335205268105227,0.0023513991175374434,1306
bulk,3,8,3,1.030303,0.9901047796461967,0.00253734333993515,0.0035782959953086927,0.0010409526553735427,1308
bulk,3,8,9,1.090909,0.9901047796461967,0.0022807003552665164,0.0029159546680554366,0.0006352543127889202,1308
bulk,3,8,14,1.141414,0.9901047796461967,0.002336191262703854,0.003400189118603411,0.001063997855899557,1308
bulk,3,8,20,1.20202,0.9901047796461967,0.002303489149821536,0.003084010719548854,0.000780521569727318,1308
bulk,3,8,26,1.262626,0.9901047796461967,0.00214692296364496,0.0030984563115683244,0.0009515333479233642,1308
bulk,3,8,31,1.313131,0.9901047796461967,0.0023783119857445855,0.004354593154850422,0.0019762811691058364,1308
bulk,3,8,37,1.373737,0.9901047796461967,0.0023645300750532866,0.0038818130893044462,0.0015172830142511596,1308
bulk,3,8,42,1.424242,0.9901047796461967,0.00216549807050289,0.003880290190104195,0.0017147921196013051,1308
bulk,3,8,48,1.484848,0.9901047796461967,0.002924978965543117,0.0036535957262725386,0.0007286167607294214,1308
bulk,3,8,53,1.535354,0.9901047796461967,0.0018880718091117605,0.0026853242973048775,0.000797252488193117,1308
bulk,3,8,59,1.59596,0.9901047796461967,0.0023530912845277766,0.005170800484875203,0.0028177092003474264,1308
bulk,3,8,64,1.646465,0.9901047796461967,0.0019175451353507025,0.002803253649621121,0.0008857085142704186,1308
bulk,3,8,70,1.707071,0.9901047796461967,0.002128119372210533,0.00480604100161575,0.0026779216294052165,1308
bulk,3,8,76,1.767677,0.9901047796461967,0.002114834238384762,0.002842197706113925,0.0007273634677291631,1308
bulk,3,8,81,1.818182,0.9901047796461967,0.0019893282447484006,0.003625762978636244,0.0016364347338878433,1308
bulk,3,8,87,1.878788,0.9901047796461967,0.0019413662237108753,0.00352528440054235,0.001583918176831475,1308
bulk,3,8,92,1.929293,0.9901047796461967,0.0024809045432721273,0.0033459963075879603,0.000865091764315833,1308
bulk,3,8,98,1.989899,0.9901047796461967,0.0025176715988503547,0.005818577896706952,0.003300906297856597,1308
bulk,3,10,3,1.030303,0.991813103190675,0.0025267321438625675,0.0032131386998942297,0.0006864065560316622,1310
bulk,3,10,9,1.090909,0.991813103190675,0.0022253601865719268,0.0033677087523415338,0.001142348565769607,1310
bulk,3,10,14,1.141414,0.991813103190675,0.0022871415959855004,0.003912832896517109,0.0016256913005316081,1310
bulk,3,10,20,1.20202,0.991813103190675,0.0021670244810660304,0.003043555659893166,0.0008765311788271357,1310
bulk,3,10,26,1.262626,0.991813103190675,0.0020974036620443524,0.003158521308849395,0.0010611176468050426,1310
bulk,3,10,31,1.313131,0.991813103190675,0.002359598366197973,0.004260860226144613,0.0019012618599466395,1310
bulk,3,10,37,1.373737,0.991813103190675,0.0023160207934057823,0.0033617834649141212,0.001045762671508339,1310
bulk,3,10,42,1.424242,0.991813103190675,0.0020301047977543205,0.004533472370467621,0.0025033675727133007,1310
bulk,3,10,48,1.484848,0.991813103190675,0.0025503946785787276,0.003594249764505487,0.0010438550859267594,1310
bulk,3,10,53,1.535354,0.991813103190675,0.0018202337012818914,0.0026043901500916325,0.0007841564488097412,1310
bulk,3,10,59,1.59596,0.991813103190675,0.0021765887798624473,0.005477212213167309,0.0033006234333048615,1310
bulk,3,10,64,1.646465,0.991813103190675,0.0019034002462659917,0.00286418995715941,0.0009607897108934182,1310
bulk,3,10,70,1.707071,0.991813103190675,0.002080613107328625,0.005115937142029087,0.0030353240347004624,1310
bulk,3,10,76,1.767677,0.991813103190675,0.002019727493297712,0.0027378646538624104,0.0007181371605646985,1310
bulk,3,10,81,1.818182,0.991813103190675,0.0019320688543441934,0.003562692998405164,0.0016306241440609708,1310
bulk,3,10,87,1.878788,0.991813103190675,0.0018579837437717748,0.0033741176014956847,0.00151613385772391,1310
bulk,3,10,92,1.929293,0.991813103190675,0.002054095158536909,0.0036111871951092504,0.0015570920365723414,1310
bulk,3,10,98,1.989899,0.991813103190675,0.0024031717900994047,0.005657411313763065,0.0032542395236636605,1310
bulk,3,15,3,1.030303,0.9941839308562063,0.0024260391962939165,0.003400066595564388,0.0009740273992704714,1315
bulk,3,15,9,1.090909,0.9941839308562063,0.0021798290052172827,0.0035421350517828103,0.0013623060465655277,1315
bulk,3,15,14,1.141414,0.9941839308562063,0.0020255827983497892,0.00420991614271009,0.0021843333443603004,1315
bulk,3,15,20,1.20202,0.9941839308562063,0.0018348070764498865,0.0033434046526292166,0.0015085975761793301,1315
bulk,3,15,26,1.262626,0.9941839308562063,0.0018954738656940767,0.0033236736782838606,0.0014281998125897839,1315
bulk,3,15,31,1.313131,0.9941839308562063,0.0019113192641032125,0.004723781429569355,0.0028124621654661425,1315
bulk,3,15,37,1.373737,0.9941839308562063,0.002214665156626405,0.003951248564891954,0.0017365834082655484,1315
bulk,3,15,42,1.424242,0.9941839308562063,0.001936965532282789,0.004089282579902086,0.0021523170476192973,1315
bulk,3,15,48,1.484848,0.9941839308562063,0.002280954298388879,0.0037419103399127865,0.0014609560415239074,1315
bulk,3,15,53,1.535354,0.9941839308562063,0.0017683908946981293,0.0026282480022600976,0.0008598571075619683,1315
bulk,3,15,59,1.59596,0.9941839308562063,0.0017669301983522455,0.00502546098718983,0.003258530788837584,1315
bulk,3,15,64,1.646465,0.9941839308562063,0.0017309290654580894,0.0026995121194239207,0.0009685830539658312,1315
bulk,3,15,70,1.707071,0.9941839308562063,0.0017896762071044324,0.005518861871106769,0.003729185664002337,1315
bulk,3,15,76,1.767677,0.9941839308562063,0.0015647890528593833,0.0028287870315911977,0.0012639979787318143,1315
bulk,3,15,81,1.818182,0.9941839308562063,0.0017586048583759762,0.0037339546553613896,0.0019753497969854134,1315
bulk,3,15,87,1.878788,0.9941839308562063,0.0016887364930889357,0.0036256356289723632,0.0019368991358834275,1315
bulk,3,15,92,1.929293,0.9941839308562063,0.0019520921110413847,0.0041351400401461675,0.0021830479291047827,1315
bulk,3,15,98,1.989899,0.9941839308562063,0.0023017759208639544,0.0045265916591917385,0.002224815738327784,1315
bulk,3,20,3,1.030303,0.9957607161944516,0.0021868069348957215,0.0041488799104889545,0.001962072975593233,1320
bulk,3,20,9,1.090909,0.9957607161944516,0.0019597522548473042,0.0034567093578867425,0.0014969571030394382,1320
bulk,3,20,14,1.141414,0.9957607161944516,0.0019745483762348115,0.005791821498296206,0.0038172731220613948,1320
bulk,3,20,20,1.20202,0.9957607161944516,0.0016921666506530652,0.00485243227085805,0.0031602656202049844,1320
bulk,3,20,26,1.262626,0.9957607161944516,0.0016986862031532733,0.00327328328403737,0.0015745970808840968,1320
bulk,3,20,31,1.313131,0.9957607161944516,0.0016838280785597232,0.004482162939285339,0.002798334860725616,1320
bulk,3,20,37,1.373737,0.9957607161944516,0.0020540663168280722,0.004492693720205697,0.0024386274033776248,1320
bulk,3,20,42,1.424242,0.9957607161944516,0.0018466777774141087,0.0034399541156584965,0.0015932763382443878,1320
bulk,3,20,48,1.484848,0.9957607161944516,0.0021167567441163536,0.0037059312245761593,0.0015891744804598057,1320
bulk,3,20,53,1.535354,0.9957607161944516,0.001526212614967917,0.002877987993443505,0.0013517753784755878,1320
bulk,3,20,59,1.59596,0.9957607161944516,0.0017367106854638077,0.005411014074189645,0.0036743033887258374,1320
bulk,3,20,64,1.646465,0.9957607161944516,0.0016459131690309378,0.002608291500544809,0.0009623783315138713,1320
bulk,3,20,70,1.707071,0.9957607161944516,0.0017716514146242375,0.0043780366571455655,0.002606385242521328,1320
bulk,3,20,76,1.767677,0.9957607161944516,0.0015404820659878707,0.0031326077085940137,0.001592125642606143,1320
bulk,3,20,81,1.818182,0.9957607161944516,0.001593858410937083,0.0035924382099946067,0.0019985797990575236,1320
bulk,3,20,87,1.878788,0.9957607161944516,0.001647140695236586,0.003460698122753729,0.001813557427517143,1320
bulk,3,20,92,1.929293,0.9957607161944516,0.0016523311978002308,0.0030695235726982068,0.001417192374897976,1320
bulk,3,20,98,1.989899,0.9957607161944516,0.0019203113558167455,0.007046069091234114,0.005125757735417369,1320
bulk,4,1,4,1.040404,0.943908527126438,0.010070362821551982,0.010311383218940057,0.00024102039738807535,1401
bulk,4,1,10,1.10101,0.943908527126438,0.0035827487719310843,0.003965175771059668,0.00038242699912858363,1401
bulk,4,1,16,1.161616,0.943908527126438,0.0028370744473954846,0.0031346051730837305,0.0002975307256882459,1401
bulk,4,1,21,1.212121,0.943908527126438,0.0032223413039776656,0.0032439952158542277,2.1653911876562057e-05,1401
bulk,4,1,27,1.272727,0.943908527126438,0.002901107519680793,0.0029620365769581322,6.092905727733905e-05,1401
bulk,4,1,32,1.323232,0.943908527126438,0.005250491492003608,0.005308225610640853,5.773411863724438e-05,1401
bulk,4,1,38,1.383838,0.943908527126438,0.003446195863937553,0.0034463571078706848,1.6124393313176472e-07,1401
bulk,4,1,43,1.434343,0.943908527126438,0.005734715169829279,0.005750580707369197,1.5865537539918283e-05,1401
bulk,4,1,49,1.494949,0.943908527126438,0.004491592406717508,0.004507245615088491,1.5653208370983683e-05,1401
bulk,4,1,54,1.545455,0.943908527126438,0.0038499929535498437,0.003850884918911267,8.919653614234378e-07,1401
bulk,4,1,60,1.606061,0.943908527126438,0.0031566704767539105,0.0031589320289991873,2.2615522452767815e-06,1401
bulk,4,1,66,1.666667,0.943908527126438,0.0035220593883794823,0.0035245098842104153,2.4504958309329306e-06,1401
bulk,4,1,71,1.717172,0.943908527126438,0.0047615574249897956,0.005176021107769157,0.00041446368277936116,1401
bulk,4,1,77,1.777778,0.943908527126438,0.002199899163219904,0.0024572003453901597,0.0002573011821702556,1401
bulk,4,1,82,1.828283,0.943908527126438,0.0030564864349688957,0.0032470680691465306,0.00019058163417763488,1401
bulk,4,1,88,1.888889,0.943908527126438,0.004186833134825122,0.004313593740620291,0.0001267606057951693,1401
bulk,4,1,93,1.939394,0.943908527126438,0.004495861512685635,0.004692230132852076,0.00019636862016644135,1401
bulk,4,2,4,1.040404,0.9743908066611627,0.004111571218754864,0.004437002457136911,0.0003254312383820469,1402
bulk,4,2,10,1.10101,0.9743908066611627,0.0029334188416073994,0.003273280353719889,0.00033986151211248946,1402
bulk,4,2,16,1.161616,0.9743908066611627,0.0028134240666545813,0.0032209629807408045,0.0004075389140862232,1402
bulk,4,2,21,1.212121,0.9743908066611627,0.0031977640855533726,0.00418215751491188,0.0009843934293585076,1402
bulk,4,2,27,1.272727,0.9743908066611627,0.0023326482859263834,0.0028440916928240143,0.0005114434068976309,1402
bulk,4,2,32,1.323232,0.9743908066611627,0.002925899759279287,0.0034613205806720147,0.0005354208213927277,1402
bulk,4,2,38,1.383838,0.9743908066611627,0.003410626646409095,0.003926368427995142,0.0005157417815860473,1402
bulk,4,2,43,1.434343,0.9743908066611627,0.003197542748863406,0.004299852645360406,0.0011023098964969996,1402
bulk,4,2,49,1.494949,0.9743908066611627,0.0033751175711345853,0.0038062332240662304,0.0004311156529316451,1402
bulk,4,2,54,1.545455,0.9743908066611627,0.0030224816048530978,0.003274907805251255,0.0002524262003981573,1402
bulk,4,2,60,1.606061,0.9743908066611627,0.003145337245253589,0.0031930948044212267,4.775755916763781e-05,1402
bulk,4,2,66,1.666667,0.9743908066611627,0.003492921583547434,0.0036365252688409927,0.00014360368529355884,1402
bulk,4,2,71,1.717172,0.9743908066611627,0.004759693822770112,0.005047570127028462,0.0002878763042583497,1402
bulk,4,2,77,1.777778,0.9743908066611627,0.002173085294956529,0.002649288468634187,0.0004762031736776579,1402
bulk,4,2,82,1.828283,0.9743908066611627,0.0030564495401137984,0.0031779702637978148,0.00012152072368401632,1402
bulk,4,2,88,1.888889,0.9743908066611627,0.003620824143471493,0.004573920346529429,0.000953096203057936,1402
bulk,4,2,93,1.939394,0.9743908066611627,0.004347228306645019,0.004506832671647039,0.00015960436500201975,1402
bulk,4,3,4,1.040404,0.9810241012420544,0.003975861985123817,0.004342049877261398,0.0003661878921375804,1403
bulk,4,3,10,1.10101,0.9810241012420544,0.0026068248724750317,0.002838729045579068,0.00023190417310403654,1403
bulk,4,3,16,1.161616,0.9810241012420544,0.0026722907719436274,0.0033125484458553325,0.0006402576739117051,1403
bulk,4,3,21,1.212121,0.9810241012420544,0.0031122718220276454,0.003986779508676704,0.0008745076866490589,1403
bulk,4,3,27,1.272727,0.9810241012420544,0.002271315628400688,0.0026851921091983356,0.00041387648079764744,1403
bulk,4,3,32,1.323232,0.9810241012420544,0.002718625714419283,0.0038416905076437864,0.0011230647932245034,1403
bulk,4,3,38,1.383838,0.9810241012420544,0.002620971351015146,0.0034529545861019207,0.0008319832350867748,1403
bulk,4,3,43,1.434343,0.9810241012420544,0.002901232959646779,0.004019869090144825,0.0011186361304980465,1403
bulk,4,3,49,1.494949,0.9810241012420544,0.0033746448142005204,0.0040583973679640135,0.0006837525537634931,1403
bulk,4,3,54,1.545455,0.9810241012420544,0.002492994794661931,0.0027305436935732524,0.00023754889891132143,1403
bulk,4,3,60,1.606061,0.9810241012420544,0.0024322408207759186,0.0025836354006665762,0.00015139457989065764,1403
bulk,4,3,66,1.666667,0.9810241012420544,0.002645817603133946,0.0031010478645978417,0.0004552302614638957,1403
bulk,4,3,71,1.717172,0.9810241012420544,0.0047447245070030555,0.0050718109425863436,0.00032708643558328806,1403
bulk,4,3,77,1.777778,0.9810241012420544,0.0021120754700204485,0.002753423834198278,0.0006413483641778293,1403
bulk,4,3,82,1.828283,0.9810241012420544,0.002993940032983221,0.0032306008689719774,0.0002366608359887566,1403
bulk,4,3,88,1.888889,0.9810241012420544,0.003223062763668937,0.004364902218393025,0.0011418394547240882,1403
bulk,4,3,93,1.939394,0.9810241012420544,0.0026206825015053082,0.003389532774584188,0.0007688502730788796,1403
bulk,4,4,4,1.040404,0.9840566917423298,0.0032755786002322683,0.004525273197271847,0.0012496945970395788,1404
bulk,4,4,10,1.10101,0.9840566917423298,0.0024932883924887648,0.002767708955288423,0.00027442056279965805,1404
bulk,4,4,16,1.161616,0.9840566917423298,0.002659346670874971,0.0032880101007309783,0.0006286634298560074,1404
bulk,4,4,21,1.212121,0.9840566917423298,0.0031110464110635097,0.004216395461963981,0.0011053490509004716,1404
bulk,4,4,27,1.272727,0.9840566917423298,0.002268775412974934,0.003060127109496712,0.0007913516965217782,1404
bulk,4,4,32,1.323232,0.9840566917423298,0.0027174870455196226,0.004057450184348899,0.0013399631388292762,1404
bulk,4,4,38,1.383838,0.9840566917423298,0.002523848227693945,0.0037700476647887,0.0012461994370947553,1404
bulk,4,4,43,1.434343,0.9840566917423298,0.0025915071312833065,0.004436932752380188,0.0018454256210968813,1404
bulk,4,4,49,1.494949,0.9840566917423298,0.003366767478840658,0.004103546093305697,0.0007367786144650387,1404
bulk,4,4,54,1.545455,0.9840566917423298,0.002481247566102701,0.0029904159155318506,0.0005091683494291496,1404
bulk,4,4,60,1.606061,0.9840566917423298,0.0023633893548493145,0.002791589819228907,0.0004282004643795926,1404
bulk,4,4,66,1.666667,0.9840566917423298,0.0025836551594217456,0.003365297382055461,0.0007816422226337152,1404
bulk,4,4,71,1.717172,0.9840566917423298,0.002608894364828008,0.004782379347734168,0.0021734849829061595,1404
bulk,4,4,77,1.777778,0.9840566917423298,0.0021075617525445982,0.0023502869728956976,0.0002427252203510994,1404
bulk,4,4,82,1.828283,0.9840566917423298,0.002992623940832205,0.0035074990484429067,0.0005148751076107017,1404
bulk,4,4,88,1.888889,0.9840566917423298,0.0030131683682073198,0.004413034128223181,0.0013998657600158611,1404
bulk,4,4,93,1.939394,0.9840566917423298,0.002601840621674949,0.0034724509120553403,0.0008706102903803911,1404
bulk,4,6,4,1.040404,0.9877835275721221,0.003090242642696113,0.004447426135985108,0.0013571834932889948,1406
bulk,4,6,10,1.10101,0.9877835275721221,0.0023214407752955965,0.0026948641710148147,0.00037342339571921814,1406
bulk,4,6,16,1.161616,0.9877835275721221,0.0024654792034185394,0.0032312911280669362,0.0007658119246483968,1406
bulk,4,6,21,1.212121,0.9877835275721221,0.002843477282927779,0.004341060080063169,0.0014975827971353897,1406
bulk,4,6,27,1.272727,0.9877835275721221,0.002196925467685832,0.0030430727534580125,0.0008461472857721804,1406
bulk,4,6,32,1.323232,0.9877835275721221,0.0024912144980095982,0.0038534270391532587,0.0013622125411436605,1406
bulk,4,6,38,1.383838,0.9877835275721221,0.0025197831824785837,0.0036583094730793394,0.0011385262906007556,1406
bulk,4,6,43,1.434343,0.9877835275721221,0.00249294879315706,0.004536400894110831,0.002043452100953771,1406
bulk,4,6,49,1.494949,0.9877835275721221,0.0027462534959804435,0.0044480033260058125,0.001701749830025369,1406
bulk,4,6,54,1.545455,0.9877835275721221,0.002317221054705368,0.0029348566014555304,0.0006176355467501626,1406
bulk,4,6,60,1.606061,0.9877835275721221,0.0019290897658750033,0.0027429781297490944,0.000813888363874091,1406
bulk,4,6,66,1.666667,0.9877835275721221,0.0024273668976147827,0.0036334760793753505,0.0012061091817605679,1406
bulk,4,6,71,1.717172,0.9877835275721221,0.0025588268801822077,0.004542081054046509,0.0019832541738643017,1406
bulk,4,6,77,1.777778,0.9877835275721221,0.0020841710674316433,0.0026235611387034766,0.0005393900712718333,1406
bulk,4,6,82,1.828283,0.9877835275721221,0.0028345653332293003,0.0035327454077333145,0.0006981800745040141,1406
bulk,4,6,88,1.888889,0.9877835275721221,0.0029521481026840816,0.004497031424038526,0.0015448833213544443,1406
bulk,4,6,93,1.939394,0.9877835275721221,0.0024534060609862456,0.0033820595395979746,0.000928653478611729,1406
bulk,4,8,4,1.040404,0.9902766193947582,0.0026576296390148605,0.0049661066495729975,0.002308477010558137,1408
bulk,4,8,10,1.10101,0.9902766193947582,0.0021645356031333635,0.0031572598694686003,0.0009927242663352368,1408
bulk,4,8,16,1.161616,0.9902766193947582,0.002205976589024569,0.00302273532622745,0.0008167587372028811,1408
bulk,4,8,21,1.212121,0.9902766193947582,0.0022363363104162884,0.003848810211397452,0.0016124739009811635,1408
bulk,4,8,27,1.272727,0.9902766193947582,0.002105572409610502,0.003037443066957615,0.000931870657347113,1408
bulk,4,8,32,1.323232,0.9902766193947582,0.002016319682875437,0.003401742299957211,0.001385422617081774,1408
bulk,4,8,38,1.383838,0.9902766193947582,0.001970858762677829,0.0034882553351070103,0.0015173965724291812,1408
bulk,4,8,43,1.434343,0.9902766193947582,0.002206916725888394,0.004259882510550618,0.002052965784662224,1408
bulk,4,8,49,1.494949,0.9902766193947582,0.0022580753090068015,0.004198058812334027,0.0019399835033272251,1408
bulk,4,8,54,1.545455,0.9902766193947582,0.0022550424481518005,0.003015447418870401,0.0007604049707186007,1408
bulk,4,8,60,1.606061,0.9902766193947582,0.0018851934677616583,0.0024914410754954416,0.0006062476077337833,1408
bulk,4,8,66,1.666667,0.9902766193947582,0.0023660665638149813,0.0033297720162812684,0.0009637054524662871,1408
bulk,4,8,71,1.717172,0.9902766193947582,0.002528716817631817,0.004792327712442783,0.0022636108948109654,1408
bulk,4,8,77,1.777778,0.9902766193947582,0.0020504689688713674,0.002753235960780443,0.0007027669919090758,1408
bulk,4,8,82,1.828283,0.9902766193947582,0.0023239630933135375,0.003253424215223842,0.0009294611219103047,1408
bulk,4,8,88,1.888889,0.9902766193947582,0.002663399648336338,0.004115110236460952,0.0014517105881246143,1408
bulk,4,8,93,1.939394,0.9902766193947582,0.002435895861432419,0.00346936619681006,0.0010334703353776413,1408
bulk,4,10,4,1.040404,0.9918250269369459,0.0025705398007256413,0.00460370466800184,0.0020331648672761984,1410
bulk,4,10,10,1.10101,0.9918250269369459,0.002035851064652728,0.002947118587288195,0.0009112675226354669,1410
bulk,4,10,16,1.161616,0.9918250269369459,0.0020869473343897845,0.0030348314128296233,0.0009478840784398388,1410
bulk,4,10,21,1.212121,0.9918250269369459,0.0022266995024953144,0.0039325439141510085,0.001705844411655694,1410
bulk,4,10,27,1.272727,0.9918250269369459,0.0020736713665087847,0.0030272447931055275,0.0009535734265967428,1410
bulk,4,10,32,1.323232,0.9918250269369459,0.0018069454584429955,0.0031872132837599855,0.00138026782531699,1410
bulk,4,10,38,1.383838,0.9918250269369459,0.0018970195728724775,0.0033483482125748402,0.0014513286397023627,1410
bulk,4,10,43,1.434343,0.9918250269369459,0.0021435165095188948,0.0043079440462943965,0.0021644275367755017,1410
bulk,4,10,49,1.494949,0.9918250269369459,0.002151032957905489,0.004107497421554324,0.0019564644636488352,1410
bulk,4,10,54,1.545455,0.9918250269369459,0.00189600754514099,0.0029122867564391835,0.0010162792112981935,1410
bulk,4,10,60,1.606061,0.9918250269369459,0.0018503922549884591,0.0026427868881796243,0.0007923946331911652,1410
bulk,4,10,66,1.666667,0.9918250269369459,0.00193258300404339,0.0034647992306066034,0.0015322162265632134,1410
bulk,4,10,71,1.717172,0.9918250269369459,0.0024092654642437466,0.004950830781295261,0.0025415653170515144,1410
bulk,4,10,77,1.777778,0.9918250269369459,0.0018791740916457831,0.0028420208255719656,0.0009628467339261825,1410
bulk,4,10,82,1.828283,0.9918250269369459,0.002285580428588638,0.0031712734670763182,0.0008856930384876804,1410
bulk,4,10,88,1.888889,0.9918250269369459,0.002305313860933821,0.0040845608350407354,0.0017792469741069144,1410
bulk,4,10,93,1.939394,0.9918250269369459,0.00236197397849065,0.003537005996841306,0.001175032018350656,1410
bulk,4,15,4,1.040404,0.9943414915046506,0.002315728449999767,0.0046741941217894835,0.0023584656717897164,1415
bulk,4,15,10,1.10101,0.9943414915046506,0.0017930088953205595,0.0033821444938890934,0.001589135598568534,1415
bulk,4,15,16,1.161616,0.9943414915046506,0.0018072533401726312,0.002839419307993326,0.0010321659678206947,1415
bulk,4,15,21,1.212121,0.9943414915046506,0.002146055039004638,0.004016636645898884,0.0018705816068942463,1415
bulk,4,15,27,1.272727,0.9943414915046506,0.001725235299003388,0.003251798634586827,0.001526563335583439,1415
bulk,4,15,32,1.323232,0.9943414915046506,0.0016874047574678478,0.0032016170558123672,0.0015142122983445195,1415
bulk,4,15,38,1.383838,0.9943414915046506,0.0016848371244401166,0.003466078535760835,0.0017812414113207184,1415
bulk,4,15,43,1.434343,0.9943414915046506,0.001986568365270515,0.004267502878153702,0.002280934512883187,1415
bulk,4,15,49,1.494949,0.9943414915046506,0.0017467567737338898,0.004141881736824444,0.0023951249630905546,1415
bulk,4,15,54,1.545455,0.9943414915046506,0.0017680486837701253,0.0029114659473825086,0.0011434172636123833,1415
bulk,4,15,60,1.606061,0.9943414915046506,0.0017644275831079225,0.002524837061526008,0.0007604094784180856,1415
bulk,4,15,66,1.666667,0.9943414915046506,0.0017122845097975363,0.00333110729563148,0.0016188227858339437,1415
bulk,4,15,71,1.717172,0.9943414915046506,0.002103677928474569,0.004650266195420399,0.00254658826694583,1415
bulk,4,15,77,1.777778,0.9943414915046506,0.0018519814288182708,0.0028875817591958123,0.0010356003303775415,1415
bulk,4,15,82,1.828283,0.9943414915046506,0.0020268029593084116,0.003268755144834449,0.0012419521855260374,1415
bulk,4,15,88,1.888889,0.9943414915046506,0.0022118027938818575,0.004310206286966111,0.0020984034930842535,1415
bulk,4,15,93,1.939394,0.9943414915046506,0.002231872895391478,0.0034071960124550486,0.0011753231170635705,1415
bulk,4,20,4,1.040404,0.9958645184133185,0.0021104622271006517,0.005790097521369739,0.0036796352942690875,1420
bulk,4,20,10,1.10101,0.9958645184133185,0.0016638004038324087,0.0038197300441077994,0.002155929640275391,1420
bulk,4,20,16,1.161616,0.9958645184133185,0.0017655433506793784,0.00361741681294852,0.0018518734622691418,1420
bulk,4,20,21,1.212121,0.9958645184133185,0.001829728123638548,0.003329661325079783,0.0014999332014412347,1420
bulk,4,20,27,1.272727,0.9958645184133185,0.0015527415072023722,0.0028998918771028334,0.0013471503699004613,1420
bulk,4,20,32,1.323232,0.9958645184133185,0.0015753802804297583,0.0029681991087472798,0.0013928188283175214,1420
bulk,4,20,38,1.383838,0.9958645184133185,0.0015320012452911904,0.0037598409446793065,0.002227839699388116,1420
bulk,4,20,43,1.434343,0.9958645184133185,0.001705061132488061,0.004174335013311569,0.002469273880823508,1420
bulk,4,20,49,1.494949,0.9958645184133185,0.0017046880198286884,0.0041382951024111015,0.002433607082582413,1420
bulk,4,20,54,1.545455,0.9958645184133185,0.0016322085039956705,0.0030730107614663714,0.001440802257470701,1420
bulk,4,20,60,1.606061,0.9958645184133185,0.0016744428421668458,0.002751716391401078,0.0010772735492342324,1420
bulk,4,20,66,1.666667,0.9958645184133185,0.0015468838902233414,0.0034189589042605134,0.001872075014037172,1420
bulk,4,20,71,1.717172,0.9958645184133185,0.0019362394850245815,0.004839678302290006,0.002903438817265425,1420
bulk,4,20,77,1.777778,0.9958645184133185,0.0018288039828846902,0.003241899328284924,0.0014130953454002337,1420
bulk,4,20,82,1.828283,0.9958645184133185,0.001867383687354255,0.0031766589902022455,0.0013092753028479905,1420
bulk,4,20,88,1.888889,0.9958645184133185,0.001939322430039926,0.003995311794787809,0.002055989364747883,1420
bulk,4,20,93,1.939394,0.9958645184133185,0.0021425446668474164,0.0034399461486958613,0.001297401481848445,1420
bulk,5,1,6,1.060606,0.9411673088379292,0.0046079559299303545,0.004718988134869644,0.00011103220493928912,1501
bulk,5,1,11,1.111111,0.9411673088379292,0.004264357351774142,0.004604094715355943,0.0003397373635818015,1501
bulk,5,1,17,1.171717,0.9411673088379292,0.006381630594569501,0.007020706467684793,0.0006390758731152912,1501
bulk,5,1,22,1.222222,0.9411673088379292,0.0049498342727657876,0.004951878883869578,2.044611103790492e-06,1501
bulk,5,1,28,1.282828,0.9411673088379292,0.003497769979522357,0.0035065778145090733,8.807834986716487e-06,1501
bulk,5,1,33,1.333333,0.9411673088379292,0.00426852625762884,0.004340043676284797,7.151741865595723e-05,1501
bulk,5,1,39,1.393939,0.9411673088379292,0.005527021313262836,0.005567341897094562,4.032058383172596e-05,1501
bulk,5,1,44,1.444444,0.9411673088379292,0.003388880989614457,0.0035296470246050497,0.00014076603499059252,1501
bulk,5,1,50,1.505051,0.9411673088379292,0.0038837302166265047,0.004698004992956554,0.0008142747763300495,1501
bulk,5,1,56,1.565657,0.9411673088379292,0.0030950286224348503,0.0030957394547940797,7.108323592294047e-07,1501
bulk,5,1,61,1.616162,0.9411673088379292,0.004354979504694991,0.004751445611923025,0.00039646610722803444,1501
bulk,5,1,67,1.676768,0.9411673088379292,0.0037045787869252438,0.004064220338214943,0.0003596415512896996,1501
bulk,5,1,72,1.727273,0.9411673088379292,0.0027780500879084364,0.0028401337705317746,6.208368262333817e-05,1501
bulk,5,1,78,1.787879,0.9411673088379292,0.003630343523916245,0.003968738694463162,0.0003383951705469169,1501
bulk,5,1,83,1.838384,0.9411673088379292,0.004190972837061484,0.004191364427085923,3.9159002443965585e-07,1501
bulk,5,1,89,1.89899,0.9411673088379292,0.0030556273616506773,0.0032654922244012346,0.00020986486275055734,1501
bulk,5,1,94,1.949495,0.9411673088379292,0.002744625091437485,0.0027446420730324666,1.6981594981764492e-08,1501
bulk,5,2,6,1.060606,0.9740009339855915,0.003367802074965146,0.005017498753645579,0.0016496966786804326,1502
bulk,5,2,11,1.111111,0.9740009339855915,0.004140026808655857,0.004448504125584374,0.000308477316928517,1502
bulk,5,2,17,1.171717,0.9740009339855915,0.004931109796633014,0.005910064923093061,0.0009789551264600465,1502
bulk,5,2,22,1.222222,0.9740009339855915,0.0031589272275541866,0.0034187116062410583,0.0002597843786868717,1502
bulk,5,2,28,1.282828,0.9740009339855915,0.00233577372057153,0.00239397452548733,5.8200804915799816e-05,1502
bulk,5,2,33,1.333333,0.9740009339855915,0.002296991041977692,0.0024165613399268664,0.00011957029794917428,1502
bulk,5,2,39,1.393939,0.9740009339855915,0.0025738259666110838,0.0036212286908405104,0.0010474027242294267,1502
bulk,5,2,44,1.444444,0.9740009339855915,0.0030085817028501086,0.003169661024220474,0.00016107932137036539,1502
bulk,5,2,50,1.505051,0.9740009339855915,0.003825246410177959,0.005286127940514053,0.0014608815303360939,1502
bulk,5,2,56,1.565657,0.9740009339855915,0.002957936686417056,0.003015472402509588,5.753571609253211e-05,1502
bulk,5,2,61,1.616162,0.9740009339855915,0.003861805585302464,0.0042939180585271014,0.00043211247322463755,1502
bulk,5,2,67,1.676768,0.9740009339855915,0.003372529124057989,0.004464976764698262,0.001092447640640273,1502
bulk,5,2,72,1.727273,0.9740009339855915,0.0026708387475333894,0.002979110513991778,0.00030827176645838866,1502
bulk,5,2,78,1.787879,0.9740009339855915,0.0034953086328581018,0.003977302851387075,0.00048199421852897304,1502
bulk,5,2,83,1.838384,0.9740009339855915,0.003378388532036385,0.004483058172219909,0.0011046696401835242,1502
bulk,5,2,89,1.89899,0.9740009339855915,0.0030181576259697422,0.0031910717006252472,0.000172914074655505,1502
bulk,5,2,94,1.949495,0.9740009339855915,0.0027207654349460436,0.0028468004033541695,0.00012603496840812595,1502
bulk,5,3,6,1.060606,0.9802405649104637,0.003079803747800427,0.00449095167984674,0.0014111479320463127,1503
bulk,5,3,11,1.111111,0.9802405649104637,0.0032087554163299807,0.003753387064672351,0.0005446316483423705,1503
bulk,5,3,17,1.171717,0.9802405649104637,0.0027096745833460837,0.004991048359396591,0.0022813737760505074,1503
bulk,5,3,22,1.222222,0.9802405649104637,0.003117910728282722,0.0037509401478545354,0.0006330294195718133,1503
bulk,5,3,28,1.282828,0.9802405649104637,0.0023340884894083166,0.0024358340165194356,0.00010174552711111895,1503
bulk,5,3,33,1.333333,0.9802405649104637,0.0022432583142560185,0.0023550031995229455,0.00011174488526692703,1503
bulk,5,3,39,1.393939,0.9802405649104637,0.0025628274286527914,0.0039060861911616013,0.00134325876250881,1503
bulk,5,3,44,1.444444,0.9802405649104637,0.0022940176383387575,0.0025816651976605484,0.00028764755932179096,1503
bulk,5,3,50,1.505051,0.9802405649104637,0.002488860005683519,0.004601844073143575,0.0021129840674600562,1503
bulk,5,3,56,1.565657,0.9802405649104637,0.0023407210338360603,0.0024697188916621886,0.00012899785782612833,1503
bulk,5,3,61,1.616162,0.9802405649104637,0.0033552053200725396,0.003975076921300308,0.0006198716012277682,1503
bulk,5,3,67,1.676768,0.9802405649104637,0.002771787987597947,0.004179911019168709,0.001408123031570762,1503
bulk,5,3,72,1.727273,0.9802405649104637,0.0025950434112040465,0.0030644612459463823,0.00046941783474233577,1503
bulk,5,3,78,1.787879,0.9802405649104637,0.0033956156911873103,0.0038507710028678624,0.0004551553116805521,1503
bulk,5,3,83,1.838384,0.9802405649104637,0.003289418458408487,0.00443968551884716,0.0011502670604386731,1503
bulk,5,3,89,1.89899,0.9802405649104637,0.002932595439016393,0.0031760625679827085,0.0002434671289663153,1503
bulk,5,3,94,1.949495,0.9802405649104637,0.0025862374946172507,0.0028744538077646823,0.0002882163131474316,1503
bulk,5,4,6,1.060606,0.9836322552749189,0.0030276842484500874,0.00461249727817185,0.0015848130297217628,1504
bulk,5,4,11,1.111111,0.9836322552749189,0.0030530867403005943,0.0036114520031608048,0.0005583652628602105,1504
bulk,5,4,17,1.171717,0.9836322552749189,0.002685203576837022,0.004934011585284702,0.00224880800844768,1504
bulk,5,4,22,1.222222,0.9836322552749189,0.0028026097873065175,0.003630790140595505,0.0008281803532889874,1504
bulk,5,4,28,1.282828,0.9836322552749189,0.0022993480636501517,0.00244321416464047,0.0001438661009903184,1504
bulk,5,4,33,1.333333,0.9836322552749189,0.0020129978534787043,0.0021689075898948334,0.00015590973641612911,1504
bulk,5,4,39,1.393939,0.9836322552749189,0.0024326805076352242,0.004049214823619228,0.001616534315984004,1504
bulk,5,4,44,1.444444,0.9836322552749189,0.002131074060662156,0.00258423800436251,0.0004531639437003539,1504
bulk,5,4,50,1.505051,0.9836322552749189,0.002154512548954518,0.004515282150844154,0.0023607696018896358,1504
bulk,5,4,56,1.565657,0.9836322552749189,0.0022397991269531895,0.002362878573710403,0.00012307944675721359,1504
bulk,5,4,61,1.616162,0.9836322552749189,0.003234028890098104,0.004039138797027379,0.0008051099069292752,1504
bulk,5,4,67,1.676768,0.9836322552749189,0.002769933461328215,0.004296746629622543,0.0015268131682943283,1504
bulk,5,4,72,1.727273,0.9836322552749189,0.0022165982778758983,0.002774461155632575,0.0005578628777566769,1504
bulk,5,4,78,1.787879,0.9836322552749189,0.0029919780168206557,0.0038158175992847898,0.000823839582464134,1504
bulk,5,4,83,1.838384,0.9836322552749189,0.0030898736170364345,0.004454751968090616,0.0013648783510541817,1504
bulk,5,4,89,1.89899,0.9836322552749189,0.0024399075643111007,0.002907479785370434,0.00046757222105933346,1504
bulk,5,4,94,1.949495,0.9836322552749189,0.002581682465026926,0.0030196826727886972,0.00043800020776177135,1504
bulk,5,6,6,1.060606,0.9874940533354919,0.002963380973400771,0.004188941045686123,0.0012255600722853523,1506
bulk,5,6,11,1.111111,0.9874940533354919,0.0024686295975643734,0.003211768025783399,0.0007431384282190257,1506
bulk,5,6,17,1.171717,0.9874940533354919,0.0025051003553563404,0.0051355556908588345,0.002630455335502494,1506
bulk,5,6,22,1.222222,0.9874940533354919,0.002616221843686122,0.0036227031656941274,0.0010064813220080054,1506
bulk,5,6,28,1.282828,0.9874940533354919,0.002208686594338508,0.0022625958494197707,5.3909255081262524e-05,1506
bulk,5,6,33,1.333333,0.9874940533354919,0.001909024212353109,0.0022019132916218757,0.00029288907926876663,1506
bulk,5,6,39,1.393939,0.9874940533354919,0.0024029799137865356,0.003708218431197187,0.0013052385174106514,1506
bulk,5,6,44,1.444444,0.9874940533354919,0.0018873422332944608,0.002464730757464086,0.0005773885241696251,1506
bulk,5,6,50,1.505051,0.9874940533354919,0.0020365974535473588,0.0040299541922333895,0.0019933567386860307,1506
bulk,5,6,56,1.565657,0.9874940533354919,0.002060094656118503,0.0023525129152697816,0.0002924182591512786,1506
bulk,5,6,61,1.616162,0.9874940533354919,0.0026692557874498624,0.004342889541304563,0.0016736337538547003,1506
bulk,5,6,67,1.676768,0.9874940533354919,0.002282485508186627,0.004225932815960963,0.001943447307774336,1506
bulk,5,6,72,1.727273,0.9874940533354919,0.0020231374333210222,0.0030000579949798142,0.000976920561658792,1506
bulk,5,6,78,1.787879,0.9874940533354919,0.0027248897487789085,0.0035326918733769447,0.0008078021245980361,1506
bulk,5,6,83,1.838384,0.9874940533354919,0.0027055099978356154,0.004380251665493753,0.0016747416676581375,1506
bulk,5,6,89,1.89899,0.9874940533354919,0.0022379467933786815,0.0030583439129598135,0.0008203971195811319,1506
bulk,5,6,94,1.949495,0.9874940533354919,0.0025653595390129754,0.0030234586325931004,0.000458099093580125,1506
bulk,5,8,6,1.060606,0.9899872729245024,0.0026268929352034616,0.004366444148121331,0.0017395512129178693,1508
bulk,5,8,11,1.111111,0.9899872729245024,0.0022311072470015056,0.004038494227333456,0.0018073869803319504,1508
bulk,5,8,17,1.171717,0.9899872729245024,0.002271298356389889,0.005698971213588244,0.003427672857198355,1508
bulk,5,8,22,1.222222,0.9899872729245024,0.0023950483844937896,0.0036705449730389987,0.0012754965885452092,1508
bulk,5,8,28,1.282828,0.9899872729245024,0.0019490909837916526,0.00237640433851554,0.00042731335472388754,1508
bulk,5,8,33,1.333333,0.9899872729245024,0.0019007710594167947,0.002313878970755719,0.00041310791133892426,1508
bulk,5,8,39,1.393939,0.9899872729245024,0.00205678725515127,0.003867946525520501,0.001811159270369231,1508
bulk,5,8,44,1.444444,0.9899872729245024,0.0017561523781833247,0.002384928097487395,0.0006287757193040703,1508
bulk,5,8,50,1.505051,0.9899872729245024,0.0019520684675217537,0.0039920753258024634,0.00204000685828071,1508
bulk,5,8,56,1.565657,0.9899872729245024,0.0019617691334031387,0.002149667264956932,0.00018789813155379318,1508
bulk,5,8,61,1.616162,0.9899872729245024,0.0026202474468019423,0.003982755977825426,0.0013625085310234836,1508
bulk,5,8,67,1.676768,0.9899872729245024,0.002064979932760182,0.004415961236403792,0.00235098130364361,1508
bulk,5,8,72,1.727273,0.9899872729245024,0.002008891712995432,0.002847034466514768,0.000838142753519336,1508
bulk,5,8,78,1.787879,0.9899872729245024,0.0025468691631012714,0.0037005931246611784,0.001153723961559907,1508
bulk,5,8,83,1.838384,0.9899872729245024,0.0020308294582164965,0.004307100693274004,0.002276271235057507,1508
bulk,5,8,89,1.89899,0.9899872729245024,0.002185729568031414,0.002945567777598941,0.000759838209567527,1508
bulk,5,8,94,1.949495,0.9899872729245024,0.0023845122737885176,0.0029589533037288084,0.0005744410299402909,1508
bulk,5,10,6,1.060606,0.9916886858279668,0.0025198704816806103,0.004367245976345547,0.0018473754946649362,1510
bulk,5,10,11,1.111111,0.9916886858279668,0.0021010314347546717,0.004424939821974744,0.002323908387220072,1510
bulk,5,10,17,1.171717,0.9916886858279668,0.002261955820262726,0.006015403759030446,0.00375344793876772,1510
bulk,5,10,22,1.222222,0.9916886858279668,0.0022438691762686493,0.003664214829576037,0.0014203456533073877,1510
bulk,5,10,28,1.282828,0.9916886858279668,0.0019469520729001742,0.0023522635075875543,0.00040531143468738005,1510
bulk,5,10,33,1.333333,0.9916886858279668,0.0018989867765087513,0.0024833148437520955,0.0005843280672433442,1510
bulk,5,10,39,1.393939,0.9916886858279668,0.0019708902657255474,0.0034782037793386973,0.00150731351361315,1510
bulk,5,10,44,1.444444,0.9916886858279668,0.0016190657369483615,0.002813406039275971,0.0011943403023276095,1510
bulk,5,10,50,1.505051,0.9916886858279668,0.0019346554723593606,0.0042935703367089585,0.002358914864349598,1510
bulk,5,10,56,1.565657,0.9916886858279668,0.0019195452488535198,0.0024231563335788174,0.0005036110847252977,1510
bulk,5,10,61,1.616162,0.9916886858279668,0.0021841144947892526,0.0049085074865830875,0.002724392991793835,1510
bulk,5,10,67,1.676768,0.9916886858279668,0.002052055550890078,0.0037363801503491273,0.0016843245994590493,1510
bulk,5,10,72,1.727273,0.9916886858279668,0.001988341082381908,0.0026205418679507934,0.0006322007855688854,1510
bulk,5,10,78,1.787879,0.9916886858279668,0.002230897328194028,0.0034871167358996166,0.0012562194077055887,1510
bulk,5,10,83,1.838384,0.9916886858279668,0.0018519347889179138,0.004236201203579745,0.0023842664146618313,1510
bulk,5,10,89,1.89899,0.9916886858279668,0.002029305021675107,0.0032196449958355852,0.0011903399741604783,1510
bulk,5,10,94,1.949495,0.9916886858279668,0.002313545078286549,0.002991774859802604,0.0006782297815160552,1510
bulk,5,15,6,1.060606,0.9943139419687359,0.0021847848917167954,0.004524581629823915,0.0023397967381071196,1515
bulk,5,15,11,1.111111,0.9943139419687359,0.0017033364998519577,0.0045694319680591525,0.0028660954682071947,1515
bulk,5,15,17,1.171717,0.9943139419687359,0.0018819314475088968,0.005854567877610088,0.003972636430101191,1515
bulk,5,15,22,1.222222,0.9943139419687359,0.002032325821979321,0.003611054499297527,0.001578728677318206,1515
bulk,5,15,28,1.282828,0.9943139419687359,0.0018455351654683382,0.002476532939879587,0.0006309977744112488,1515
bulk,5,15,33,1.333333,0.9943139419687359,0.0016817161941903337,0.0023634926496968805,0.0006817764555065468,1515
bulk,5,15,39,1.393939,0.9943139419687359,0.0018793034562639577,0.0040240989677807785,0.0021447955115168208,1515
bulk,5,15,44,1.444444,0.9943139419687359,0.001566713107507617,0.0025390348867543122,0.0009723217792466953,1515
bulk,5,15,50,1.505051,0.9943139419687359,0.0018576986101843515,0.004392370273280536,0.0025346716630961844,1515
bulk,5,15,56,1.565657,0.9943139419687359,0.001815109555746652,0.0021840116432513086,0.0003689020875046567,1515
bulk,5,15,61,1.616162,0.9943139419687359,0.0019151038071855374,0.003962814830577317,0.0020477110233917796,1515
bulk,5,15,67,1.676768,0.9943139419687359,0.001923627830636246,0.004166556860058472,0.0022429290294222253,1515
bulk,5,15,72,1.727273,0.9943139419687359,0.001732972278635046,0.002511169323584437,0.0007781970449493912,1515
bulk,5,15,78,1.787879,0.9943139419687359,0.002076880124959967,0.004068505645984745,0.001991625521024778,1515
bulk,5,15,83,1.838384,0.9943139419687359,0.001787010201667748,0.004480869301964981,0.002693859100297233,1515
bulk,5,15,89,1.89899,0.9943139419687359,0.001845447735851799,0.0029442728456108565,0.0010988251097590574,1515
bulk,5,15,94,1.949495,0.9943139419687359,0.002147415486400431,0.002800324822501708,0.0006529093361012771,1515
bulk,5,20,6,1.060606,0.9958804710266269,0.0021274458462809485,0.004076304002843207,0.0019488581565622583,1520
bulk,5,20,11,1.111111,0.9958804710266269,0.0016209806719029783,0.004932338136911091,0.0033113574650081123,1520
bulk,5,20,17,1.171717,0.9958804710266269,0.0017607206599313794,0.007257635259494824,0.005496914599563444,1520
bulk,5,20,22,1.222222,0.9958804710266269,0.0018894554393987747,0.003932035622946705,0.0020425801835479303,1520
bulk,5,20,28,1.282828,0.9958804710266269,0.0017609279640115481,0.00232177136763509,0.000560843403623542,1520
bulk,5,20,33,1.333333,0.9958804710266269,0.0015855173107813176,0.002526563021038669,0.0009410457102573514,1520
bulk,5,20,39,1.393939,0.9958804710266269,0.0017439777569047104,0.0033171001014076344,0.001573122344502924,1520
bulk,5,20,44,1.444444,0.9958804710266269,0.0015351418465029748,0.002979873680122304,0.0014447318336193293,1520
bulk,5,20,50,1.505051,0.9958804710266269,0.0016411730867584389,0.004616019000871117,0.002974845914112678,1520
bulk,5,20,56,1.565657,0.9958804710266269,0.0017716183637257862,0.0022333014524885224,0.00046168308876273615,1520
bulk,5,20,61,1.616162,0.9958804710266269,0.0018839317868963625,0.004506366454228631,0.0026224346673322683,1520
bulk,5,20,67,1.676768,0.9958804710266269,0.0017895021350625368,0.0038592035798174513,0.0020697014447549145,1520
bulk,5,20,72,1.727273,0.9958804710266269,0.00155044148376379,0.002605067525324926,0.001054626041561136,1520
bulk,5,20,78,1.787879,0.9958804710266269,0.0019384588799900072,0.0036090370385936667,0.0016705781586036595,1520
bulk,5,20,83,1.838384,0.9958804710266269,0.0017484861609268498,0.004298586637201877,0.0025501004762750277,1520
bulk,5,20,89,1.89899,0.9958804710266269,0.0017469637874560956,0.0030867129382568565,0.0013397491508007609,1520
bulk,5,20,94,1.949495,0.9958804710266269,0.001973982443192244,0.002914170054917929,0.0009401876117256847,1520
small,1,1,1,1.010101,0.9644674279671345,0.07238976596018593,0.07246860070820649,7.8834748020562e-05,2101
small,1,1,7,1.070707,0.9644674279671345,0.04216692079581247,0.042251500812489476,8.458001667700776e-05,2101
small,1,1,12,1.121212,0.9644674279671345,0.016427605422190694,0.018923551057137878,0.0024959456349471845,2101
small,1,1,18,1.181818,0.9644674279671345,0.026078419586475443,0.026154096763065838,7.567717659039477e-05,2101
small,1,1,23,1.232323,0.9644674279671345,0.03388064273177152,0.034760135218814284,0.0008794924870427628,2101
small,1,1,29,1.292929,0.9644674279671345,0.03949681528088359,0.039830235372752376,0.00033342009186878435,2101
small,1,1,34,1.343434,0.9644674279671345,0.04134794747661336,0.041823641803218875,0.0004756943266055122,2101
small,1,1,40,1.40404,0.9644674279671345,0.028560907713163726,0.02876871911545925,0.00020781140229552547,2101
small,1,1,46,1.464646,0.9644674279671345,0.027528967121158047,0.027916347223041368,0.0003873801018833209,2101
small,1,1,51,1.515152,0.9644674279671345,0.022145273978575655,0.022185047774695956,3.977379612030152e-05,2101
small,1,1,57,1.575758,0.9644674279671345,0.012485975196421176,0.01249255548925748,6.580292836304638e-06,2101
small,1,1,62,1.626263,0.9644674279671345,0.010979559074731027,0.011364702221527943,0.0003851431467969159,2101
small,1,1,68,1.686869,0.9644674279671345,0.00792172343923529,0.008782687031064154,0.000860963591828863,2101
small,1,1,73,1.737374,0.9644674279671345,0.01614959206871448,0.017711716004128835,0.0015621239354143557,2101
small,1,1,79,1.79798,0.9644674279671345,0.01889061266737427,0.01909253518437286,0.00020192251699858998,2101
small,1,1,84,1.848485,0.9644674279671345,0.02299538768565251,0.022997154966509236,1.7672808567265053e-06,2101
small,1,1,90,1.909091,0.9644674279671345,0.02741140376860953,0.027415308330591366,3.904561981835086e-06,2101
small,1,1,96,1.969697,0.9644674279671345,0.032230635853953284,0.032296848842057066,6.621298810378234e-05,2101
small,1,2,1,1.010101,0.9967834525580579,0.01291196868266148,0.014372935606126448,0.001460966923464967,2102
small,1,2,7,1.070707,0.9967834525580579,0.006154807328288899,0.011660572360623999,0.0055057650323351,2102
small,1,2,12,1.121212,0.9967834525580579,0.016286449461525087,0.018513925983862742,0.002227476522337655,2102
small,1,2,18,1.181818,0.9967834525580579,0.01221049584109026,0.013671493751157704,0.0014609979100674436,2102
small,1,2,23,1.232323,0.9967834525580579,0.013894750157625965,0.019888648726537828,0.005993898568911863,2102
small,1,2,29,1.292929,0.9967834525580579,0.00736888889197665,0.008262752321974645,0.0008938634299979946,2102
small,1,2,34,1.343434,0.9967834525580579,0.008827048032747266,0.010384050028952123,0.001557001996204857,2102
small,1,2,40,1.40404,0.9967834525580579,0.007872268323058887,0.012170346223761723,0.004298077900702836,2102
small,1,2,46,1.464646,0.9967834525580579,0.009226186317331256,0.009234678877674998,8.492560343742461e-06,2102
small,1,2,51,1.515152,0.9967834525580579,0.008564862338023393,0.008969100484001782,0.00040423814597838857,2102
small,1,2,57,1.575758,0.9967834525580579,0.007789659977406155,0.007873003968102688,8.33439906965331e-05,2102
small,1,2,62,1.626263,0.9967834525580579,0.00946353609380099,0.010274518958056603,0.0008109828642556133,2102
small,1,2,68,1.686869,0.9967834525580579,0.006260032599899888,0.008380774368579027,0.002120741768679139,2102
small,1,2,73,1.737374,0.9967834525580579,0.007387623539939483,0.009444915672813728,0.002057292132874245,2102
small,1,2,79,1.79798,0.9967834525580579,0.0051212332865503635,0.005158436822920017,3.7203536369653095e-05,2102
small,1,2,84,1.848485,0.9967834525580579,0.006422675407247904,0.006632261472020165,0.0002095860647722608,2102
small,1,2,90,1.909091,0.9967834525580579,0.006601707159323654,0.0068976064061899555,0.00029589924686630135,2102
small,1,2,96,1.969697,0.9967834525580579,0.0070967878478947095,0.007309889804085278,0.00021310195619056883,2102
small,1,3,1,1.010101,0.9980910443165736,0.012062748050022717,0.014925553168131024,0.0028628051181083074,2103
small,1,3,7,1.070707,0.9980910443165736,0.005678469503781366,0.011261987051138076,0.00558351754735671,2103
small,1,3,12,1.121212,0.9980910443165736,0.011579179912137387,0.014817507100442532,0.003238327188305145,2103
small,1,3,18,1.181818,0.9980910443165736,0.007536830179443449,0.00943022072902866,0.0018933905495852107,2103
small,1,3,23,1.232323,0.9980910443165736,0.008015113500663898,0.012613745332526051,0.004598631831862153,2103
small,1,3,29,1.292929,0.9980910443165736,0.007368675379037729,0.012619850647788812,0.005251175268751083,2103
small,1,3,34,1.343434,0.9980910443165736,0.007793861508652532,0.009561392938577074,0.0017675314299245423,2103
small,1,3,40,1.40404,0.9980910443165736,0.007854850432530761,0.010779953166417142,0.002925102733886381,2103
small,1,3,46,1.464646,0.9980910443165736,0.00902355303034358,0.010223463136841849,0.0011999101064982687,2103
small,1,3,51,1.515152,0.9980910443165736,0.004354227661667633,0.005349318670069468,0.0009950910084018357,2103
small,1,3,57,1.575758,0.9980910443165736,0.005703362204554356,0.005885516771301982,0.00018215456674762574,2103
small,1,3,62,1.626263,0.9980910443165736,0.006385349046078628,0.008147993192459332,0.0017626441463807043,2103
small,1,3,68,1.686869,0.9980910443165736,0.005190046019706872,0.007442662202458536,0.0022526161827516643,2103
small,1,3,73,1.737374,0.9980910443165736,0.007038685584470205,0.010163640709278917,0.0031249551248087115,2103
small,1,3,79,1.79798,0.9980910443165736,0.005120860389243337,0.005690189330622585,0.000569328941379248,2103
small,1,3,84,1.848485,0.9980910443165736,0.005985039219766448,0.006078737201617846,9.369798185139815e-05,2103
small,1,3,90,1.909091,0.9980910443165736,0.005991111670909215,0.0068265731767249566,0.0008354615058157417,2103
small,1,3,96,1.969697,0.9980910443165736,0.004257907332364428,0.005409016768316574,0.0011511094359521468,2103
small,1,4,1,1.010101,0.998658267398111,0.011714643763738031,0.01621516149517275,0.004500517731434717,2104
small,1,4,7,1.070707,0.998658267398111,0.00560819966912948,0.011719750153705438,0.006111550484575959,2104
small,1,4,12,1.121212,0.998658267398111,0.01068545850658113,0.016201589509897446,0.0055161310033163165,2104
small,1,4,18,1.181818,0.998658267398111,0.007527833255934738,0.008902128796028466,0.0013742955400937278,2104
small,1,4,23,1.232323,0.998658267398111,0.006957243045932885,0.013223934610117869,0.006266691564184984,2104
small,1,4,29,1.292929,0.998658267398111,0.007256722422815663,0.009077855437420377,0.001821133014604714,2104
small,1,4,34,1.343434,0.998658267398111,0.007779602668266383,0.012975185941117249,0.005195583272850865,2104
small,1,4,40,1.40404,0.998658267398111,0.0076496679485078805,0.00963533469908906,0.0019856667505811793,2104
small,1,4,46,1.464646,0.998658267398111,0.0072695880636140684,0.00948990127273453,0.002220313209120461,2104
small,1,4,51,1.515152,0.998658267398111,0.0042427642335270705,0.005774568944364106,0.0015318047108370354,2104
small,1,4,57,1.575758,0.998658267398111,0.0043539247287398145,0.006657389089606109,0.002303464360866294,2104
small,1,4,62,1.626263,0.998658267398111,0.005999354295079277,0.006778098768686605,0.0007787444736073275,2104
small,1,4,68,1.686869,0.998658267398111,0.00464972997014444,0.00709576269022048,0.0024460327200760404,2104
small,1,4,73,1.737374,0.998658267398111,0.005345372695193317,0.007984492538636524,0.0026391198434432064,2104
small,1,4,79,1.79798,0.998658267398111,0.004416897797165449,0.006067738897656175,0.001650841100490726,2104
small,1,4,84,1.848485,0.998658267398111,0.005762914844044315,0.0063266551970870355,0.0005637403530427201,2104
small,1,4,90,1.909091,0.998658267398111,0.005801881215641826,0.006624284550166392,0.0008224033345245662,2104
small,1,4,96,1.969697,0.998658267398111,0.004249813093388462,0.0055325972742460575,0.0012827841808575957,2104
small,1,6,1,1.010101,0.9991021541053701,0.010187345487914497,0.01599236486165495,0.005805019373740453,2106
small,1,6,7,1.070707,0.9991021541053701,0.005289279777285789,0.012850400175723552,0.007561120398437763,2106
small,1,6,12,1.121212,0.9991021541053701,0.009057238749580894,0.017456588165411367,0.008399349415830473,2106
small,1,6,18,1.181818,0.9991021541053701,0.006020577236958463,0.008885995178532552,0.002865417941574089,2106
small,1,6,23,1.232323,0.9991021541053701,0.00667527288025615,0.012975986628344484,0.006300713748088334,2106
small,1,6,29,1.292929,0.9991021541053701,0.005088247183865087,0.008958117272970212,0.0038698700891051253,2106
small,1,6,34,1.343434,0.9991021541053701,0.007096108642413766,0.011972424605908463,0.004876315963494697,2106
small,1,6,40,1.40404,0.9991021541053701,0.006615549776693914,0.010713784471477753,0.004098234694783839,2106
small,1,6,46,1.464646,0.9991021541053701,0.007010621580358893,0.009752754770670006,0.002742133190311113,2106
small,1,6,51,1.515152,0.9991021541053701,0.004213985855284642,0.006468146243979318,0.002254160388694676,2106
small,1,6,57,1.575758,0.9991021541053701,0.004264219660238799,0.005543235805076817,0.0012790161448380183,2106
small,1,6,62,1.626263,0.9991021541053701,0.00489361513375906,0.007867196712292508,0.002973581578533448,2106
small,1,6,68,1.686869,0.9991021541053701,0.004146658927400602,0.0064728675500076195,0.0023262086226070178,2106
small,1,6,73,1.737374,0.9991021541053701,0.004803049142350768,0.01016173533653247,0.0053586861941817025,2106
small,1,6,79,1.79798,0.9991021541053701,0.0034213599914102786,0.006596035918659937,0.0031746759272496586,2106
small,1,6,84,1.848485,0.9991021541053701,0.0037571787528377317,0.005933145193821794,0.002175966440984062,2106
small,1,6,90,1.909091,0.9991021541053701,0.003399263319211044,0.006612245288274418,0.0032129819690633744,2106
small,1,6,96,1.969697,0.9991021541053701,0.0032010255897868658,0.006473653708213323,0.0032726281184264575,2106
small,1,8,1,1.010101,0.9993719881230638,0.008051551101397617,0.014869499782934118,0.006817948681536502,2108
small,1,8,7,1.070707,0.9993719881230638,0.004805127781160458,0.013582515321060518,0.00877738753990006,2108
small,1,8,12,1.121212,0.9993719881230638,0.008145719560938357,0.01912841607012682,0.010982696509188462,2108
small,1,8,18,1.181818,0.9993719881230638,0.005427787138647273,0.009458973192284462,0.004031186053637188,2108
small,1,8,23,1.232323,0.9993719881230638,0.004760066269758196,0.015531110799154832,0.010771044529396635,2108
small,1,8,29,1.292929,0.9993719881230638,0.0050496515699215636,0.008238382716090422,0.0031887311461688585,2108
small,1,8,34,1.343434,0.9993719881230638,0.004912170085816546,0.015632254886231736,0.01072008480041519,2108
small,1,8,40,1.40404,0.9993719881230638,0.0046531716415928025,0.010219618858035698,0.005566447216442895,2108
small,1,8,46,1.464646,0.9993719881230638,0.004735104432366779,0.00864601296752844,0.003910908535161662,2108
small,1,8,51,1.515152,0.9993719881230638,0.003674206986633941,0.006063817505874427,0.0023896105192404865,2108
small,1,8,57,1.575758,0.9993719881230638,0.003516604585317265,0.006504442285085642,0.0029878376997683766,2108
small,1,8,62,1.626263,0.9993719881230638,0.0036737454487324904,0.006676964239746259,0.0030032187910137686,2108
small,1,8,68,1.686869,0.9993719881230638,0.003720049793113381,0.006760172531729114,0.003040122738615733,2108
small,1,8,73,1.737374,0.9993719881230638,0.003801674566092861,0.008176482879115972,0.00437480831302311,2108
small,1,8,79,1.79798,0.9993719881230638,0.003392873595130074,0.00637449080871692,0.002981617213586846,2108
small,1,8,84,1.848485,0.9993719881230638,0.0035973470507579693,0.006455397290769395,0.002858050240011426,2108
small,1,8,90,1.909091,0.9993719881230638,0.003208086566601366,0.006755661541043113,0.003547574974441747,2108
small,1,8,96,1.969697,0.9993719881230638,0.002969683558452925,0.005601170622491806,0.0026314870640388815,2108
small,1,10,1,1.010101,0.9995076891498836,0.007905150323243779,0.018863216346953995,0.010958066023710217,2110
small,1,10,7,1.070707,0.9995076891498836,0.004651203024347661,0.012503136933198076,0.007851933908850415,2110
small,1,10,12,1.121212,0.9995076891498836,0.007189681960403773,0.014850105602775615,0.007660423642371842,2110
small,1,10,18,1.181818,0.9995076891498836,0.004346464643621793,0.008483844875341434,0.00413738023171964,2110
small,1,10,23,1.232323,0.9995076891498836,0.004240684663765356,0.014896434895535432,0.010655750231770077,2110
small,1,10,29,1.292929,0.9995076891498836,0.004988342643463498,0.008397314458341916,0.0034089718148784176,2110
small,1,10,34,1.343434,0.9995076891498836,0.004725070272412754,0.0127754425694232,0.008050372297010444,2110
small,1,10,40,1.40404,0.9995076891498836,0.004446051522109715,0.010313406491739861,0.005867354969630146,2110
small,1,10,46,1.464646,0.9995076891498836,0.004151588436181587,0.00880602526661275,0.004654436830431163,2110
small,1,10,51,1.515152,0.9995076891498836,0.0031076264628523047,0.0052934715106640814,0.0021858450478117767,2110
small,1,10,57,1.575758,0.9995076891498836,0.003202420020643464,0.00567726266839441,0.002474842647750946,2110
small,1,10,62,1.626263,0.9995076891498836,0.0034972181719254126,0.0073055592759655496,0.003808341104040137,2110
small,1,10,68,1.686869,0.9995076891498836,0.0032139984062385185,0.006144140129704916,0.0029301417234663977,2110
small,1,10,73,1.737374,0.9995076891498836,0.0033429297474738364,0.00932310808380609,0.005980178336332255,2110
small,1,10,79,1.79798,0.9995076891498836,0.003368370940324363,0.006019187697633872,0.0026508167573095092,2110
small,1,10,84,1.848485,0.9995076891498836,0.003116666324020856,0.006261231172284623,0.0031445648482637673,2110
small,1,10,90,1.909091,0.9995076891498836,0.0031751769475277395,0.006409467490786227,0.0032342905432584876,2110
small,1,10,96,1.969697,0.9995076891498836,0.002866815842689719,0.006131163317061483,0.003264347474371764,2110
small,1,15,1,1.010101,0.9996842837349077,0.006215106515992493,0.031881892287895335,0.02566678577190284,2115
small,1,15,7,1.070707,0.9996842837349077,0.004538195820079423,0.013931543816039015,0.009393347995959592,2115
small,1,15,12,1.121212,0.9996842837349077,0.005347534092466465,0.03137614472781207,0.026028610635345603,2115
small,1,15,18,1.181818,0.9996842837349077,0.0041778197015758505,0.020675506771941684,0.016497687070365835,2115
small,1,15,23,1.232323,0.9996842837349077,0.004051180439515669,0.01343965699413987,0.0093884765546242,2115
small,1,15,29,1.292929,0.9996842837349077,0.0038055811338604875,0.01074920093821606,0.006943619804355573,2115
small,1,15,34,1.343434,0.9996842837349077,0.0037790858359722517,0.021288629002285637,0.017509543166313386,2115
small,1,15,40,1.40404,0.9996842837349077,0.003933202281550243,0.01158493855213909,0.007651736270588846,2115
small,1,15,46,1.464646,0.9996842837349077,0.00350796252268155,0.010955910162472134,0.007447947639790584,2115
small,1,15,51,1.515152,0.9996842837349077,0.002876398110608659,0.008668118739969661,0.005791720629361002,2115
small,1,15,57,1.575758,0.9996842837349077,0.003051257229265159,0.007930743823449611,0.004879486594184452,2115
small,1,15,62,1.626263,0.9996842837349077,0.003328493662963207,0.007149318771898427,0.00382082510893522,2115
small,1,15,68,1.686869,0.9996842837349077,0.0029907756524888613,0.006346127317031869,0.0033553516645430073,2115
small,1,15,73,1.737374,0.9996842837349077,0.0027482193829349217,0.012903593827884472,0.010155374444949551,2115
small,1,15,79,1.79798,0.9996842837349077,0.0027012024294533524,0.007369512187996445,0.004668309758543092,2115
small,1,15,84,1.848485,0.9996842837349077,0.002751919925717324,0.006198522722972931,0.003446602797255607,2115
small,1,15,90,1.909091,0.9996842837349077,0.002975304835229761,0.006813996483161448,0.0038386916479316866,2115
small,1,15,96,1.969697,0.9996842837349077,0.0027658499625007535,0.008264237353174688,0.005498387390673935,2115
small,1,20,1,1.010101,0.9997834435082961,0.006120977610360746,0.016799454489123795,0.01067847687876305,2120
small,1,20,7,1.070707,0.9997834435082961,0.00452061346117186,0.013616612750047887,0.009095999288876028,2120
small,1,20,12,1.121212,0.9997834435082961,0.004923743145333745,0.02091363927855204,0.015989896133218294,2120
small,1,20,18,1.181818,0.9997834435082961,0.00407155777859266,0.011328051516030214,0.007256493737437554,2120
small,1,20,23,1.232323,0.9997834435082961,0.003940194539126874,0.011282367270719934,0.00734217273159306,2120
small,1,20,29,1.292929,0.9997834435082961,0.0037787516019585064,0.009256447731226764,0.005477696129268258,2120
small,1,20,34,1.343434,0.9997834435082961,0.003714147195217984,0.01439354183813756,0.010679394642919577,2120
small,1,20,40,1.40404,0.9997834435082961,0.0036539730906057517,0.012085361763019565,0.008431388672413814,2120
small,1,20,46,1.464646,0.9997834435082961,0.0034292227306523134,0.011106187178759662,0.007676964448107348,2120
small,1,20,51,1.515152,0.9997834435082961,0.0027875616995651,0.007262003982276229,0.004474442282711129,2120
small,1,20,57,1.575758,0.9997834435082961,0.0027400801437568586,0.007496586467839439,0.00475650632408258,2120
small,1,20,62,1.626263,0.9997834435082961,0.0032500501577682477,0.008536647536111998,0.005286597378343751,2120
small,1,20,68,1.686869,0.9997834435082961,0.0027488813087688884,0.005085957366017496,0.0023370760572486078,2120
small,1,20,73,1.737374,0.9997834435082961,0.0026961870829660018,0.013823089541159619,0.011126902458193618,2120
small,1,20,79,1.79798,0.9997834435082961,0.0025208049263443265,0.0077618263853573895,0.005241021459013063,2120
small,1,20,84,1.848485,0.9997834435082961,0.0025253808314211396,0.0060119277905676975,0.003486546959146558,2120
small,1,20,90,1.909091,0.9997834435082961,0.002535968562871398,0.007858360507380138,0.0053223919445087396,2120
small,1,20,96,1.969697,0.9997834435082961,0.0025531525730215906,0.010880656569763532,0.008327503996741942,2120
small,2,1,2,1.020202,0.964755662390139,0.07251207581229772,0.07251211511902049,3.930672276553082e-08,2201
small,2,1,8,1.080808,0.964755662390139,0.030622054470587592,0.030720827479041007,9.877300845341497e-05,2201
small,2,1,13,1.131313,0.964755662390139,0.007409556986874136,0.007417808898115914,8.251911241778133e-06,2201
small,2,1,19,1.191919,0.964755662390139,0.022917773491380983,0.02457392537408377,0.0016561518827027874,2201
small,2,1,24,1.242424,0.964755662390139,0.03669435525179415,0.03719206939885771,0.000497714147063559,2201
small,2,1,30,1.30303,0.964755662390139,0.04127206624674719,0.042521172005433275,0.0012491057586860865,2201
small,2,1,36,1.363636,0.964755662390139,0.03589489155268476,0.03602252456412819,0.00012763301144343153,2201
small,2,1,41,1.414141,0.964755662390139,0.03043599299356901,0.03044186972795595,5.876734386938559e-06,2201
small,2,1,47,1.474747,0.964755662390139,0.026995434894563783,0.02779904349324293,0.0008036085986791487,2201
small,2,1,52,1.525253,0.964755662390139,0.020687889021333745,0.021535169224482894,0.0008472802031491491,2201
small,2,1,58,1.585859,0.964755662390139,0.01072046522340023,0.010962427600810723,0.00024196237741049183,2201
small,2,1,63,1.636364,0.964755662390139,0.008762316450723279,0.008765415863638059,3.099412914779956e-06,2201
small,2,1,69,1.69697,0.964755662390139,0.009536177067939775,0.009642877701001418,0.00010670063306164254,2201
small,2,1,74,1.747475,0.964755662390139,0.014446372096808938,0.01446555737441622,1.9185277607282336e-05,2201
small,2,1,80,1.808081,0.964755662390139,0.02172879329244167,0.022747273894731843,0.0010184806022901713,2201
small,2,1,86,1.868687,0.964755662390139,0.02656178971668445,0.026591168433679042,2.9378716994592213e-05,2201
small,2,1,91,1.919192,0.964755662390139,0.029377942816017605,0.029413149887346342,3.520707132873696e-05,2201
small,2,1,97,1.979798,0.964755662390139,0.0367213876660519,0.03672996441551356,8.576749461655653e-06,2201
small,2,2,2,1.020202,0.9967284954230499,0.015150831454418132,0.018568426474869736,0.0034175950204516047,2202
small,2,2,8,1.080808,0.9967284954230499,0.010436636300298499,0.01059228816280862,0.00015565186251012206,2202
small,2,2,13,1.131313,0.9967284954230499,0.006881357277676971,0.007630659702153647,0.0007493024244766763,2202
small,2,2,19,1.191919,0.9967284954230499,0.011714472792771083,0.013585702185364696,0.0018712293925936124,2202
small,2,2,24,1.242424,0.9967284954230499,0.00920407974159686,0.009428263300085863,0.00022418355848900264,2202
small,2,2,30,1.30303,0.9967284954230499,0.00776765499085901,0.012495189021808632,0.004727534030949622,2202
small,2,2,36,1.363636,0.9967284954230499,0.005355197781697744,0.006896982797910166,0.0015417850162124224,2202
small,2,2,41,1.414141,0.9967284954230499,0.006389543993251213,0.00695505980377246,0.0005655158105212464,2202
small,2,2,47,1.474747,0.9967284954230499,0.010622973011478297,0.013777229858860792,0.003154256847382495,2202
small,2,2,52,1.525253,0.9967284954230499,0.008147192235628896,0.009397242960200138,0.0012500507245712424,2202
small,2,2,58,1.585859,0.9967284954230499,0.007471285732205306,0.007641372715107186,0.00017008698290187953,2202
small,2,2,63,1.636364,0.9967284954230499,0.008270128467649372,0.008401003947794373,0.00013087548014500093,2202
small,2,2,69,1.69697,0.9967284954230499,0.006164371904329867,0.006350585368853809,0.00018621346452394206,2202
small,2,2,74,1.747475,0.9967284954230499,0.004450146440832226,0.004651467177288412,0.0002013207364561856,2202
small,2,2,80,1.808081,0.9967284954230499,0.006215092516281724,0.008902279438490411,0.0026871869222086873,2202
small,2,2,86,1.868687,0.9967284954230499,0.006157811591223134,0.006211098444540084,5.3286853316950565e-05,2202
small,2,2,91,1.919192,0.9967284954230499,0.006994231004383686,0.007046647895576569,5.241689119288295e-05,2202
small,2,2,97,1.979798,0.9967284954230499,0.011291334769880831,0.011574981124175425,0.0002836463542945939,2202
small,2,3,2,1.020202,0.9980300802170795,0.011432813765980862,0.01647809465477721,0.005045280888796348,2203
small,2,3,8,1.080808,0.9980300802170795,0.009401605819308366,0.01077092712365746,0.0013693213043490943,2203
small,2,3,13,1.131313,0.9980300802170795,0.006239772232387852,0.009504569121704498,0.003264796889316646,2203
small,2,3,19,1.191919,0.9980300802170795,0.009620877640544158,0.011625005245732652,0.0020041276051884944,2203
small,2,3,24,1.242424,0.9980300802170795,0.006224125165869324,0.007935688802114317,0.0017115636362449935,2203
small,2,3,30,1.30303,0.9980300802170795,0.007436100170059192,0.01432620123735198,0.006890101067292789,2203
small,2,3,36,1.363636,0.9980300802170795,0.004632882133839882,0.007411597895336451,0.0027787157614965682,2203
small,2,3,41,1.414141,0.9980300802170795,0.005717113390223758,0.006323039293492516,0.0006059259032687577,2203
small,2,3,47,1.474747,0.9980300802170795,0.006308480996553856,0.010521850404826722,0.004213369408272866,2203
small,2,3,52,1.525253,0.9980300802170795,0.006617975760274474,0.009483463588787005,0.00286548782851253,2203
small,2,3,58,1.585859,0.9980300802170795,0.005589905999922359,0.00661366418904363,0.0010237581891212703,2203
small,2,3,63,1.636364,0.9980300802170795,0.0047864186500517795,0.005236820857070371,0.0004504022070185914,2203
small,2,3,69,1.69697,0.9980300802170795,0.005715766863037397,0.006554942402091263,0.0008391755390538659,2203
small,2,3,74,1.747475,0.9980300802170795,0.004095511107103919,0.00459233451552046,0.0004968234084165406,2203
small,2,3,80,1.808081,0.9980300802170795,0.006191507017867778,0.009459371826969916,0.0032678648091021374,2203
small,2,3,86,1.868687,0.9980300802170795,0.004757046186331301,0.005160479457954022,0.00040343327162272076,2203
small,2,3,91,1.919192,0.9980300802170795,0.005672959773239291,0.006330266247149129,0.0006573064739098375,2203
small,2,3,97,1.979798,0.9980300802170795,0.005368792350910937,0.005732049059361928,0.00036325670845099075,2203
small,2,4,2,1.020202,0.9985975345592678,0.010119852944611029,0.013863464227190118,0.0037436112825790895,2204
small,2,4,8,1.080808,0.9985975345592678,0.007177394429514926,0.010440004575991646,0.0032626101464767196,2204
small,2,4,13,1.131313,0.9985975345592678,0.006161024797905018,0.007289432933951155,0.001128408136046137,2204
small,2,4,19,1.191919,0.9985975345592678,0.00899530063764747,0.013157925891080939,0.004162625253433468,2204
small,2,4,24,1.242424,0.9985975345592678,0.006031051658985136,0.0064750275268965285,0.00044397586791139216,2204
small,2,4,30,1.30303,0.9985975345592678,0.0074248321024380564,0.00993803458958193,0.002513202487143874,2204
small,2,4,36,1.363636,0.9985975345592678,0.004412591299193095,0.0060414505488289175,0.0016288592496358223,2204
small,2,4,41,1.414141,0.9985975345592678,0.005706780141332526,0.007110663062767838,0.0014038829214353121,2204
small,2,4,47,1.474747,0.9985975345592678,0.005671523122161545,0.012940388928307135,0.00726886580614559,2204
small,2,4,52,1.525253,0.9985975345592678,0.00646461383302733,0.007676574710130941,0.0012119608771036109,2204
small,2,4,58,1.585859,0.9985975345592678,0.005261259716973525,0.005589053095499394,0.00032779337852586934,2204
small,2,4,63,1.636364,0.9985975345592678,0.004772040455689473,0.005442927408397534,0.0006708869527080608,2204
small,2,4,69,1.69697,0.9985975345592678,0.005048960312569682,0.006165845548848812,0.0011168852362791306,2204
small,2,4,74,1.747475,0.9985975345592678,0.0033936836156217907,0.004329934269517886,0.0009362506538960953,2204
small,2,4,80,1.808081,0.9985975345592678,0.0061319830563400105,0.008693988440827811,0.002562005384487801,2204
small,2,4,86,1.868687,0.9985975345592678,0.004598393352161545,0.005095702113229347,0.0004973087610678018,2204
small,2,4,91,1.919192,0.9985975345592678,0.0046271996005871644,0.007373162965025036,0.002745963364437872,2204
small,2,4,97,1.979798,0.9985975345592678,0.004022141562211778,0.005630194688697927,0.0016080531264861487,2204
small,2,6,2,1.020202,0.9990768760167805,0.006879946851443925,0.014408502456733766,0.00752855560528984,2206
small,2,6,8,1.080808,0.9990768760167805,0.005405859053131102,0.010187752363877445,0.004781893310746343,2206
small,2,6,13,1.131313,0.9990768760167805,0.006011365742248549,0.007066469041853906,0.001055103299605357,2206
small,2,6,19,1.191919,0.9990768760167805,0.007854961655896001,0.015417405352856522,0.007562443696960521,2206
small,2,6,24,1.242424,0.9990768760167805,0.0055565153495156705,0.007767062522751322,0.0022105471732356517,2206
small,2,6,30,1.30303,0.9990768760167805,0.00676929176984404,0.010765983368748596,0.003996691598904555,2206
small,2,6,36,1.363636,0.9990768760167805,0.004165508429998857,0.005317880692811112,0.001152372262812255,2206
small,2,6,41,1.414141,0.9990768760167805,0.00461550170271477,0.0058025864136906444,0.0011870847109758742,2206
small,2,6,47,1.474747,0.9990768760167805,0.005514886992854582,0.010353462877465379,0.004838575884610797,2206
small,2,6,52,1.525253,0.9990768760167805,0.005949644395897889,0.008064495477040164,0.0021148510811422752,2206
small,2,6,58,1.585859,0.9990768760167805,0.005017142717761421,0.005425620065484461,0.00040847734772303957,2206
small,2,6,63,1.636364,0.9990768760167805,0.004215519113708334,0.00574028878648072,0.001524769672772386,2206
small,2,6,69,1.69697,0.9990768760167805,0.0036409397784966688,0.006426958600492361,0.002786018821995692,2206
small,2,6,74,1.747475,0.9990768760167805,0.0033355768519881365,0.004237732876486889,0.0009021560244987527,2206
small,2,6,80,1.808081,0.9990768760167805,0.005618024907744241,0.009650393269535278,0.004032368361791037,2206
small,2,6,86,1.868687,0.9990768760167805,0.003491872949466848,0.00566437779038755,0.0021725048409207016,2206
small,2,6,91,1.919192,0.9990768760167805,0.003865939335997204,0.007266090319489505,0.0034001509834923013,2206
small,2,6,97,1.979798,0.9990768760167805,0.003377193861477185,0.005241300785684602,0.0018641069242074176,2206
small,2,8,2,1.020202,0.9993693800560087,0.006809195718466631,0.014093528579669008,0.007284332861202377,2208
small,2,8,8,1.080808,0.9993693800560087,0.0054029371630443,0.010666278241142746,0.005263341078098446,2208
small,2,8,13,1.131313,0.9993693800560087,0.005774114067741003,0.009223714629194659,0.003449600561453656,2208
small,2,8,19,1.191919,0.9993693800560087,0.005900854652589152,0.015969180084551973,0.010068325431962821,2208
small,2,8,24,1.242424,0.9993693800560087,0.004641410375828032,0.006100983829936503,0.001459573454108471,2208
small,2,8,30,1.30303,0.9993693800560087,0.005812992473528277,0.008495791015427046,0.002682798541898769,2208
small,2,8,36,1.363636,0.9993693800560087,0.0038616582700573315,0.00561257973703448,0.0017509214669771483,2208
small,2,8,41,1.414141,0.9993693800560087,0.004423042870974524,0.006458656378262121,0.0020356135072875977,2208
small,2,8,47,1.474747,0.9993693800560087,0.004292299239226844,0.012711715538740549,0.008419416299513705,2208
small,2,8,52,1.525253,0.9993693800560087,0.004255413769583128,0.007537389658813956,0.003281975889230828,2208
small,2,8,58,1.585859,0.9993693800560087,0.0033731353077011954,0.0055129945751328895,0.002139859267431694,2208
small,2,8,63,1.636364,0.9993693800560087,0.00369664073800374,0.005672909239948738,0.0019762685019449984,2208
small,2,8,69,1.69697,0.9993693800560087,0.003334521862373311,0.006231343719095841,0.0028968218567225305,2208
small,2,8,74,1.747475,0.9993693800560087,0.0031115211029552788,0.004250057252801733,0.0011385361498464546,2208
small,2,8,80,1.808081,0.9993693800560087,0.002827098791511087,0.008629027250689234,0.005801928459178147,2208
small,2,8,86,1.868687,0.9993693800560087,0.0034752671067864267,0.005290679447444024,0.0018154123406575974,2208
small,2,8,91,1.919192,0.9993693800560087,0.003488510609833893,0.006764832042605432,0.0032763214327715395,2208
small,2,8,97,1.979798,0.9993693800560087,0.0032326196904466334,0.004879572360362505,0.0016469526699158716,2208
small,2,10,2,1.020202,0.99950891935259,0.006704695637392766,0.013037106498621304,0.006332410861228537,2210
small,2,10,8,1.080808,0.99950891935259,0.005376196821232734,0.01070971569354334,0.005333518872310606,2210
small,2,10,13,1.131313,0.99950891935259,0.004490927264203675,0.006733772213643977,0.0022428449494403023,2210
small,2,10,19,1.191919,0.99950891935259,0.0058986850967482395,0.014155150238655176,0.008256465141906935,2210
small,2,10,24,1.242424,0.99950891935259,0.004301668849213687,0.00629436748363757,0.0019926986344238826,2210
small,2,10,30,1.30303,0.99950891935259,0.004727316601925035,0.00837772986164082,0.0036504132597157853,2210
small,2,10,36,1.363636,0.99950891935259,0.0033876334194918,0.005921931236704557,0.002534297817212757,2210
small,2,10,41,1.414141,0.99950891935259,0.004336443907435051,0.006973656546092353,0.0026372126386573014,2210
small,2,10,47,1.474747,0.99950891935259,0.004241300727144491,0.013901495757129656,0.009660195029985164,2210
small,2,10,52,1.525253,0.99950891935259,0.003481563733352305,0.007100026037761189,0.0036184623044088838,2210
small,2,10,58,1.585859,0.99950891935259,0.0032649932662018955,0.005878542590499356,0.00261354932429746,2210
small,2,10,63,1.636364,0.99950891935259,0.003410650628791422,0.006392504798245905,0.0029818541694544834,2210
small,2,10,69,1.69697,0.99950891935259,0.003265993849059053,0.006018570795582247,0.0027525769465231937,2210
small,2,10,74,1.747475,0.99950891935259,0.002836376423918365,0.00398570928072206,0.0011493328568036947,2210
small,2,10,80,1.808081,0.99950891935259,0.0026343692194807497,0.0077871493024002595,0.00515278008291951,2210
small,2,10,86,1.868687,0.99950891935259,0.0034208873551777527,0.0056918579429670445,0.002270970587789292,2210
small,2,10,91,1.919192,0.99950891935259,0.003265649991069536,0.006868201344680315,0.0036025513536107785,2210
small,2,10,97,1.979798,0.99950891935259,0.003032977632015698,0.006032091348638801,0.0029991137166231027,2210
small,2,15,2,1.020202,0.9996935676654484,0.006291453329903373,0.017048078647105672,0.0107566253172023,2215
small,2,15,8,1.080808,0.9996935676654484,0.004897654337985526,0.011999312224189299,0.007101657886203773,2215
small,2,15,13,1.131313,0.9996935676654484,0.004318912683862203,0.010126638032172453,0.005807725348310249,2215
small,2,15,19,1.191919,0.9996935676654484,0.004795617163393531,0.013007636789298884,0.008212019625905353,2215
small,2,15,24,1.242424,0.9996935676654484,0.003921056391939646,0.009079255241526085,0.0051581988495864395,2215
small,2,15,30,1.30303,0.9996935676654484,0.004088389224002089,0.01495827814165712,0.010869888917655031,2215
small,2,15,36,1.363636,0.9996935676654484,0.0029719110462896213,0.006135908421191603,0.003163997374901982,2215
small,2,15,41,1.414141,0.9996935676654484,0.003411227213597106,0.00698338026944473,0.0035721530558476245,2215
small,2,15,47,1.474747,0.9996935676654484,0.003458166151381194,0.007234742177438929,0.0037765760260577348,2215
small,2,15,52,1.525253,0.9996935676654484,0.0031689573698899082,0.01130783953716871,0.008138882167278802,2215
small,2,15,58,1.585859,0.9996935676654484,0.003109144405148163,0.0058515446069912404,0.0027424002018430773,2215
small,2,15,63,1.636364,0.9996935676654484,0.003224035991769778,0.00693910089888749,0.003715064907117712,2215
small,2,15,69,1.69697,0.9996935676654484,0.0028682991527766897,0.00573452698147148,0.00286622782869479,2215
small,2,15,74,1.747475,0.9996935676654484,0.002610864033017,0.004731610461692577,0.0021207464286755774,2215
small,2,15,80,1.808081,0.9996935676654484,0.002433378156409777,0.009618154977173896,0.0071847768207641185,2215
small,2,15,86,1.868687,0.9996935676654484,0.003172331757542946,0.005526763841609105,0.002354432084066159,2215
small,2,15,91,1.919192,0.9996935676654484,0.0031827907179085577,0.006672474884129518,0.0034896841662209604,2215
small,2,15,97,1.979798,0.9996935676654484,0.0026414437870268845,0.004496206299442424,0.0018547625124155395,2215
small,2,20,2,1.020202,0.999780932479756,0.006125513206269438,0.024923360250804466,0.018797847044535028,2220
small,2,20,8,1.080808,0.999780932479756,0.00469875932634324,0.010851600504373834,0.006152841178030594,2220
small,2,20,13,1.131313,0.999780932479756,0.004022401746925445,0.0085644365002058,0.004542034753280355,2220
small,2,20,19,1.191919,0.999780932479756,0.004284239421835254,0.012538024440770268,0.008253785018935013,2220
small,2,20,24,1.242424,0.999780932479756,0.00382065500952399,0.009124525285507896,0.005303870275983906,2220
small,2,20,30,1.30303,0.999780932479756,0.003815348763708924,0.011464945538486884,0.00764959677477796,2220
small,2,20,36,1.363636,0.999780932479756,0.002806968709238225,0.0065378216058218485,0.0037308528965836235,2220
small,2,20,41,1.414141,0.999780932479756,0.0033267869910987872,0.010366271755427287,0.007039484764328499,2220
small,2,20,47,1.474747,0.999780932479756,0.0033634418553261563,0.007116296245253082,0.0037528543899269257,2220
small,2,20,52,1.525253,0.999780932479756,0.002968820740591354,0.011431747931740975,0.00846292719114962,2220
small,2,20,58,1.585859,0.999780932479756,0.0030705071668922666,0.005873184417790228,0.002802677250897961,2220
small,2,20,63,1.636364,0.999780932479756,0.0030340782334409098,0.011135059777660015,0.008100981544219106,2220
small,2,20,69,1.69697,0.999780932479756,0.0026333305936955234,0.01053868321130952,0.007905352617613997,2220
small,2,20,74,1.747475,0.999780932479756,0.0024783196316772913,0.008735834460186505,0.006257514828509213,2220
small,2,20,80,1.808081,0.999780932479756,0.0023768585784791373,0.013321132820557526,0.010944274242078389,2220
small,2,20,86,1.868687,0.999780932479756,0.0028487792210236578,0.00554393048266355,0.002695151261639892,2220
small,2,20,91,1.919192,0.999780932479756,0.0028899381228686045,0.007189556169548498,0.004299618046679894,2220
small,2,20,97,1.979798,0.999780932479756,0.0021769805313947505,0.013450851195405622,0.011273870664010872,2220
small,3,1,3,1.030303,0.9642277745239544,0.055412477109278824,0.05977189919898431,0.004359422089705488,2301
small,3,1,9,1.090909,0.9642277745239544,0.012886192543920885,0.01290642833097546,2.0235787054574683e-05,2301
small,3,1,14,1.141414,0.9642277745239544,0.012777273764522605,0.013669856909854842,0.0008925831453322364,2301
small,3,1,20,1.20202,0.9642277745239544,0.03459408546233038,0.03470428770552251,0.00011020224319212985,2301
small,3,1,26,1.262626,0.9642277745239544,0.04145425932318064,0.04319380685026899,0.0017395475270883462,2301
small,3,1,31,1.313131,0.9642277745239544,0.044681643713220504,0.04481909651929208,0.00013745280607157379,2301
small,3,1,37,1.373737,0.9642277745239544,0.03272292147236421,0.033205993409171033,0.0004830719368068212,2301
small,3,1,42,1.424242,0.9642277745239544,0.03336399336579888,0.035520755662028516,0.0021567622962296376,2301
small,3,1,48,1.484848,0.9642277745239544,0.019761143745699677,0.020277114138349525,0.0005159703926498477,2301
small,3,1,53,1.535354,0.9642277745239544,0.016549113770803273,0.01679272373902666,0.00024360996822338568,2301
small,3,1,59,1.59596,0.9642277745239544,0.013653078654029037,0.01368022757111929,2.714891709025384e-05,2301
small,3,1,64,1.646465,0.9642277745239544,0.008534424151755867,0.009226649227452258,0.0006922250756963913,2301
small,3,1,70,1.707071,0.9642277745239544,0.011462290066988708,0.011911386090100074,0.0004490960231113665,2301
small,3,1,76,1.767677,0.9642277745239544,0.01655475487010508,0.016631570823308853,7.681595320377377e-05,2301
small,3,1,81,1.818182,0.9642277745239544,0.019942190997769442,0.0199691287938349,2.6937796065457792e-05,2301
small,3,1,87,1.878788,0.9642277745239544,0.029797335770100852,0.030141920727932963,0.0003445849578321107,2301
small,3,1,92,1.929293,0.9642277745239544,0.029547103512422658,0.029652797592178523,0.00010569407975586503,2301
small,3,1,98,1.989899,0.9642277745239544,0.03760320527555764,0.0378621367586352,0.00025893148307756103,2301
small,3,2,3,1.030303,0.9968032610907656,0.007719271865371028,0.014738040001549008,0.00701876813617798,2302
small,3,2,9,1.090909,0.9968032610907656,0.006604591480703613,0.011356932317766178,0.004752340837062565,2302
small,3,2,14,1.141414,0.9968032610907656,0.011726549257028124,0.019738094698234215,0.008011545441206091,2302
small,3,2,20,1.20202,0.9968032610907656,0.008718789545186846,0.01765413835440631,0.008935348809219463,2302
small,3,2,26,1.262626,0.9968032610907656,0.011182501602357054,0.01311142496170073,0.0019289233593436754,2302
small,3,2,31,1.313131,0.9968032610907656,0.010850554421938597,0.011981362296662261,0.0011308078747236643,2302
small,3,2,37,1.373737,0.9968032610907656,0.007296313870234777,0.01284531828049353,0.005549004410258754,2302
small,3,2,42,1.424242,0.9968032610907656,0.009129302536903439,0.011594717531339548,0.002465414994436109,2302
small,3,2,48,1.484848,0.9968032610907656,0.009586627273553685,0.01407384929197296,0.0044872220184192756,2302
small,3,2,53,1.535354,0.9968032610907656,0.007993529476494505,0.008029291522099694,3.576204560518971e-05,2302
small,3,2,59,1.59596,0.9968032610907656,0.01120010852333336,0.01167029213842811,0.0004701836150947502,2302
small,3,2,64,1.646465,0.9968032610907656,0.007681291355575794,0.009550016236149051,0.001868724880573257,2302
small,3,2,70,1.707071,0.9968032610907656,0.006832193988642283,0.0077038412792839175,0.0008716472906416346,2302
small,3,2,76,1.767677,0.9968032610907656,0.005644896724783548,0.006109046204814386,0.00046414948003083763,2302
small,3,2,81,1.818182,0.9968032610907656,0.005109925079373242,0.005267647901834188,0.00015772282246094647,2302
small,3,2,87,1.878788,0.9968032610907656,0.006458830086421998,0.00751467656063328,0.0010558464742112823,2302
small,3,2,92,1.929293,0.9968032610907656,0.007246203318046288,0.008954419408409275,0.0017082160903629873,2302
small,3,2,98,1.989899,0.9968032610907656,0.013222234173695026,0.015005842596655283,0.0017836084229602561,2302
small,3,3,3,1.030303,0.9981350835926516,0.006975271393451299,0.016292291865543942,0.009317020472092643,2303
small,3,3,9,1.090909,0.9981350835926516,0.005121159990586515,0.009905406027162824,0.0047842460365763095,2303
small,3,3,14,1.141414,0.9981350835926516,0.011681910259975734,0.016583647626524634,0.0049017373665489,2303
small,3,3,20,1.20202,0.9981350835926516,0.00789136223060356,0.011816711802398952,0.003925349571795392,2303
small,3,3,26,1.262626,0.9981350835926516,0.009017153670864198,0.014555114699345388,0.005537961028481191,2303
small,3,3,31,1.313131,0.9981350835926516,0.010758286333294917,0.012375827015723123,0.0016175406824282066,2303
small,3,3,37,1.373737,0.9981350835926516,0.006982078131192107,0.009566729505897664,0.002584651374705557,2303
small,3,3,42,1.424242,0.9981350835926516,0.009105637071082648,0.015790143293997267,0.006684506222914619,2303
small,3,3,48,1.484848,0.9981350835926516,0.006671019313187584,0.009887663156090869,0.0032166438429032853,2303
small,3,3,53,1.535354,0.9981350835926516,0.004914263603459603,0.00527361312399236,0.0003593495205327568,2303
small,3,3,59,1.59596,0.9981350835926516,0.005965600015524274,0.007329883905026274,0.0013642838895019998,2303
small,3,3,64,1.646465,0.9981350835926516,0.007296762721573531,0.009567607209638193,0.0022708444880646618,2303
small,3,3,70,1.707071,0.9981350835926516,0.004890171123880239,0.00628702753609129,0.001396856412211051,2303
small,3,3,76,1.767677,0.9981350835926516,0.0055997356154160955,0.006382596383955898,0.0007828607685398028,2303
small,3,3,81,1.818182,0.9981350835926516,0.005089094045022984,0.005218506904396566,0.0001294128593735816,2303
small,3,3,87,1.878788,0.9981350835926516,0.004983258788344997,0.0070646766168337245,0.0020814178284887276,2303
small,3,3,92,1.929293,0.9981350835926516,0.004140090634242283,0.005511979391180954,0.0013718887569386714,2303
small,3,3,98,1.989899,0.9981350835926516,0.009404798879730822,0.01005025505897513,0.0006454561792443077,2303
small,3,4,3,1.030303,0.9986158397116416,0.00686240552849118,0.018394839991670048,0.011532434463178868,2304
small,3,4,9,1.090909,0.9986158397116416,0.005113478012725251,0.009018131446741745,0.003904653434016494,2304
small,3,4,14,1.141414,0.9986158397116416,0.007777151695033901,0.014302760782812009,0.0065256090877781085,2304
small,3,4,20,1.20202,0.9986158397116416,0.007822194213292059,0.011609204789010116,0.003787010575718057,2304
small,3,4,26,1.262626,0.9986158397116416,0.0059456899638814144,0.014388205822751902,0.008442515858870488,2304
small,3,4,31,1.313131,0.9986158397116416,0.006151450427241968,0.011223208437604324,0.005071758010362357,2304
small,3,4,37,1.373737,0.9986158397116416,0.006877674360572922,0.00904594996072006,0.0021682756001471385,2304
small,3,4,42,1.424242,0.9986158397116416,0.008112570168118845,0.016162859497410954,0.00805028932929211,2304
small,3,4,48,1.484848,0.9986158397116416,0.00621386115748756,0.009940668773289143,0.003726807615801583,2304
small,3,4,53,1.535354,0.9986158397116416,0.004757641975237766,0.005483067627481543,0.0007254256522437764,2304
small,3,4,59,1.59596,0.9986158397116416,0.005142122942351441,0.00732874501477743,0.0021866220724259897,2304
small,3,4,64,1.646465,0.9986158397116416,0.006666414302295231,0.009038207740172161,0.0023717934378769297,2304
small,3,4,70,1.707071,0.9986158397116416,0.00488871333029818,0.005962309040871483,0.0010735957105733034,2304
small,3,4,76,1.767677,0.9986158397116416,0.00521393495533063,0.006435307330242739,0.0012213723749121093,2304
small,3,4,81,1.818182,0.9986158397116416,0.0049442826632024464,0.005827602535445642,0.0008833198722431957,2304
small,3,4,87,1.878788,0.9986158397116416,0.004420231038873543,0.007203258341023532,0.0027830273021499886,2304
small,3,4,92,1.929293,0.9986158397116416,0.004112755540919168,0.005501178388540657,0.0013884228476214889,2304
small,3,4,98,1.989899,0.9986158397116416,0.006608833390105618,0.008701531676014666,0.0020926982859090486,2304
small,3,6,3,1.030303,0.9990921798337947,0.006611667440275257,0.0118746219221701,0.005262954481894844,2306
small,3,6,9,1.090909,0.9990921798337947,0.004865381553721193,0.00910924911908566,0.004243867565364466,2306
small,3,6,14,1.141414,0.9990921798337947,0.007305417091323771,0.01913397182372278,0.01182855473239901,2306
small,3,6,20,1.20202,0.9990921798337947,0.006203105919081333,0.01483189803283136,0.008628792113750026,2306
small,3,6,26,1.262626,0.9990921798337947,0.005225499260544574,0.013993161857817165,0.008767662597272591,2306
small,3,6,31,1.313131,0.9990921798337947,0.006087589247285408,0.012200901922132659,0.00611331267484725,2306
small,3,6,37,1.373737,0.9990921798337947,0.005306278765237434,0.011538366913149255,0.006232088147911821,2306
small,3,6,42,1.424242,0.9990921798337947,0.0071663853664311414,0.013296244931194166,0.006129859564763024,2306
small,3,6,48,1.484848,0.9990921798337947,0.005404243972036479,0.010330972721337496,0.004926728749301017,2306
small,3,6,53,1.535354,0.9990921798337947,0.004572932617351967,0.005384088303779437,0.0008111556864274696,2306
small,3,6,59,1.59596,0.9990921798337947,0.00414983910672854,0.006659631229223105,0.002509792122494565,2306
small,3,6,64,1.646465,0.9990921798337947,0.006152119614160444,0.008337549669957981,0.002185430055797537,2306
small,3,6,70,1.707071,0.9990921798337947,0.0041288665097280255,0.006197726334815752,0.0020688598250877266,2306
small,3,6,76,1.767677,0.9990921798337947,0.005114836698158285,0.006010526556599179,0.0008956898584408938,2306
small,3,6,81,1.818182,0.9990921798337947,0.004646902659016592,0.005747385247591407,0.0011004825885748155,2306
small,3,6,87,1.878788,0.9990921798337947,0.004085492461643346,0.007230629683481527,0.0031451372218381807,2306
small,3,6,92,1.929293,0.9990921798337947,0.0037617688431706093,0.005870785323012071,0.0021090164798414617,2306
small,3,6,98,1.989899,0.9990921798337947,0.004004140783596376,0.00873564509286577,0.004731504309269395,2306
small,3,8,3,1.030303,0.9993815462894369,0.0064409994578552895,0.0199552663677098,0.01351426690985451,2308
small,3,8,9,1.090909,0.9993815462894369,0.004740981506390647,0.008804631311735764,0.004063649805345117,2308
small,3,8,14,1.141414,0.9993815462894369,0.006973076014738615,0.014428747041697833,0.007455671026959218,2308
small,3,8,20,1.20202,0.9993815462894369,0.00443009042659568,0.011209432077967662,0.006779341651371982,2308
small,3,8,26,1.262626,0.9993815462894369,0.004838698900007711,0.014301619903152466,0.009462921003144754,2308
small,3,8,31,1.313131,0.9993815462894369,0.005848198396727419,0.011861319882926229,0.00601312148619881,2308
small,3,8,37,1.373737,0.9993815462894369,0.005068457005434482,0.010510450615667698,0.005441993610233216,2308
small,3,8,42,1.424242,0.9993815462894369,0.004626650870191769,0.013273917976856573,0.008647267106664804,2308
small,3,8,48,1.484848,0.9993815462894369,0.0042583312317081784,0.011054184293997371,0.006795853062289193,2308
small,3,8,53,1.535354,0.9993815462894369,0.004001007232744608,0.0055080327069452276,0.0015070254742006193,2308
small,3,8,59,1.59596,0.9993815462894369,0.0035969630066039924,0.006493380409019854,0.002896417402415862,2308
small,3,8,64,1.646465,0.9993815462894369,0.003990990250216558,0.008982599665397127,0.004991609415180569,2308
small,3,8,70,1.707071,0.9993815462894369,0.003487452949333528,0.006046930049104141,0.002559477099770613,2308
small,3,8,76,1.767677,0.9993815462894369,0.0032760169644147213,0.006192969365899803,0.0029169524014850817,2308
small,3,8,81,1.818182,0.9993815462894369,0.004096136241837936,0.006160407233619911,0.002064270991781975,2308
small,3,8,87,1.878788,0.9993815462894369,0.0034975079224944263,0.0073352775102078225,0.003837769587713396,2308
small,3,8,92,1.929293,0.9993815462894369,0.003184323980923756,0.00569556799130724,0.0025112440103834837,2308
small,3,8,98,1.989899,0.9993815462894369,0.0038815350943591574,0.009799988689955635,0.005918453595596477,2308
small,3,10,3,1.030303,0.9995164927912064,0.005321121565144414,0.017837537851565374,0.01251641628642096,2310
small,3,10,9,1.090909,0.9995164927912064,0.004499026883706668,0.006934570989222468,0.0024355441055157996,2310
small,3,10,14,1.141414,0.9995164927912064,0.0064102630599589695,0.014928380434351723,0.008518117374392753,2310
small,3,10,20,1.20202,0.9995164927912064,0.004391762890389796,0.011051248917438455,0.0066594860270486585,2310
small,3,10,26,1.262626,0.9995164927912064,0.004722592516595395,0.013173938540854769,0.008451346024259374,2310
small,3,10,31,1.313131,0.9995164927912064,0.005036857117658982,0.012358384763894729,0.007321527646235747,2310
small,3,10,37,1.373737,0.9995164927912064,0.004603464340470393,0.008270366297856647,0.003666901957386254,2310
small,3,10,42,1.424242,0.9995164927912064,0.0041236808209188566,0.014458528749211998,0.010334847928293141,2310
small,3,10,48,1.484848,0.9995164927912064,0.004077708863946251,0.01347992331631734,0.00940221445237109,2310
small,3,10,53,1.535354,0.9995164927912064,0.003432916027963172,0.006925247735444354,0.0034923317074811817,2310
small,3,10,59,1.59596,0.9995164927912064,0.003594806998425501,0.00819639678753863,0.004601589789113129,2310
small,3,10,64,1.646465,0.9995164927912064,0.00359179858499169,0.008643696118313882,0.0050518975333221925,2310
small,3,10,70,1.707071,0.9995164927912064,0.0034309857995242794,0.005730724212823044,0.002299738413298765,2310
small,3,10,76,1.767677,0.9995164927912064,0.002926150434088468,0.009402546505771209,0.006476396071682741,2310
small,3,10,81,1.818182,0.9995164927912064,0.00398813503006644,0.00645804983603346,0.00246991480596702,2310
small,3,10,87,1.878788,0.9995164927912064,0.003190470073054846,0.007669892807567202,0.004479422734512356,2310
small,3,10,92,1.929293,0.9995164927912064,0.00309853466674344,0.005017808528341246,0.001919273861597806,2310
small,3,10,98,1.989899,0.9995164927912064,0.0036753584786089638,0.008131912043142162,0.004456553564533198,2310
small,3,15,3,1.030303,0.999691235316308,0.00512340465294759,0.012514358313858139,0.007390953660910549,2315
small,3,15,9,1.090909,0.999691235316308,0.004179457242562575,0.013251965502104156,0.009072508259541581,2315
small,3,15,14,1.141414,0.999691235316308,0.005249526405989926,0.0118238645444587,0.0065743381384687745,2315
small,3,15,20,1.20202,0.999691235316308,0.004029566681285044,0.013326872961645017,0.009297306280359973,2315
small,3,15,26,1.262626,0.999691235316308,0.003942028030721468,0.01537349665497782,0.011431468624256352,2315
small,3,15,31,1.313131,0.999691235316308,0.00457365214635734,0.012195819667972202,0.0076221675216148616,2315
small,3,15,37,1.373737,0.999691235316308,0.004123478866420521,0.010637986460746209,0.006514507594325688,2315
small,3,15,42,1.424242,0.999691235316308,0.0036097454842645193,0.027160201687232863,0.023550456202968344,2315
small,3,15,48,1.484848,0.999691235316308,0.0036063897220291485,0.010340012844700961,0.006733623122671813,2315
small,3,15,53,1.535354,0.999691235316308,0.0032654434871139068,0.006559282506176011,0.0032938390190621046,2315
small,3,15,59,1.59596,0.999691235316308,0.0030523398313062186,0.009969573231285563,0.006917233399979344,2315
small,3,15,64,1.646465,0.999691235316308,0.002992894461220995,0.014648947595934023,0.011656053134713028,2315
small,3,15,70,1.707071,0.999691235316308,0.003154844548904736,0.01388828717615211,0.010733442627247373,2315
small,3,15,76,1.767677,0.999691235316308,0.002836770294003814,0.007859930707179661,0.005023160413175847,2315
small,3,15,81,1.818182,0.999691235316308,0.002780189744157982,0.007312867603291075,0.004532677859133093,2315
small,3,15,87,1.878788,0.999691235316308,0.0028220730702636053,0.00756097428846083,0.004738901218197224,2315
small,3,15,92,1.929293,0.999691235316308,0.00276741491374472,0.007870169657271315,0.0051027547435265955,2315
small,3,15,98,1.989899,0.999691235316308,0.0031866357372272655,0.015198089546849687,0.012011453809622421,2315
small,3,20,3,1.030303,0.9997816105649204,0.004850024403804263,0.03708585754412439,0.03223583314032013,2320
small,3,20,9,1.090909,0.9997816105649204,0.0038113095359497725,0.01034070577657519,0.006529396240625417,2320
small,3,20,14,1.141414,0.9997816105649204,0.00495635040924654,0.01357011226758249,0.008613761858335948,2320
small,3,20,20,1.20202,0.9997816105649204,0.0038423820624273472,0.019571011766284965,0.01572862970385762,2320
small,3,20,26,1.262626,0.9997816105649204,0.0037272265072441388,0.023760768143802742,0.020033541636558603,2320
small,3,20,31,1.313131,0.9997816105649204,0.003910813484763721,0.014031174263405726,0.010120360778642005,2320
small,3,20,37,1.373737,0.9997816105649204,0.0037468485232178433,0.01021639945479434,0.0064695509315764975,2320
small,3,20,42,1.424242,0.9997816105649204,0.003350445933102953,0.021178926000043136,0.017828480066940183,2320
small,3,20,48,1.484848,0.9997816105649204,0.003372958530742964,0.01264050856002209,0.009267550029279125,2320
small,3,20,53,1.535354,0.9997816105649204,0.0027916427444054865,0.010836465155392558,0.00804482241098707,2320
small,3,20,59,1.59596,0.9997816105649204,0.002786543185371716,0.006704221683540592,0.003917678498168876,2320
small,3,20,64,1.646465,0.9997816105649204,0.002741146621953487,0.00876501672142284,0.0060238700994693535,2320
small,3,20,70,1.707071,0.9997816105649204,0.0030554789509544423,0.0077322722653020036,0.004676793314347561,2320
small,3,20,76,1.767677,0.9997816105649204,0.0025198115945348604,0.00616884814153705,0.0036490365470021892,2320
small,3,20,81,1.818182,0.9997816105649204,0.0025822634440766713,0.00625356452235139,0.003671301078274719,2320
small,3,20,87,1.878788,0.9997816105649204,0.002750960615415108,0.008090704142724418,0.00533974352730931,2320
small,3,20,92,1.929293,0.9997816105649204,0.002594341549795897,0.00468869165359212,0.0020943501037962225,2320
small,3,20,98,1.989899,0.9997816105649204,0.003091117246726215,0.00984234887688444,0.006751231630158226,2320
small,4,1,4,1.040404,0.9639233613828722,0.04463678299759177,0.044957779157635026,0.00032099616004325343,2401
small,4,1,10,1.10101,0.9639233613828722,0.01475788130573882,0.014757904093851111,2.2788112291269313e-08,2401
small,4,1,16,1.161616,0.9639233613828722,0.017528071965337726,0.017720201724918005,0.00019212975958027984,2401
small,4,1,21,1.212121,0.9639233613828722,0.034999110559633596,0.03684812836757745,0.0018490178079438521,2401
small,4,1,27,1.272727,0.9639233613828722,0.040620017830438705,0.040773277704009576,0.00015325987357087123,2401
small,4,1,32,1.323232,0.9639233613828722,0.03820424802251993,0.03924440443917882,0.0010401564166588953,2401
small,4,1,38,1.383838,0.9639233613828722,0.03504061152691005,0.035048154944605434,7.543417695383969e-06,2401
small,4,1,43,1.434343,0.9639233613828722,0.03355849044037471,0.03356058163059052,2.0911902158110562e-06,2401
small,4,1,49,1.494949,0.9639233613828722,0.021982059513489537,0.022657121326467165,0.0006750618129776273,2401
small,4,1,54,1.545455,0.9639233613828722,0.016167021919293357,0.016821128699570097,0.0006541067802767406,2401
small,4,1,60,1.606061,0.9639233613828722,0.012577027113766313,0.012736642157267884,0.0001596150435015705,2401
small,4,1,66,1.666667,0.9639233613828722,0.008601654030483486,0.0092142339643212,0.000612579933837714,2401
small,4,1,71,1.717172,0.9639233613828722,0.010506199892660072,0.010574024824026569,6.782493136649713e-05,2401
small,4,1,77,1.777778,0.9639233613828722,0.018561864750798622,0.019036236761410683,0.0004743720106120605,2401
small,4,1,82,1.828283,0.9639233613828722,0.018649345463347174,0.018772942299039044,0.00012359683569187,2401
small,4,1,88,1.888889,0.9639233613828722,0.027042243512092983,0.027367226501826762,0.000324982989733779,2401
small,4,1,93,1.939394,0.9639233613828722,0.03334758384833372,0.03336075135238755,1.3167504053827883e-05,2401
small,4,2,4,1.040404,0.9968749244820342,0.009364883380980923,0.011296834042860377,0.001931950661879454,2402
small,4,2,10,1.10101,0.9968749244820342,0.007550212448012314,0.007724688505409671,0.0001744760573973575,2402
small,4,2,16,1.161616,0.9968749244820342,0.012365676256541312,0.015808528604050045,0.0034428523475087333,2402
small,4,2,21,1.212121,0.9968749244820342,0.01501577278096697,0.024083779439279477,0.009068006658312507,2402
small,4,2,27,1.272727,0.9968749244820342,0.010068880997919883,0.012900681073242005,0.0028318000753221224,2402
small,4,2,32,1.323232,0.9968749244820342,0.008363018550406845,0.011479413156990461,0.0031163946065836164,2402
small,4,2,38,1.383838,0.9968749244820342,0.007079807434838056,0.007541490830305442,0.00046168339546738633,2402
small,4,2,43,1.434343,0.9968749244820342,0.009456225429280955,0.010573941803564413,0.001117716374283458,2402
small,4,2,49,1.494949,0.9968749244820342,0.008887727040402141,0.012841608103230503,0.003953881062828362,2402
small,4,2,54,1.545455,0.9968749244820342,0.007325585241902526,0.00745787241007182,0.0001322871681692945,2402
small,4,2,60,1.606061,0.9968749244820342,0.01001137961848205,0.010121856833769528,0.00011047721528747827,2402
small,4,2,66,1.666667,0.9968749244820342,0.00703999543278128,0.008780528834024253,0.0017405334012429736,2402
small,4,2,71,1.717172,0.9968749244820342,0.008195299758565226,0.008520688827940904,0.00032538906937567766,2402
small,4,2,77,1.777778,0.9968749244820342,0.005693849003790932,0.006979123381448946,0.0012852743776580137,2402
small,4,2,82,1.828283,0.9968749244820342,0.005757739630754714,0.0075631464593715865,0.0018054068286168729,2402
small,4,2,88,1.888889,0.9968749244820342,0.007923748474137128,0.010063102118722416,0.002139353644585288,2402
small,4,2,93,1.939394,0.9968749244820342,0.009103867220805457,0.009787295005697222,0.0006834277848917648,2402
small,4,3,4,1.040404,0.9981521910375498,0.009187481011244827,0.011939369912922718,0.0027518889016778913,2403
small,4,3,10,1.10101,0.9981521910375498,0.00718293216646456,0.007734157799150887,0.0005512256326863267,2403
small,4,3,16,1.161616,0.9981521910375498,0.011344743525166505,0.01690303593515085,0.0055582924099843445,2403
small,4,3,21,1.212121,0.9981521910375498,0.007648432887358843,0.018232383995006502,0.01058395110764766,2403
small,4,3,27,1.272727,0.9981521910375498,0.008214536925959207,0.00854516791202548,0.00033063098606627393,2403
small,4,3,32,1.323232,0.9981521910375498,0.008042696702456411,0.015202359831219682,0.007159663128763271,2403
small,4,3,38,1.383838,0.9981521910375498,0.005396811422792976,0.007131090805653723,0.0017342793828607475,2403
small,4,3,43,1.434343,0.9981521910375498,0.008907631977716742,0.009364246622557514,0.0004566146448407721,2403
small,4,3,49,1.494949,0.9981521910375498,0.005109987571155953,0.0062816977856476755,0.0011717102144917224,2403
small,4,3,54,1.545455,0.9981521910375498,0.006977722957174409,0.011182422371752796,0.004204699414578387,2403
small,4,3,60,1.606061,0.9981521910375498,0.00625916791814726,0.007485488412000333,0.0012263204938530734,2403
small,4,3,66,1.666667,0.9981521910375498,0.006800991233227045,0.008962691240746596,0.0021617000075195517,2403
small,4,3,71,1.717172,0.9981521910375498,0.006008437589500091,0.0068603079563099075,0.0008518703668098163,2403
small,4,3,77,1.777778,0.9981521910375498,0.0056704915469349415,0.009064988112612554,0.0033944965656776127,2403
small,4,3,82,1.828283,0.9981521910375498,0.005741302564182724,0.007188021401358143,0.0014467188371754189,2403
small,4,3,88,1.888889,0.9981521910375498,0.006315947208106177,0.007403926253518692,0.001087979045412515,2403
small,4,3,93,1.939394,0.9981521910375498,0.0046555427274237214,0.0054786533268835055,0.0008231105994597841,2403
small,4,4,4,1.040404,0.9986327945092396,0.007776526030979805,0.011133495685459781,0.003356969654479976,2404
small,4,4,10,1.10101,0.9986327945092396,0.007177067023096614,0.00835136219998543,0.0011742951768888166,2404
small,4,4,16,1.161616,0.9986327945092396,0.007493967116748254,0.012936306622864779,0.005442339506116525,2404
small,4,4,21,1.212121,0.9986327945092396,0.007543892234547789,0.022202287530898618,0.014658395296350829,2404
small,4,4,27,1.272727,0.9986327945092396,0.0071437556722830425,0.012118391201937898,0.004974635529654855,2404
small,4,4,32,1.323232,0.9986327945092396,0.0061208463129944594,0.012239808386031758,0.006118962073037299,2404
small,4,4,38,1.383838,0.9986327945092396,0.005361843732670535,0.008360228194696492,0.002998384462025957,2404
small,4,4,43,1.434343,0.9986327945092396,0.00534653604903976,0.009326272099200988,0.003979736050161228,2404
small,4,4,49,1.494949,0.9986327945092396,0.005034720696722485,0.008869737407708769,0.003835016710986284,2404
small,4,4,54,1.545455,0.9986327945092396,0.006206434815808272,0.009261657301848754,0.003055222486040482,2404
small,4,4,60,1.606061,0.9986327945092396,0.005485585264889555,0.007682696935982429,0.002197111671092874,2404
small,4,4,66,1.666667,0.9986327945092396,0.006785868218470615,0.008612721863347026,0.0018268536448764108,2404
small,4,4,71,1.717172,0.9986327945092396,0.004880560830401943,0.006404530953876705,0.001523970123474762,2404
small,4,4,77,1.777778,0.9986327945092396,0.003897225911739299,0.006251792911842069,0.00235456700010277,2404
small,4,4,82,1.828283,0.9986327945092396,0.00501213069816686,0.007531330561313375,0.002519199863146515,2404
small,4,4,88,1.888889,0.9986327945092396,0.006304700260927282,0.007377735217786477,0.0010730349568591948,2404
small,4,4,93,1.939394,0.9986327945092396,0.0038094689919662174,0.004379480960689547,0.0005700119687233295,2404
small,4,6,4,1.040404,0.9990857642260537,0.00721603907749968,0.011057648668931767,0.0038416095914320875,2406
small,4,6,10,1.10101,0.9990857642260537,0.0070379461206764304,0.00874177517521642,0.0017038290545399893,2406
small,4,6,16,1.161616,0.9990857642260537,0.006795200542113898,0.012265855264228328,0.005470654722114429,2406
small,4,6,21,1.212121,0.9990857642260537,0.007039116861337633,0.015809666004361515,0.008770549143023882,2406
small,4,6,27,1.272727,0.9990857642260537,0.006173746729261028,0.009665933176047851,0.0034921864467868232,2406
small,4,6,32,1.323232,0.9990857642260537,0.004669280914876127,0.011268976979519861,0.006599696064643734,2406
small,4,6,38,1.383838,0.9990857642260537,0.0047629977006101885,0.007084475925636751,0.0023214782250265626,2406
small,4,6,43,1.434343,0.9990857642260537,0.004337101167188975,0.008715898959806888,0.004378797792617913,2406
small,4,6,49,1.494949,0.9990857642260537,0.003586818936410352,0.009280702078575833,0.005693883142165481,2406
small,4,6,54,1.545455,0.9990857642260537,0.003812294498597108,0.008240091136827034,0.004427796638229926,2406
small,4,6,60,1.606061,0.9990857642260537,0.004295354909511822,0.007375203413252482,0.00307984850374066,2406
small,4,6,66,1.666667,0.9990857642260537,0.0041457390913557405,0.00924365923289789,0.005097920141542149,2406
small,4,6,71,1.717172,0.9990857642260537,0.004831781616748398,0.006267062426217356,0.0014352808094689577,2406
small,4,6,77,1.777778,0.9990857642260537,0.0038558480868213715,0.006150658089399764,0.002294810002578393,2406
small,4,6,82,1.828283,0.9990857642260537,0.004844496942597471,0.007736509347140089,0.0028920124045426184,2406
small,4,6,88,1.888889,0.9990857642260537,0.0045275685756112115,0.00810271848449322,0.0035751499088820084,2406
small,4,6,93,1.939394,0.9990857642260537,0.003112086892969057,0.004721746971697221,0.001609660078728164,2406
small,4,8,4,1.040404,0.999381994025579,0.006539198806429518,0.010469551998510436,0.003930353192080918,2408
small,4,8,10,1.10101,0.999381994025579,0.005885758491693478,0.007798769485047048,0.0019130109933535701,2408
small,4,8,16,1.161616,0.999381994025579,0.005881528261295016,0.011880842655115515,0.005999314393820499,2408
small,4,8,21,1.212121,0.999381994025579,0.006391818184160394,0.022311089114570103,0.015919270930409707,2408
small,4,8,27,1.272727,0.999381994025579,0.004813053094941331,0.01667471394243153,0.011861660847490199,2408
small,4,8,32,1.323232,0.999381994025579,0.004039713435656609,0.00836336558647293,0.004323652150816321,2408
small,4,8,38,1.383838,0.999381994025579,0.004545066246020266,0.007771483963695433,0.003226417717675167,2408
small,4,8,43,1.434343,0.999381994025579,0.0038304668628148437,0.011222134917855465,0.007391668055040622,2408
small,4,8,49,1.494949,0.999381994025579,0.0034915068038695266,0.014737176107806017,0.01124566930393649,2408
small,4,8,54,1.545455,0.999381994025579,0.0033110515768809898,0.008441685314387127,0.005130633737506137,2408
small,4,8,60,1.606061,0.999381994025579,0.0038857705507963462,0.008227894595688758,0.004342124044892412,2408
small,4,8,66,1.666667,0.999381994025579,0.003999764497578207,0.009519600384659327,0.005519835887081119,2408
small,4,8,71,1.717172,0.999381994025579,0.003729230064709438,0.005987486366181647,0.002258256301472209,2408
small,4,8,77,1.777778,0.999381994025579,0.0033892167558456122,0.0064845145850457265,0.0030952978292001143,2408
small,4,8,82,1.828283,0.999381994025579,0.004082977902912368,0.008623974364027233,0.004540996461114865,2408
small,4,8,88,1.888889,0.999381994025579,0.0037681025473581147,0.009992302691590623,0.006224200144232509,2408
small,4,8,93,1.939394,0.999381994025579,0.0030217789887996556,0.005884539062860588,0.002862760074060932,2408
small,4,10,4,1.040404,0.999510901360159,0.006455833708538587,0.011549453482254241,0.005093619773715654,2410
small,4,10,10,1.10101,0.999510901360159,0.004606399404795365,0.007626273699741735,0.00301987429494637,2410
small,4,10,16,1.161616,0.999510901360159,0.0050596824211264655,0.012253348017539495,0.007193665596413029,2410
small,4,10,21,1.212121,0.999510901360159,0.004903956415853271,0.017668446639039874,0.012764490223186603,2410
small,4,10,27,1.272727,0.999510901360159,0.004563252532361375,0.01198903792220472,0.007425785389843345,2410
small,4,10,32,1.323232,0.999510901360159,0.003936535417743738,0.01073876120443329,0.0068022257866895515,2410
small,4,10,38,1.383838,0.999510901360159,0.003798799668402456,0.008194538671751251,0.004395739003348795,2410
small,4,10,43,1.434343,0.999510901360159,0.0037067990170166105,0.010075882079346442,0.006369083062329832,2410
small,4,10,49,1.494949,0.999510901360159,0.003344859405335064,0.00999387502113131,0.006649015615796245,2410
small,4,10,54,1.545455,0.999510901360159,0.003006759516871854,0.008784260840787877,0.005777501323916023,2410
small,4,10,60,1.606061,0.999510901360159,0.003423513097078228,0.008622934905889215,0.005199421808810987,2410
small,4,10,66,1.666667,0.999510901360159,0.003844953999979704,0.008374357522203642,0.004529403522223938,2410
small,4,10,71,1.717172,0.999510901360159,0.003448965974006228,0.007243804572841285,0.003794838598835057,2410
small,4,10,77,1.777778,0.999510901360159,0.0031503379294669552,0.006492538099108608,0.003342200169641653,2410
small,4,10,82,1.828283,0.999510901360159,0.0037867028737837293,0.006958294241666977,0.0031715913678832474,2410
small,4,10,88,1.888889,0.999510901360159,0.003600000688556109,0.006745515494680521,0.003145514806124412,2410
small,4,10,93,1.939394,0.999510901360159,0.0030114501735989817,0.004658729446090149,0.001647279272491167,2410
small,4,15,4,1.040404,0.9996913607462434,0.005570469272334223,0.01039563858672155,0.004825169314387328,2415
small,4,15,10,1.10101,0.9996913607462434,0.004404055893290316,0.008295776074216915,0.0038917201809265988,2415
small,4,15,16,1.161616,0.9996913607462434,0.004687367926818883,0.010086204393326652,0.005398836466507769,2415
small,4,15,21,1.212121,0.9996913607462434,0.004433543690537051,0.013704966046209745,0.009271422355672694,2415
small,4,15,27,1.272727,0.9996913607462434,0.003929581425259201,0.012150299712162556,0.008220718286903355,2415
small,4,15,32,1.323232,0.9996913607462434,0.003726866099259349,0.008797791189619179,0.005070925090359829,2415
small,4,15,38,1.383838,0.9996913607462434,0.0032655814346046206,0.012043605059280782,0.008778023624676161,2415
small,4,15,43,1.434343,0.9996913607462434,0.0031126696399024724,0.01039654448499088,0.007283874845088407,2415
small,4,15,49,1.494949,0.9996913607462434,0.0028927857410037568,0.007571310613385398,0.004678524872381642,2415
small,4,15,54,1.545455,0.9996913607462434,0.0027568982412470343,0.008914669591962545,0.006157771350715511,2415
small,4,15,60,1.606061,0.9996913607462434,0.0033732258536116806,0.009041683619924802,0.005668457766313122,2415
small,4,15,66,1.666667,0.9996913607462434,0.003333847543868004,0.013089155555911376,0.009755308012043372,2415
small,4,15,71,1.717172,0.9996913607462434,0.0028991200303553097,0.008455413795592417,0.005556293765237107,2415
small,4,15,77,1.777778,0.9996913607462434,0.0028901007229443897,0.01109644299048398,0.00820634226753959,2415
small,4,15,82,1.828283,0.9996913607462434,0.0032762075481158792,0.006527422611735243,0.0032512150636193637,2415
small,4,15,88,1.888889,0.9996913607462434,0.0028718433471164265,0.008267999083776104,0.005396155736659677,2415
small,4,15,93,1.939394,0.9996913607462434,0.0027229697116247244,0.007710962256040775,0.0049879925444160506,2415
small,4,20,4,1.040404,0.9997831235757274,0.005378012768036643,0.013898062499784227,0.008520049731747584,2420
small,4,20,10,1.10101,0.9997831235757274,0.0042397004259695165,0.00859816647145662,0.004358466045487103,2420
small,4,20,16,1.161616,0.9997831235757274,0.004601558946125486,0.012302306611691939,0.0077007476655664535,2420
small,4,20,21,1.212121,0.9997831235757274,0.004124696797303423,0.015513386530832009,0.011388689733528586,2420
small,4,20,27,1.272727,0.9997831235757274,0.0037267825056336024,0.009161615851877173,0.00543483334624357,2420
small,4,20,32,1.323232,0.9997831235757274,0.0035599149640575247,0.011999169694551913,0.008439254730494387,2420
small,4,20,38,1.383838,0.9997831235757274,0.00314916311374519,0.009574054224288652,0.006424891110543462,2420
small,4,20,43,1.434343,0.9997831235757274,0.002912859670772831,0.009962403961199557,0.0070495442904267265,2420
small,4,20,49,1.494949,0.9997831235757274,0.002705730571769261,0.006459509292377233,0.0037537787206079723,2420
small,4,20,54,1.545455,0.9997831235757274,0.0026267447483095964,0.01078482459178274,0.008158079843473142,2420
small,4,20,60,1.606061,0.9997831235757274,0.003190327049984183,0.0074772542535504645,0.004286927203566281,2420
small,4,20,66,1.666667,0.9997831235757274,0.0030884053075812793,0.011964640413443802,0.008876235105862523,2420
small,4,20,71,1.717172,0.9997831235757274,0.0027458361385615812,0.009484907807775542,0.00673907166921396,2420
small,4,20,77,1.777778,0.9997831235757274,0.0025416108901456357,0.010774993720849137,0.008233382830703502,2420
small,4,20,82,1.828283,0.9997831235757274,0.0029521655508953464,0.007513688827773764,0.004561523276878417,2420
small,4,20,88,1.888889,0.9997831235757274,0.0025730534345459,0.00860231762793034,0.00602926419338444,2420
small,4,20,93,1.939394,0.9997831235757274,0.0025136022910375944,0.008760609303748588,0.0062470070127109934,2420
small,5,1,6,1.060606,0.9646625532020189,0.03831023939814612,0.03834032107981512,3.008168166900027e-05,2501
small,5,1,11,1.111111,0.9646625532020189,0.009950370831952023,0.013723241054382227,0.003772870222430204,2501
small,5,1,17,1.171717,0.9646625532020189,0.02481562752897165,0.025199258283193665,0.0003836307542220141,2501
small,5,1,22,1.222222,0.9646625532020189,0.039462200267483954,0.040428361682820234,0.0009661614153362794,2501
small,5,1,28,1.282828,0.9646625532020189,0.040170622813744214,0.04032880365272597,0.00015818083898175295,2501
small,5,1,33,1.333333,0.9646625532020189,0.03829754299476564,0.03877320168999416,0.00047565869522851745,2501
small,5,1,39,1.393939,0.9646625532020189,0.034889664055594814,0.03507979891244796,0.00019013485685314552,2501
small,5,1,44,1.444444,0.9646625532020189,0.025064038026255453,0.02523677234781646,0.00017273432156100776,2501
small,5,1,50,1.505051,0.9646625532020189,0.02085295002226394,0.022068025451428584,0.0012150754291646443,2501
small,5,1,56,1.565657,0.9646625532020189,0.021020188412949746,0.023582751393017205,0.0025625629800674586,2501
small,5,1,61,1.616162,0.9646625532020189,0.008940618600524699,0.009473203780178066,0.0005325851796533672,2501
small,5,1,67,1.676768,0.9646625532020189,0.010062974267802796,0.010230334822142955,0.00016736055434015892,2501
small,5,1,72,1.727273,0.9646625532020189,0.012477032190809954,0.012541441469391009,6.440927858105544e-05,2501
small,5,1,78,1.787879,0.9646625532020189,0.015697339842282606,0.016020115304808055,0.00032277546252544934,2501
small,5,1,83,1.838384,0.9646625532020189,0.026295935207714522,0.02631271907412452,1.6783866409998682e-05,2501
small,5,1,89,1.89899,0.9646625532020189,0.0301137551096872,0.03013250293069406,1.8747821006859233e-05,2501
small,5,1,94,1.949495,0.9646625532020189,0.0338277608309884,0.03383002969119771,2.268860209306278e-06,2501
small,5,2,6,1.060606,0.9969052036797142,0.011783117459237352,0.013164063342124952,0.0013809458828875996,2502
small,5,2,11,1.111111,0.9969052036797142,0.009528475736780583,0.013347028221711122,0.0038185524849305395,2502
small,5,2,17,1.171717,0.9969052036797142,0.014137212342596944,0.01426343941163981,0.0001262270690428665,2502
small,5,2,22,1.222222,0.9969052036797142,0.009009286252486459,0.010349467558352643,0.0013401813058661841,2502
small,5,2,28,1.282828,0.9969052036797142,0.006954728055452974,0.010102302032262688,0.0031475739768097137,2502
small,5,2,33,1.333333,0.9969052036797142,0.007048980238542333,0.009724252178713061,0.0026752719401707276,2502
small,5,2,39,1.393939,0.9969052036797142,0.007068984647257632,0.009401177173711577,0.002332192526453944,2502
small,5,2,44,1.444444,0.9969052036797142,0.006229585558083642,0.010050040249305447,0.0038204546912218055,2502
small,5,2,50,1.505051,0.9969052036797142,0.00829023199409527,0.008920599701882326,0.0006303677077870561,2502
small,5,2,56,1.565657,0.9969052036797142,0.009941808650671466,0.014378451687461139,0.0044366430367896725,2502
small,5,2,61,1.616162,0.9969052036797142,0.00860392755146357,0.010153050386653154,0.0015491228351895842,2502
small,5,2,67,1.676768,0.9969052036797142,0.00875852898200778,0.009140200581965631,0.00038167159995785085,2502
small,5,2,72,1.727273,0.9969052036797142,0.006991664628308373,0.007160176189851493,0.00016851156154311982,2502
small,5,2,78,1.787879,0.9969052036797142,0.007639671104498946,0.00950176769214722,0.0018620965876482735,2502
small,5,2,83,1.838384,0.9969052036797142,0.006554545222930313,0.0075036666109699465,0.0009491213880396332,2502
small,5,2,89,1.89899,0.9969052036797142,0.008915463057870268,0.009292471053392946,0.00037700799552267857,2502
small,5,2,94,1.949495,0.9969052036797142,0.009802359411331705,0.009973329106633793,0.00017096969530208846,2502
small,5,3,6,1.060606,0.9981961075018198,0.009883324303848412,0.011465247830510011,0.0015819235266615987,2503
small,5,3,11,1.111111,0.9981961075018198,0.008169494759384797,0.010511274785478046,0.002341780026093249,2503
small,5,3,17,1.171717,0.9981961075018198,0.01164230627670293,0.011729971467412809,8.76651907098791e-05,2503
small,5,3,22,1.222222,0.9981961075018198,0.008620594205570022,0.013430852259541546,0.004810258053971525,2503
small,5,3,28,1.282828,0.9981961075018198,0.0067494150675423414,0.007820058596439515,0.001070643528897174,2503
small,5,3,33,1.333333,0.9981961075018198,0.006836463907682897,0.009138521188779515,0.002302057281096618,2503
small,5,3,39,1.393939,0.9981961075018198,0.005522439225775522,0.006256067256187229,0.0007336280304117071,2503
small,5,3,44,1.444444,0.9981961075018198,0.005702154195344991,0.007153896903994486,0.0014517427086494948,2503
small,5,3,50,1.505051,0.9981961075018198,0.007308671310465509,0.011425345230840255,0.0041166739203747455,2503
small,5,3,56,1.565657,0.9981961075018198,0.007903369234154106,0.01511173718775663,0.007208367953602524,2503
small,5,3,61,1.616162,0.9981961075018198,0.0064309381363734245,0.007827026079251016,0.0013960879428775918,2503
small,5,3,67,1.676768,0.9981961075018198,0.005802073676052773,0.007027939621618597,0.001225865945565824,2503
small,5,3,72,1.727273,0.9981961075018198,0.0062661696120086905,0.006280884393599288,1.4714781590597671e-05,2503
small,5,3,78,1.787879,0.9981961075018198,0.006841011528167791,0.008801822458130151,0.00196081092996236,2503
small,5,3,83,1.838384,0.9981961075018198,0.005515237584831469,0.006580673571092667,0.0010654359862611977,2503
small,5,3,89,1.89899,0.9981961075018198,0.006917573135589012,0.0073057570076082,0.00038818387201918804,2503
small,5,3,94,1.949495,0.9981961075018198,0.005608971668979589,0.005995057942281876,0.00038608627330228695,2503
small,5,4,6,1.060606,0.998692913689096,0.009531657151910048,0.01573552048814968,0.006203863336239632,2504
small,5,4,11,1.111111,0.998692913689096,0.008115235755233785,0.015829232851273245,0.00771399709603946,2504
small,5,4,17,1.171717,0.998692913689096,0.007722270112928618,0.009979167550577194,0.002256897437648576,2504
small,5,4,22,1.222222,0.998692913689096,0.008429093277311507,0.011239202278565853,0.0028101090012543455,2504
small,5,4,28,1.282828,0.998692913689096,0.005971017103928656,0.013830430154714418,0.007859413050785762,2504
small,5,4,33,1.333333,0.998692913689096,0.006835246173536645,0.013446882568636883,0.006611636395100238,2504
small,5,4,39,1.393939,0.998692913689096,0.0054759705638245774,0.007099187007511805,0.0016232164436872278,2504
small,5,4,44,1.444444,0.998692913689096,0.005621498111752555,0.007764240245382556,0.0021427421336300007,2504
small,5,4,50,1.505051,0.998692913689096,0.007299154073957228,0.009241993925952338,0.00194283985199511,2504
small,5,4,56,1.565657,0.998692913689096,0.005978858089344158,0.01408633009751574,0.008107472008171582,2504
small,5,4,61,1.616162,0.998692913689096,0.0051701206245518844,0.007570460602961715,0.00240033997840983,2504
small,5,4,67,1.676768,0.998692913689096,0.005530471048722825,0.006420843672662001,0.0008903726239391759,2504
small,5,4,72,1.727273,0.998692913689096,0.005360048295933246,0.006088235100309954,0.0007281868043767081,2504
small,5,4,78,1.787879,0.998692913689096,0.0059618322235545605,0.00877284352729567,0.002811011303741109,2504
small,5,4,83,1.838384,0.998692913689096,0.004873240033447171,0.006414923841988251,0.0015416838085410799,2504
small,5,4,89,1.89899,0.998692913689096,0.005402235746601925,0.006587150307997525,0.0011849145613955997,2504
small,5,4,94,1.949495,0.998692913689096,0.004221066297481859,0.005302393221663278,0.0010813269241814185,2504
small,5,6,6,1.060606,0.9991204471569402,0.00779640116496456,0.011712139960767774,0.003915738795803214,2506
small,5,6,11,1.111111,0.9991204471569402,0.007108616314748147,0.015507539493659796,0.008398923178911648,2506
small,5,6,17,1.171717,0.9991204471569402,0.005836875145442396,0.01053949786694091,0.004702622721498514,2506
small,5,6,22,1.222222,0.9991204471569402,0.006222686958715402,0.012357387323804613,0.0061347003650892105,2506
small,5,6,28,1.282828,0.9991204471569402,0.005272310937870778,0.010332402049192132,0.005060091111321354,2506
small,5,6,33,1.333333,0.9991204471569402,0.006038502994955093,0.011328481646115681,0.005289978651160588,2506
small,5,6,39,1.393939,0.9991204471569402,0.004179736335653795,0.006746628778981653,0.0025668924433278574,2506
small,5,6,44,1.444444,0.9991204471569402,0.004977507118186192,0.007837348164698258,0.002859841046512066,2506
small,5,6,50,1.505051,0.9991204471569402,0.006171763399853075,0.009517001959515596,0.0033452385596625207,2506
small,5,6,56,1.565657,0.9991204471569402,0.005833266175181365,0.014524353851407375,0.00869108767622601,2506
small,5,6,61,1.616162,0.9991204471569402,0.00514936152883444,0.006496983869840089,0.0013476223410056496,2506
small,5,6,67,1.676768,0.9991204471569402,0.0035146001855059397,0.005906681053419662,0.0023920808679137226,2506
small,5,6,72,1.727273,0.9991204471569402,0.004538710623831638,0.006035820595731679,0.0014971099719000413,2506
small,5,6,78,1.787879,0.9991204471569402,0.004275897743888337,0.008611485978512001,0.004335588234623664,2506
small,5,6,83,1.838384,0.9991204471569402,0.0037546725410071637,0.0061922508442722015,0.002437578303265038,2506
small,5,6,89,1.89899,0.9991204471569402,0.0050552817934814516,0.006456002595031158,0.0014007208015497062,2506
small,5,6,94,1.949495,0.9991204471569402,0.003756709729301657,0.005178821830553622,0.0014221121012519648,2506
small,5,8,6,1.060606,0.9994042989251257,0.006600035437562103,0.013100894984551883,0.00650085954698978,2508
small,5,8,11,1.111111,0.9994042989251257,0.0068440914165714285,0.012534226358080556,0.005690134941509127,2508
small,5,8,17,1.171717,0.9994042989251257,0.005341753617879911,0.009647968359494644,0.004306214741614733,2508
small,5,8,22,1.222222,0.9994042989251257,0.005564262123568075,0.012689292490164037,0.007125030366595962,2508
small,5,8,28,1.282828,0.9994042989251257,0.004650785154971032,0.010243029124403447,0.005592243969432415,2508
small,5,8,33,1.333333,0.9994042989251257,0.003941211675221678,0.011553417884490581,0.007612206209268903,2508
small,5,8,39,1.393939,0.9994042989251257,0.003900347179557876,0.007317479289219097,0.0034171321096612205,2508
small,5,8,44,1.444444,0.9994042989251257,0.0045645862519929975,0.006468905813656294,0.0019043195616632964,2508
small,5,8,50,1.505051,0.9994042989251257,0.004147877177817192,0.01267658137817088,0.008528704200353687,2508
small,5,8,56,1.565657,0.9994042989251257,0.004562122021155512,0.018692277948475396,0.014130155927319882,2508
small,5,8,61,1.616162,0.9994042989251257,0.00434175883211827,0.005918297128558485,0.001576538296440215,2508
small,5,8,67,1.676768,0.9994042989251257,0.003421150343013332,0.00654555330829804,0.0031244029652847077,2508
small,5,8,72,1.727273,0.9994042989251257,0.0037068424230880677,0.006053932897816336,0.002347090474728268,2508
small,5,8,78,1.787879,0.9994042989251257,0.0038527144243165295,0.0070686202990058134,0.003215905874689284,2508
small,5,8,83,1.838384,0.9994042989251257,0.0036140968070075318,0.007992372532235096,0.004378275725227564,2508
small,5,8,89,1.89899,0.9994042989251257,0.003830193690983659,0.006788824176869586,0.0029586304858859273,2508
small,5,8,94,1.949495,0.9994042989251257,0.0036506087892301422,0.005336353034945921,0.0016857442457157792,2508
small,5,10,6,1.060606,0.99953571682898,0.006201917195140744,0.01134781549254118,0.005145898297400436,2510
small,5,10,11,1.111111,0.99953571682898,0.005659294963469391,0.01492635590106719,0.009267060937597799,2510
small,5,10,17,1.171717,0.99953571682898,0.005230603698180933,0.01091864262742184,0.005688038929240907,2510
small,5,10,22,1.222222,0.99953571682898,0.0050987338855375645,0.011119178446414269,0.006020444560876704,2510
small,5,10,28,1.282828,0.99953571682898,0.00420287393926581,0.014741177071902032,0.010538303132636222,2510
small,5,10,33,1.333333,0.99953571682898,0.00373558783409597,0.014944981744773751,0.011209393910677781,2510
small,5,10,39,1.393939,0.99953571682898,0.0038653691410031324,0.006915023868957183,0.003049654727954051,2510
small,5,10,44,1.444444,0.99953571682898,0.004042054461797841,0.0064941574102244755,0.0024521029484266344,2510
small,5,10,50,1.505051,0.99953571682898,0.003836430001043806,0.010620413502777147,0.006783983501733341,2510
small,5,10,56,1.565657,0.99953571682898,0.004262182450174307,0.016194047140497863,0.011931864690323556,2510
small,5,10,61,1.616162,0.99953571682898,0.004238470558964366,0.0076506315670704485,0.003412161008106082,2510
small,5,10,67,1.676768,0.99953571682898,0.0033088566082302272,0.007734030626628007,0.004425174018397779,2510
small,5,10,72,1.727273,0.99953571682898,0.00365534549070669,0.006225594714791875,0.002570249224085185,2510
small,5,10,78,1.787879,0.99953571682898,0.003726161186074554,0.007516401121401017,0.0037902399353264625,2510
small,5,10,83,1.838384,0.99953571682898,0.0032844810798786863,0.006606209214591217,0.003321728134712531,2510
small,5,10,89,1.89899,0.99953571682898,0.0032680506617196307,0.0067558398011875785,0.003487789139467948,2510
small,5,10,94,1.949495,0.99953571682898,0.0034960802940835153,0.006330316135221912,0.0028342358411383964,2510
small,5,15,6,1.060606,0.9997008530581186,0.005292295168010451,0.012003343443862663,0.0067110482758522124,2515
small,5,15,11,1.111111,0.9997008530581186,0.00451670742170248,0.022628453442287273,0.018111746020584792,2515
small,5,15,17,1.171717,0.9997008530581186,0.004973491396985371,0.01965616648531121,0.014682675088325839,2515
small,5,15,22,1.222222,0.9997008530581186,0.0038189723361514143,0.01709777615175447,0.013278803815603054,2515
small,5,15,28,1.282828,0.9997008530581186,0.004145327547305398,0.017334606288217376,0.013189278740911978,2515
small,5,15,33,1.333333,0.9997008530581186,0.0035890613920044915,0.026595567391292527,0.023006505999288034,2515
small,5,15,39,1.393939,0.9997008530581186,0.003665772545548647,0.009996971721250492,0.006331199175701845,2515
small,5,15,44,1.444444,0.9997008530581186,0.003500248605201824,0.007690036965079719,0.004189788359877895,2515
small,5,15,50,1.505051,0.9997008530581186,0.003539355862024981,0.0090559660017883,0.00551661013976332,2515
small,5,15,56,1.565657,0.9997008530581186,0.003447565355869826,0.014148498391898748,0.010700933036028922,2515
small,5,15,61,1.616162,0.9997008530581186,0.00324851055359894,0.009173329252770012,0.005924818699171072,2515
small,5,15,67,1.676768,0.9997008530581186,0.0029495350229135748,0.006734869530542375,0.0037853345076288,2515
small,5,15,72,1.727273,0.9997008530581186,0.0031760401725244272,0.007041546174236572,0.003865506001712145,2515
small,5,15,78,1.787879,0.9997008530581186,0.0030121590264748904,0.008874006666044246,0.005861847639569356,2515
small,5,15,83,1.838384,0.9997008530581186,0.002631413615286794,0.006992847979358134,0.00436143436407134,2515
small,5,15,89,1.89899,0.9997008530581186,0.0026178863932196884,0.006556163693204016,0.003938277299984328,2515
small,5,15,94,1.949495,0.9997008530581186,0.0031727791023955804,0.005351146807532325,0.0021783677051367446,2515
small,5,20,6,1.060606,0.9997870221963608,0.005064634376864497,0.012826551170832284,0.007761916793967787,2520
small,5,20,11,1.111111,0.9997870221963608,0.004199334431581306,0.017790796453421458,0.013591462021840152,2520
small,5,20,17,1.171717,0.9997870221963608,0.004736306087901927,0.01655745292031372,0.011821146832411793,2520
small,5,20,22,1.222222,0.9997870221963608,0.0036471090909163282,0.019127148629614146,0.015480039538697817,2520
small,5,20,28,1.282828,0.9997870221963608,0.004006287529031141,0.008354691676806478,0.004348404147775337,2520
small,5,20,33,1.333333,0.9997870221963608,0.0034711203522896548,0.01209578542938809,0.008624665077098435,2520
small,5,20,39,1.393939,0.9997870221963608,0.00347473134795642,0.010464647791274876,0.006989916443318455,2520
small,5,20,44,1.444444,0.9997870221963608,0.003148609515140688,0.014776747879886908,0.011628138364746219,2520
small,5,20,50,1.505051,0.9997870221963608,0.003466741427644277,0.01586373354822115,0.012396992120576874,2520
small,5,20,56,1.565657,0.9997870221963608,0.0032171179699364443,0.013536879547345684,0.01031976157740924,2520
small,5,20,61,1.616162,0.9997870221963608,0.0027067040525074774,0.015478410424324244,0.012771706371816766,2520
small,5,20,67,1.676768,0.9997870221963608,0.002772659779060777,0.019749392622046662,0.016976732842985884,2520
small,5,20,72,1.727273,0.9997870221963608,0.002894062556428345,0.017128627578730828,0.014234565022302482,2520
small,5,20,78,1.787879,0.9997870221963608,0.0027604627035183412,0.013854254559377843,0.011093791855859502,2520
small,5,20,83,1.838384,0.9997870221963608,0.002337609667753532,0.0060840604660581865,0.0037464507983046543,2520
small,5,20,89,1.89899,0.9997870221963608,0.002390310893102076,0.010622028699338898,0.008231717806236822,2520
small,5,20,94,1.949495,0.9997870221963608,0.0029197211686511778,0.01791418920062749,0.014994468031976313,2520
large,1,1,1,1.010101,0.9661178720988544,0.07087890782391457,0.07103124790016743,0.00015234007625286594,3101
large,1,1,7,1.070707,0.9661178720988544,0.04072877487496421,0.040769821488112507,4.104661314829894e-05,3101
large,1,1,12,1.121212,0.9661178720988544,0.01531366003293234,0.018127405195129842,0.0028137451621975014,3101
large,1,1,18,1.181818,0.9661178720988544,0.025369342546764064,0.025630148832303908,0.0002608062855398441,3101
large,1,1,23,1.232323,0.9661178720988544,0.03288902546110887,0.033562264757244414,0.0006732392961355457,3101
large,1,1,29,1.292929,0.9661178720988544,0.03990148560934494,0.040048674655499515,0.00014718904615457218,3101
large,1,1,34,1.343434,0.9661178720988544,0.04043818468603473,0.04104454479245861,0.0006063601064238769,3101
large,1,1,40,1.40404,0.9661178720988544,0.03148557297790875,0.03162991391183253,0.00014434093392377834,3101
large,1,1,46,1.464646,0.9661178720988544,0.026790168740407648,0.027568261215708705,0.0007780924753010565,3101
large,1,1,51,1.515152,0.9661178720988544,0.021130534403034845,0.02122162165804641,9.108725501156406e-05,3101
large,1,1,57,1.575758,0.9661178720988544,0.011938947480992312,0.011957090530565418,1.8143049573106015e-05,3101
large,1,1,62,1.626263,0.9661178720988544,0.011096835397001329,0.011126686329275569,2.9850932274240113e-05,3101
large,1,1,68,1.686869,0.9661178720988544,0.008386044094927634,0.008606247759657975,0.00022020366473034063,3101
large,1,1,73,1.737374,0.9661178720988544,0.01678818278629166,0.018690137604713466,0.0019019548184218069,3101
large,1,1,79,1.79798,0.9661178720988544,0.019651996303328253,0.019853928609040984,0.00020193230571273132,3101
large,1,1,84,1.848485,0.9661178720988544,0.023633240392684753,0.023633376560751585,1.3616806683255933e-07,3101
large,1,1,90,1.909091,0.9661178720988544,0.02898066521892929,0.029044723476284482,6.40582573551915e-05,3101
large,1,1,96,1.969697,0.9661178720988544,0.032214344651892574,0.03240117051236971,0.00018682586047713556,3101
large,1,2,1,1.010101,0.9964774082906934,0.01187473494344306,0.013322669908350881,0.0014479349649078217,3102
large,1,2,7,1.070707,0.9964774082906934,0.007002788084372997,0.011256819988264806,0.00425403190389181,3102
large,1,2,12,1.121212,0.9964774082906934,0.015036254391538688,0.01793087081560454,0.0028946164240658528,3102
large,1,2,18,1.181818,0.9964774082906934,0.013472681663724296,0.01402794671767221,0.0005552650539479131,3102
large,1,2,23,1.232323,0.9964774082906934,0.015180102308382234,0.019856806473742696,0.004676704165360462,3102
large,1,2,29,1.292929,0.9964774082906934,0.00824408817424866,0.00882112154517193,0.0005770333709232689,3102
large,1,2,34,1.343434,0.9964774082906934,0.011211016587438553,0.012239117276604414,0.0010281006891658603,3102
large,1,2,40,1.40404,0.9964774082906934,0.008963897778950023,0.01135638921695172,0.0023924914380016975,3102
large,1,2,46,1.464646,0.9964774082906934,0.010041296550183109,0.010825385657839743,0.0007840891076566336,3102
large,1,2,51,1.515152,0.9964774082906934,0.008724735334520338,0.008781475171882963,5.6739837362625514e-05,3102
large,1,2,57,1.575758,0.9964774082906934,0.008229158070039228,0.008375029363233566,0.0001458712931943374,3102
large,1,2,62,1.626263,0.9964774082906934,0.009828442987132206,0.010424480285741724,0.000596037298609518,3102
large,1,2,68,1.686869,0.9964774082906934,0.007497892835550107,0.008808180965816087,0.00131028813026598,3102
large,1,2,73,1.737374,0.9964774082906934,0.00981071980860509,0.0116118948841934,0.0018011750755883103,3102
large,1,2,79,1.79798,0.9964774082906934,0.005084831528776633,0.005214777038794031,0.00012994551001739747,3102
large,1,2,84,1.848485,0.9964774082906934,0.0067452697103829885,0.006873838776363079,0.00012856906598009057,3102
large,1,2,90,1.909091,0.9964774082906934,0.008793536717833894,0.00897875884432086,0.0001852221264869655,3102
large,1,2,96,1.969697,0.9964774082906934,0.008313162530078154,0.008571212285459888,0.00025804975538173437,3102
large,1,3,1,1.010101,0.9977074809633485,0.01148294469347606,0.013387874540201202,0.0019049298467251428,3103
large,1,3,7,1.070707,0.9977074809633485,0.006588960050191954,0.011047437305477019,0.0044584772552850645,3103
large,1,3,12,1.121212,0.9977074809633485,0.010610078128181693,0.014838638197039138,0.004228560068857445,3103
large,1,3,18,1.181818,0.9977074809633485,0.00806436122887719,0.009486429937399296,0.0014220687085221059,3103
large,1,3,23,1.232323,0.9977074809633485,0.010319972245839484,0.01186852697658058,0.001548554730741095,3103
large,1,3,29,1.292929,0.9977074809633485,0.008234596198409008,0.012271787848845929,0.00403719165043692,3103
large,1,3,34,1.343434,0.9977074809633485,0.009332461740068444,0.012928582377063574,0.0035961206369951298,3103
large,1,3,40,1.40404,0.9977074809633485,0.0088598562168301,0.009124280026387495,0.0002644238095573948,3103
large,1,3,46,1.464646,0.9977074809633485,0.009939303358695263,0.016148472624675735,0.0062091692659804725,3103
large,1,3,51,1.515152,0.9977074809633485,0.00570646133311395,0.009044444832584158,0.0033379834994702083,3103
large,1,3,57,1.575758,0.9977074809633485,0.007012846848400465,0.0076937179551843544,0.0006808711067838895,3103
large,1,3,62,1.626263,0.9977074809633485,0.0073241617191215245,0.007931031689762837,0.0006068699706413124,3103
large,1,3,68,1.686869,0.9977074809633485,0.006378405109837929,0.006589672533763274,0.0002112674239253447,3103
large,1,3,73,1.737374,0.9977074809633485,0.009277866387241485,0.013803066818647517,0.0045252004314060325,3103
large,1,3,79,1.79798,0.9977074809633485,0.005080402440074372,0.007381478883488004,0.0023010764434136313,3103
large,1,3,84,1.848485,0.9977074809633485,0.006343866902853804,0.0068277571004593295,0.00048389019760552553,3103
large,1,3,90,1.909091,0.9977074809633485,0.008251570767593648,0.008665663758957158,0.00041409299136350997,3103
large,1,3,96,1.969697,0.9977074809633485,0.005750682428084073,0.006945625904462369,0.0011949434763782957,3103
large,1,4,1,1.010101,0.9982180276384232,0.011457424311504625,0.014082524020776985,0.00262509970927236,3104
large,1,4,7,1.070707,0.9982180276384232,0.006181377617731654,0.01066655604548023,0.0044851784277485755,3104
large,1,4,12,1.121212,0.9982180276384232,0.01035106137765014,0.015963652182862872,0.005612590805212732,3104
large,1,4,18,1.181818,0.9982180276384232,0.008063912077891104,0.009690607692733999,0.0016266956148428945,3104
large,1,4,23,1.232323,0.9982180276384232,0.006806469849121745,0.014121427507552128,0.007314957658430383,3104
large,1,4,29,1.292929,0.9982180276384232,0.008233234448345998,0.009317150834775858,0.0010839163864298593,3104
large,1,4,34,1.343434,0.9982180276384232,0.009295261295656453,0.014815847526766505,0.005520586231110052,3104
large,1,4,40,1.40404,0.9982180276384232,0.00877772223233836,0.009586115468091344,0.0008083932357529841,3104
large,1,4,46,1.464646,0.9982180276384232,0.00785408854578991,0.011441862777231448,0.003587774231441538,3104
large,1,4,51,1.515152,0.9982180276384232,0.005314828869285634,0.006169480182421442,0.0008546513131358086,3104
large,1,4,57,1.575758,0.9982180276384232,0.005839626932555051,0.00815516959318986,0.0023155426606348093,3104
large,1,4,62,1.626263,0.9982180276384232,0.007289147824332267,0.00781263668315956,0.000523488858827293,3104
large,1,4,68,1.686869,0.9982180276384232,0.005814589586990703,0.007041596638928271,0.0012270070519375684,3104
large,1,4,73,1.737374,0.9982180276384232,0.008309638829273823,0.010058377595702021,0.0017487387664281984,3104
large,1,4,79,1.79798,0.9982180276384232,0.004760833153382881,0.005909177639320391,0.0011483444859375098,3104
large,1,4,84,1.848485,0.9982180276384232,0.006160906603076629,0.006917221660685523,0.0007563150576088938,3104
large,1,4,90,1.909091,0.9982180276384232,0.00819895336037097,0.008647261628815642,0.00044830826844467243,3104
large,1,4,96,1.969697,0.9982180276384232,0.005659750368249357,0.006439253631459961,0.0007795032632106043,3104
large,1,6,1,1.010101,0.9988163649407157,0.010602319905690445,0.016167777830126125,0.00556545792443568,3106
large,1,6,7,1.070707,0.9988163649407157,0.006180416447695589,0.011294324442597868,0.005113907994902279,3106
large,1,6,12,1.121212,0.9988163649407157,0.008799249278579953,0.016683373983185514,0.00788412470460556,3106
large,1,6,18,1.181818,0.9988163649407157,0.007209970809568124,0.011815479440289553,0.004605508630721429,3106
large,1,6,23,1.232323,0.9988163649407157,0.006492132225116082,0.01227832231439969,0.0057861900892836075,3106
large,1,6,29,1.292929,0.9988163649407157,0.006897810446865965,0.009991417576332895,0.00309360712946693,3106
large,1,6,34,1.343434,0.9988163649407157,0.008104131092428992,0.01572296513539046,0.007618834042961469,3106
large,1,6,40,1.40404,0.9988163649407157,0.005720385273751415,0.010016767301069478,0.004296382027318062,3106
large,1,6,46,1.464646,0.9988163649407157,0.007311951025940863,0.013271518611769326,0.005959567585828463,3106
large,1,6,51,1.515152,0.9988163649407157,0.00478479054400867,0.006113277464413128,0.0013284869204044578,3106
large,1,6,57,1.575758,0.9988163649407157,0.005255034128313763,0.009272524084875871,0.004017489956562108,3106
large,1,6,62,1.626263,0.9988163649407157,0.006986380431622707,0.008064095480051364,0.0010777150484286568,3106
large,1,6,68,1.686869,0.9988163649407157,0.005419062438416345,0.006651315999459254,0.0012322535610429083,3106
large,1,6,73,1.737374,0.9988163649407157,0.005319997811293122,0.010332357342306135,0.005012359531013013,3106
large,1,6,79,1.79798,0.9988163649407157,0.004398065985769652,0.005866652851713223,0.0014685868659435712,3106
large,1,6,84,1.848485,0.9988163649407157,0.004906704494850496,0.00693477714001792,0.0020280726451674235,3106
large,1,6,90,1.909091,0.9988163649407157,0.006224372507691433,0.008719931389988866,0.002495558882297433,3106
large,1,6,96,1.969697,0.9988163649407157,0.004829077414009564,0.006208257305617738,0.001379179891608174,3106
large,1,8,1,1.010101,0.9991131956335728,0.009772362876150551,0.015084135391708652,0.005311772515558101,3108
large,1,8,7,1.070707,0.9991131956335728,0.0055406086077552244,0.011478159034521637,0.005937550426766413,3108
large,1,8,12,1.121212,0.9991131956335728,0.008061683948121146,0.016682238836259505,0.008620554888138359,3108
large,1,8,18,1.181818,0.9991131956335728,0.005193721120926627,0.01163617130543209,0.006442450184505463,3108
large,1,8,23,1.232323,0.9991131956335728,0.0057109999131956055,0.013562272313525399,0.007851272400329793,3108
large,1,8,29,1.292929,0.9991131956335728,0.005658269300355943,0.008949336579952295,0.003291067279596352,3108
large,1,8,34,1.343434,0.9991131956335728,0.0070212151547593814,0.017375444095980432,0.01035422894122105,3108
large,1,8,40,1.40404,0.9991131956335728,0.005486196863280466,0.009422659707716807,0.003936462844436341,3108
large,1,8,46,1.464646,0.9991131956335728,0.004944709460645171,0.011202922858941915,0.006258213398296744,3108
large,1,8,51,1.515152,0.9991131956335728,0.004389870099777775,0.007127474548177155,0.0027376044483993795,3108
large,1,8,57,1.575758,0.9991131956335728,0.005115737929675727,0.009190912960951647,0.0040751750312759205,3108
large,1,8,62,1.626263,0.9991131956335728,0.0054360195903159795,0.007965789596831146,0.0025297700065151666,3108
large,1,8,68,1.686869,0.9991131956335728,0.0048241493861473465,0.007390087052525106,0.0025659376663777593,3108
large,1,8,73,1.737374,0.9991131956335728,0.004670033638258284,0.009841122659174298,0.005171089020916013,3108
large,1,8,79,1.79798,0.9991131956335728,0.004222960852877418,0.005839969578805149,0.0016170087259277308,3108
large,1,8,84,1.848485,0.9991131956335728,0.004629175258438983,0.006762547545565997,0.0021333722871270137,3108
large,1,8,90,1.909091,0.9991131956335728,0.005421107744053391,0.008649379083733621,0.0032282713396802306,3108
large,1,8,96,1.969697,0.9991131956335728,0.0047594771968811345,0.006790074528026496,0.0020305973311453614,3108
large,1,10,1,1.010101,0.9993040313240926,0.006885306492795097,0.014518478572068859,0.007633172079273762,3110
large,1,10,7,1.070707,0.9993040313240926,0.005299134384402452,0.011242810257818635,0.005943675873416183,3110
large,1,10,12,1.121212,0.9993040313240926,0.006979778871401045,0.013075128298829918,0.006095349427428873,3110
large,1,10,18,1.181818,0.9993040313240926,0.004915904275162453,0.010589483857039438,0.005673579581876985,3110
large,1,10,23,1.232323,0.9993040313240926,0.005049462669596836,0.016274594652491852,0.011225131982895016,3110
large,1,10,29,1.292929,0.9993040313240926,0.005397788347497758,0.01094066978332742,0.005542881435829663,3110
large,1,10,34,1.343434,0.9993040313240926,0.005845738174668006,0.013914421222808043,0.008068683048140037,3110
large,1,10,40,1.40404,0.9993040313240926,0.005021787378867124,0.01117916520706566,0.006157377828198535,3110
large,1,10,46,1.464646,0.9993040313240926,0.00493931562994542,0.009960575538974089,0.0050212599090286685,3110
large,1,10,51,1.515152,0.9993040313240926,0.004046886639828878,0.006878466182607422,0.002831579542778544,3110
large,1,10,57,1.575758,0.9993040313240926,0.0049136005758617105,0.008897420857027515,0.003983820281165804,3110
large,1,10,62,1.626263,0.9993040313240926,0.005157684203985695,0.008993857623669846,0.003836173419684151,3110
large,1,10,68,1.686869,0.9993040313240926,0.004817794943022473,0.008844382340537593,0.00402658739751512,3110
large,1,10,73,1.737374,0.9993040313240926,0.004519315675080378,0.01060285494110537,0.006083539266024993,3110
large,1,10,79,1.79798,0.9993040313240926,0.00415467651282318,0.007675696418519432,0.0035210199056962517,3110
large,1,10,84,1.848485,0.9993040313240926,0.004485285030105705,0.007599235160147592,0.0031139501300418877,3110
large,1,10,90,1.909091,0.9993040313240926,0.004973502911016682,0.008604997771559222,0.0036314948605425407,3110
large,1,10,96,1.969697,0.9993040313240926,0.004508430349156692,0.008716102758997056,0.004207672409840364,3110
large,1,15,1,1.010101,0.9995482062838976,0.006523247146387377,0.02520203057462072,0.018678783428233342,3115
large,1,15,7,1.070707,0.9995482062838976,0.005123233974425962,0.012212352991567553,0.007089119017141591,3115
large,1,15,12,1.121212,0.9995482062838976,0.005516572599425449,0.02071864646678337,0.01520207386735792,3115
large,1,15,18,1.181818,0.9995482062838976,0.00467654150331069,0.013716760145875955,0.009040218642565264,3115
large,1,15,23,1.232323,0.9995482062838976,0.004458936107519715,0.01304543161607197,0.008586495508552255,3115
large,1,15,29,1.292929,0.9995482062838976,0.0049468060402805296,0.010515173338237383,0.005568367297956854,3115
large,1,15,34,1.343434,0.9995482062838976,0.004957289077262158,0.012610010935893255,0.007652721858631097,3115
large,1,15,40,1.40404,0.9995482062838976,0.0045441091294453175,0.010330247026012984,0.005786137896567667,3115
large,1,15,46,1.464646,0.9995482062838976,0.004193751304426515,0.013335611392051515,0.009141860087625,3115
large,1,15,51,1.515152,0.9995482062838976,0.0038343547882060017,0.006362492857934484,0.002528138069728482,3115
large,1,15,57,1.575758,0.9995482062838976,0.0042581411312578145,0.00754186612745617,0.0032837249961983556,3115
large,1,15,62,1.626263,0.9995482062838976,0.004442925145482512,0.008800304557877362,0.004357379412394851,3115
large,1,15,68,1.686869,0.9995482062838976,0.003961750138869379,0.006733520450602566,0.0027717703117331877,3115
large,1,15,73,1.737374,0.9995482062838976,0.003635894120541237,0.014393443116714191,0.010757548996172954,3115
large,1,15,79,1.79798,0.9995482062838976,0.0036653992554650464,0.007273322999048272,0.0036079237435832252,3115
large,1,15,84,1.848485,0.9995482062838976,0.0036801932809519553,0.006476089042210348,0.0027958957612583928,3115
large,1,15,90,1.909091,0.9995482062838976,0.004282483621603051,0.010099522755198943,0.005817039133595892,3115
large,1,15,96,1.969697,0.9995482062838976,0.003927684799681504,0.012420121545318465,0.008492436745636961,3115
large,1,20,1,1.010101,0.9996773621778212,0.006093125267175809,0.018303673012928137,0.012210547745752328,3120
large,1,20,7,1.070707,0.9996773621778212,0.004929485622774048,0.012622539649459263,0.007693054026685214,3120
large,1,20,12,1.121212,0.9996773621778212,0.004956116045854448,0.01711556521787849,0.01215944917202404,3120
large,1,20,18,1.181818,0.9996773621778212,0.004517676614160248,0.01126639514557221,0.006748718531411963,3120
large,1,20,23,1.232323,0.9996773621778212,0.0043708802808423665,0.018042775887728346,0.013671895606885979,3120
large,1,20,29,1.292929,0.9996773621778212,0.004828884707954094,0.009316836298893376,0.0044879515909392815,3120
large,1,20,34,1.343434,0.9996773621778212,0.004490412947930789,0.014760845879984788,0.010270432932054,3120
large,1,20,40,1.40404,0.9996773621778212,0.004087870232831009,0.01205574264264355,0.007967872409812542,3120
large,1,20,46,1.464646,0.9996773621778212,0.0038741959739414097,0.010671458534058953,0.006797262560117544,3120
large,1,20,51,1.515152,0.9996773621778212,0.003460220817296346,0.005958672285017714,0.002498451467721368,3120
large,1,20,57,1.575758,0.9996773621778212,0.004028570095571951,0.007772028895635583,0.0037434588000636324,3120
large,1,20,62,1.626263,0.9996773621778212,0.004262745009711309,0.009287789155336297,0.005025044145624988,3120
large,1,20,68,1.686869,0.9996773621778212,0.0037194097410803476,0.007761769090455472,0.004042359349375125,3120
large,1,20,73,1.737374,0.9996773621778212,0.0034920335284700614,0.011120992125573171,0.00762895859710311,3120
large,1,20,79,1.79798,0.9996773621778212,0.0035867205790181805,0.005679223254495178,0.0020925026754769977,3120
large,1,20,84,1.848485,0.9996773621778212,0.0035880360522830257,0.006475131272905143,0.0028870952206221175,3120
large,1,20,90,1.909091,0.9996773621778212,0.004107716812493742,0.008590021137927974,0.004482304325434232,3120
large,1,20,96,1.969697,0.9996773621778212,0.0037012461554763857,0.00624267263377344,0.0025414264782970546,3120
large,2,1,2,1.020202,0.9665835798714147,0.07094443260994562,0.0709482180962384,3.7854862927760857e-06,3201
large,2,1,8,1.080808,0.9665835798714147,0.0311783913892447,0.03125994751354285,8.155612429815162e-05,3201
large,2,1,13,1.131313,0.9665835798714147,0.00792208825716856,0.007922093672250597,5.4150820372883546e-09,3201
large,2,1,19,1.191919,0.9665835798714147,0.02389417687429457,0.025619885921829594,0.0017257090475350234,3201
large,2,1,24,1.242424,0.9665835798714147,0.03829867733307858,0.03889660957536267,0.000597932242284091,3201
large,2,1,30,1.30303,0.9665835798714147,0.04238418716146772,0.04373778834538167,0.0013536011839139495,3201
large,2,1,36,1.363636,0.9665835798714147,0.03527561608731018,0.03544647951908883,0.00017086343177864782,3201
large,2,1,41,1.414141,0.9665835798714147,0.03272580986883036,0.032729870226072925,4.060357242562096e-06,3201
large,2,1,47,1.474747,0.9665835798714147,0.02802238354472856,0.028696668882341684,0.0006742853376131251,3201
large,2,1,52,1.525253,0.9665835798714147,0.020981452405779113,0.02218035933832631,0.0011989069325471988,3201
large,2,1,58,1.585859,0.9665835798714147,0.010270405248168094,0.010508351530556532,0.00023794628238843832,3201
large,2,1,63,1.636364,0.9665835798714147,0.009432001014424415,0.009433194195470191,1.193181045775621e-06,3201
large,2,1,69,1.69697,0.9665835798714147,0.010180642521052045,0.010222962934518728,4.232041346668297e-05,3201
large,2,1,74,1.747475,0.9665835798714147,0.015129723330695833,0.015149580313017835,1.9856982322001906e-05,3201
large,2,1,80,1.808081,0.9665835798714147,0.02254831730749489,0.023946976384693616,0.0013986590771987266,3201
large,2,1,86,1.868687,0.9665835798714147,0.027258410479234153,0.027259051932216324,6.414529821717474e-07,3201
large,2,1,91,1.919192,0.9665835798714147,0.028770507386980535,0.028906947150051716,0.00013643976307118125,3201
large,2,1,97,1.979798,0.9665835798714147,0.03609971804395475,0.036103849337415866,4.131293461114016e-06,3201
large,2,2,2,1.020202,0.9963978724305542,0.01631358455554069,0.020411800121697226,0.004098215566156537,3202
large,2,2,8,1.080808,0.9963978724305542,0.009707791236357212,0.01086237721822245,0.001154585981865238,3202
large,2,2,13,1.131313,0.9963978724305542,0.007757267006213105,0.009637729363620805,0.0018804623574077,3202
large,2,2,19,1.191919,0.9963978724305542,0.011373593339885892,0.011982850661162413,0.0006092573212765212,3202
large,2,2,24,1.242424,0.9963978724305542,0.009643208229606702,0.010287189332557947,0.0006439811029512448,3202
large,2,2,30,1.30303,0.9963978724305542,0.007871764975787109,0.014123861723309638,0.006252096747522529,3202
large,2,2,36,1.363636,0.9963978724305542,0.005867800970426433,0.009162778674270022,0.0032949777038435886,3202
large,2,2,41,1.414141,0.9963978724305542,0.008903713337796725,0.009548051561688382,0.0006443382238916565,3202
large,2,2,47,1.474747,0.9963978724305542,0.010851725413168561,0.014204699004502825,0.0033529735913342632,3202
large,2,2,52,1.525253,0.9963978724305542,0.009088351823724543,0.011190625128610361,0.002102273304885818,3202
large,2,2,58,1.585859,0.9963978724305542,0.0076006772027691245,0.008238693079138637,0.0006380158763695121,3202
large,2,2,63,1.636364,0.9963978724305542,0.009125065398638825,0.009406213330656015,0.0002811479320171898,3202
large,2,2,69,1.69697,0.9963978724305542,0.007635083849250904,0.008171409080171273,0.0005363252309203695,3202
large,2,2,74,1.747475,0.9963978724305542,0.006274273972226007,0.0067650774243945225,0.0004908034521685159,3202
large,2,2,80,1.808081,0.9963978724305542,0.007757006998340232,0.010683715591912005,0.0029267085935717734,3202
large,2,2,86,1.868687,0.9963978724305542,0.0069681377611404026,0.007052171836164985,8.403407502458222e-05,3202
large,2,2,91,1.919192,0.9963978724305542,0.007863961925283613,0.008848531341165927,0.000984569415882314,3202
large,2,2,97,1.979798,0.9963978724305542,0.011314708624146035,0.011620394334982478,0.0003056857108364435,3202
large,2,3,2,1.020202,0.9976477340609912,0.011427823399525203,0.01591707948995944,0.004489256090434239,3203
large,2,3,8,1.080808,0.9976477340609912,0.009554311396490083,0.010199982765814738,0.0006456713693246546,3203
large,2,3,13,1.131313,0.9976477340609912,0.006254087370361635,0.00771405366992699,0.0014599662995653552,3203
large,2,3,19,1.191919,0.9976477340609912,0.010735146939372428,0.013324082026677495,0.0025889350873050665,3203
large,2,3,24,1.242424,0.9976477340609912,0.008477515147394442,0.01195572537222078,0.0034782102248263388,3203
large,2,3,30,1.30303,0.9976477340609912,0.007800921523741967,0.015498906332023927,0.00769798480828196,3203
large,2,3,36,1.363636,0.9976477340609912,0.005595183029197636,0.0062566121592960685,0.0006614291300984327,3203
large,2,3,41,1.414141,0.9976477340609912,0.007061603501428578,0.00787167724785253,0.0008100737464239527,3203
large,2,3,47,1.474747,0.9976477340609912,0.0061287970939578615,0.009048932467576036,0.0029201353736181745,3203
large,2,3,52,1.525253,0.9976477340609912,0.007870355175200537,0.010865965149362241,0.002995609974161704,3203
large,2,3,58,1.585859,0.9976477340609912,0.006271868544473222,0.006633816508840361,0.0003619479643671396,3203
large,2,3,63,1.636364,0.9976477340609912,0.006331044811376182,0.006771463055890793,0.0004404182445146114,3203
large,2,3,69,1.69697,0.9976477340609912,0.006977705756105425,0.007055214220042958,7.750846393753293e-05,3203
large,2,3,74,1.747475,0.9976477340609912,0.005972611150091708,0.0060788864556893946,0.00010627530559768634,3203
large,2,3,80,1.808081,0.9976477340609912,0.007689864203053248,0.011935114104717651,0.004245249901664403,3203
large,2,3,86,1.868687,0.9976477340609912,0.005263858418733519,0.005558785475977521,0.00029492705724400246,3203
large,2,3,91,1.919192,0.9976477340609912,0.007509190447104515,0.00864493367757476,0.001135743230470246,3203
large,2,3,97,1.979798,0.9976477340609912,0.006763408870818081,0.007076341827713712,0.0003129329568956306,3203
large,2,4,2,1.020202,0.9981964014710586,0.011136009452941768,0.015356509434170412,0.004220499981228644,3204
large,2,4,8,1.080808,0.9981964014710586,0.008920119023060074,0.009825008528334298,0.0009048895052742242,3204
large,2,4,13,1.131313,0.9981964014710586,0.0062506290156626055,0.007380088530245759,0.0011294595145831532,3204
large,2,4,19,1.191919,0.9981964014710586,0.01064646432614462,0.014261792028254741,0.0036153277021101216,3204
large,2,4,24,1.242424,0.9981964014710586,0.007863629902433014,0.009934196877173687,0.002070566974740673,3204
large,2,4,30,1.30303,0.9981964014710586,0.007682088106163298,0.013740248069732963,0.006058159963569665,3204
large,2,4,36,1.363636,0.9981964014710586,0.00499369878978933,0.006124640982933495,0.001130942193144165,3204
large,2,4,41,1.414141,0.9981964014710586,0.007047434791436361,0.008075806539037143,0.0010283717476007818,3204
large,2,4,47,1.474747,0.9981964014710586,0.006056205179638441,0.009804360021479016,0.0037481548418405756,3204
large,2,4,52,1.525253,0.9981964014710586,0.007870193555852886,0.010428279361132112,0.002558085805279227,3204
large,2,4,58,1.585859,0.9981964014710586,0.006262625175781903,0.00716760834072727,0.0009049831649453671,3204
large,2,4,63,1.636364,0.9981964014710586,0.0061240992496998875,0.0068581288693042855,0.0007340296196043979,3204
large,2,4,69,1.69697,0.9981964014710586,0.006376207756309893,0.006764887455579071,0.00038867969926917757,3204
large,2,4,74,1.747475,0.9981964014710586,0.005371917323392173,0.0057653901130203826,0.0003934727896282098,3204
large,2,4,80,1.808081,0.9981964014710586,0.007689590596929568,0.011032125978924773,0.003342535381995205,3204
large,2,4,86,1.868687,0.9981964014710586,0.0050155280320317765,0.005515110842789372,0.0004995828107575958,3204
large,2,4,91,1.919192,0.9981964014710586,0.0056774689470980065,0.00997239661935488,0.004294927672256873,3204
large,2,4,97,1.979798,0.9981964014710586,0.005729371516957088,0.006105442345124681,0.0003760708281675936,3204
large,2,6,2,1.020202,0.9987818969424695,0.007458470563675753,0.016286701587868924,0.00882823102419317,3206
large,2,6,8,1.080808,0.9987818969424695,0.005520021562464688,0.010998102861035863,0.005478081298571176,3206
large,2,6,13,1.131313,0.9987818969424695,0.00613201681129445,0.008212326401865219,0.002080309590570769,3206
large,2,6,19,1.191919,0.9987818969424695,0.008075107224789928,0.014133881178395435,0.006058773953605507,3206
large,2,6,24,1.242424,0.9987818969424695,0.006979917772109683,0.010381745096199827,0.003401827324090144,3206
large,2,6,30,1.30303,0.9987818969424695,0.007445647731397293,0.016337616266646187,0.008891968535248894,3206
large,2,6,36,1.363636,0.9987818969424695,0.004684154869068996,0.00752801688330625,0.0028438620142372546,3206
large,2,6,41,1.414141,0.9987818969424695,0.006045322533557041,0.007369246163540386,0.0013239236299833453,3206
large,2,6,47,1.474747,0.9987818969424695,0.006053938618588369,0.008449684250741857,0.002395745632153488,3206
large,2,6,52,1.525253,0.9987818969424695,0.0075295797985379335,0.012479352763150348,0.004949772964612414,3206
large,2,6,58,1.585859,0.9987818969424695,0.005558867161400233,0.006730635134136997,0.0011717679727367642,3206
large,2,6,63,1.636364,0.9987818969424695,0.005864300873975241,0.007430651592062968,0.0015663507180877266,3206
large,2,6,69,1.69697,0.9987818969424695,0.0048402326920418326,0.007323327326188354,0.0024830946341465217,3206
large,2,6,74,1.747475,0.9987818969424695,0.00463685376132815,0.006244271995879277,0.001607418234551127,3206
large,2,6,80,1.808081,0.9987818969424695,0.006501095507136117,0.012497717116090315,0.0059966216089541976,3206
large,2,6,86,1.868687,0.9987818969424695,0.004966642515108491,0.005672574540148387,0.0007059320250398958,3206
large,2,6,91,1.919192,0.9987818969424695,0.004770999674217138,0.009536736700859886,0.004765737026642749,3206
large,2,6,97,1.979798,0.9987818969424695,0.004747408056461505,0.005797553319553115,0.0010501452630916107,3206
large,2,8,2,1.020202,0.9991107709172944,0.007436097238566163,0.012983192153166819,0.0055470949146006554,3208
large,2,8,8,1.080808,0.9991107709172944,0.005420982951050075,0.010704170052448012,0.005283187101397937,3208
large,2,8,13,1.131313,0.9991107709172944,0.0060084195386641516,0.00682980506986023,0.0008213855311960784,3208
large,2,8,19,1.191919,0.9991107709172944,0.007606532331296653,0.016828463928068117,0.009221931596771465,3208
large,2,8,24,1.242424,0.9991107709172944,0.005135072805733932,0.01168517666326847,0.006550103857534538,3208
large,2,8,30,1.30303,0.9991107709172944,0.005961902086716612,0.012420292967790708,0.006458390881074096,3208
large,2,8,36,1.363636,0.9991107709172944,0.0043926833440815685,0.005902097609663365,0.0015094142655817967,3208
large,2,8,41,1.414141,0.9991107709172944,0.005746579964840097,0.008584138042689234,0.0028375580778491373,3208
large,2,8,47,1.474747,0.9991107709172944,0.004926594813813674,0.009095930065871938,0.004169335252058265,3208
large,2,8,52,1.525253,0.9991107709172944,0.006531377934876516,0.01007461440382796,0.0035432364689514436,3208
large,2,8,58,1.585859,0.9991107709172944,0.004804646096084515,0.0063675342240053605,0.001562888127920846,3208
large,2,8,63,1.636364,0.9991107709172944,0.0053607403543282275,0.007893173984860852,0.002532433630532625,3208
large,2,8,69,1.69697,0.9991107709172944,0.004627240442852766,0.007100247782130593,0.0024730073392778273,3208
large,2,8,74,1.747475,0.9991107709172944,0.004397550702553968,0.006026350903663563,0.0016288002011095948,3208
large,2,8,80,1.808081,0.9991107709172944,0.004469730669208479,0.010690913626136547,0.006221182956928068,3208
large,2,8,86,1.868687,0.9991107709172944,0.004588166306731318,0.005692416151856821,0.0011042498451255033,3208
large,2,8,91,1.919192,0.9991107709172944,0.004701523779095018,0.009549571420752771,0.004848047641657753,3208
large,2,8,97,1.979798,0.9991107709172944,0.004618580942699319,0.005552253241256923,0.000933672298557604,3208
large,2,10,2,1.020202,0.9993047833858854,0.0069457189806879024,0.016057419948091383,0.00911170096740348,3210
large,2,10,8,1.080808,0.9993047833858854,0.005324831952984711,0.010513598706848398,0.005188766753863688,3210
large,2,10,13,1.131313,0.9993047833858854,0.004991054684507831,0.006960194878405166,0.001969140193897335,3210
large,2,10,19,1.191919,0.9993047833858854,0.006060719932764232,0.018776790595104034,0.0127160706623398,3210
large,2,10,24,1.242424,0.9993047833858854,0.0051081817436846085,0.013806009198259077,0.008697827454574468,3210
large,2,10,30,1.30303,0.9993047833858854,0.0053552319693696325,0.01364212051006325,0.008286888540693618,3210
large,2,10,36,1.363636,0.9993047833858854,0.004298040207666703,0.006025708854690006,0.001727668647023303,3210
large,2,10,41,1.414141,0.9993047833858854,0.005082920665089213,0.007435756504097817,0.002352835839008604,3210
large,2,10,47,1.474747,0.9993047833858854,0.004323472652448625,0.012076955999755912,0.007753483347307287,3210
large,2,10,52,1.525253,0.9993047833858854,0.005100993687857252,0.008968713388244402,0.0038677197003871497,3210
large,2,10,58,1.585859,0.9993047833858854,0.004795953529946629,0.006218857970191406,0.0014229044402447773,3210
large,2,10,63,1.636364,0.9993047833858854,0.004768866140714587,0.007247473473080139,0.0024786073323655525,3210
large,2,10,69,1.69697,0.9993047833858854,0.004533456627674171,0.008096483888952736,0.0035630272612785646,3210
large,2,10,74,1.747475,0.9993047833858854,0.0042884808102151145,0.007287010521282095,0.0029985297110669802,3210
large,2,10,80,1.808081,0.9993047833858854,0.0041078223213723815,0.010001896399901808,0.005894074078529426,3210
large,2,10,86,1.868687,0.9993047833858854,0.004381163461029127,0.005673930136769411,0.001292766675740284,3210
large,2,10,91,1.919192,0.9993047833858854,0.004534547159539744,0.009632378352398214,0.005097831192858469,3210
large,2,10,97,1.979798,0.9993047833858854,0.004409021205133013,0.005696518913059755,0.0012874977079267418,3210
large,2,15,2,1.020202,0.9995593649520887,0.0062114396396609,0.014130319749311667,0.007918880109650767,3215
large,2,15,8,1.080808,0.9995593649520887,0.004950559191143873,0.011429244851702096,0.006478685660558223,3215
large,2,15,13,1.131313,0.9995593649520887,0.004439048179519277,0.010006391695124147,0.00556734351560487,3215
large,2,15,19,1.191919,0.9995593649520887,0.005297728893674682,0.014844748952739188,0.009547020059064507,3215
large,2,15,24,1.242424,0.9995593649520887,0.004829250335235815,0.013220628588728653,0.008391378253492838,3215
large,2,15,30,1.30303,0.9995593649520887,0.004176352555768018,0.020112502435090725,0.01593614987932271,3215
large,2,15,36,1.363636,0.9995593649520887,0.0035571278200156927,0.01021894157225045,0.006661813752234758,3215
large,2,15,41,1.414141,0.9995593649520887,0.004523436151668753,0.007756647909494636,0.0032332117578258834,3215
large,2,15,47,1.474747,0.9995593649520887,0.00398620466734473,0.008373787623019144,0.004387582955674414,3215
large,2,15,52,1.525253,0.9995593649520887,0.004512074035709496,0.014527089232028641,0.010015015196319145,3215
large,2,15,58,1.585859,0.9995593649520887,0.004210650384930681,0.00873508498557962,0.004524434600648939,3215
large,2,15,63,1.636364,0.9995593649520887,0.004594138666702285,0.007347889759301005,0.00275375109259872,3215
large,2,15,69,1.69697,0.9995593649520887,0.00440070090390244,0.0071128134156116405,0.0027121125117092,3215
large,2,15,74,1.747475,0.9995593649520887,0.0039768160369352285,0.005883434365550323,0.0019066183286150949,3215
large,2,15,80,1.808081,0.9995593649520887,0.0038203583291835062,0.01223792097704201,0.008417562647858503,3215
large,2,15,86,1.868687,0.9995593649520887,0.003860906024006317,0.005984973105604022,0.0021240670815977055,3215
large,2,15,91,1.919192,0.9995593649520887,0.004078126739665237,0.009175885740609763,0.005097759000944526,3215
large,2,15,97,1.979798,0.9995593649520887,0.004189633515873823,0.005708478938455917,0.0015188454225820939,3215
large,2,20,2,1.020202,0.9996825372360161,0.006091073974961109,0.027232234819303043,0.021141160844341936,3220
large,2,20,8,1.080808,0.9996825372360161,0.004553804657854231,0.010009078543432352,0.005455273885578121,3220
large,2,20,13,1.131313,0.9996825372360161,0.0043408298963178715,0.00928272468124941,0.004941894784931539,3220
large,2,20,19,1.191919,0.9996825372360161,0.00475499627599421,0.013893330745710128,0.009138334469715917,3220
large,2,20,24,1.242424,0.9996825372360161,0.004711496100719019,0.00941249523767006,0.004700999136951042,3220
large,2,20,30,1.30303,0.9996825372360161,0.003869409562551169,0.01132308680873575,0.00745367724618458,3220
large,2,20,36,1.363636,0.9996825372360161,0.00341408981848522,0.00596034683090106,0.0025462570124158397,3220
large,2,20,41,1.414141,0.9996825372360161,0.004224275023716084,0.007663791114877331,0.003439516091161247,3220
large,2,20,47,1.474747,0.9996825372360161,0.003915143394863687,0.014955346073794834,0.011040202678931146,3220
large,2,20,52,1.525253,0.9996825372360161,0.004194658381449978,0.00812055374607708,0.0039258953646271015,3220
large,2,20,58,1.585859,0.9996825372360161,0.003707631832355844,0.0077645265037702155,0.004056894671414372,3220
large,2,20,63,1.636364,0.9996825372360161,0.004437811485778471,0.007730571437552853,0.0032927599517743817,3220
large,2,20,69,1.69697,0.9996825372360161,0.0038353812287865528,0.007147692691400584,0.0033123114626140314,3220
large,2,20,74,1.747475,0.9996825372360161,0.003712730643367413,0.006556137744877155,0.0028434071015097416,3220
large,2,20,80,1.808081,0.9996825372360161,0.0035431764449773964,0.00932833296708141,0.005785156522104013,3220
large,2,20,86,1.868687,0.9996825372360161,0.0037325120384142435,0.007382330759557789,0.003649818721143546,3220
large,2,20,91,1.919192,0.9996825372360161,0.003804086272164554,0.009297508657026781,0.0054934223848622276,3220
large,2,20,97,1.979798,0.9996825372360161,0.003862669896134118,0.008303483626580031,0.004440813730445914,3220
large,3,1,3,1.030303,0.9661631839377027,0.05385184975377026,0.05825857393245173,0.004406724178681466,3301
large,3,1,9,1.090909,0.9661631839377027,0.01346858121318849,0.013529565875577364,6.098466238887469e-05,3301
large,3,1,14,1.141414,0.9661631839377027,0.012007200537663845,0.013182860679817603,0.0011756601421537578,3301
large,3,1,20,1.20202,0.9661631839377027,0.034587913057444505,0.03471564104458274,0.00012772798713823336,3301
large,3,1,26,1.262626,0.9661631839377027,0.04252952951794799,0.04439591100635789,0.0018663814884098961,3301
large,3,1,31,1.313131,0.9661631839377027,0.04465079030794584,0.04472345363874307,7.266333079723047e-05,3301
large,3,1,37,1.373737,0.9661631839377027,0.032046072775875505,0.03266500629556811,0.0006189335196926035,3301
large,3,1,42,1.424242,0.9661631839377027,0.03486139303635706,0.037412778504626515,0.0025513854682694542,3301
large,3,1,48,1.484848,0.9661631839377027,0.020017489628679476,0.020819981989713136,0.0008024923610336597,3301
large,3,1,53,1.535354,0.9661631839377027,0.017020116468088625,0.01726011256235435,0.00023999609426572643,3301
large,3,1,59,1.59596,0.9661631839377027,0.012888193361074982,0.012888323130478534,1.2976940355277633e-07,3301
large,3,1,64,1.646465,0.9661631839377027,0.010033991771712145,0.01033030762791406,0.00029631585620191504,3301
large,3,1,70,1.707071,0.9661631839377027,0.013238166340979523,0.013482833344077195,0.0002446670030976719,3301
large,3,1,76,1.767677,0.9661631839377027,0.01652106059502234,0.01699936128881767,0.0004783006937953277,3301
large,3,1,81,1.818182,0.9661631839377027,0.021230467494083114,0.021231611295294515,1.1438012114013685e-06,3301
large,3,1,87,1.878788,0.9661631839377027,0.030585614430821643,0.030927189896402477,0.0003415754655808345,3301
large,3,1,92,1.929293,0.9661631839377027,0.030562552985361223,0.03077091137207472,0.0002083583867134968,3301
large,3,1,98,1.989899,0.9661631839377027,0.0401264611417626,0.04025078224236707,0.00012432110060447282,3301
large,3,2,3,1.030303,0.9965036767749536,0.0068592533746526805,0.016610965670103596,0.009751712295450916,3302
large,3,2,9,1.090909,0.9965036767749536,0.006887227844374256,0.010360620973502092,0.003473393129127836,3302
large,3,2,14,1.141414,0.9965036767749536,0.011084213887787043,0.015584924414629884,0.004500710526842842,3302
large,3,2,20,1.20202,0.9965036767749536,0.009609022338876476,0.014733337461725487,0.005124315122849011,3302
large,3,2,26,1.262626,0.9965036767749536,0.009590225098304586,0.01372702347542847,0.004136798377123885,3302
large,3,2,31,1.313131,0.9965036767749536,0.012793856584062204,0.013731627450249832,0.0009377708661876278,3302
large,3,2,37,1.373737,0.9965036767749536,0.006993043282570247,0.011465482865312803,0.004472439582742556,3302
large,3,2,42,1.424242,0.9965036767749536,0.009464985772076736,0.014552137946440176,0.00508715217436344,3302
large,3,2,48,1.484848,0.9965036767749536,0.0103482191610093,0.014554303866359369,0.004206084705350069,3302
large,3,2,53,1.535354,0.9965036767749536,0.008634174397563978,0.008776364345463744,0.00014218994789976652,3302
large,3,2,59,1.59596,0.9965036767749536,0.011829187411772104,0.011979519997298021,0.00015033258552591723,3302
large,3,2,64,1.646465,0.9965036767749536,0.009066972551470405,0.010063258180705224,0.0009962856292348183,3302
large,3,2,70,1.707071,0.9965036767749536,0.008614856345620928,0.00884300497348264,0.00022814862786171147,3302
large,3,2,76,1.767677,0.9965036767749536,0.0070173832709183575,0.008792085766962787,0.001774702496044429,3302
large,3,2,81,1.818182,0.9965036767749536,0.006494043299322466,0.006722345539768996,0.0002283022404465304,3302
large,3,2,87,1.878788,0.9965036767749536,0.007235304983511324,0.008900480796194564,0.0016651758126832398,3302
large,3,2,92,1.929293,0.9965036767749536,0.008998549978733082,0.009641086322353911,0.0006425363436208288,3302
large,3,2,98,1.989899,0.9965036767749536,0.015893633329132087,0.016164880167326704,0.0002712468381946172,3302
large,3,3,3,1.030303,0.9977770813959467,0.006472736113283665,0.019778197068780312,0.013305460955496647,3303
large,3,3,9,1.090909,0.9977770813959467,0.005092280858530009,0.00983230458345909,0.0047400237249290815,3303
large,3,3,14,1.141414,0.9977770813959467,0.010674458187781873,0.015614979672400938,0.004940521484619065,3303
large,3,3,20,1.20202,0.9977770813959467,0.008209835426292228,0.010961172823238512,0.0027513373969462844,3303
large,3,3,26,1.262626,0.9977770813959467,0.008238698053999263,0.018609203091513624,0.010370505037514362,3303
large,3,3,31,1.313131,0.9977770813959467,0.012667369357163845,0.014181997229539499,0.0015146278723756536,3303
large,3,3,37,1.373737,0.9977770813959467,0.006834157121985354,0.010021095786228573,0.003186938664243219,3303
large,3,3,42,1.424242,0.9977770813959467,0.009110706818759784,0.017837283091664814,0.00872657627290503,3303
large,3,3,48,1.484848,0.9977770813959467,0.007419502189316269,0.010996822569445931,0.0035773203801296623,3303
large,3,3,53,1.535354,0.9977770813959467,0.006207875404780736,0.006666713074603764,0.0004588376698230279,3303
large,3,3,59,1.59596,0.9977770813959467,0.010148417852267996,0.010293203469706488,0.0001447856174384924,3303
large,3,3,64,1.646465,0.9977770813959467,0.008793429457161274,0.010419501252077048,0.0016260717949157736,3303
large,3,3,70,1.707071,0.9977770813959467,0.00794553289697511,0.008745079060322682,0.0007995461633475715,3303
large,3,3,76,1.767677,0.9977770813959467,0.006899197340480192,0.008150011981245911,0.0012508146407657194,3303
large,3,3,81,1.818182,0.9977770813959467,0.00644798887746047,0.006483301755814729,3.5312878354259135e-05,3303
large,3,3,87,1.878788,0.9977770813959467,0.00536755070120104,0.007614684858023081,0.00224713415682204,3303
large,3,3,92,1.929293,0.9977770813959467,0.005746133323537156,0.007427063683782258,0.0016809303602451017,3303
large,3,3,98,1.989899,0.9977770813959467,0.012070808385169555,0.01303080628801623,0.0009599979028466748,3303
large,3,4,3,1.030303,0.9982224189471707,0.006431698020561652,0.01982821564511951,0.013396517624557857,3304
large,3,4,9,1.090909,0.9982224189471707,0.005090001382251225,0.008771753476092452,0.0036817520938412273,3304
large,3,4,14,1.141414,0.9982224189471707,0.008041331356690492,0.013975241374083406,0.005933910017392914,3304
large,3,4,20,1.20202,0.9982224189471707,0.008202478398207522,0.010629951883864163,0.002427473485656641,3304
large,3,4,26,1.262626,0.9982224189471707,0.005866064771611879,0.017689998849983523,0.011823934078371644,3304
large,3,4,31,1.313131,0.9982224189471707,0.00861976331609454,0.013699438112141596,0.005079674796047056,3304
large,3,4,37,1.373737,0.9982224189471707,0.006128169700642949,0.008714950370167226,0.0025867806695242766,3304
large,3,4,42,1.424242,0.9982224189471707,0.008057575802554262,0.0183026010539881,0.010245025251433839,3304
large,3,4,48,1.484848,0.9982224189471707,0.007047344314022451,0.010906681376395602,0.003859337062373151,3304
large,3,4,53,1.535354,0.9982224189471707,0.00590376921624953,0.007048726165911419,0.001144956949661889,3304
large,3,4,59,1.59596,0.9982224189471707,0.00949943962211863,0.010598720002407837,0.0010992803802892075,3304
large,3,4,64,1.646465,0.9982224189471707,0.008624516508293305,0.010494132821566653,0.0018696163132733475,3304
large,3,4,70,1.707071,0.9982224189471707,0.007895511665252215,0.008336411997880301,0.0004409003326280858,3304
large,3,4,76,1.767677,0.9982224189471707,0.0068192466682270424,0.00890729672173201,0.002088050053504967,3304
large,3,4,81,1.818182,0.9982224189471707,0.0061322350181825195,0.007057659834380796,0.0009254248161982767,3304
large,3,4,87,1.878788,0.9982224189471707,0.005138087907322968,0.007872775384814698,0.0027346874774917297,3304
large,3,4,92,1.929293,0.9982224189471707,0.005572935105183571,0.006676284311384749,0.0011033492062011777,3304
large,3,4,98,1.989899,0.9982224189471707,0.010488445772520928,0.012273314594439009,0.0017848688219180807,3304
large,3,6,3,1.030303,0.9988086636684067,0.006391853258688967,0.01567211674757466,0.009280263488885694,3306
large,3,6,9,1.090909,0.9988086636684067,0.004990500452087654,0.009824342886241923,0.0048338424341542695,3306
large,3,6,14,1.141414,0.9988086636684067,0.007227725913009468,0.01919975747890953,0.011972031565900064,3306
large,3,6,20,1.20202,0.9988086636684067,0.007211650128563713,0.012908087301326036,0.005696437172762323,3306
large,3,6,26,1.262626,0.9988086636684067,0.005606582027196908,0.018279797900635927,0.01267321587343902,3306
large,3,6,31,1.313131,0.9988086636684067,0.00630988536889236,0.014511025466678554,0.008201140097786195,3306
large,3,6,37,1.373737,0.9988086636684067,0.005784375538619863,0.009870532499225284,0.004086156960605421,3306
large,3,6,42,1.424242,0.9988086636684067,0.007569442033193002,0.017759471291071298,0.010190029257878295,3306
large,3,6,48,1.484848,0.9988086636684067,0.006048523608233144,0.011630037216429944,0.005581513608196801,3306
large,3,6,53,1.535354,0.9988086636684067,0.005871248010328083,0.006659462263561688,0.0007882142532336048,3306
large,3,6,59,1.59596,0.9988086636684067,0.006509485882565314,0.010797714753438622,0.004288228870873308,3306
large,3,6,64,1.646465,0.9988086636684067,0.007750165679276294,0.011166089068175457,0.0034159233888991633,3306
large,3,6,70,1.707071,0.9988086636684067,0.005451804539522524,0.009014124529021818,0.0035623199894992937,3306
large,3,6,76,1.767677,0.9988086636684067,0.006362980486840188,0.009027630612106263,0.0026646501252660755,3306
large,3,6,81,1.818182,0.9988086636684067,0.006044081612724598,0.007224366700147316,0.001180285087422718,3306
large,3,6,87,1.878788,0.9988086636684067,0.005027830565921887,0.007387828697369391,0.0023599981314475042,3306
large,3,6,92,1.929293,0.9988086636684067,0.005333834688302778,0.007988389578819286,0.0026545548905165086,3306
large,3,6,98,1.989899,0.9988086636684067,0.006226806103900945,0.014359792133081709,0.008132986029180764,3306
large,3,8,3,1.030303,0.9991169802438838,0.006329534876988851,0.0201735642569623,0.01384402937997345,3308
large,3,8,9,1.090909,0.9991169802438838,0.004862334326697452,0.00892653130743336,0.004064196980735907,3308
large,3,8,14,1.141414,0.9991169802438838,0.007111666531291886,0.014431891901087197,0.00732022536979531,3308
large,3,8,20,1.20202,0.9991169802438838,0.005016052401567729,0.011962952902312205,0.006946900500744476,3308
large,3,8,26,1.262626,0.9991169802438838,0.004435790860421982,0.014450015528556615,0.010014224668134633,3308
large,3,8,31,1.313131,0.9991169802438838,0.006289158231809691,0.01329749465577968,0.00700833642396999,3308
large,3,8,37,1.373737,0.9991169802438838,0.00510792166597657,0.011250912481146758,0.0061429908151701875,3308
large,3,8,42,1.424242,0.9991169802438838,0.0061748998308991925,0.015113106386080091,0.008938206555180898,3308
large,3,8,48,1.484848,0.9991169802438838,0.005477708414765663,0.011828119428504442,0.006350411013738779,3308
large,3,8,53,1.535354,0.9991169802438838,0.005073272019555877,0.006885277744935393,0.0018120057253795162,3308
large,3,8,59,1.59596,0.9991169802438838,0.006347063584541706,0.01017527153254911,0.0038282079480074045,3308
large,3,8,64,1.646465,0.9991169802438838,0.005154002517219896,0.009852232047686437,0.004698229530466541,3308
large,3,8,70,1.707071,0.9991169802438838,0.005182588835790325,0.008658606904065157,0.003476018068274832,3308
large,3,8,76,1.767677,0.9991169802438838,0.00489733873572661,0.008408829263821815,0.0035114905280952046,3308
large,3,8,81,1.818182,0.9991169802438838,0.0052163225975432985,0.006943177627590007,0.0017268550300467084,3308
large,3,8,87,1.878788,0.9991169802438838,0.004984183861608086,0.007697559137648814,0.002713375276040728,3308
large,3,8,92,1.929293,0.9991169802438838,0.004508299078689486,0.0067983158822368115,0.0022900168035473257,3308
large,3,8,98,1.989899,0.9991169802438838,0.005656008863051312,0.012034813877963214,0.006378805014911902,3308
large,3,10,3,1.030303,0.9992980289372222,0.005561502257518762,0.03143194462827129,0.02587044237075253,3310
large,3,10,9,1.090909,0.9992980289372222,0.004813257745109952,0.015052697049052027,0.010239439303942076,3310
large,3,10,14,1.141414,0.9992980289372222,0.005779372849002434,0.01209129245643278,0.0063119196074303465,3310
large,3,10,20,1.20202,0.9992980289372222,0.004875146932646913,0.01025505784658967,0.0053799109139427564,3310
large,3,10,26,1.262626,0.9992980289372222,0.004294417938191413,0.016072272452701,0.011777854514509589,3310
large,3,10,31,1.313131,0.9992980289372222,0.005143998688897428,0.012505050570072467,0.007361051881175039,3310
large,3,10,37,1.373737,0.9992980289372222,0.005058401608203388,0.007879246597548547,0.002820844989345158,3310
large,3,10,42,1.424242,0.9992980289372222,0.005222950642713216,0.023110999341611368,0.01788804869889815,3310
large,3,10,48,1.484848,0.9992980289372222,0.004629628083043552,0.008336711167294305,0.003707083084250753,3310
large,3,10,53,1.535354,0.9992980289372222,0.004420931809265206,0.006562964419074292,0.0021420326098090855,3310
large,3,10,59,1.59596,0.9992980289372222,0.004508879136263018,0.010814968813507455,0.006306089677244438,3310
large,3,10,64,1.646465,0.9992980289372222,0.004416249212178107,0.012458881666268861,0.008042632454090754,3310
large,3,10,70,1.707071,0.9992980289372222,0.004522253575740897,0.011719755232800269,0.007197501657059372,3310
large,3,10,76,1.767677,0.9992980289372222,0.0047387829314993945,0.0074560814169014975,0.002717298485402103,3310
large,3,10,81,1.818182,0.9992980289372222,0.004601729750256243,0.007287880429930283,0.00268615067967404,3310
large,3,10,87,1.878788,0.9992980289372222,0.004420637580786424,0.006987616679815341,0.0025669790990289166,3310
large,3,10,92,1.929293,0.9992980289372222,0.00432810587682148,0.010191697535464435,0.005863591658642955,3310
large,3,10,98,1.989899,0.9992980289372222,0.005613527175579495,0.015563015439673387,0.009949488264093892,3310
large,3,15,3,1.030303,0.9995515315263495,0.005135179259751194,0.030772883240167918,0.025637703980416725,3315
large,3,15,9,1.090909,0.9995515315263495,0.004587910304700327,0.010351245616832587,0.00576333531213226,3315
large,3,15,14,1.141414,0.9995515315263495,0.005284044282350371,0.010628635142159388,0.005344590859809016,3315
large,3,15,20,1.20202,0.9995515315263495,0.0037492838891676214,0.013625559498802866,0.009876275609635245,3315
large,3,15,26,1.262626,0.9995515315263495,0.0036623796402820326,0.018210110218780082,0.01454773057849805,3315
large,3,15,31,1.313131,0.9995515315263495,0.004972229736446238,0.012721888740579673,0.007749659004133435,3315
large,3,15,37,1.373737,0.9995515315263495,0.004451653463979257,0.010522101564398405,0.006070448100419149,3315
large,3,15,42,1.424242,0.9995515315263495,0.004384416986447739,0.024523573291208016,0.020139156304760278,3315
large,3,15,48,1.484848,0.9995515315263495,0.004489185647343018,0.009699988964077406,0.005210803316734388,3315
large,3,15,53,1.535354,0.9995515315263495,0.00410764532293846,0.006332433087114201,0.0022247877641757416,3315
large,3,15,59,1.59596,0.9995515315263495,0.0042363227289416204,0.011498309632507602,0.007261986903565981,3315
large,3,15,64,1.646465,0.9995515315263495,0.003807112573660236,0.013221648131989871,0.009414535558329634,3315
large,3,15,70,1.707071,0.9995515315263495,0.004404558759859663,0.012350280786456514,0.007945722026596852,3315
large,3,15,76,1.767677,0.9995515315263495,0.004088824280847742,0.0073495275543780806,0.0032607032735303383,3315
large,3,15,81,1.818182,0.9995515315263495,0.004188717719902241,0.006784695989706493,0.0025959782698042524,3315
large,3,15,87,1.878788,0.9995515315263495,0.003806909116081758,0.00736597228195937,0.003559063165877612,3315
large,3,15,92,1.929293,0.9995515315263495,0.003604735818604373,0.010726768692057001,0.007122032873452628,3315
large,3,15,98,1.989899,0.9995515315263495,0.004448092125351153,0.016312779219444244,0.01186468709409309,3315
large,3,20,3,1.030303,0.9996775005484199,0.004944448393083829,0.017204462084610437,0.012260013691526607,3320
large,3,20,9,1.090909,0.9996775005484199,0.004370321605489781,0.009667845179748422,0.005297523574258642,3320
large,3,20,14,1.141414,0.9996775005484199,0.005091795890691774,0.012642399360943956,0.007550603470252181,3320
large,3,20,20,1.20202,0.9996775005484199,0.003639034749953584,0.013201071797210558,0.009562037047256975,3320
large,3,20,26,1.262626,0.9996775005484199,0.0036052821060587777,0.01890936576906435,0.015304083663005574,3320
large,3,20,31,1.313131,0.9996775005484199,0.004584534792254155,0.013021246837538839,0.008436712045284685,3320
large,3,20,37,1.373737,0.9996775005484199,0.004147872972657369,0.009809111955511093,0.005661238982853724,3320
large,3,20,42,1.424242,0.9996775005484199,0.004284248550720647,0.024433031834676017,0.02014878328395537,3320
large,3,20,48,1.484848,0.9996775005484199,0.0041649732830777745,0.010150444881109218,0.005985471598031444,3320
large,3,20,53,1.535354,0.9996775005484199,0.003651428385216773,0.006361159459512967,0.0027097310742961937,3320
large,3,20,59,1.59596,0.9996775005484199,0.0038152511961565124,0.011782023614432416,0.007966772418275904,3320
large,3,20,64,1.646465,0.9996775005484199,0.003650659020662704,0.01296400077480412,0.009313341754141415,3320
large,3,20,70,1.707071,0.9996775005484199,0.004111999445116689,0.01134764964088769,0.007235650195771001,3320
large,3,20,76,1.767677,0.9996775005484199,0.003821457708810155,0.007381558393662436,0.003560100684852281,3320
large,3,20,81,1.818182,0.9996775005484199,0.0040717904844473915,0.006691674910856082,0.0026198844264086908,3320
large,3,20,87,1.878788,0.9996775005484199,0.0035359330890007866,0.007481729447341782,0.0039457963583409954,3320
large,3,20,92,1.929293,0.9996775005484199,0.0033154684820008488,0.009093538668984701,0.005778070186983852,3320
large,3,20,98,1.989899,0.9996775005484199,0.004183614369412427,0.015365739091167556,0.01118212472175513,3320
large,4,1,4,1.040404,0.9656506672339714,0.043766727390824656,0.04406042532325704,0.0002936979324323838,3401
large,4,1,10,1.10101,0.9656506672339714,0.013582252361917407,0.013603790933569244,2.1538571651836744e-05,3401
large,4,1,16,1.161616,0.9656506672339714,0.017049796729014043,0.01782759426241003,0.0007777975333959873,3401
large,4,1,21,1.212121,0.9656506672339714,0.03435102875990946,0.03677689139212963,0.002425862632220173,3401
large,4,1,27,1.272727,0.9656506672339714,0.03958829016692626,0.03990543508972896,0.0003171449228027007,3401
large,4,1,32,1.323232,0.9656506672339714,0.03954813922895724,0.04097285900947152,0.001424719780514283,3401
large,4,1,38,1.383838,0.9656506672339714,0.03335893259649455,0.0333662024978684,7.269901373847809e-06,3401
large,4,1,43,1.434343,0.9656506672339714,0.03510350052563427,0.03520342664268532,9.992611705104959e-05,3401
large,4,1,49,1.494949,0.9656506672339714,0.023403555740126546,0.024430400157949797,0.0010268444178232507,3401
large,4,1,54,1.545455,0.9656506672339714,0.01804445513330576,0.01845826478746108,0.0004138096541553213,3401
large,4,1,60,1.606061,0.9656506672339714,0.013592432608437854,0.013757270399991788,0.00016483779155393452,3401
large,4,1,66,1.666667,0.9656506672339714,0.00990546484900337,0.010188536721197903,0.00028307187219453293,3401
large,4,1,71,1.717172,0.9656506672339714,0.011723938996037863,0.011783602093958982,5.966309792111886e-05,3401
large,4,1,77,1.777778,0.9656506672339714,0.019742850209293773,0.020162303274076122,0.0004194530647823498,3401
large,4,1,82,1.828283,0.9656506672339714,0.019865733752051768,0.019943077927710395,7.734417565862656e-05,3401
large,4,1,88,1.888889,0.9656506672339714,0.025130842503934443,0.02546602537463116,0.00033518287069671596,3401
large,4,1,93,1.939394,0.9656506672339714,0.03339442163159167,0.033396056907893365,1.635276301696631e-06,3401
large,4,2,4,1.040404,0.9965825456498528,0.009523814200391043,0.011551748106823306,0.0020279339064322634,3402
large,4,2,10,1.10101,0.9965825456498528,0.0075261738353009444,0.00776718005259226,0.00024100621729131536,3402
large,4,2,16,1.161616,0.9965825456498528,0.012301465056419837,0.01928884635164323,0.0069873812952233934,3402
large,4,2,21,1.212121,0.9965825456498528,0.016224167292454735,0.027569547501230005,0.01134538020877527,3402
large,4,2,27,1.272727,0.9965825456498528,0.011018421450319777,0.014387968639662055,0.0033695471893422785,3402
large,4,2,32,1.323232,0.9965825456498528,0.008921621303856769,0.014330858304821491,0.005409237000964722,3402
large,4,2,38,1.383838,0.9965825456498528,0.006641065245422369,0.008386930573921349,0.0017458653284989798,3402
large,4,2,43,1.434343,0.9965825456498528,0.011040319685270496,0.013814940698946707,0.002774621013676211,3402
large,4,2,49,1.494949,0.9965825456498528,0.010771838719986552,0.015279582994286707,0.004507744274300155,3402
large,4,2,54,1.545455,0.9965825456498528,0.009118815947335776,0.00931530849322476,0.00019649254588898282,3402
large,4,2,60,1.606061,0.9965825456498528,0.011133510810464818,0.0114089111994889,0.00027540038902408234,3402
large,4,2,66,1.666667,0.9965825456498528,0.008377728422530994,0.00901466403324454,0.0006369356107135456,3402
large,4,2,71,1.717172,0.9965825456498528,0.00882590019331676,0.009197192439314881,0.0003712922459981217,3402
large,4,2,77,1.777778,0.9965825456498528,0.005446221520661114,0.0066741454491238104,0.0012279239284626962,3402
large,4,2,82,1.828283,0.9965825456498528,0.007107602883918216,0.00833199793161892,0.0012243950477007041,3402
large,4,2,88,1.888889,0.9965825456498528,0.008403865697899117,0.010451528731071096,0.002047663033171979,3402
large,4,2,93,1.939394,0.9965825456498528,0.010047549631848092,0.010079495326614944,3.1945694766851926e-05,3402
large,4,3,4,1.040404,0.9977442316087917,0.009411608329361406,0.011829178995754756,0.0024175706663933493,3403
large,4,3,10,1.10101,0.9977442316087917,0.007491005989460115,0.007693674187246557,0.0002026681977864422,3403
large,4,3,16,1.161616,0.9977442316087917,0.010395355991182428,0.015889660650868876,0.005494304659686448,3403
large,4,3,21,1.212121,0.9977442316087917,0.0076338548166085375,0.02071695088851581,0.013083096071907274,3403
large,4,3,27,1.272727,0.9977442316087917,0.008013812449326162,0.011259284025377816,0.003245471576051654,3403
large,4,3,32,1.323232,0.9977442316087917,0.008912197151200141,0.013146868991775085,0.004234671840574944,3403
large,4,3,38,1.383838,0.9977442316087917,0.005533145702132253,0.0065107948097260365,0.0009776491075937834,3403
large,4,3,43,1.434343,0.9977442316087917,0.009253172990490803,0.010873232933631306,0.0016200599431405033,3403
large,4,3,49,1.494949,0.9977442316087917,0.00637096483823681,0.010739015832241204,0.0043680509940043945,3403
large,4,3,54,1.545455,0.9977442316087917,0.008570275927539317,0.009546519831238222,0.0009762439036989055,3403
large,4,3,60,1.606061,0.9977442316087917,0.007911605132349085,0.008533798560939831,0.0006221934285907463,3403
large,4,3,66,1.666667,0.9977442316087917,0.00801705076800828,0.009916698013395989,0.0018996472453877093,3403
large,4,3,71,1.717172,0.9977442316087917,0.007816877058127805,0.007940946002934882,0.0001240689448070778,3403
large,4,3,77,1.777778,0.9977442316087917,0.005443778571852746,0.00848894214987922,0.003045163578026473,3403
large,4,3,82,1.828283,0.9977442316087917,0.007097364287349044,0.007756821342980074,0.0006594570556310297,3403
large,4,3,88,1.888889,0.9977442316087917,0.007952090042041013,0.009947149586587172,0.0019950595445461586,3403
large,4,3,93,1.939394,0.9977442316087917,0.006397379215328464,0.006728064404762036,0.00033068518943357196,3403
large,4,4,4,1.040404,0.9982409356226527,0.007670662281777811,0.011151466939289041,0.00348080465751123,3404
large,4,4,10,1.10101,0.9982409356226527,0.007452619429669016,0.008012573911404383,0.0005599544817353665,3404
large,4,4,16,1.161616,0.9982409356226527,0.008633246059992692,0.013176548162906455,0.004543302102913763,3404
large,4,4,21,1.212121,0.9982409356226527,0.007300730954626536,0.02180141634864066,0.014500685394014123,3404
large,4,4,27,1.272727,0.9982409356226527,0.007665900078141298,0.012925222174950275,0.005259322096808977,3404
large,4,4,32,1.323232,0.9982409356226527,0.008763130287903046,0.013055051785176845,0.004291921497273799,3404
large,4,4,38,1.383838,0.9982409356226527,0.005408696073116221,0.006318054915389255,0.0009093588422730342,3404
large,4,4,43,1.434343,0.9982409356226527,0.007118801769222538,0.010669842053742185,0.0035510402845196467,3404
large,4,4,49,1.494949,0.9982409356226527,0.006317165994910696,0.011258716140187579,0.004941550145276883,3404
large,4,4,54,1.545455,0.9982409356226527,0.008221553985876276,0.009089286268681355,0.0008677322828050792,3404
large,4,4,60,1.606061,0.9982409356226527,0.0064904904064596765,0.008428921314279646,0.00193843090781997,3404
large,4,4,66,1.666667,0.9982409356226527,0.007941297118161533,0.009299851660314247,0.0013585545421527147,3404
large,4,4,71,1.717172,0.9982409356226527,0.007558611001860348,0.008121526169204646,0.0005629151673442979,3404
large,4,4,77,1.777778,0.9982409356226527,0.0044204252840228065,0.005857689331527615,0.0014372640475048088,3404
large,4,4,82,1.828283,0.9982409356226527,0.006513961449607023,0.009074459032992362,0.0025604975833853393,3404
large,4,4,88,1.888889,0.9982409356226527,0.007868840819422681,0.009948193017768572,0.0020793521983458914,3404
large,4,4,93,1.939394,0.9982409356226527,0.006264678015911763,0.006568575571719031,0.0003038975558072674,3404
large,4,6,4,1.040404,0.9988247815477199,0.007601251110391188,0.011312193421934104,0.0037109423115429157,3406
large,4,6,10,1.10101,0.9988247815477199,0.007390145242109966,0.008445215433235164,0.001055070191125198,3406
large,4,6,16,1.161616,0.9988247815477199,0.0063075194535779,0.012852399539901723,0.0065448800863238225,3406
large,4,6,21,1.212121,0.9988247815477199,0.007280426598243188,0.02222670907434238,0.014946282476099193,3406
large,4,6,27,1.272727,0.9988247815477199,0.00561273278316963,0.013183584135078573,0.007570851351908943,3406
large,4,6,32,1.323232,0.9988247815477199,0.005252146360970263,0.014398841808797407,0.009146695447827143,3406
large,4,6,38,1.383838,0.9988247815477199,0.004649527352997638,0.007266081924115767,0.0026165545711181295,3406
large,4,6,43,1.434343,0.9988247815477199,0.006118776851221554,0.011758349777887867,0.005639572926666312,3406
large,4,6,49,1.494949,0.9988247815477199,0.005582622820288447,0.012575871912187443,0.006993249091898995,3406
large,4,6,54,1.545455,0.9988247815477199,0.005335870123468532,0.008694520742201605,0.003358650618733073,3406
large,4,6,60,1.606061,0.9988247815477199,0.005531418904667983,0.008663315519609187,0.003131896614941204,3406
large,4,6,66,1.666667,0.9988247815477199,0.005932248250473475,0.009055094869023204,0.003122846618549729,3406
large,4,6,71,1.717172,0.9988247815477199,0.0072072060650228064,0.007929348207599609,0.0007221421425768022,3406
large,4,6,77,1.777778,0.9988247815477199,0.004222091709323921,0.0062800609608239235,0.002057969251500003,3406
large,4,6,82,1.828283,0.9988247815477199,0.006211130517636174,0.008813085084756832,0.002601954567120658,3406
large,4,6,88,1.888889,0.9988247815477199,0.0073052956599540956,0.010495114451290987,0.0031898187913368915,3406
large,4,6,93,1.939394,0.9988247815477199,0.006037598073637898,0.006484728649620286,0.0004471305759823881,3406
large,4,8,4,1.040404,0.9991360694954925,0.006887332388705723,0.011036724037324244,0.0041493916486185205,3408
large,4,8,10,1.10101,0.9991360694954925,0.006717614204541768,0.007901628658266619,0.0011840144537248508,3408
large,4,8,16,1.161616,0.9991360694954925,0.005498034517974862,0.011516250761745325,0.006018216243770463,3408
large,4,8,21,1.212121,0.9991360694954925,0.0065932601944657405,0.01940161195063277,0.012808351756167029,3408
large,4,8,27,1.272727,0.9991360694954925,0.004589655415771392,0.013849174046328268,0.009259518630556875,3408
large,4,8,32,1.323232,0.9991360694954925,0.005141133547749565,0.010796745235889634,0.005655611688140069,3408
large,4,8,38,1.383838,0.9991360694954925,0.004505975955293527,0.006745366083480867,0.00223939012818734,3408
large,4,8,43,1.434343,0.9991360694954925,0.005231683788518966,0.011000093000018675,0.005768409211499709,3408
large,4,8,49,1.494949,0.9991360694954925,0.005514593612718748,0.012086549063175153,0.006571955450456405,3408
large,4,8,54,1.545455,0.9991360694954925,0.004616588593738322,0.008682617305802628,0.004066028712064306,3408
large,4,8,60,1.606061,0.9991360694954925,0.004784688478963234,0.00852895161199307,0.0037442631330298366,3408
large,4,8,66,1.666667,0.9991360694954925,0.005395693469613591,0.009997543233987993,0.004601849764374402,3408
large,4,8,71,1.717172,0.9991360694954925,0.006964795295871901,0.007681696953141244,0.0007169016572693429,3408
large,4,8,77,1.777778,0.9991360694954925,0.003924525426268627,0.005905250920636593,0.001980725494367966,3408
large,4,8,82,1.828283,0.9991360694954925,0.0055944089990034584,0.009475957854017818,0.00388154885501436,3408
large,4,8,88,1.888889,0.9991360694954925,0.005228091482924292,0.010488293033914955,0.005260201550990663,3408
large,4,8,93,1.939394,0.9991360694954925,0.005890590680529626,0.006405628018413481,0.0005150373378838549,3408
large,4,10,4,1.040404,0.9993265230861579,0.006672500376707618,0.01134308073099339,0.004670580354285771,3410
large,4,10,10,1.10101,0.9993265230861579,0.006690870460114773,0.0077266562426478525,0.0010357857825330791,3410
large,4,10,16,1.161616,0.9993265230861579,0.0051663616471021665,0.014476637739828926,0.00931027609272676,3410
large,4,10,21,1.212121,0.9993265230861579,0.006022209768802678,0.021645076493088108,0.01562286672428543,3410
large,4,10,27,1.272727,0.9993265230861579,0.004582051497821501,0.012767468832968039,0.008185417335146538,3410
large,4,10,32,1.323232,0.9993265230861579,0.005004197966339666,0.012655560562816524,0.007651362596476858,3410
large,4,10,38,1.383838,0.9993265230861579,0.004200587678434156,0.007490312169958893,0.0032897244915247375,3410
large,4,10,43,1.434343,0.9993265230861579,0.00476614071072391,0.011763374784938345,0.0069972340742144356,3410
large,4,10,49,1.494949,0.9993265230861579,0.005361091484493946,0.011674233557593769,0.006313142073099823,3410
large,4,10,54,1.545455,0.9993265230861579,0.004379937692745122,0.010175211971526488,0.005795274278781366,3410
large,4,10,60,1.606061,0.9993265230861579,0.00469883171505509,0.009613098570491486,0.004914266855436396,3410
large,4,10,66,1.666667,0.9993265230861579,0.00473210534703681,0.009671011967649353,0.004938906620612543,3410
large,4,10,71,1.717172,0.9993265230861579,0.004722417931488503,0.007672847275143151,0.002950429343654648,3410
large,4,10,77,1.777778,0.9993265230861579,0.0038928219584409597,0.009521311822286499,0.005628489863845539,3410
large,4,10,82,1.828283,0.9993265230861579,0.005394915119437562,0.00987258353211863,0.004477668412681067,3410
large,4,10,88,1.888889,0.9993265230861579,0.0049455046345111865,0.00983937570752412,0.0048938710730129335,3410
large,4,10,93,1.939394,0.9993265230861579,0.005254838377761276,0.006626088875954566,0.0013712504981932905,3410
large,4,15,4,1.040404,0.9995601142989988,0.005903737175275402,0.010865275438073828,0.004961538262798426,3415
large,4,15,10,1.10101,0.9995601142989988,0.005216401134665009,0.007474669571749608,0.0022582684370845993,3415
large,4,15,16,1.161616,0.9995601142989988,0.004793850016666838,0.015217929726195185,0.010424079709528349,3415
large,4,15,21,1.212121,0.9995601142989988,0.005234996727282075,0.019870352365336245,0.01463535563805417,3415
large,4,15,27,1.272727,0.9995601142989988,0.004026163684104033,0.010126627865933208,0.006100464181829175,3415
large,4,15,32,1.323232,0.9995601142989988,0.004241737134660105,0.013665272954995134,0.00942353582033503,3415
large,4,15,38,1.383838,0.9995601142989988,0.00395906139372308,0.006479183997063934,0.0025201226033408543,3415
large,4,15,43,1.434343,0.9995601142989988,0.004087225619079585,0.010640032548439109,0.006552806929359524,3415
large,4,15,49,1.494949,0.9995601142989988,0.003812780702963955,0.010529387323175404,0.00671660662021145,3415
large,4,15,54,1.545455,0.9995601142989988,0.004203179558032577,0.008475884619467655,0.004272705061435078,3415
large,4,15,60,1.606061,0.9995601142989988,0.0034389110655598945,0.00866789042014477,0.005228979354584876,3415
large,4,15,66,1.666667,0.9995601142989988,0.004354130627097712,0.008931516633748306,0.004577386006650594,3415
large,4,15,71,1.717172,0.9995601142989988,0.0041643356782989655,0.007760329822124857,0.0035959941438258912,3415
large,4,15,77,1.777778,0.9995601142989988,0.003464918585669878,0.007147444477243543,0.0036825258915736646,3415
large,4,15,82,1.828283,0.9995601142989988,0.004592317036336411,0.007979264682261454,0.003386947645925043,3415
large,4,15,88,1.888889,0.9995601142989988,0.004384891217324682,0.009280124805532987,0.004895233588208305,3415
large,4,15,93,1.939394,0.9995601142989988,0.004712812331221089,0.006234319949842122,0.001521507618621033,3415
large,4,20,4,1.040404,0.9996832279724145,0.005037101557597597,0.00979228369548513,0.004755182137887533,3420
large,4,20,10,1.10101,0.9996832279724145,0.005017751307139499,0.01222643147225627,0.007208680165116771,3420
large,4,20,16,1.161616,0.9996832279724145,0.004351642223029047,0.011456326025542987,0.00710468380251394,3420
large,4,20,21,1.212121,0.9996832279724145,0.005103621368293141,0.0220317218801619,0.016928100511868757,3420
large,4,20,27,1.272727,0.9996832279724145,0.0038039332674292734,0.017023360514050595,0.013219427246621321,3420
large,4,20,32,1.323232,0.9996832279724145,0.0041864633297618355,0.010197980969194144,0.006011517639432308,3420
large,4,20,38,1.383838,0.9996832279724145,0.0038175054208590916,0.018791785596461115,0.014974280175602024,3420
large,4,20,43,1.434343,0.9996832279724145,0.0039903984749471225,0.012400295705788251,0.008409897230841129,3420
large,4,20,49,1.494949,0.9996832279724145,0.0034979103819649414,0.013812380505411004,0.010314470123446062,3420
large,4,20,54,1.545455,0.9996832279724145,0.0037551348787804467,0.013813918025207459,0.010058783146427013,3420
large,4,20,60,1.606061,0.9996832279724145,0.0033475405740290586,0.0167995615523212,0.013452020978292142,3420
large,4,20,66,1.666667,0.9996832279724145,0.0042425230143876575,0.014348895278270091,0.010106372263882434,3420
large,4,20,71,1.717172,0.9996832279724145,0.003849521571313472,0.008780489380322469,0.004930967809008997,3420
large,4,20,77,1.777778,0.9996832279724145,0.003295094455329039,0.0061063474076748945,0.0028112529523458556,3420
large,4,20,82,1.828283,0.9996832279724145,0.004199843878921481,0.009558758127573412,0.005358914248651932,3420
large,4,20,88,1.888889,0.9996832279724145,0.004249446304967278,0.012424508768877204,0.008175062463909926,3420
large,4,20,93,1.939394,0.9996832279724145,0.0046871682248753495,0.009112739396217949,0.0044255711713425995,3420
large,5,1,6,1.060606,0.9663284801733498,0.03695857112800624,0.03706974399499727,0.00011117286699102724,3501
large,5,1,11,1.111111,0.9663284801733498,0.007995455019470785,0.013090012102036721,0.005094557082565936,3501
large,5,1,17,1.171717,0.9663284801733498,0.024971496855247653,0.026121787880018003,0.0011502910247703502,3501
large,5,1,22,1.222222,0.9663284801733498,0.03884379163624647,0.04021099217327669,0.0013672005370302248,3501
large,5,1,28,1.282828,0.9663284801733498,0.039692873666844354,0.039827792951257004,0.0001349192844126504,3501
large,5,1,33,1.333333,0.9663284801733498,0.03882623405743812,0.03922283106235176,0.0003965970049136444,3501
large,5,1,39,1.393939,0.9663284801733498,0.03576539567943762,0.03616797464979218,0.0004025789703545543,3501
large,5,1,44,1.444444,0.9663284801733498,0.025296852294590916,0.025388741500498288,9.188920590737226e-05,3501
large,5,1,50,1.505051,0.9663284801733498,0.019227907463074925,0.020679430058692716,0.0014515225956177914,3501
large,5,1,56,1.565657,0.9663284801733498,0.021382559754374978,0.024097867044144187,0.0027153072897692088,3501
large,5,1,61,1.616162,0.9663284801733498,0.01046970483313107,0.01053444888402296,6.474405089189166e-05,3501
large,5,1,67,1.676768,0.9663284801733498,0.011805615933871232,0.01184483251573186,3.921658186062729e-05,3501
large,5,1,72,1.727273,0.9663284801733498,0.013875305790403393,0.013895530214924992,2.0224424521599407e-05,3501
large,5,1,78,1.787879,0.9663284801733498,0.016705247960468562,0.01696347981284764,0.00025823185237907817,3501
large,5,1,83,1.838384,0.9663284801733498,0.02550311518476945,0.025525680186225225,2.256500145577517e-05,3501
large,5,1,89,1.89899,0.9663284801733498,0.029688922382594057,0.02969234722916861,3.4248465745519152e-06,3501
large,5,1,94,1.949495,0.9663284801733498,0.03375803587997837,0.0337624950768454,4.459196867034887e-06,3501
large,5,2,6,1.060606,0.9966048569238734,0.012172901732875068,0.015090632597796196,0.002917730864921128,3502
large,5,2,11,1.111111,0.9966048569238734,0.0079558157849592,0.012905566902002931,0.004949751117043731,3502
large,5,2,17,1.171717,0.9966048569238734,0.013863923950402575,0.01409304323811553,0.00022911928771295574,3502
large,5,2,22,1.222222,0.9966048569238734,0.010466350642824258,0.01110932601096723,0.0006429753681429715,3502
large,5,2,28,1.282828,0.9966048569238734,0.008623081272167309,0.011294800971723971,0.002671719699556662,3502
large,5,2,33,1.333333,0.9966048569238734,0.008444451031178498,0.009648622051399455,0.0012041710202209573,3502
large,5,2,39,1.393939,0.9966048569238734,0.007488259208840367,0.012474121816724384,0.004985862607884017,3502
large,5,2,44,1.444444,0.9966048569238734,0.0074183997033506295,0.011307542820726676,0.0038891431173760467,3502
large,5,2,50,1.505051,0.9966048569238734,0.008826756864818845,0.009970004840240401,0.001143247975421556,3502
large,5,2,56,1.565657,0.9966048569238734,0.010842617475883299,0.015438075743568522,0.004595458267685223,3502
large,5,2,61,1.616162,0.9966048569238734,0.010133001192350246,0.010461118292364024,0.0003281171000137778,3502
large,5,2,67,1.676768,0.9966048569238734,0.010029053945952326,0.010185799020722766,0.00015674507477043964,3502
large,5,2,72,1.727273,0.9966048569238734,0.00775450992308782,0.007948350842623218,0.0001938409195353973,3502
large,5,2,78,1.787879,0.9966048569238734,0.008727561606109446,0.01049284251926174,0.0017652809131522944,3502
large,5,2,83,1.838384,0.9966048569238734,0.00788771217139359,0.007937336184965985,4.962401357239479e-05,3502
large,5,2,89,1.89899,0.9966048569238734,0.008809405712389359,0.008913863318755787,0.00010445760636642806,3502
large,5,2,94,1.949495,0.9966048569238734,0.01050859457640085,0.010598423104571897,8.982852817104696e-05,3502
large,5,3,6,1.060606,0.9978473460179083,0.008791540436488547,0.013390807700442865,0.004599267263954317,3503
large,5,3,11,1.111111,0.9978473460179083,0.007611085580854341,0.013444629469732025,0.005833543888877684,3503
large,5,3,17,1.171717,0.9978473460179083,0.012125846573706144,0.013368296470343698,0.0012424498966375538,3503
large,5,3,22,1.222222,0.9978473460179083,0.009961160025815118,0.01597887444212595,0.006017714416310833,3503
large,5,3,28,1.282828,0.9978473460179083,0.008260432053322475,0.008613045200053477,0.00035261314673100223,3503
large,5,3,33,1.333333,0.9978473460179083,0.008271650068798486,0.009748725222737798,0.0014770751539393123,3503
large,5,3,39,1.393939,0.9978473460179083,0.006143368392307083,0.007410936858828882,0.0012675684665217988,3503
large,5,3,44,1.444444,0.9978473460179083,0.006747688735789014,0.008061649637420643,0.001313960901631629,3503
large,5,3,50,1.505051,0.9978473460179083,0.00866595316172598,0.013838910416950052,0.005172957255224072,3503
large,5,3,56,1.565657,0.9978473460179083,0.009214551818739173,0.01650248793078673,0.007287936112047555,3503
large,5,3,61,1.616162,0.9978473460179083,0.00781584602155149,0.008071105662161366,0.00025525964060987665,3503
large,5,3,67,1.676768,0.9978473460179083,0.008298023052016839,0.00872913067230847,0.0004311076202916306,3503
large,5,3,72,1.727273,0.9978473460179083,0.007374323698750278,0.0074087950112010125,3.4471312450734884e-05,3503
large,5,3,78,1.787879,0.9978473460179083,0.008443923826891056,0.009726141902318798,0.001282218075427742,3503
large,5,3,83,1.838384,0.9978473460179083,0.007511928985962018,0.007786508266029006,0.0002745792800669883,3503
large,5,3,89,1.89899,0.9978473460179083,0.007054520316285999,0.007091780675399882,3.7260359113882625e-05,3503
large,5,3,94,1.949495,0.9978473460179083,0.007133501294491288,0.007191369906761385,5.786861227009745e-05,3503
large,5,4,6,1.060606,0.9983026166176471,0.008184112384223702,0.011813155025191318,0.0036290426409676165,3504
large,5,4,11,1.111111,0.9983026166176471,0.007580520610681,0.015777292871214266,0.008196772260533267,3504
large,5,4,17,1.171717,0.9983026166176471,0.008211631893289212,0.013866852607295348,0.005655220714006136,3504
large,5,4,22,1.222222,0.9983026166176471,0.009958449251570486,0.014291652097970134,0.004333202846399648,3504
large,5,4,28,1.282828,0.9983026166176471,0.007858831915771818,0.011449989230644735,0.003591157314872917,3504
large,5,4,33,1.333333,0.9983026166176471,0.00817665595850157,0.01262319746576243,0.00444654150726086,3504
large,5,4,39,1.393939,0.9983026166176471,0.005414219702645329,0.007505188442944211,0.0020909687402988824,3504
large,5,4,44,1.444444,0.9983026166176471,0.006509250274521041,0.008092063225142145,0.0015828129506211038,3504
large,5,4,50,1.505051,0.9983026166176471,0.008596901209890692,0.011943593314077988,0.003346692104187296,3504
large,5,4,56,1.565657,0.9983026166176471,0.006549400955609299,0.014307412799521307,0.007758011843912008,3504
large,5,4,61,1.616162,0.9983026166176471,0.0069336976897974,0.008616331710481802,0.0016826340206844018,3504
large,5,4,67,1.676768,0.9983026166176471,0.008283354061891478,0.009074537060165647,0.0007911829982741696,3504
large,5,4,72,1.727273,0.9983026166176471,0.0071581981388495666,0.007231953617037341,7.37554781877741e-05,3504
large,5,4,78,1.787879,0.9983026166176471,0.00798811272537866,0.00991088996714189,0.0019227772417632297,3504
large,5,4,83,1.838384,0.9983026166176471,0.006950692304655027,0.007512945269173284,0.000562252964518257,3504
large,5,4,89,1.89899,0.9983026166176471,0.0062443620511769705,0.006973957026096072,0.0007295949749191013,3504
large,5,4,94,1.949495,0.9983026166176471,0.0067391677099444755,0.0068650209535578805,0.00012585324361340505,3504
large,5,6,6,1.060606,0.9988572287553146,0.007805269403017629,0.011441923363120738,0.003636653960103109,3506
large,5,6,11,1.111111,0.9988572287553146,0.0074741810187391395,0.01118537901442051,0.003711197995681371,3506
large,5,6,17,1.171717,0.9988572287553146,0.006441721019127268,0.010627398169704734,0.004185677150577466,3506
large,5,6,22,1.222222,0.9988572287553146,0.007419422021914913,0.013583622560393456,0.006164200538478543,3506
large,5,6,28,1.282828,0.9988572287553146,0.00584448562452216,0.00955414876283006,0.0037096631383079,3506
large,5,6,33,1.333333,0.9988572287553146,0.007066761951078524,0.009359125117932705,0.002292363166854181,3506
large,5,6,39,1.393939,0.9988572287553146,0.005288177740755304,0.01036992254654163,0.005081744805786326,3506
large,5,6,44,1.444444,0.9988572287553146,0.005975384548681583,0.008834114967666253,0.00285873041898467,3506
large,5,6,50,1.505051,0.9988572287553146,0.007616779293143682,0.011673961903221643,0.0040571826100779616,3506
large,5,6,56,1.565657,0.9988572287553146,0.0064731165783145465,0.014830873309816556,0.00835775673150201,3506
large,5,6,61,1.616162,0.9988572287553146,0.006395779743526785,0.008480924671619998,0.002085144928093213,3506
large,5,6,67,1.676768,0.9988572287553146,0.0047242871352863956,0.008590532603229091,0.003866245467942696,3506
large,5,6,72,1.727273,0.9988572287553146,0.0052608232164311815,0.006895333846668065,0.0016345106302368831,3506
large,5,6,78,1.787879,0.9988572287553146,0.005120749860165963,0.009599746624714332,0.004478996764548369,3506
large,5,6,83,1.838384,0.9988572287553146,0.0059853151744287654,0.007504840668594694,0.0015195254941659285,3506
large,5,6,89,1.89899,0.9988572287553146,0.005986501827907686,0.007662459178707209,0.0016759573507995227,3506
large,5,6,94,1.949495,0.9988572287553146,0.005709038485126732,0.008009334202046971,0.0023002957169202393,3506
large,5,8,6,1.060606,0.9991546246452604,0.006130156873476942,0.012526854628801518,0.006396697755324576,3508
large,5,8,11,1.111111,0.9991546246452604,0.007291742049281175,0.012466921557424567,0.005175179508143392,3508
large,5,8,17,1.171717,0.9991546246452604,0.005815971929047928,0.011966774179645019,0.006150802250597091,3508
large,5,8,22,1.222222,0.9991546246452604,0.006075613728919029,0.014566518661303918,0.008490904932384889,3508
large,5,8,28,1.282828,0.9991546246452604,0.005638041063441324,0.011090222618004552,0.005452181554563228,3508
large,5,8,33,1.333333,0.9991546246452604,0.005535708483963832,0.012583697669169351,0.0070479891852055195,3508
large,5,8,39,1.393939,0.9991546246452604,0.0043628902556131196,0.007618764977303085,0.0032558747216899653,3508
large,5,8,44,1.444444,0.9991546246452604,0.005698615673900493,0.008481405148050349,0.0027827894741498556,3508
large,5,8,50,1.505051,0.9991546246452604,0.005726101867135938,0.011654196321821754,0.005928094454685816,3508
large,5,8,56,1.565657,0.9991546246452604,0.005173393313018207,0.014016778880485355,0.008843385567467148,3508
large,5,8,61,1.616162,0.9991546246452604,0.005846792943764076,0.008904122141664157,0.00305732919790008,3508
large,5,8,67,1.676768,0.9991546246452604,0.004623644099583051,0.008609223547406066,0.003985579447823015,3508
large,5,8,72,1.727273,0.9991546246452604,0.004902604420621953,0.006970304787393801,0.0020677003667718486,3508
large,5,8,78,1.787879,0.9991546246452604,0.00492838032526431,0.010467356223400849,0.005538975898136539,3508
large,5,8,83,1.838384,0.9991546246452604,0.005650559867193725,0.007364963800686317,0.001714403933492592,3508
large,5,8,89,1.89899,0.9991546246452604,0.004904678749620912,0.006901541363561518,0.001996862613940606,3508
large,5,8,94,1.949495,0.9991546246452604,0.005502701102978169,0.006736126861050694,0.0012334257580725247,3508
large,5,10,6,1.060606,0.9993357851703154,0.005744989830051684,0.01276931596496546,0.0070243261349137755,3510
large,5,10,11,1.111111,0.9993357851703154,0.00665124286953089,0.01296310322061031,0.00631186035107942,3510
large,5,10,17,1.171717,0.9993357851703154,0.005687374254410155,0.010961392245940652,0.005274017991530497,3510
large,5,10,22,1.222222,0.9993357851703154,0.005337330875808638,0.012480904651055471,0.007143573775246833,3510
large,5,10,28,1.282828,0.9993357851703154,0.004803386086380436,0.01281493928219487,0.008011553195814435,3510
large,5,10,33,1.333333,0.9993357851703154,0.004762479605456752,0.014148910489342033,0.009386430883885282,3510
large,5,10,39,1.393939,0.9993357851703154,0.004327340908999381,0.008306201583852675,0.003978860674853295,3510
large,5,10,44,1.444444,0.9993357851703154,0.004971237933358801,0.009394449093830904,0.004423211160472103,3510
large,5,10,50,1.505051,0.9993357851703154,0.005208809594903456,0.009971541834683425,0.004762732239779969,3510
large,5,10,56,1.565657,0.9993357851703154,0.005063836385608895,0.013888711058197457,0.008824874672588561,3510
large,5,10,61,1.616162,0.9993357851703154,0.004910383177792424,0.009174177913139587,0.004263794735347163,3510
large,5,10,67,1.676768,0.9993357851703154,0.004531968784480764,0.008584496921721543,0.004052528137240779,3510
large,5,10,72,1.727273,0.9993357851703154,0.00478553751111516,0.007331800311840373,0.0025462628007252132,3510
large,5,10,78,1.787879,0.9993357851703154,0.00478011316538457,0.010368055054435657,0.005587941889051087,3510
large,5,10,83,1.838384,0.9993357851703154,0.0045417384748971616,0.007862434117301195,0.003320695642404033,3510
large,5,10,89,1.89899,0.9993357851703154,0.004033168472680755,0.007364917062925268,0.003331748590244513,3510
large,5,10,94,1.949495,0.9993357851703154,0.005395130829617039,0.006990136812977968,0.0015950059833609292,3510
large,5,15,6,1.060606,0.9995728208567202,0.005268897089927185,0.012178386065253087,0.006909488975325902,3515
large,5,15,11,1.111111,0.9995728208567202,0.005576139530721105,0.00986377710356562,0.004287637572844515,3515
large,5,15,17,1.171717,0.9995728208567202,0.005405116008179511,0.01141721160631559,0.006012095598136079,3515
large,5,15,22,1.222222,0.9995728208567202,0.004516518070984831,0.012472046813645256,0.007955528742660426,3515
large,5,15,28,1.282828,0.9995728208567202,0.00440192412112295,0.008807376947936412,0.004405452826813462,3515
large,5,15,33,1.333333,0.9995728208567202,0.004254099640747087,0.008399843198327043,0.004145743557579956,3515
large,5,15,39,1.393939,0.9995728208567202,0.0036831214815610815,0.011579126025356126,0.007896004543795044,3515
large,5,15,44,1.444444,0.9995728208567202,0.004162270877031177,0.008847973463828694,0.004685702586797518,3515
large,5,15,50,1.505051,0.9995728208567202,0.004837344320260544,0.013848496480931,0.009011152160670456,3515
large,5,15,56,1.565657,0.9995728208567202,0.004129045258889088,0.017786725546925973,0.013657680288036884,3515
large,5,15,61,1.616162,0.9995728208567202,0.004295363311619745,0.00762106712316118,0.003325703811541435,3515
large,5,15,67,1.676768,0.9995728208567202,0.004008849155004181,0.008281867115221744,0.004273017960217563,3515
large,5,15,72,1.727273,0.9995728208567202,0.004072538570367123,0.006748507409372955,0.0026759688390058317,3515
large,5,15,78,1.787879,0.9995728208567202,0.004285643986388732,0.008617568827962312,0.00433192484157358,3515
large,5,15,83,1.838384,0.9995728208567202,0.004277760406948518,0.008201994126005382,0.0039242337190568645,3515
large,5,15,89,1.89899,0.9995728208567202,0.003547549057545378,0.007016747554077608,0.00346919849653223,3515
large,5,15,94,1.949495,0.9995728208567202,0.005013368773099042,0.006990135519975264,0.001976766746876222,3515
large,5,20,6,1.060606,0.9996874921207735,0.0049807611282830285,0.013232034310339813,0.008251273182056785,3520
large,5,20,11,1.111111,0.9996874921207735,0.004671535645300874,0.016202672424501352,0.01153113677920048,3520
large,5,20,17,1.171717,0.9996874921207735,0.004818965702827193,0.013484131695860194,0.008665165993033002,3520
large,5,20,22,1.222222,0.9996874921207735,0.004125393807231336,0.015344443514236025,0.01121904970700469,3520
large,5,20,28,1.282828,0.9996874921207735,0.004376515996189772,0.010168619532501528,0.005792103536311755,3520
large,5,20,33,1.333333,0.9996874921207735,0.004072162028512391,0.014346665385751134,0.010274503357238743,3520
large,5,20,39,1.393939,0.9996874921207735,0.0035240913608674883,0.008428931407266424,0.004904840046398936,3520
large,5,20,44,1.444444,0.9996874921207735,0.0040616120764885065,0.01183276651986463,0.007771154443376124,3520
large,5,20,50,1.505051,0.9996874921207735,0.004516051771643256,0.015580926601097445,0.011064874829454188,3520
large,5,20,56,1.565657,0.9996874921207735,0.003924687698453164,0.01709812618044893,0.013173438481995765,3520
large,5,20,61,1.616162,0.9996874921207735,0.004177536378017388,0.009044389593776125,0.004866853215758737,3520
large,5,20,67,1.676768,0.9996874921207735,0.0038082686604396943,0.009884150008361544,0.006075881347921849,3520
large,5,20,72,1.727273,0.9996874921207735,0.0038784424073209493,0.00770211134439408,0.003823668937073131,3520
large,5,20,78,1.787879,0.9996874921207735,0.003793704225551534,0.008425898625064956,0.0046321943995134215,3520
large,5,20,83,1.838384,0.9996874921207735,0.003927576041917328,0.00891043906986277,0.004982863027945442,3520
large,5,20,89,1.89899,0.9996874921207735,0.0034852038718933233,0.007200816294765972,0.0037156124228726484,3520
large,5,20,94,1.949495,0.9996874921207735,0.004489924760098049,0.00687039313133951,0.0023804683712414614,3520
