split,data_group,filename,extension,logical_size_bytes,relative_path,logical_size_MiB,size_ratio,simulation_number,parameter_parsed
test,raw_simulation_files,StartSpheresBi_Con,<none>,55411815,bidisperse_mixtures_test_set/StartSpheresBi_Con,52.84482479095459,,,False
test,raw_simulation_files,rotating_drum_bidisperse_size_ratio_1_062500_num_8.data,.data,2088195239,bidisperse_mixtures_test_set/rotating_drum_bidisperse_size_ratio_1_062500_num_8.data,1991.4581670761108,1.0625,8,True
test,raw_simulation_files,rotating_drum_bidisperse_size_ratio_1_062500_num_8.ene,.ene,136402,bidisperse_mixtures_test_set/rotating_drum_bidisperse_size_ratio_1_062500_num_8.ene,0.1300830841064453,1.0625,8,True
test,raw_simulation_files,rotating_drum_bidisperse_size_ratio_1_062500_num_8.restart,.restart,12708669,bidisperse_mixtures_test_set/rotating_drum_bidisperse_size_ratio_1_062500_num_8.restart,12.1199312210083,1.0625,8,True
test,raw_simulation_files,rotating_drum_bidisperse_size_ratio_1_062500_num_8.txt,.txt,7,bidisperse_mixtures_test_set/rotating_drum_bidisperse_size_ratio_1_062500_num_8.txt,6.67572021484375e-06,1.0625,8,True
test,raw_simulation_files,rotating_drum_bidisperse_size_ratio_1_062500_num_8.xballs,.xballs,272,bidisperse_mixtures_test_set/rotating_drum_bidisperse_size_ratio_1_062500_num_8.xballs,0.0002593994140625,1.0625,8,True
test,raw_simulation_files,rotating_drum_bidisperse_size_ratio_1_125000_num_4.data,.data,2119591007,bidisperse_mixtures_test_set/rotating_drum_bidisperse_size_ratio_1_125000_num_4.data,2021.39950466156,1.125,4,True
test,raw_simulation_files,rotating_drum_bidisperse_size_ratio_1_125000_num_4.ene,.ene,136402,bidisperse_mixtures_test_set/rotating_drum_bidisperse_size_ratio_1_125000_num_4.ene,0.1300830841064453,1.125,4,True
test,raw_simulation_files,rotating_drum_bidisperse_size_ratio_1_125000_num_4.restart,.restart,12729110,bidisperse_mixtures_test_set/rotating_drum_bidisperse_size_ratio_1_125000_num_4.restart,12.139425277709961,1.125,4,True
test,raw_simulation_files,rotating_drum_bidisperse_size_ratio_1_125000_num_4.txt,.txt,7,bidisperse_mixtures_test_set/rotating_drum_bidisperse_size_ratio_1_125000_num_4.txt,6.67572021484375e-06,1.125,4,True
test,raw_simulation_files,rotating_drum_bidisperse_size_ratio_1_125000_num_4.xballs,.xballs,272,bidisperse_mixtures_test_set/rotating_drum_bidisperse_size_ratio_1_125000_num_4.xballs,0.0002593994140625,1.125,4,True
test,raw_simulation_files,rotating_drum_bidisperse_size_ratio_1_250000_num_2.data,.data,2233950424,bidisperse_mixtures_test_set/rotating_drum_bidisperse_size_ratio_1_250000_num_2.data,2130.4611434936523,1.25,2,True
test,raw_simulation_files,rotating_drum_bidisperse_size_ratio_1_250000_num_2.ene,.ene,136402,bidisperse_mixtures_test_set/rotating_drum_bidisperse_size_ratio_1_250000_num_2.ene,0.1300830841064453,1.25,2,True
test,raw_simulation_files,rotating_drum_bidisperse_size_ratio_1_250000_num_2.restart,.restart,13253133,bidisperse_mixtures_test_set/rotating_drum_bidisperse_size_ratio_1_250000_num_2.restart,12.639172554016113,1.25,2,True
test,raw_simulation_files,rotating_drum_bidisperse_size_ratio_1_250000_num_2.txt,.txt,7,bidisperse_mixtures_test_set/rotating_drum_bidisperse_size_ratio_1_250000_num_2.txt,6.67572021484375e-06,1.25,2,True
test,raw_simulation_files,rotating_drum_bidisperse_size_ratio_1_250000_num_2.xballs,.xballs,273,bidisperse_mixtures_test_set/rotating_drum_bidisperse_size_ratio_1_250000_num_2.xballs,0.00026035308837890625,1.25,2,True
test,raw_simulation_files,rotating_drum_bidisperse_size_ratio_1_312500_num_10.data,.data,2313710622,bidisperse_mixtures_test_set/rotating_drum_bidisperse_size_ratio_1_312500_num_10.data,2206.5263957977295,1.3125,10,True
test,raw_simulation_files,rotating_drum_bidisperse_size_ratio_1_312500_num_10.ene,.ene,136402,bidisperse_mixtures_test_set/rotating_drum_bidisperse_size_ratio_1_312500_num_10.ene,0.1300830841064453,1.3125,10,True
test,raw_simulation_files,rotating_drum_bidisperse_size_ratio_1_312500_num_10.restart,.restart,13466369,bidisperse_mixtures_test_set/rotating_drum_bidisperse_size_ratio_1_312500_num_10.restart,12.842530250549316,1.3125,10,True
test,raw_simulation_files,rotating_drum_bidisperse_size_ratio_1_312500_num_10.txt,.txt,6,bidisperse_mixtures_test_set/rotating_drum_bidisperse_size_ratio_1_312500_num_10.txt,5.7220458984375e-06,1.3125,10,True
test,raw_simulation_files,rotating_drum_bidisperse_size_ratio_1_312500_num_10.xballs,.xballs,273,bidisperse_mixtures_test_set/rotating_drum_bidisperse_size_ratio_1_312500_num_10.xballs,0.00026035308837890625,1.3125,10,True
test,raw_simulation_files,rotating_drum_bidisperse_size_ratio_1_375000_num_6.data,.data,2405152730,bidisperse_mixtures_test_set/rotating_drum_bidisperse_size_ratio_1_375000_num_6.data,2293.732385635376,1.375,6,True
test,raw_simulation_files,rotating_drum_bidisperse_size_ratio_1_375000_num_6.ene,.ene,136402,bidisperse_mixtures_test_set/rotating_drum_bidisperse_size_ratio_1_375000_num_6.ene,0.1300830841064453,1.375,6,True
test,raw_simulation_files,rotating_drum_bidisperse_size_ratio_1_375000_num_6.restart,.restart,13795101,bidisperse_mixtures_test_set/rotating_drum_bidisperse_size_ratio_1_375000_num_6.restart,13.156033515930176,1.375,6,True
test,raw_simulation_files,rotating_drum_bidisperse_size_ratio_1_375000_num_6.txt,.txt,7,bidisperse_mixtures_test_set/rotating_drum_bidisperse_size_ratio_1_375000_num_6.txt,6.67572021484375e-06,1.375,6,True
test,raw_simulation_files,rotating_drum_bidisperse_size_ratio_1_375000_num_6.xballs,.xballs,272,bidisperse_mixtures_test_set/rotating_drum_bidisperse_size_ratio_1_375000_num_6.xballs,0.0002593994140625,1.375,6,True
test,raw_simulation_files,rotating_drum_bidisperse_size_ratio_1_500000_num_1.data,.data,2625934506,bidisperse_mixtures_test_set/rotating_drum_bidisperse_size_ratio_1_500000_num_1.data,2504.286294937134,1.5,1,True
test,raw_simulation_files,rotating_drum_bidisperse_size_ratio_1_500000_num_1.ene,.ene,136402,bidisperse_mixtures_test_set/rotating_drum_bidisperse_size_ratio_1_500000_num_1.ene,0.1300830841064453,1.5,1,True
test,raw_simulation_files,rotating_drum_bidisperse_size_ratio_1_500000_num_1.restart,.restart,15397905,bidisperse_mixtures_test_set/rotating_drum_bidisperse_size_ratio_1_500000_num_1.restart,14.684586524963379,1.5,1,True
test,raw_simulation_files,rotating_drum_bidisperse_size_ratio_1_500000_num_1.txt,.txt,7,bidisperse_mixtures_test_set/rotating_drum_bidisperse_size_ratio_1_500000_num_1.txt,6.67572021484375e-06,1.5,1,True
test,raw_simulation_files,rotating_drum_bidisperse_size_ratio_1_500000_num_1.xballs,.xballs,273,bidisperse_mixtures_test_set/rotating_drum_bidisperse_size_ratio_1_500000_num_1.xballs,0.00026035308837890625,1.5,1,True
test,raw_simulation_files,rotating_drum_bidisperse_size_ratio_1_562500_num_9.data,.data,2752482158,bidisperse_mixtures_test_set/rotating_drum_bidisperse_size_ratio_1_562500_num_9.data,2624.97154045105,1.5625,9,True
test,raw_simulation_files,rotating_drum_bidisperse_size_ratio_1_562500_num_9.ene,.ene,136402,bidisperse_mixtures_test_set/rotating_drum_bidisperse_size_ratio_1_562500_num_9.ene,0.1300830841064453,1.5625,9,True
test,raw_simulation_files,rotating_drum_bidisperse_size_ratio_1_562500_num_9.restart,.restart,16310413,bidisperse_mixtures_test_set/rotating_drum_bidisperse_size_ratio_1_562500_num_9.restart,15.554821968078613,1.5625,9,True
test,raw_simulation_files,rotating_drum_bidisperse_size_ratio_1_562500_num_9.txt,.txt,7,bidisperse_mixtures_test_set/rotating_drum_bidisperse_size_ratio_1_562500_num_9.txt,6.67572021484375e-06,1.5625,9,True
test,raw_simulation_files,rotating_drum_bidisperse_size_ratio_1_562500_num_9.xballs,.xballs,272,bidisperse_mixtures_test_set/rotating_drum_bidisperse_size_ratio_1_562500_num_9.xballs,0.0002593994140625,1.5625,9,True
test,raw_simulation_files,rotating_drum_bidisperse_size_ratio_1_625000_num_5.data,.data,2890258209,bidisperse_mixtures_test_set/rotating_drum_bidisperse_size_ratio_1_625000_num_5.data,2756.3650217056274,1.625,5,True
test,raw_simulation_files,rotating_drum_bidisperse_size_ratio_1_625000_num_5.ene,.ene,136402,bidisperse_mixtures_test_set/rotating_drum_bidisperse_size_ratio_1_625000_num_5.ene,0.1300830841064453,1.625,5,True
test,raw_simulation_files,rotating_drum_bidisperse_size_ratio_1_625000_num_5.restart,.restart,16543089,bidisperse_mixtures_test_set/rotating_drum_bidisperse_size_ratio_1_625000_num_5.restart,15.776719093322754,1.625,5,True
test,raw_simulation_files,rotating_drum_bidisperse_size_ratio_1_625000_num_5.txt,.txt,7,bidisperse_mixtures_test_set/rotating_drum_bidisperse_size_ratio_1_625000_num_5.txt,6.67572021484375e-06,1.625,5,True
test,raw_simulation_files,rotating_drum_bidisperse_size_ratio_1_625000_num_5.xballs,.xballs,272,bidisperse_mixtures_test_set/rotating_drum_bidisperse_size_ratio_1_625000_num_5.xballs,0.0002593994140625,1.625,5,True
test,raw_simulation_files,rotating_drum_bidisperse_size_ratio_1_750000_num_3.data,.data,3196362415,bidisperse_mixtures_test_set/rotating_drum_bidisperse_size_ratio_1_750000_num_3.data,3048.2887411117554,1.75,3,True
test,raw_simulation_files,rotating_drum_bidisperse_size_ratio_1_750000_num_3.ene,.ene,136402,bidisperse_mixtures_test_set/rotating_drum_bidisperse_size_ratio_1_750000_num_3.ene,0.1300830841064453,1.75,3,True
test,raw_simulation_files,rotating_drum_bidisperse_size_ratio_1_750000_num_3.restart,.restart,18634241,bidisperse_mixtures_test_set/rotating_drum_bidisperse_size_ratio_1_750000_num_3.restart,17.770997047424316,1.75,3,True
test,raw_simulation_files,rotating_drum_bidisperse_size_ratio_1_750000_num_3.txt,.txt,7,bidisperse_mixtures_test_set/rotating_drum_bidisperse_size_ratio_1_750000_num_3.txt,6.67572021484375e-06,1.75,3,True
test,raw_simulation_files,rotating_drum_bidisperse_size_ratio_1_750000_num_3.xballs,.xballs,273,bidisperse_mixtures_test_set/rotating_drum_bidisperse_size_ratio_1_750000_num_3.xballs,0.00026035308837890625,1.75,3,True
test,raw_simulation_files,rotating_drum_bidisperse_size_ratio_1_875000_num_7.data,.data,3543307858,bidisperse_mixtures_test_set/rotating_drum_bidisperse_size_ratio_1_875000_num_7.data,3379.161699295044,1.875,7,True
test,raw_simulation_files,rotating_drum_bidisperse_size_ratio_1_875000_num_7.ene,.ene,136402,bidisperse_mixtures_test_set/rotating_drum_bidisperse_size_ratio_1_875000_num_7.ene,0.1300830841064453,1.875,7,True
test,raw_simulation_files,rotating_drum_bidisperse_size_ratio_1_875000_num_7.restart,.restart,20693393,bidisperse_mixtures_test_set/rotating_drum_bidisperse_size_ratio_1_875000_num_7.restart,19.73475742340088,1.875,7,True
test,raw_simulation_files,rotating_drum_bidisperse_size_ratio_1_875000_num_7.txt,.txt,7,bidisperse_mixtures_test_set/rotating_drum_bidisperse_size_ratio_1_875000_num_7.txt,6.67572021484375e-06,1.875,7,True
test,raw_simulation_files,rotating_drum_bidisperse_size_ratio_1_875000_num_7.xballs,.xballs,272,bidisperse_mixtures_test_set/rotating_drum_bidisperse_size_ratio_1_875000_num_7.xballs,0.0002593994140625,1.875,7,True
test,raw_simulation_files,slurm-34842.out,.out,581,bidisperse_mixtures_test_set/slurm-34842.out,0.0005540847778320312,,,False
test,raw_simulation_files,slurm-34844.out,.out,55275,bidisperse_mixtures_test_set/slurm-34844.out,0.05271434783935547,,,False
test,raw_simulation_files,slurm-34845.out,.out,54920,bidisperse_mixtures_test_set/slurm-34845.out,0.05237579345703125,,,False
test,raw_simulation_files,slurm-34846.out,.out,56880,bidisperse_mixtures_test_set/slurm-34846.out,0.0542449951171875,,,False
test,raw_simulation_files,slurm-34847.out,.out,54257,bidisperse_mixtures_test_set/slurm-34847.out,0.051743507385253906,,,False
test,raw_simulation_files,slurm-34848.out,.out,56172,bidisperse_mixtures_test_set/slurm-34848.out,0.053569793701171875,,,False
test,raw_simulation_files,slurm-34849.out,.out,54950,bidisperse_mixtures_test_set/slurm-34849.out,0.05240440368652344,,,False
test,raw_simulation_files,slurm-34850.out,.out,56779,bidisperse_mixtures_test_set/slurm-34850.out,0.05414867401123047,,,False
test,raw_simulation_files,slurm-34851.out,.out,54738,bidisperse_mixtures_test_set/slurm-34851.out,0.05220222473144531,,,False
test,raw_simulation_files,slurm-34852.out,.out,55353,bidisperse_mixtures_test_set/slurm-34852.out,0.052788734436035156,,,False
test,raw_simulation_files,slurm-34853.out,.out,55069,bidisperse_mixtures_test_set/slurm-34853.out,0.05251789093017578,,,False
test,raw_simulation_files,slurm-34854.out,.out,652,bidisperse_mixtures_test_set/slurm-34854.out,0.000621795654296875,,,False
training,CG_windows,rotating_drum_bidisperse_size_ratio_1_000000.1_w1.stat,.stat,1341706,bidisperse_mixtures/CG_windows/rotating_drum_bidisperse_size_ratio_1_000000.1_w1.stat,1.279550552368164,,,False
training,CG_windows,rotating_drum_bidisperse_size_ratio_1_000000.1_w10.stat,.stat,1340189,bidisperse_mixtures/CG_windows/rotating_drum_bidisperse_size_ratio_1_000000.1_w10.stat,1.2781038284301758,,,False
training,CG_windows,rotating_drum_bidisperse_size_ratio_1_000000.1_w2.stat,.stat,1350651,bidisperse_mixtures/CG_windows/rotating_drum_bidisperse_size_ratio_1_000000.1_w2.stat,1.288081169128418,,,False
training,CG_windows,rotating_drum_bidisperse_size_ratio_1_000000.1_w3.stat,.stat,1343906,bidisperse_mixtures/CG_windows/rotating_drum_bidisperse_size_ratio_1_000000.1_w3.stat,1.2816486358642578,,,False
training,CG_windows,rotating_drum_bidisperse_size_ratio_1_000000.1_w4.stat,.stat,1345708,bidisperse_mixtures/CG_windows/rotating_drum_bidisperse_size_ratio_1_000000.1_w4.stat,1.2833671569824219,,,False
training,CG_windows,rotating_drum_bidisperse_size_ratio_1_000000.1_w5.stat,.stat,1348363,bidisperse_mixtures/CG_windows/rotating_drum_bidisperse_size_ratio_1_000000.1_w5.stat,1.2858991622924805,,,False
training,CG_windows,rotating_drum_bidisperse_size_ratio_1_000000.1_w6.stat,.stat,1331108,bidisperse_mixtures/CG_windows/rotating_drum_bidisperse_size_ratio_1_000000.1_w6.stat,1.2694435119628906,,,False
training,CG_windows,rotating_drum_bidisperse_size_ratio_1_000000.1_w7.stat,.stat,1336001,bidisperse_mixtures/CG_windows/rotating_drum_bidisperse_size_ratio_1_000000.1_w7.stat,1.2741098403930664,,,False
training,CG_windows,rotating_drum_bidisperse_size_ratio_1_000000.1_w8.stat,.stat,1332012,bidisperse_mixtures/CG_windows/rotating_drum_bidisperse_size_ratio_1_000000.1_w8.stat,1.2703056335449219,,,False
training,CG_windows,rotating_drum_bidisperse_size_ratio_1_000000.1_w9.stat,.stat,1337330,bidisperse_mixtures/CG_windows/rotating_drum_bidisperse_size_ratio_1_000000.1_w9.stat,1.2753772735595703,,,False
training,CG_windows,rotating_drum_bidisperse_size_ratio_1_000000_w1.stat,.stat,1341706,bidisperse_mixtures/CG_windows/rotating_drum_bidisperse_size_ratio_1_000000_w1.stat,1.279550552368164,,,False
training,CG_windows,rotating_drum_bidisperse_size_ratio_1_101010.11_w1.stat,.stat,1348246,bidisperse_mixtures/CG_windows/rotating_drum_bidisperse_size_ratio_1_101010.11_w1.stat,1.285787582397461,,,False
training,CG_windows,rotating_drum_bidisperse_size_ratio_1_101010.11_w10.stat,.stat,1349559,bidisperse_mixtures/CG_windows/rotating_drum_bidisperse_size_ratio_1_101010.11_w10.stat,1.2870397567749023,,,False
training,CG_windows,rotating_drum_bidisperse_size_ratio_1_101010.11_w2.stat,.stat,1350930,bidisperse_mixtures/CG_windows/rotating_drum_bidisperse_size_ratio_1_101010.11_w2.stat,1.2883472442626953,,,False
training,CG_windows,rotating_drum_bidisperse_size_ratio_1_101010.11_w3.stat,.stat,1352221,bidisperse_mixtures/CG_windows/rotating_drum_bidisperse_size_ratio_1_101010.11_w3.stat,1.2895784378051758,,,False
training,CG_windows,rotating_drum_bidisperse_size_ratio_1_101010.11_w4.stat,.stat,1357051,bidisperse_mixtures/CG_windows/rotating_drum_bidisperse_size_ratio_1_101010.11_w4.stat,1.294184684753418,,,False
training,CG_windows,rotating_drum_bidisperse_size_ratio_1_101010.11_w5.stat,.stat,1355636,bidisperse_mixtures/CG_windows/rotating_drum_bidisperse_size_ratio_1_101010.11_w5.stat,1.2928352355957031,,,False
training,CG_windows,rotating_drum_bidisperse_size_ratio_1_101010.11_w6.stat,.stat,1351973,bidisperse_mixtures/CG_windows/rotating_drum_bidisperse_size_ratio_1_101010.11_w6.stat,1.289341926574707,,,False
training,CG_windows,rotating_drum_bidisperse_size_ratio_1_101010.11_w7.stat,.stat,1355598,bidisperse_mixtures/CG_windows/rotating_drum_bidisperse_size_ratio_1_101010.11_w7.stat,1.2927989959716797,,,False
training,CG_windows,rotating_drum_bidisperse_size_ratio_1_101010.11_w8.stat,.stat,1350377,bidisperse_mixtures/CG_windows/rotating_drum_bidisperse_size_ratio_1_101010.11_w8.stat,1.2878198623657227,,,False
training,CG_windows,rotating_drum_bidisperse_size_ratio_1_101010.11_w9.stat,.stat,1355001,bidisperse_mixtures/CG_windows/rotating_drum_bidisperse_size_ratio_1_101010.11_w9.stat,1.2922296524047852,,,False
training,CG_windows,rotating_drum_bidisperse_size_ratio_1_202020.21_w1.stat,.stat,1379039,bidisperse_mixtures/CG_windows/rotating_drum_bidisperse_size_ratio_1_202020.21_w1.stat,1.3151540756225586,,,False
training,CG_windows,rotating_drum_bidisperse_size_ratio_1_202020.21_w10.stat,.stat,1347660,bidisperse_mixtures/CG_windows/rotating_drum_bidisperse_size_ratio_1_202020.21_w10.stat,1.2852287292480469,,,False
training,CG_windows,rotating_drum_bidisperse_size_ratio_1_202020.21_w2.stat,.stat,1355763,bidisperse_mixtures/CG_windows/rotating_drum_bidisperse_size_ratio_1_202020.21_w2.stat,1.2929563522338867,,,False
training,CG_windows,rotating_drum_bidisperse_size_ratio_1_202020.21_w3.stat,.stat,1354101,bidisperse_mixtures/CG_windows/rotating_drum_bidisperse_size_ratio_1_202020.21_w3.stat,1.2913713455200195,,,False
training,CG_windows,rotating_drum_bidisperse_size_ratio_1_202020.21_w4.stat,.stat,1343193,bidisperse_mixtures/CG_windows/rotating_drum_bidisperse_size_ratio_1_202020.21_w4.stat,1.2809686660766602,,,False
training,CG_windows,rotating_drum_bidisperse_size_ratio_1_202020.21_w5.stat,.stat,1354169,bidisperse_mixtures/CG_windows/rotating_drum_bidisperse_size_ratio_1_202020.21_w5.stat,1.2914361953735352,,,False
training,CG_windows,rotating_drum_bidisperse_size_ratio_1_202020.21_w6.stat,.stat,1361869,bidisperse_mixtures/CG_windows/rotating_drum_bidisperse_size_ratio_1_202020.21_w6.stat,1.2987794876098633,,,False
training,CG_windows,rotating_drum_bidisperse_size_ratio_1_202020.21_w7.stat,.stat,1347331,bidisperse_mixtures/CG_windows/rotating_drum_bidisperse_size_ratio_1_202020.21_w7.stat,1.2849149703979492,,,False
training,CG_windows,rotating_drum_bidisperse_size_ratio_1_202020.21_w8.stat,.stat,1354671,bidisperse_mixtures/CG_windows/rotating_drum_bidisperse_size_ratio_1_202020.21_w8.stat,1.291914939880371,,,False
training,CG_windows,rotating_drum_bidisperse_size_ratio_1_202020.21_w9.stat,.stat,1353067,bidisperse_mixtures/CG_windows/rotating_drum_bidisperse_size_ratio_1_202020.21_w9.stat,1.2903852462768555,,,False
training,CG_windows,rotating_drum_bidisperse_size_ratio_1_303030.31_w1.stat,.stat,1340770,bidisperse_mixtures/CG_windows/rotating_drum_bidisperse_size_ratio_1_303030.31_w1.stat,1.2786579132080078,,,False
training,CG_windows,rotating_drum_bidisperse_size_ratio_1_303030.31_w10.stat,.stat,1355187,bidisperse_mixtures/CG_windows/rotating_drum_bidisperse_size_ratio_1_303030.31_w10.stat,1.2924070358276367,,,False
training,CG_windows,rotating_drum_bidisperse_size_ratio_1_303030.31_w2.stat,.stat,1351387,bidisperse_mixtures/CG_windows/rotating_drum_bidisperse_size_ratio_1_303030.31_w2.stat,1.288783073425293,,,False
training,CG_windows,rotating_drum_bidisperse_size_ratio_1_303030.31_w3.stat,.stat,1348097,bidisperse_mixtures/CG_windows/rotating_drum_bidisperse_size_ratio_1_303030.31_w3.stat,1.2856454849243164,,,False
training,CG_windows,rotating_drum_bidisperse_size_ratio_1_303030.31_w4.stat,.stat,1361657,bidisperse_mixtures/CG_windows/rotating_drum_bidisperse_size_ratio_1_303030.31_w4.stat,1.2985773086547852,,,False
training,CG_windows,rotating_drum_bidisperse_size_ratio_1_303030.31_w5.stat,.stat,1357282,bidisperse_mixtures/CG_windows/rotating_drum_bidisperse_size_ratio_1_303030.31_w5.stat,1.2944049835205078,,,False
training,CG_windows,rotating_drum_bidisperse_size_ratio_1_303030.31_w6.stat,.stat,1356939,bidisperse_mixtures/CG_windows/rotating_drum_bidisperse_size_ratio_1_303030.31_w6.stat,1.2940778732299805,,,False
training,CG_windows,rotating_drum_bidisperse_size_ratio_1_303030.31_w7.stat,.stat,1373031,bidisperse_mixtures/CG_windows/rotating_drum_bidisperse_size_ratio_1_303030.31_w7.stat,1.3094244003295898,,,False
training,CG_windows,rotating_drum_bidisperse_size_ratio_1_303030.31_w8.stat,.stat,1346961,bidisperse_mixtures/CG_windows/rotating_drum_bidisperse_size_ratio_1_303030.31_w8.stat,1.284562110900879,,,False
training,CG_windows,rotating_drum_bidisperse_size_ratio_1_303030.31_w9.stat,.stat,1365114,bidisperse_mixtures/CG_windows/rotating_drum_bidisperse_size_ratio_1_303030.31_w9.stat,1.3018741607666016,,,False
training,CG_windows,rotating_drum_bidisperse_size_ratio_1_404040.41_w1.stat,.stat,1373272,bidisperse_mixtures/CG_windows/rotating_drum_bidisperse_size_ratio_1_404040.41_w1.stat,1.3096542358398438,,,False
training,CG_windows,rotating_drum_bidisperse_size_ratio_1_404040.41_w10.stat,.stat,1362145,bidisperse_mixtures/CG_windows/rotating_drum_bidisperse_size_ratio_1_404040.41_w10.stat,1.2990427017211914,,,False
training,CG_windows,rotating_drum_bidisperse_size_ratio_1_404040.41_w2.stat,.stat,1371856,bidisperse_mixtures/CG_windows/rotating_drum_bidisperse_size_ratio_1_404040.41_w2.stat,1.3083038330078125,,,False
training,CG_windows,rotating_drum_bidisperse_size_ratio_1_404040.41_w3.stat,.stat,1341764,bidisperse_mixtures/CG_windows/rotating_drum_bidisperse_size_ratio_1_404040.41_w3.stat,1.2796058654785156,,,False
training,CG_windows,rotating_drum_bidisperse_size_ratio_1_404040.41_w4.stat,.stat,1362331,bidisperse_mixtures/CG_windows/rotating_drum_bidisperse_size_ratio_1_404040.41_w4.stat,1.299220085144043,,,False
training,CG_windows,rotating_drum_bidisperse_size_ratio_1_404040.41_w5.stat,.stat,1374622,bidisperse_mixtures/CG_windows/rotating_drum_bidisperse_size_ratio_1_404040.41_w5.stat,1.3109416961669922,,,False
training,CG_windows,rotating_drum_bidisperse_size_ratio_1_404040.41_w6.stat,.stat,1369390,bidisperse_mixtures/CG_windows/rotating_drum_bidisperse_size_ratio_1_404040.41_w6.stat,1.3059520721435547,,,False
training,CG_windows,rotating_drum_bidisperse_size_ratio_1_404040.41_w7.stat,.stat,1349675,bidisperse_mixtures/CG_windows/rotating_drum_bidisperse_size_ratio_1_404040.41_w7.stat,1.2871503829956055,,,False
training,CG_windows,rotating_drum_bidisperse_size_ratio_1_404040.41_w8.stat,.stat,1361418,bidisperse_mixtures/CG_windows/rotating_drum_bidisperse_size_ratio_1_404040.41_w8.stat,1.298349380493164,,,False
training,CG_windows,rotating_drum_bidisperse_size_ratio_1_404040.41_w9.stat,.stat,1361164,bidisperse_mixtures/CG_windows/rotating_drum_bidisperse_size_ratio_1_404040.41_w9.stat,1.2981071472167969,,,False
training,CG_windows,rotating_drum_bidisperse_size_ratio_1_505051.51_w1.stat,.stat,1346719,bidisperse_mixtures/CG_windows/rotating_drum_bidisperse_size_ratio_1_505051.51_w1.stat,1.2843313217163086,,,False
training,CG_windows,rotating_drum_bidisperse_size_ratio_1_505051.51_w10.stat,.stat,1360084,bidisperse_mixtures/CG_windows/rotating_drum_bidisperse_size_ratio_1_505051.51_w10.stat,1.2970771789550781,,,False
training,CG_windows,rotating_drum_bidisperse_size_ratio_1_505051.51_w2.stat,.stat,1354753,bidisperse_mixtures/CG_windows/rotating_drum_bidisperse_size_ratio_1_505051.51_w2.stat,1.2919931411743164,,,False
training,CG_windows,rotating_drum_bidisperse_size_ratio_1_505051.51_w3.stat,.stat,1363449,bidisperse_mixtures/CG_windows/rotating_drum_bidisperse_size_ratio_1_505051.51_w3.stat,1.3002862930297852,,,False
training,CG_windows,rotating_drum_bidisperse_size_ratio_1_505051.51_w4.stat,.stat,1354502,bidisperse_mixtures/CG_windows/rotating_drum_bidisperse_size_ratio_1_505051.51_w4.stat,1.2917537689208984,,,False
training,CG_windows,rotating_drum_bidisperse_size_ratio_1_505051.51_w5.stat,.stat,1369167,bidisperse_mixtures/CG_windows/rotating_drum_bidisperse_size_ratio_1_505051.51_w5.stat,1.305739402770996,,,False
training,CG_windows,rotating_drum_bidisperse_size_ratio_1_505051.51_w6.stat,.stat,1361109,bidisperse_mixtures/CG_windows/rotating_drum_bidisperse_size_ratio_1_505051.51_w6.stat,1.2980546951293945,,,False
training,CG_windows,rotating_drum_bidisperse_size_ratio_1_505051.51_w7.stat,.stat,1365235,bidisperse_mixtures/CG_windows/rotating_drum_bidisperse_size_ratio_1_505051.51_w7.stat,1.3019895553588867,,,False
training,CG_windows,rotating_drum_bidisperse_size_ratio_1_505051.51_w8.stat,.stat,1354408,bidisperse_mixtures/CG_windows/rotating_drum_bidisperse_size_ratio_1_505051.51_w8.stat,1.2916641235351562,,,False
training,CG_windows,rotating_drum_bidisperse_size_ratio_1_505051.51_w9.stat,.stat,1363254,bidisperse_mixtures/CG_windows/rotating_drum_bidisperse_size_ratio_1_505051.51_w9.stat,1.300100326538086,,,False
training,CG_windows,rotating_drum_bidisperse_size_ratio_1_606061.61_w1.stat,.stat,1369881,bidisperse_mixtures/CG_windows/rotating_drum_bidisperse_size_ratio_1_606061.61_w1.stat,1.3064203262329102,,,False
training,CG_windows,rotating_drum_bidisperse_size_ratio_1_606061.61_w10.stat,.stat,1371705,bidisperse_mixtures/CG_windows/rotating_drum_bidisperse_size_ratio_1_606061.61_w10.stat,1.3081598281860352,,,False
training,CG_windows,rotating_drum_bidisperse_size_ratio_1_606061.61_w2.stat,.stat,1382876,bidisperse_mixtures/CG_windows/rotating_drum_bidisperse_size_ratio_1_606061.61_w2.stat,1.3188133239746094,,,False
training,CG_windows,rotating_drum_bidisperse_size_ratio_1_606061.61_w3.stat,.stat,1363589,bidisperse_mixtures/CG_windows/rotating_drum_bidisperse_size_ratio_1_606061.61_w3.stat,1.300419807434082,,,False
training,CG_windows,rotating_drum_bidisperse_size_ratio_1_606061.61_w4.stat,.stat,1358493,bidisperse_mixtures/CG_windows/rotating_drum_bidisperse_size_ratio_1_606061.61_w4.stat,1.2955598831176758,,,False
training,CG_windows,rotating_drum_bidisperse_size_ratio_1_606061.61_w5.stat,.stat,1377865,bidisperse_mixtures/CG_windows/rotating_drum_bidisperse_size_ratio_1_606061.61_w5.stat,1.3140344619750977,,,False
training,CG_windows,rotating_drum_bidisperse_size_ratio_1_606061.61_w6.stat,.stat,1379461,bidisperse_mixtures/CG_windows/rotating_drum_bidisperse_size_ratio_1_606061.61_w6.stat,1.315556526184082,,,False
training,CG_windows,rotating_drum_bidisperse_size_ratio_1_606061.61_w7.stat,.stat,1376216,bidisperse_mixtures/CG_windows/rotating_drum_bidisperse_size_ratio_1_606061.61_w7.stat,1.3124618530273438,,,False
training,CG_windows,rotating_drum_bidisperse_size_ratio_1_606061.61_w8.stat,.stat,1365850,bidisperse_mixtures/CG_windows/rotating_drum_bidisperse_size_ratio_1_606061.61_w8.stat,1.3025760650634766,,,False
training,CG_windows,rotating_drum_bidisperse_size_ratio_1_606061.61_w9.stat,.stat,1365994,bidisperse_mixtures/CG_windows/rotating_drum_bidisperse_size_ratio_1_606061.61_w9.stat,1.302713394165039,,,False
training,CG_windows,rotating_drum_bidisperse_size_ratio_1_707071.71_w1.stat,.stat,1379050,bidisperse_mixtures/CG_windows/rotating_drum_bidisperse_size_ratio_1_707071.71_w1.stat,1.315164566040039,,,False
training,CG_windows,rotating_drum_bidisperse_size_ratio_1_707071.71_w10.stat,.stat,1372565,bidisperse_mixtures/CG_windows/rotating_drum_bidisperse_size_ratio_1_707071.71_w10.stat,1.3089799880981445,,,False
training,CG_windows,rotating_drum_bidisperse_size_ratio_1_707071.71_w2.stat,.stat,1389706,bidisperse_mixtures/CG_windows/rotating_drum_bidisperse_size_ratio_1_707071.71_w2.stat,1.325326919555664,,,False
training,CG_windows,rotating_drum_bidisperse_size_ratio_1_707071.71_w3.stat,.stat,1373054,bidisperse_mixtures/CG_windows/rotating_drum_bidisperse_size_ratio_1_707071.71_w3.stat,1.3094463348388672,,,False
training,CG_windows,rotating_drum_bidisperse_size_ratio_1_707071.71_w4.stat,.stat,1362078,bidisperse_mixtures/CG_windows/rotating_drum_bidisperse_size_ratio_1_707071.71_w4.stat,1.2989788055419922,,,False
training,CG_windows,rotating_drum_bidisperse_size_ratio_1_707071.71_w5.stat,.stat,1352569,bidisperse_mixtures/CG_windows/rotating_drum_bidisperse_size_ratio_1_707071.71_w5.stat,1.2899103164672852,,,False
training,CG_windows,rotating_drum_bidisperse_size_ratio_1_707071.71_w6.stat,.stat,1401582,bidisperse_mixtures/CG_windows/rotating_drum_bidisperse_size_ratio_1_707071.71_w6.stat,1.3366527557373047,,,False
training,CG_windows,rotating_drum_bidisperse_size_ratio_1_707071.71_w7.stat,.stat,1366824,bidisperse_mixtures/CG_windows/rotating_drum_bidisperse_size_ratio_1_707071.71_w7.stat,1.3035049438476562,,,False
training,CG_windows,rotating_drum_bidisperse_size_ratio_1_707071.71_w8.stat,.stat,1373637,bidisperse_mixtures/CG_windows/rotating_drum_bidisperse_size_ratio_1_707071.71_w8.stat,1.310002326965332,,,False
training,CG_windows,rotating_drum_bidisperse_size_ratio_1_707071.71_w9.stat,.stat,1377094,bidisperse_mixtures/CG_windows/rotating_drum_bidisperse_size_ratio_1_707071.71_w9.stat,1.3132991790771484,,,False
training,CG_windows,rotating_drum_bidisperse_size_ratio_1_808081.81_w1.stat,.stat,1378445,bidisperse_mixtures/CG_windows/rotating_drum_bidisperse_size_ratio_1_808081.81_w1.stat,1.3145875930786133,,,False
training,CG_windows,rotating_drum_bidisperse_size_ratio_1_808081.81_w10.stat,.stat,1365923,bidisperse_mixtures/CG_windows/rotating_drum_bidisperse_size_ratio_1_808081.81_w10.stat,1.3026456832885742,,,False
training,CG_windows,rotating_drum_bidisperse_size_ratio_1_808081.81_w2.stat,.stat,1403132,bidisperse_mixtures/CG_windows/rotating_drum_bidisperse_size_ratio_1_808081.81_w2.stat,1.3381309509277344,,,False
training,CG_windows,rotating_drum_bidisperse_size_ratio_1_808081.81_w3.stat,.stat,1370042,bidisperse_mixtures/CG_windows/rotating_drum_bidisperse_size_ratio_1_808081.81_w3.stat,1.3065738677978516,,,False
training,CG_windows,rotating_drum_bidisperse_size_ratio_1_808081.81_w4.stat,.stat,1380414,bidisperse_mixtures/CG_windows/rotating_drum_bidisperse_size_ratio_1_808081.81_w4.stat,1.3164653778076172,,,False
training,CG_windows,rotating_drum_bidisperse_size_ratio_1_808081.81_w5.stat,.stat,1372972,bidisperse_mixtures/CG_windows/rotating_drum_bidisperse_size_ratio_1_808081.81_w5.stat,1.3093681335449219,,,False
training,CG_windows,rotating_drum_bidisperse_size_ratio_1_808081.81_w6.stat,.stat,1368450,bidisperse_mixtures/CG_windows/rotating_drum_bidisperse_size_ratio_1_808081.81_w6.stat,1.3050556182861328,,,False
training,CG_windows,rotating_drum_bidisperse_size_ratio_1_808081.81_w7.stat,.stat,1360138,bidisperse_mixtures/CG_windows/rotating_drum_bidisperse_size_ratio_1_808081.81_w7.stat,1.297128677368164,,,False
training,CG_windows,rotating_drum_bidisperse_size_ratio_1_808081.81_w8.stat,.stat,1384602,bidisperse_mixtures/CG_windows/rotating_drum_bidisperse_size_ratio_1_808081.81_w8.stat,1.3204593658447266,,,False
training,CG_windows,rotating_drum_bidisperse_size_ratio_1_808081.81_w9.stat,.stat,1410193,bidisperse_mixtures/CG_windows/rotating_drum_bidisperse_size_ratio_1_808081.81_w9.stat,1.344864845275879,,,False
training,CG_windows,rotating_drum_bidisperse_size_ratio_1_909091.91_w1.stat,.stat,1372604,bidisperse_mixtures/CG_windows/rotating_drum_bidisperse_size_ratio_1_909091.91_w1.stat,1.3090171813964844,,,False
training,CG_windows,rotating_drum_bidisperse_size_ratio_1_909091.91_w10.stat,.stat,1391667,bidisperse_mixtures/CG_windows/rotating_drum_bidisperse_size_ratio_1_909091.91_w10.stat,1.3271970748901367,,,False
training,CG_windows,rotating_drum_bidisperse_size_ratio_1_909091.91_w2.stat,.stat,1380954,bidisperse_mixtures/CG_windows/rotating_drum_bidisperse_size_ratio_1_909091.91_w2.stat,1.3169803619384766,,,False
training,CG_windows,rotating_drum_bidisperse_size_ratio_1_909091.91_w3.stat,.stat,1376966,bidisperse_mixtures/CG_windows/rotating_drum_bidisperse_size_ratio_1_909091.91_w3.stat,1.3131771087646484,,,False
training,CG_windows,rotating_drum_bidisperse_size_ratio_1_909091.91_w4.stat,.stat,1364637,bidisperse_mixtures/CG_windows/rotating_drum_bidisperse_size_ratio_1_909091.91_w4.stat,1.3014192581176758,,,False
training,CG_windows,rotating_drum_bidisperse_size_ratio_1_909091.91_w5.stat,.stat,1376660,bidisperse_mixtures/CG_windows/rotating_drum_bidisperse_size_ratio_1_909091.91_w5.stat,1.3128852844238281,,,False
training,CG_windows,rotating_drum_bidisperse_size_ratio_1_909091.91_w6.stat,.stat,1381899,bidisperse_mixtures/CG_windows/rotating_drum_bidisperse_size_ratio_1_909091.91_w6.stat,1.3178815841674805,,,False
training,CG_windows,rotating_drum_bidisperse_size_ratio_1_909091.91_w7.stat,.stat,1371584,bidisperse_mixtures/CG_windows/rotating_drum_bidisperse_size_ratio_1_909091.91_w7.stat,1.30804443359375,,,False
training,CG_windows,rotating_drum_bidisperse_size_ratio_1_909091.91_w8.stat,.stat,1383278,bidisperse_mixtures/CG_windows/rotating_drum_bidisperse_size_ratio_1_909091.91_w8.stat,1.3191967010498047,,,False
training,CG_windows,rotating_drum_bidisperse_size_ratio_1_909091.91_w9.stat,.stat,1377767,bidisperse_mixtures/CG_windows/rotating_drum_bidisperse_size_ratio_1_909091.91_w9.stat,1.3139410018920898,,,False
training,CG_windows_sigma,rotating_drum_bidisperse_size_ratio_1_303030.31_t1032.43_1034.43.stat,.stat,242,bidisperse_mixtures/CG_windows_sigma/rotating_drum_bidisperse_size_ratio_1_303030.31_t1032.43_1034.43.stat,0.0002307891845703125,,,False
training,CG_windows_sigma,rotating_drum_bidisperse_size_ratio_1_303030.31_t1032.43_1043.19.stat,.stat,1335691,bidisperse_mixtures/CG_windows_sigma/rotating_drum_bidisperse_size_ratio_1_303030.31_t1032.43_1043.19.stat,1.2738142013549805,,,False
training,CG_windows_sigma,rotating_drum_bidisperse_size_ratio_1_303030.31_t1032.43_1053.94.stat,.stat,1332349,bidisperse_mixtures/CG_windows_sigma/rotating_drum_bidisperse_size_ratio_1_303030.31_t1032.43_1053.94.stat,1.2706270217895508,,,False
training,CG_windows_sigma,rotating_drum_bidisperse_size_ratio_1_303030.31_t1032.43_1075.45.stat,.stat,1355897,bidisperse_mixtures/CG_windows_sigma/rotating_drum_bidisperse_size_ratio_1_303030.31_t1032.43_1075.45.stat,1.2930841445922852,,,False
training,CG_windows_sigma,rotating_drum_bidisperse_size_ratio_1_303030.31_t1032.43_1118.47.stat,.stat,1379439,bidisperse_mixtures/CG_windows_sigma/rotating_drum_bidisperse_size_ratio_1_303030.31_t1032.43_1118.47.stat,1.315535545349121,,,False
training,CG_windows_sigma,rotating_drum_bidisperse_size_ratio_1_303030.31_t1032.43_1204.50.stat,.stat,1400161,bidisperse_mixtures/CG_windows_sigma/rotating_drum_bidisperse_size_ratio_1_303030.31_t1032.43_1204.50.stat,1.3352975845336914,,,False
training,CG_windows_sigma,rotating_drum_bidisperse_size_ratio_1_303030.31_t1032.43_1376.58.stat,.stat,1406985,bidisperse_mixtures/CG_windows_sigma/rotating_drum_bidisperse_size_ratio_1_303030.31_t1032.43_1376.58.stat,1.3418054580688477,,,False
training,CG_windows_sigma,rotating_drum_bidisperse_size_ratio_1_303030.31_t1043.19_1053.94.stat,.stat,1318059,bidisperse_mixtures/CG_windows_sigma/rotating_drum_bidisperse_size_ratio_1_303030.31_t1043.19_1053.94.stat,1.2569990158081055,,,False
training,CG_windows_sigma,rotating_drum_bidisperse_size_ratio_1_303030.31_t1053.94_1064.70.stat,.stat,1338065,bidisperse_mixtures/CG_windows_sigma/rotating_drum_bidisperse_size_ratio_1_303030.31_t1053.94_1064.70.stat,1.276078224182129,,,False
training,CG_windows_sigma,rotating_drum_bidisperse_size_ratio_1_303030.31_t1053.94_1075.45.stat,.stat,1351816,bidisperse_mixtures/CG_windows_sigma/rotating_drum_bidisperse_size_ratio_1_303030.31_t1053.94_1075.45.stat,1.2891921997070312,,,False
training,CG_windows_sigma,rotating_drum_bidisperse_size_ratio_1_303030.31_t1064.70_1075.45.stat,.stat,1341794,bidisperse_mixtures/CG_windows_sigma/rotating_drum_bidisperse_size_ratio_1_303030.31_t1064.70_1075.45.stat,1.2796344757080078,,,False
training,CG_windows_sigma,rotating_drum_bidisperse_size_ratio_1_303030.31_t1075.45_1086.21.stat,.stat,1353941,bidisperse_mixtures/CG_windows_sigma/rotating_drum_bidisperse_size_ratio_1_303030.31_t1075.45_1086.21.stat,1.2912187576293945,,,False
training,CG_windows_sigma,rotating_drum_bidisperse_size_ratio_1_303030.31_t1075.45_1096.96.stat,.stat,1358613,bidisperse_mixtures/CG_windows_sigma/rotating_drum_bidisperse_size_ratio_1_303030.31_t1075.45_1096.96.stat,1.2956743240356445,,,False
training,CG_windows_sigma,rotating_drum_bidisperse_size_ratio_1_303030.31_t1075.45_1118.47.stat,.stat,1369479,bidisperse_mixtures/CG_windows_sigma/rotating_drum_bidisperse_size_ratio_1_303030.31_t1075.45_1118.47.stat,1.3060369491577148,,,False
training,CG_windows_sigma,rotating_drum_bidisperse_size_ratio_1_303030.31_t1086.21_1096.96.stat,.stat,1332253,bidisperse_mixtures/CG_windows_sigma/rotating_drum_bidisperse_size_ratio_1_303030.31_t1086.21_1096.96.stat,1.2705354690551758,,,False
training,CG_windows_sigma,rotating_drum_bidisperse_size_ratio_1_303030.31_t1096.96_1107.71.stat,.stat,1342509,bidisperse_mixtures/CG_windows_sigma/rotating_drum_bidisperse_size_ratio_1_303030.31_t1096.96_1107.71.stat,1.2803163528442383,,,False
training,CG_windows_sigma,rotating_drum_bidisperse_size_ratio_1_303030.31_t1096.96_1118.47.stat,.stat,1351924,bidisperse_mixtures/CG_windows_sigma/rotating_drum_bidisperse_size_ratio_1_303030.31_t1096.96_1118.47.stat,1.2892951965332031,,,False
training,CG_windows_sigma,rotating_drum_bidisperse_size_ratio_1_303030.31_t1107.71_1118.47.stat,.stat,1338008,bidisperse_mixtures/CG_windows_sigma/rotating_drum_bidisperse_size_ratio_1_303030.31_t1107.71_1118.47.stat,1.2760238647460938,,,False
training,CG_windows_sigma,rotating_drum_bidisperse_size_ratio_1_303030.31_t1118.47_1129.22.stat,.stat,1326920,bidisperse_mixtures/CG_windows_sigma/rotating_drum_bidisperse_size_ratio_1_303030.31_t1118.47_1129.22.stat,1.2654495239257812,,,False
training,CG_windows_sigma,rotating_drum_bidisperse_size_ratio_1_303030.31_t1118.47_1139.98.stat,.stat,1356876,bidisperse_mixtures/CG_windows_sigma/rotating_drum_bidisperse_size_ratio_1_303030.31_t1118.47_1139.98.stat,1.2940177917480469,,,False
training,CG_windows_sigma,rotating_drum_bidisperse_size_ratio_1_303030.31_t1118.47_1161.49.stat,.stat,1368997,bidisperse_mixtures/CG_windows_sigma/rotating_drum_bidisperse_size_ratio_1_303030.31_t1118.47_1161.49.stat,1.305577278137207,,,False
training,CG_windows_sigma,rotating_drum_bidisperse_size_ratio_1_303030.31_t1118.47_1204.50.stat,.stat,1391038,bidisperse_mixtures/CG_windows_sigma/rotating_drum_bidisperse_size_ratio_1_303030.31_t1118.47_1204.50.stat,1.3265972137451172,,,False
training,CG_windows_sigma,rotating_drum_bidisperse_size_ratio_1_303030.31_t1129.22_1139.98.stat,.stat,1349216,bidisperse_mixtures/CG_windows_sigma/rotating_drum_bidisperse_size_ratio_1_303030.31_t1129.22_1139.98.stat,1.286712646484375,,,False
training,CG_windows_sigma,rotating_drum_bidisperse_size_ratio_1_303030.31_t1139.98_1150.73.stat,.stat,1348200,bidisperse_mixtures/CG_windows_sigma/rotating_drum_bidisperse_size_ratio_1_303030.31_t1139.98_1150.73.stat,1.2857437133789062,,,False
training,CG_windows_sigma,rotating_drum_bidisperse_size_ratio_1_303030.31_t1139.98_1161.49.stat,.stat,1358182,bidisperse_mixtures/CG_windows_sigma/rotating_drum_bidisperse_size_ratio_1_303030.31_t1139.98_1161.49.stat,1.2952632904052734,,,False
training,CG_windows_sigma,rotating_drum_bidisperse_size_ratio_1_303030.31_t1150.73_1161.49.stat,.stat,1340576,bidisperse_mixtures/CG_windows_sigma/rotating_drum_bidisperse_size_ratio_1_303030.31_t1150.73_1161.49.stat,1.278472900390625,,,False
training,CG_windows_sigma,rotating_drum_bidisperse_size_ratio_1_303030.31_t1161.49_1172.24.stat,.stat,1363448,bidisperse_mixtures/CG_windows_sigma/rotating_drum_bidisperse_size_ratio_1_303030.31_t1161.49_1172.24.stat,1.3002853393554688,,,False
training,CG_windows_sigma,rotating_drum_bidisperse_size_ratio_1_303030.31_t1161.49_1183.00.stat,.stat,1370563,bidisperse_mixtures/CG_windows_sigma/rotating_drum_bidisperse_size_ratio_1_303030.31_t1161.49_1183.00.stat,1.3070707321166992,,,False
training,CG_windows_sigma,rotating_drum_bidisperse_size_ratio_1_303030.31_t1161.49_1204.50.stat,.stat,1377746,bidisperse_mixtures/CG_windows_sigma/rotating_drum_bidisperse_size_ratio_1_303030.31_t1161.49_1204.50.stat,1.3139209747314453,,,False
training,CG_windows_sigma,rotating_drum_bidisperse_size_ratio_1_303030.31_t1172.24_1183.00.stat,.stat,1341813,bidisperse_mixtures/CG_windows_sigma/rotating_drum_bidisperse_size_ratio_1_303030.31_t1172.24_1183.00.stat,1.2796525955200195,,,False
training,CG_windows_sigma,rotating_drum_bidisperse_size_ratio_1_303030.31_t1183.00_1193.75.stat,.stat,1338781,bidisperse_mixtures/CG_windows_sigma/rotating_drum_bidisperse_size_ratio_1_303030.31_t1183.00_1193.75.stat,1.2767610549926758,,,False
training,CG_windows_sigma,rotating_drum_bidisperse_size_ratio_1_303030.31_t1183.00_1204.50.stat,.stat,1346563,bidisperse_mixtures/CG_windows_sigma/rotating_drum_bidisperse_size_ratio_1_303030.31_t1183.00_1204.50.stat,1.2841825485229492,,,False
training,CG_windows_sigma,rotating_drum_bidisperse_size_ratio_1_303030.31_t1193.75_1204.50.stat,.stat,1336529,bidisperse_mixtures/CG_windows_sigma/rotating_drum_bidisperse_size_ratio_1_303030.31_t1193.75_1204.50.stat,1.274613380432129,,,False
training,CG_windows_sigma,rotating_drum_bidisperse_size_ratio_1_303030.31_t1204.50_1215.26.stat,.stat,1342365,bidisperse_mixtures/CG_windows_sigma/rotating_drum_bidisperse_size_ratio_1_303030.31_t1204.50_1215.26.stat,1.2801790237426758,,,False
training,CG_windows_sigma,rotating_drum_bidisperse_size_ratio_1_303030.31_t1204.50_1226.01.stat,.stat,1349264,bidisperse_mixtures/CG_windows_sigma/rotating_drum_bidisperse_size_ratio_1_303030.31_t1204.50_1226.01.stat,1.2867584228515625,,,False
training,CG_windows_sigma,rotating_drum_bidisperse_size_ratio_1_303030.31_t1204.50_1247.52.stat,.stat,1360717,bidisperse_mixtures/CG_windows_sigma/rotating_drum_bidisperse_size_ratio_1_303030.31_t1204.50_1247.52.stat,1.2976808547973633,,,False
training,CG_windows_sigma,rotating_drum_bidisperse_size_ratio_1_303030.31_t1204.50_1290.54.stat,.stat,1373731,bidisperse_mixtures/CG_windows_sigma/rotating_drum_bidisperse_size_ratio_1_303030.31_t1204.50_1290.54.stat,1.3100919723510742,,,False
training,CG_windows_sigma,rotating_drum_bidisperse_size_ratio_1_303030.31_t1204.50_1376.58.stat,.stat,1387039,bidisperse_mixtures/CG_windows_sigma/rotating_drum_bidisperse_size_ratio_1_303030.31_t1204.50_1376.58.stat,1.3227834701538086,,,False
training,CG_windows_sigma,rotating_drum_bidisperse_size_ratio_1_303030.31_t1215.26_1226.01.stat,.stat,1331692,bidisperse_mixtures/CG_windows_sigma/rotating_drum_bidisperse_size_ratio_1_303030.31_t1215.26_1226.01.stat,1.2700004577636719,,,False
training,CG_windows_sigma,rotating_drum_bidisperse_size_ratio_1_303030.31_t1226.01_1236.77.stat,.stat,1345378,bidisperse_mixtures/CG_windows_sigma/rotating_drum_bidisperse_size_ratio_1_303030.31_t1226.01_1236.77.stat,1.2830524444580078,,,False
training,CG_windows_sigma,rotating_drum_bidisperse_size_ratio_1_303030.31_t1226.01_1247.52.stat,.stat,1351536,bidisperse_mixtures/CG_windows_sigma/rotating_drum_bidisperse_size_ratio_1_303030.31_t1226.01_1247.52.stat,1.2889251708984375,,,False
training,CG_windows_sigma,rotating_drum_bidisperse_size_ratio_1_303030.31_t1236.77_1247.52.stat,.stat,1336521,bidisperse_mixtures/CG_windows_sigma/rotating_drum_bidisperse_size_ratio_1_303030.31_t1236.77_1247.52.stat,1.2746057510375977,,,False
training,CG_windows_sigma,rotating_drum_bidisperse_size_ratio_1_303030.31_t1247.52_1258.28.stat,.stat,1334701,bidisperse_mixtures/CG_windows_sigma/rotating_drum_bidisperse_size_ratio_1_303030.31_t1247.52_1258.28.stat,1.2728700637817383,,,False
training,CG_windows_sigma,rotating_drum_bidisperse_size_ratio_1_303030.31_t1247.52_1269.03.stat,.stat,1346919,bidisperse_mixtures/CG_windows_sigma/rotating_drum_bidisperse_size_ratio_1_303030.31_t1247.52_1269.03.stat,1.2845220565795898,,,False
training,CG_windows_sigma,rotating_drum_bidisperse_size_ratio_1_303030.31_t1247.52_1290.54.stat,.stat,1367602,bidisperse_mixtures/CG_windows_sigma/rotating_drum_bidisperse_size_ratio_1_303030.31_t1247.52_1290.54.stat,1.3042469024658203,,,False
training,CG_windows_sigma,rotating_drum_bidisperse_size_ratio_1_303030.31_t1258.28_1269.03.stat,.stat,1333735,bidisperse_mixtures/CG_windows_sigma/rotating_drum_bidisperse_size_ratio_1_303030.31_t1258.28_1269.03.stat,1.2719488143920898,,,False
training,CG_windows_sigma,rotating_drum_bidisperse_size_ratio_1_303030.31_t1269.03_1279.79.stat,.stat,1356965,bidisperse_mixtures/CG_windows_sigma/rotating_drum_bidisperse_size_ratio_1_303030.31_t1269.03_1279.79.stat,1.294102668762207,,,False
training,CG_windows_sigma,rotating_drum_bidisperse_size_ratio_1_303030.31_t1269.03_1290.54.stat,.stat,1361514,bidisperse_mixtures/CG_windows_sigma/rotating_drum_bidisperse_size_ratio_1_303030.31_t1269.03_1290.54.stat,1.298440933227539,,,False
training,CG_windows_sigma,rotating_drum_bidisperse_size_ratio_1_303030.31_t1279.79_1290.54.stat,.stat,1346474,bidisperse_mixtures/CG_windows_sigma/rotating_drum_bidisperse_size_ratio_1_303030.31_t1279.79_1290.54.stat,1.284097671508789,,,False
training,CG_windows_sigma,rotating_drum_bidisperse_size_ratio_1_303030.31_t1290.54_1301.30.stat,.stat,1336800,bidisperse_mixtures/CG_windows_sigma/rotating_drum_bidisperse_size_ratio_1_303030.31_t1290.54_1301.30.stat,1.274871826171875,,,False
training,CG_windows_sigma,rotating_drum_bidisperse_size_ratio_1_303030.31_t1290.54_1312.05.stat,.stat,1341159,bidisperse_mixtures/CG_windows_sigma/rotating_drum_bidisperse_size_ratio_1_303030.31_t1290.54_1312.05.stat,1.2790288925170898,,,False
training,CG_windows_sigma,rotating_drum_bidisperse_size_ratio_1_303030.31_t1290.54_1333.56.stat,.stat,1366275,bidisperse_mixtures/CG_windows_sigma/rotating_drum_bidisperse_size_ratio_1_303030.31_t1290.54_1333.56.stat,1.3029813766479492,,,False
training,CG_windows_sigma,rotating_drum_bidisperse_size_ratio_1_303030.31_t1290.54_1376.58.stat,.stat,1377704,bidisperse_mixtures/CG_windows_sigma/rotating_drum_bidisperse_size_ratio_1_303030.31_t1290.54_1376.58.stat,1.3138809204101562,,,False
training,CG_windows_sigma,rotating_drum_bidisperse_size_ratio_1_303030.31_t1301.30_1312.05.stat,.stat,1331627,bidisperse_mixtures/CG_windows_sigma/rotating_drum_bidisperse_size_ratio_1_303030.31_t1301.30_1312.05.stat,1.2699384689331055,,,False
training,CG_windows_sigma,rotating_drum_bidisperse_size_ratio_1_303030.31_t1312.05_1322.80.stat,.stat,1341198,bidisperse_mixtures/CG_windows_sigma/rotating_drum_bidisperse_size_ratio_1_303030.31_t1312.05_1322.80.stat,1.2790660858154297,,,False
training,CG_windows_sigma,rotating_drum_bidisperse_size_ratio_1_303030.31_t1312.05_1333.56.stat,.stat,1353544,bidisperse_mixtures/CG_windows_sigma/rotating_drum_bidisperse_size_ratio_1_303030.31_t1312.05_1333.56.stat,1.2908401489257812,,,False
training,CG_windows_sigma,rotating_drum_bidisperse_size_ratio_1_303030.31_t1322.80_1333.56.stat,.stat,1337831,bidisperse_mixtures/CG_windows_sigma/rotating_drum_bidisperse_size_ratio_1_303030.31_t1322.80_1333.56.stat,1.2758550643920898,,,False
training,CG_windows_sigma,rotating_drum_bidisperse_size_ratio_1_303030.31_t1333.56_1344.31.stat,.stat,1346677,bidisperse_mixtures/CG_windows_sigma/rotating_drum_bidisperse_size_ratio_1_303030.31_t1333.56_1344.31.stat,1.2842912673950195,,,False
training,CG_windows_sigma,rotating_drum_bidisperse_size_ratio_1_303030.31_t1333.56_1355.07.stat,.stat,1363444,bidisperse_mixtures/CG_windows_sigma/rotating_drum_bidisperse_size_ratio_1_303030.31_t1333.56_1355.07.stat,1.3002815246582031,,,False
training,CG_windows_sigma,rotating_drum_bidisperse_size_ratio_1_303030.31_t1333.56_1376.58.stat,.stat,1366257,bidisperse_mixtures/CG_windows_sigma/rotating_drum_bidisperse_size_ratio_1_303030.31_t1333.56_1376.58.stat,1.302964210510254,,,False
training,CG_windows_sigma,rotating_drum_bidisperse_size_ratio_1_303030.31_t1344.31_1355.07.stat,.stat,1343323,bidisperse_mixtures/CG_windows_sigma/rotating_drum_bidisperse_size_ratio_1_303030.31_t1344.31_1355.07.stat,1.281092643737793,,,False
training,CG_windows_sigma,rotating_drum_bidisperse_size_ratio_1_303030.31_t1355.07_1365.82.stat,.stat,1335216,bidisperse_mixtures/CG_windows_sigma/rotating_drum_bidisperse_size_ratio_1_303030.31_t1355.07_1365.82.stat,1.2733612060546875,,,False
training,CG_windows_sigma,rotating_drum_bidisperse_size_ratio_1_303030.31_t1355.07_1376.58.stat,.stat,1346122,bidisperse_mixtures/CG_windows_sigma/rotating_drum_bidisperse_size_ratio_1_303030.31_t1355.07_1376.58.stat,1.283761978149414,,,False
training,CG_windows_sigma,rotating_drum_bidisperse_size_ratio_1_303030.31_t1365.82_1376.58.stat,.stat,1337033,bidisperse_mixtures/CG_windows_sigma/rotating_drum_bidisperse_size_ratio_1_303030.31_t1365.82_1376.58.stat,1.2750940322875977,,,False
training,CG_windows_sigma,rotating_drum_bidisperse_size_ratio_1_303030.31_t1376.58_1387.33.stat,.stat,1334157,bidisperse_mixtures/CG_windows_sigma/rotating_drum_bidisperse_size_ratio_1_303030.31_t1376.58_1387.33.stat,1.2723512649536133,,,False
training,CG_windows_sigma,rotating_drum_bidisperse_size_ratio_1_303030.31_t1376.58_1398.09.stat,.stat,1340193,bidisperse_mixtures/CG_windows_sigma/rotating_drum_bidisperse_size_ratio_1_303030.31_t1376.58_1398.09.stat,1.2781076431274414,,,False
training,CG_windows_sigma,rotating_drum_bidisperse_size_ratio_1_303030.31_t1376.58_1419.59.stat,.stat,1354110,bidisperse_mixtures/CG_windows_sigma/rotating_drum_bidisperse_size_ratio_1_303030.31_t1376.58_1419.59.stat,1.2913799285888672,,,False
training,CG_windows_sigma,rotating_drum_bidisperse_size_ratio_1_303030.31_t1376.58_1462.61.stat,.stat,1362535,bidisperse_mixtures/CG_windows_sigma/rotating_drum_bidisperse_size_ratio_1_303030.31_t1376.58_1462.61.stat,1.2994146347045898,,,False
training,CG_windows_sigma,rotating_drum_bidisperse_size_ratio_1_303030.31_t1376.58_1548.65.stat,.stat,1375514,bidisperse_mixtures/CG_windows_sigma/rotating_drum_bidisperse_size_ratio_1_303030.31_t1376.58_1548.65.stat,1.3117923736572266,,,False
training,CG_windows_sigma,rotating_drum_bidisperse_size_ratio_1_303030.31_t1376.58_1720.72.stat,.stat,1392958,bidisperse_mixtures/CG_windows_sigma/rotating_drum_bidisperse_size_ratio_1_303030.31_t1376.58_1720.72.stat,1.3284282684326172,,,False
training,CG_windows_sigma,rotating_drum_bidisperse_size_ratio_1_303030.31_t1387.33_1398.09.stat,.stat,1331910,bidisperse_mixtures/CG_windows_sigma/rotating_drum_bidisperse_size_ratio_1_303030.31_t1387.33_1398.09.stat,1.2702083587646484,,,False
training,CG_windows_sigma,rotating_drum_bidisperse_size_ratio_1_303030.31_t1398.09_1408.84.stat,.stat,1341625,bidisperse_mixtures/CG_windows_sigma/rotating_drum_bidisperse_size_ratio_1_303030.31_t1398.09_1408.84.stat,1.2794733047485352,,,False
training,CG_windows_sigma,rotating_drum_bidisperse_size_ratio_1_303030.31_t1398.09_1419.59.stat,.stat,1349983,bidisperse_mixtures/CG_windows_sigma/rotating_drum_bidisperse_size_ratio_1_303030.31_t1398.09_1419.59.stat,1.2874441146850586,,,False
training,CG_windows_sigma,rotating_drum_bidisperse_size_ratio_1_303030.31_t1408.84_1419.59.stat,.stat,1334445,bidisperse_mixtures/CG_windows_sigma/rotating_drum_bidisperse_size_ratio_1_303030.31_t1408.84_1419.59.stat,1.2726259231567383,,,False
training,CG_windows_sigma,rotating_drum_bidisperse_size_ratio_1_303030.31_t1419.59_1430.35.stat,.stat,1331057,bidisperse_mixtures/CG_windows_sigma/rotating_drum_bidisperse_size_ratio_1_303030.31_t1419.59_1430.35.stat,1.269394874572754,,,False
training,CG_windows_sigma,rotating_drum_bidisperse_size_ratio_1_303030.31_t1419.59_1441.10.stat,.stat,1343812,bidisperse_mixtures/CG_windows_sigma/rotating_drum_bidisperse_size_ratio_1_303030.31_t1419.59_1441.10.stat,1.2815589904785156,,,False
training,CG_windows_sigma,rotating_drum_bidisperse_size_ratio_1_303030.31_t1419.59_1462.61.stat,.stat,1353597,bidisperse_mixtures/CG_windows_sigma/rotating_drum_bidisperse_size_ratio_1_303030.31_t1419.59_1462.61.stat,1.2908906936645508,,,False
training,CG_windows_sigma,rotating_drum_bidisperse_size_ratio_1_303030.31_t1430.35_1441.10.stat,.stat,1334943,bidisperse_mixtures/CG_windows_sigma/rotating_drum_bidisperse_size_ratio_1_303030.31_t1430.35_1441.10.stat,1.2731008529663086,,,False
training,CG_windows_sigma,rotating_drum_bidisperse_size_ratio_1_303030.31_t1441.10_1451.86.stat,.stat,1329191,bidisperse_mixtures/CG_windows_sigma/rotating_drum_bidisperse_size_ratio_1_303030.31_t1441.10_1451.86.stat,1.2676153182983398,,,False
training,CG_windows_sigma,rotating_drum_bidisperse_size_ratio_1_303030.31_t1441.10_1462.61.stat,.stat,1341660,bidisperse_mixtures/CG_windows_sigma/rotating_drum_bidisperse_size_ratio_1_303030.31_t1441.10_1462.61.stat,1.2795066833496094,,,False
training,CG_windows_sigma,rotating_drum_bidisperse_size_ratio_1_303030.31_t1451.86_1462.61.stat,.stat,1336872,bidisperse_mixtures/CG_windows_sigma/rotating_drum_bidisperse_size_ratio_1_303030.31_t1451.86_1462.61.stat,1.2749404907226562,,,False
training,CG_windows_sigma,rotating_drum_bidisperse_size_ratio_1_303030.31_t1462.61_1473.37.stat,.stat,1334023,bidisperse_mixtures/CG_windows_sigma/rotating_drum_bidisperse_size_ratio_1_303030.31_t1462.61_1473.37.stat,1.2722234725952148,,,False
training,CG_windows_sigma,rotating_drum_bidisperse_size_ratio_1_303030.31_t1462.61_1484.12.stat,.stat,1349616,bidisperse_mixtures/CG_windows_sigma/rotating_drum_bidisperse_size_ratio_1_303030.31_t1462.61_1484.12.stat,1.2870941162109375,,,False
training,CG_windows_sigma,rotating_drum_bidisperse_size_ratio_1_303030.31_t1462.61_1505.63.stat,.stat,1363942,bidisperse_mixtures/CG_windows_sigma/rotating_drum_bidisperse_size_ratio_1_303030.31_t1462.61_1505.63.stat,1.3007564544677734,,,False
training,CG_windows_sigma,rotating_drum_bidisperse_size_ratio_1_303030.31_t1462.61_1548.65.stat,.stat,1371250,bidisperse_mixtures/CG_windows_sigma/rotating_drum_bidisperse_size_ratio_1_303030.31_t1462.61_1548.65.stat,1.3077259063720703,,,False
training,CG_windows_sigma,rotating_drum_bidisperse_size_ratio_1_303030.31_t1473.37_1484.12.stat,.stat,1340526,bidisperse_mixtures/CG_windows_sigma/rotating_drum_bidisperse_size_ratio_1_303030.31_t1473.37_1484.12.stat,1.2784252166748047,,,False
training,CG_windows_sigma,rotating_drum_bidisperse_size_ratio_1_303030.31_t1484.12_1494.88.stat,.stat,1337025,bidisperse_mixtures/CG_windows_sigma/rotating_drum_bidisperse_size_ratio_1_303030.31_t1484.12_1494.88.stat,1.2750864028930664,,,False
training,CG_windows_sigma,rotating_drum_bidisperse_size_ratio_1_303030.31_t1484.12_1505.63.stat,.stat,1360412,bidisperse_mixtures/CG_windows_sigma/rotating_drum_bidisperse_size_ratio_1_303030.31_t1484.12_1505.63.stat,1.2973899841308594,,,False
training,CG_windows_sigma,rotating_drum_bidisperse_size_ratio_1_303030.31_t1494.88_1505.63.stat,.stat,1350152,bidisperse_mixtures/CG_windows_sigma/rotating_drum_bidisperse_size_ratio_1_303030.31_t1494.88_1505.63.stat,1.2876052856445312,,,False
training,CG_windows_sigma,rotating_drum_bidisperse_size_ratio_1_303030.31_t1505.63_1516.39.stat,.stat,1329013,bidisperse_mixtures/CG_windows_sigma/rotating_drum_bidisperse_size_ratio_1_303030.31_t1505.63_1516.39.stat,1.2674455642700195,,,False
training,CG_windows_sigma,rotating_drum_bidisperse_size_ratio_1_303030.31_t1505.63_1527.14.stat,.stat,1345693,bidisperse_mixtures/CG_windows_sigma/rotating_drum_bidisperse_size_ratio_1_303030.31_t1505.63_1527.14.stat,1.2833528518676758,,,False
training,CG_windows_sigma,rotating_drum_bidisperse_size_ratio_1_303030.31_t1505.63_1548.65.stat,.stat,1358854,bidisperse_mixtures/CG_windows_sigma/rotating_drum_bidisperse_size_ratio_1_303030.31_t1505.63_1548.65.stat,1.2959041595458984,,,False
training,CG_windows_sigma,rotating_drum_bidisperse_size_ratio_1_303030.31_t1516.39_1527.14.stat,.stat,1341825,bidisperse_mixtures/CG_windows_sigma/rotating_drum_bidisperse_size_ratio_1_303030.31_t1516.39_1527.14.stat,1.2796640396118164,,,False
training,CG_windows_sigma,rotating_drum_bidisperse_size_ratio_1_303030.31_t1527.14_1537.89.stat,.stat,1331966,bidisperse_mixtures/CG_windows_sigma/rotating_drum_bidisperse_size_ratio_1_303030.31_t1527.14_1537.89.stat,1.2702617645263672,,,False
training,CG_windows_sigma,rotating_drum_bidisperse_size_ratio_1_303030.31_t1527.14_1548.65.stat,.stat,1354547,bidisperse_mixtures/CG_windows_sigma/rotating_drum_bidisperse_size_ratio_1_303030.31_t1527.14_1548.65.stat,1.2917966842651367,,,False
training,CG_windows_sigma,rotating_drum_bidisperse_size_ratio_1_303030.31_t1537.89_1548.65.stat,.stat,1347801,bidisperse_mixtures/CG_windows_sigma/rotating_drum_bidisperse_size_ratio_1_303030.31_t1537.89_1548.65.stat,1.2853631973266602,,,False
training,CG_windows_sigma,rotating_drum_bidisperse_size_ratio_1_303030.31_t1548.65_1559.40.stat,.stat,1331377,bidisperse_mixtures/CG_windows_sigma/rotating_drum_bidisperse_size_ratio_1_303030.31_t1548.65_1559.40.stat,1.269700050354004,,,False
training,CG_windows_sigma,rotating_drum_bidisperse_size_ratio_1_303030.31_t1548.65_1570.16.stat,.stat,1352311,bidisperse_mixtures/CG_windows_sigma/rotating_drum_bidisperse_size_ratio_1_303030.31_t1548.65_1570.16.stat,1.2896642684936523,,,False
training,CG_windows_sigma,rotating_drum_bidisperse_size_ratio_1_303030.31_t1548.65_1591.67.stat,.stat,1359031,bidisperse_mixtures/CG_windows_sigma/rotating_drum_bidisperse_size_ratio_1_303030.31_t1548.65_1591.67.stat,1.2960729598999023,,,False
training,CG_windows_sigma,rotating_drum_bidisperse_size_ratio_1_303030.31_t1548.65_1634.69.stat,.stat,1374450,bidisperse_mixtures/CG_windows_sigma/rotating_drum_bidisperse_size_ratio_1_303030.31_t1548.65_1634.69.stat,1.3107776641845703,,,False
training,CG_windows_sigma,rotating_drum_bidisperse_size_ratio_1_303030.31_t1548.65_1720.72.stat,.stat,1389512,bidisperse_mixtures/CG_windows_sigma/rotating_drum_bidisperse_size_ratio_1_303030.31_t1548.65_1720.72.stat,1.3251419067382812,,,False
training,CG_windows_sigma,rotating_drum_bidisperse_size_ratio_1_303030.31_t1559.40_1570.16.stat,.stat,1347773,bidisperse_mixtures/CG_windows_sigma/rotating_drum_bidisperse_size_ratio_1_303030.31_t1559.40_1570.16.stat,1.2853364944458008,,,False
training,CG_windows_sigma,rotating_drum_bidisperse_size_ratio_1_303030.31_t1570.16_1580.91.stat,.stat,1341188,bidisperse_mixtures/CG_windows_sigma/rotating_drum_bidisperse_size_ratio_1_303030.31_t1570.16_1580.91.stat,1.2790565490722656,,,False
training,CG_windows_sigma,rotating_drum_bidisperse_size_ratio_1_303030.31_t1570.16_1591.67.stat,.stat,1347356,bidisperse_mixtures/CG_windows_sigma/rotating_drum_bidisperse_size_ratio_1_303030.31_t1570.16_1591.67.stat,1.2849388122558594,,,False
training,CG_windows_sigma,rotating_drum_bidisperse_size_ratio_1_303030.31_t1580.91_1591.67.stat,.stat,1335842,bidisperse_mixtures/CG_windows_sigma/rotating_drum_bidisperse_size_ratio_1_303030.31_t1580.91_1591.67.stat,1.2739582061767578,,,False
training,CG_windows_sigma,rotating_drum_bidisperse_size_ratio_1_303030.31_t1591.67_1602.42.stat,.stat,1325823,bidisperse_mixtures/CG_windows_sigma/rotating_drum_bidisperse_size_ratio_1_303030.31_t1591.67_1602.42.stat,1.2644033432006836,,,False
training,CG_windows_sigma,rotating_drum_bidisperse_size_ratio_1_303030.31_t1591.67_1613.18.stat,.stat,1356291,bidisperse_mixtures/CG_windows_sigma/rotating_drum_bidisperse_size_ratio_1_303030.31_t1591.67_1613.18.stat,1.2934598922729492,,,False
training,CG_windows_sigma,rotating_drum_bidisperse_size_ratio_1_303030.31_t1591.67_1634.69.stat,.stat,1367754,bidisperse_mixtures/CG_windows_sigma/rotating_drum_bidisperse_size_ratio_1_303030.31_t1591.67_1634.69.stat,1.304391860961914,,,False
training,CG_windows_sigma,rotating_drum_bidisperse_size_ratio_1_303030.31_t1602.42_1613.18.stat,.stat,1347754,bidisperse_mixtures/CG_windows_sigma/rotating_drum_bidisperse_size_ratio_1_303030.31_t1602.42_1613.18.stat,1.285318374633789,,,False
training,CG_windows_sigma,rotating_drum_bidisperse_size_ratio_1_303030.31_t1613.18_1623.93.stat,.stat,1352362,bidisperse_mixtures/CG_windows_sigma/rotating_drum_bidisperse_size_ratio_1_303030.31_t1613.18_1623.93.stat,1.289712905883789,,,False
training,CG_windows_sigma,rotating_drum_bidisperse_size_ratio_1_303030.31_t1613.18_1634.69.stat,.stat,1357343,bidisperse_mixtures/CG_windows_sigma/rotating_drum_bidisperse_size_ratio_1_303030.31_t1613.18_1634.69.stat,1.2944631576538086,,,False
training,CG_windows_sigma,rotating_drum_bidisperse_size_ratio_1_303030.31_t1623.93_1634.69.stat,.stat,1337836,bidisperse_mixtures/CG_windows_sigma/rotating_drum_bidisperse_size_ratio_1_303030.31_t1623.93_1634.69.stat,1.2758598327636719,,,False
training,CG_windows_sigma,rotating_drum_bidisperse_size_ratio_1_303030.31_t1634.69_1645.44.stat,.stat,1335064,bidisperse_mixtures/CG_windows_sigma/rotating_drum_bidisperse_size_ratio_1_303030.31_t1634.69_1645.44.stat,1.2732162475585938,,,False
training,CG_windows_sigma,rotating_drum_bidisperse_size_ratio_1_303030.31_t1634.69_1656.19.stat,.stat,1345976,bidisperse_mixtures/CG_windows_sigma/rotating_drum_bidisperse_size_ratio_1_303030.31_t1634.69_1656.19.stat,1.2836227416992188,,,False
training,CG_windows_sigma,rotating_drum_bidisperse_size_ratio_1_303030.31_t1634.69_1677.70.stat,.stat,1364640,bidisperse_mixtures/CG_windows_sigma/rotating_drum_bidisperse_size_ratio_1_303030.31_t1634.69_1677.70.stat,1.301422119140625,,,False
training,CG_windows_sigma,rotating_drum_bidisperse_size_ratio_1_303030.31_t1634.69_1720.72.stat,.stat,1369247,bidisperse_mixtures/CG_windows_sigma/rotating_drum_bidisperse_size_ratio_1_303030.31_t1634.69_1720.72.stat,1.3058156967163086,,,False
training,CG_windows_sigma,rotating_drum_bidisperse_size_ratio_1_303030.31_t1645.44_1656.19.stat,.stat,1332525,bidisperse_mixtures/CG_windows_sigma/rotating_drum_bidisperse_size_ratio_1_303030.31_t1645.44_1656.19.stat,1.2707948684692383,,,False
training,CG_windows_sigma,rotating_drum_bidisperse_size_ratio_1_303030.31_t1656.19_1666.95.stat,.stat,1340411,bidisperse_mixtures/CG_windows_sigma/rotating_drum_bidisperse_size_ratio_1_303030.31_t1656.19_1666.95.stat,1.278315544128418,,,False
training,CG_windows_sigma,rotating_drum_bidisperse_size_ratio_1_303030.31_t1656.19_1677.70.stat,.stat,1358650,bidisperse_mixtures/CG_windows_sigma/rotating_drum_bidisperse_size_ratio_1_303030.31_t1656.19_1677.70.stat,1.2957096099853516,,,False
training,CG_windows_sigma,rotating_drum_bidisperse_size_ratio_1_303030.31_t1666.95_1677.70.stat,.stat,1346059,bidisperse_mixtures/CG_windows_sigma/rotating_drum_bidisperse_size_ratio_1_303030.31_t1666.95_1677.70.stat,1.2837018966674805,,,False
training,CG_windows_sigma,rotating_drum_bidisperse_size_ratio_1_303030.31_t1677.70_1688.46.stat,.stat,1343114,bidisperse_mixtures/CG_windows_sigma/rotating_drum_bidisperse_size_ratio_1_303030.31_t1677.70_1688.46.stat,1.280893325805664,,,False
training,CG_windows_sigma,rotating_drum_bidisperse_size_ratio_1_303030.31_t1677.70_1699.21.stat,.stat,1351505,bidisperse_mixtures/CG_windows_sigma/rotating_drum_bidisperse_size_ratio_1_303030.31_t1677.70_1699.21.stat,1.288895606994629,,,False
training,CG_windows_sigma,rotating_drum_bidisperse_size_ratio_1_303030.31_t1677.70_1720.72.stat,.stat,1357146,bidisperse_mixtures/CG_windows_sigma/rotating_drum_bidisperse_size_ratio_1_303030.31_t1677.70_1720.72.stat,1.2942752838134766,,,False
training,CG_windows_sigma,rotating_drum_bidisperse_size_ratio_1_303030.31_t1688.46_1699.21.stat,.stat,1340549,bidisperse_mixtures/CG_windows_sigma/rotating_drum_bidisperse_size_ratio_1_303030.31_t1688.46_1699.21.stat,1.278447151184082,,,False
training,CG_windows_sigma,rotating_drum_bidisperse_size_ratio_1_303030.31_t1699.21_1709.97.stat,.stat,1337424,bidisperse_mixtures/CG_windows_sigma/rotating_drum_bidisperse_size_ratio_1_303030.31_t1699.21_1709.97.stat,1.2754669189453125,,,False
training,CG_windows_sigma,rotating_drum_bidisperse_size_ratio_1_303030.31_t1699.21_1720.72.stat,.stat,1348507,bidisperse_mixtures/CG_windows_sigma/rotating_drum_bidisperse_size_ratio_1_303030.31_t1699.21_1720.72.stat,1.286036491394043,,,False
training,CG_windows_sigma,rotating_drum_bidisperse_size_ratio_1_303030.31_t1709.97_1720.72.stat,.stat,1333537,bidisperse_mixtures/CG_windows_sigma/rotating_drum_bidisperse_size_ratio_1_303030.31_t1709.97_1720.72.stat,1.2717599868774414,,,False
training,raw_simulation_files,000002.s15.eps,.eps,2186101,bidisperse_mixtures/000002.s15.eps,2.0848283767700195,,,False
training,raw_simulation_files,000007.s18.eps,.eps,2186101,bidisperse_mixtures/000007.s18.eps,2.0848283767700195,,,False
training,raw_simulation_files,000008.s12.eps,.eps,2186101,bidisperse_mixtures/000008.s12.eps,2.0848283767700195,,,False
training,raw_simulation_files,rotating_drum_bidisperse_size_ratio_1_000000_num_1.data,.data,2076613186,bidisperse_mixtures/rotating_drum_bidisperse_size_ratio_1_000000_num_1.data,1980.4126605987549,1.0,1,True
training,raw_simulation_files,rotating_drum_bidisperse_size_ratio_1_000000_num_1.ene,.ene,136402,bidisperse_mixtures/rotating_drum_bidisperse_size_ratio_1_000000_num_1.ene,0.1300830841064453,1.0,1,True
training,raw_simulation_files,rotating_drum_bidisperse_size_ratio_1_000000_num_1.restart,.restart,12602038,bidisperse_mixtures/rotating_drum_bidisperse_size_ratio_1_000000_num_1.restart,12.018239974975586,1.0,1,True
training,raw_simulation_files,rotating_drum_bidisperse_size_ratio_1_000000_num_1.stat,.stat,223,bidisperse_mixtures/rotating_drum_bidisperse_size_ratio_1_000000_num_1.stat,0.00021266937255859375,1.0,1,True
training,raw_simulation_files,rotating_drum_bidisperse_size_ratio_1_000000_num_1.txt,.txt,7,bidisperse_mixtures/rotating_drum_bidisperse_size_ratio_1_000000_num_1.txt,6.67572021484375e-06,1.0,1,True
training,raw_simulation_files,rotating_drum_bidisperse_size_ratio_1_000000_num_1.xballs,.xballs,308,bidisperse_mixtures/rotating_drum_bidisperse_size_ratio_1_000000_num_1.xballs,0.000293731689453125,1.0,1,True
training,raw_simulation_files,rotating_drum_bidisperse_size_ratio_1_010101_num_2.data,.data,2076854878,bidisperse_mixtures/rotating_drum_bidisperse_size_ratio_1_010101_num_2.data,1980.6431560516357,1.010101,2,True
training,raw_simulation_files,rotating_drum_bidisperse_size_ratio_1_010101_num_2.ene,.ene,136402,bidisperse_mixtures/rotating_drum_bidisperse_size_ratio_1_010101_num_2.ene,0.1300830841064453,1.010101,2,True
training,raw_simulation_files,rotating_drum_bidisperse_size_ratio_1_010101_num_2.restart,.restart,12708663,bidisperse_mixtures/rotating_drum_bidisperse_size_ratio_1_010101_num_2.restart,12.119925498962402,1.010101,2,True
training,raw_simulation_files,rotating_drum_bidisperse_size_ratio_1_010101_num_2.txt,.txt,7,bidisperse_mixtures/rotating_drum_bidisperse_size_ratio_1_010101_num_2.txt,6.67572021484375e-06,1.010101,2,True
training,raw_simulation_files,rotating_drum_bidisperse_size_ratio_1_010101_num_2.xballs,.xballs,229,bidisperse_mixtures/rotating_drum_bidisperse_size_ratio_1_010101_num_2.xballs,0.00021839141845703125,1.010101,2,True
training,raw_simulation_files,rotating_drum_bidisperse_size_ratio_1_020202_num_3.data,.data,2077807713,bidisperse_mixtures/rotating_drum_bidisperse_size_ratio_1_020202_num_3.data,1981.5518503189087,1.020202,3,True
training,raw_simulation_files,rotating_drum_bidisperse_size_ratio_1_020202_num_3.ene,.ene,136402,bidisperse_mixtures/rotating_drum_bidisperse_size_ratio_1_020202_num_3.ene,0.1300830841064453,1.020202,3,True
training,raw_simulation_files,rotating_drum_bidisperse_size_ratio_1_020202_num_3.restart,.restart,12476404,bidisperse_mixtures/rotating_drum_bidisperse_size_ratio_1_020202_num_3.restart,11.898426055908203,1.020202,3,True
training,raw_simulation_files,rotating_drum_bidisperse_size_ratio_1_020202_num_3.txt,.txt,7,bidisperse_mixtures/rotating_drum_bidisperse_size_ratio_1_020202_num_3.txt,6.67572021484375e-06,1.020202,3,True
training,raw_simulation_files,rotating_drum_bidisperse_size_ratio_1_020202_num_3.xballs,.xballs,272,bidisperse_mixtures/rotating_drum_bidisperse_size_ratio_1_020202_num_3.xballs,0.0002593994140625,1.020202,3,True
training,raw_simulation_files,rotating_drum_bidisperse_size_ratio_1_030303_num_4.data,.data,2079402268,bidisperse_mixtures/rotating_drum_bidisperse_size_ratio_1_030303_num_4.data,1983.0725364685059,1.030303,4,True
training,raw_simulation_files,rotating_drum_bidisperse_size_ratio_1_030303_num_4.ene,.ene,136402,bidisperse_mixtures/rotating_drum_bidisperse_size_ratio_1_030303_num_4.ene,0.1300830841064453,1.030303,4,True
training,raw_simulation_files,rotating_drum_bidisperse_size_ratio_1_030303_num_4.restart,.restart,12697217,bidisperse_mixtures/rotating_drum_bidisperse_size_ratio_1_030303_num_4.restart,12.109009742736816,1.030303,4,True
training,raw_simulation_files,rotating_drum_bidisperse_size_ratio_1_030303_num_4.txt,.txt,7,bidisperse_mixtures/rotating_drum_bidisperse_size_ratio_1_030303_num_4.txt,6.67572021484375e-06,1.030303,4,True
training,raw_simulation_files,rotating_drum_bidisperse_size_ratio_1_030303_num_4.xballs,.xballs,272,bidisperse_mixtures/rotating_drum_bidisperse_size_ratio_1_030303_num_4.xballs,0.0002593994140625,1.030303,4,True
training,raw_simulation_files,rotating_drum_bidisperse_size_ratio_1_040404_num_5.data,.data,2081532221,bidisperse_mixtures/rotating_drum_bidisperse_size_ratio_1_040404_num_5.data,1985.1038179397583,1.040404,5,True
training,raw_simulation_files,rotating_drum_bidisperse_size_ratio_1_040404_num_5.ene,.ene,136402,bidisperse_mixtures/rotating_drum_bidisperse_size_ratio_1_040404_num_5.ene,0.1300830841064453,1.040404,5,True
training,raw_simulation_files,rotating_drum_bidisperse_size_ratio_1_040404_num_5.restart,.restart,12761573,bidisperse_mixtures/rotating_drum_bidisperse_size_ratio_1_040404_num_5.restart,12.170384407043457,1.040404,5,True
training,raw_simulation_files,rotating_drum_bidisperse_size_ratio_1_040404_num_5.txt,.txt,7,bidisperse_mixtures/rotating_drum_bidisperse_size_ratio_1_040404_num_5.txt,6.67572021484375e-06,1.040404,5,True
training,raw_simulation_files,rotating_drum_bidisperse_size_ratio_1_040404_num_5.xballs,.xballs,272,bidisperse_mixtures/rotating_drum_bidisperse_size_ratio_1_040404_num_5.xballs,0.0002593994140625,1.040404,5,True
training,raw_simulation_files,rotating_drum_bidisperse_size_ratio_1_050505_num_6.data,.data,2084087287,bidisperse_mixtures/rotating_drum_bidisperse_size_ratio_1_050505_num_6.data,1987.5405187606812,1.050505,6,True
training,raw_simulation_files,rotating_drum_bidisperse_size_ratio_1_050505_num_6.ene,.ene,136402,bidisperse_mixtures/rotating_drum_bidisperse_size_ratio_1_050505_num_6.ene,0.1300830841064453,1.050505,6,True
training,raw_simulation_files,rotating_drum_bidisperse_size_ratio_1_050505_num_6.restart,.restart,12696308,bidisperse_mixtures/rotating_drum_bidisperse_size_ratio_1_050505_num_6.restart,12.108142852783203,1.050505,6,True
training,raw_simulation_files,rotating_drum_bidisperse_size_ratio_1_050505_num_6.txt,.txt,7,bidisperse_mixtures/rotating_drum_bidisperse_size_ratio_1_050505_num_6.txt,6.67572021484375e-06,1.050505,6,True
training,raw_simulation_files,rotating_drum_bidisperse_size_ratio_1_050505_num_6.xballs,.xballs,272,bidisperse_mixtures/rotating_drum_bidisperse_size_ratio_1_050505_num_6.xballs,0.0002593994140625,1.050505,6,True
training,raw_simulation_files,rotating_drum_bidisperse_size_ratio_1_060606_num_7.data,.data,2087450069,bidisperse_mixtures/rotating_drum_bidisperse_size_ratio_1_060606_num_7.data,1990.7475175857544,1.060606,7,True
training,raw_simulation_files,rotating_drum_bidisperse_size_ratio_1_060606_num_7.ene,.ene,136402,bidisperse_mixtures/rotating_drum_bidisperse_size_ratio_1_060606_num_7.ene,0.1300830841064453,1.060606,7,True
training,raw_simulation_files,rotating_drum_bidisperse_size_ratio_1_060606_num_7.restart,.restart,12587089,bidisperse_mixtures/rotating_drum_bidisperse_size_ratio_1_060606_num_7.restart,12.003983497619629,1.060606,7,True
training,raw_simulation_files,rotating_drum_bidisperse_size_ratio_1_060606_num_7.txt,.txt,7,bidisperse_mixtures/rotating_drum_bidisperse_size_ratio_1_060606_num_7.txt,6.67572021484375e-06,1.060606,7,True
training,raw_simulation_files,rotating_drum_bidisperse_size_ratio_1_060606_num_7.xballs,.xballs,272,bidisperse_mixtures/rotating_drum_bidisperse_size_ratio_1_060606_num_7.xballs,0.0002593994140625,1.060606,7,True
training,raw_simulation_files,rotating_drum_bidisperse_size_ratio_1_070707_num_8.data,.data,2091261901,bidisperse_mixtures/rotating_drum_bidisperse_size_ratio_1_070707_num_8.data,1994.3827638626099,1.070707,8,True
training,raw_simulation_files,rotating_drum_bidisperse_size_ratio_1_070707_num_8.ene,.ene,136402,bidisperse_mixtures/rotating_drum_bidisperse_size_ratio_1_070707_num_8.ene,0.1300830841064453,1.070707,8,True
training,raw_simulation_files,rotating_drum_bidisperse_size_ratio_1_070707_num_8.restart,.restart,12271902,bidisperse_mixtures/rotating_drum_bidisperse_size_ratio_1_070707_num_8.restart,11.703397750854492,1.070707,8,True
training,raw_simulation_files,rotating_drum_bidisperse_size_ratio_1_070707_num_8.txt,.txt,7,bidisperse_mixtures/rotating_drum_bidisperse_size_ratio_1_070707_num_8.txt,6.67572021484375e-06,1.070707,8,True
training,raw_simulation_files,rotating_drum_bidisperse_size_ratio_1_070707_num_8.xballs,.xballs,272,bidisperse_mixtures/rotating_drum_bidisperse_size_ratio_1_070707_num_8.xballs,0.0002593994140625,1.070707,8,True
training,raw_simulation_files,rotating_drum_bidisperse_size_ratio_1_080808_num_9.data,.data,2095157456,bidisperse_mixtures/rotating_drum_bidisperse_size_ratio_1_080808_num_9.data,1998.0978546142578,1.080808,9,True
training,raw_simulation_files,rotating_drum_bidisperse_size_ratio_1_080808_num_9.ene,.ene,136402,bidisperse_mixtures/rotating_drum_bidisperse_size_ratio_1_080808_num_9.ene,0.1300830841064453,1.080808,9,True
training,raw_simulation_files,rotating_drum_bidisperse_size_ratio_1_080808_num_9.restart,.restart,12721064,bidisperse_mixtures/rotating_drum_bidisperse_size_ratio_1_080808_num_9.restart,12.131752014160156,1.080808,9,True
training,raw_simulation_files,rotating_drum_bidisperse_size_ratio_1_080808_num_9.txt,.txt,7,bidisperse_mixtures/rotating_drum_bidisperse_size_ratio_1_080808_num_9.txt,6.67572021484375e-06,1.080808,9,True
training,raw_simulation_files,rotating_drum_bidisperse_size_ratio_1_080808_num_9.xballs,.xballs,272,bidisperse_mixtures/rotating_drum_bidisperse_size_ratio_1_080808_num_9.xballs,0.0002593994140625,1.080808,9,True
training,raw_simulation_files,rotating_drum_bidisperse_size_ratio_1_090909_num_10.data,.data,2099939990,bidisperse_mixtures/rotating_drum_bidisperse_size_ratio_1_090909_num_10.data,2002.6588344573975,1.090909,10,True
training,raw_simulation_files,rotating_drum_bidisperse_size_ratio_1_090909_num_10.ene,.ene,136402,bidisperse_mixtures/rotating_drum_bidisperse_size_ratio_1_090909_num_10.ene,0.1300830841064453,1.090909,10,True
training,raw_simulation_files,rotating_drum_bidisperse_size_ratio_1_090909_num_10.restart,.restart,12719123,bidisperse_mixtures/rotating_drum_bidisperse_size_ratio_1_090909_num_10.restart,12.129900932312012,1.090909,10,True
training,raw_simulation_files,rotating_drum_bidisperse_size_ratio_1_090909_num_10.txt,.txt,7,bidisperse_mixtures/rotating_drum_bidisperse_size_ratio_1_090909_num_10.txt,6.67572021484375e-06,1.090909,10,True
training,raw_simulation_files,rotating_drum_bidisperse_size_ratio_1_090909_num_10.xballs,.xballs,273,bidisperse_mixtures/rotating_drum_bidisperse_size_ratio_1_090909_num_10.xballs,0.00026035308837890625,1.090909,10,True
training,raw_simulation_files,rotating_drum_bidisperse_size_ratio_1_101010_num_11.data,.data,2105242419,bidisperse_mixtures/rotating_drum_bidisperse_size_ratio_1_101010_num_11.data,2007.7156248092651,1.10101,11,True
training,raw_simulation_files,rotating_drum_bidisperse_size_ratio_1_101010_num_11.ene,.ene,136402,bidisperse_mixtures/rotating_drum_bidisperse_size_ratio_1_101010_num_11.ene,0.1300830841064453,1.10101,11,True
training,raw_simulation_files,rotating_drum_bidisperse_size_ratio_1_101010_num_11.restart,.restart,12803709,bidisperse_mixtures/rotating_drum_bidisperse_size_ratio_1_101010_num_11.restart,12.21056842803955,1.10101,11,True
training,raw_simulation_files,rotating_drum_bidisperse_size_ratio_1_101010_num_11.txt,.txt,7,bidisperse_mixtures/rotating_drum_bidisperse_size_ratio_1_101010_num_11.txt,6.67572021484375e-06,1.10101,11,True
training,raw_simulation_files,rotating_drum_bidisperse_size_ratio_1_101010_num_11.xballs,.xballs,273,bidisperse_mixtures/rotating_drum_bidisperse_size_ratio_1_101010_num_11.xballs,0.00026035308837890625,1.10101,11,True
training,raw_simulation_files,rotating_drum_bidisperse_size_ratio_1_111111_num_12.data,.data,2111038593,bidisperse_mixtures/rotating_drum_bidisperse_size_ratio_1_111111_num_12.data,2013.2432870864868,1.111111,12,True
training,raw_simulation_files,rotating_drum_bidisperse_size_ratio_1_111111_num_12.ene,.ene,136402,bidisperse_mixtures/rotating_drum_bidisperse_size_ratio_1_111111_num_12.ene,0.1300830841064453,1.111111,12,True
training,raw_simulation_files,rotating_drum_bidisperse_size_ratio_1_111111_num_12.restart,.restart,12694216,bidisperse_mixtures/rotating_drum_bidisperse_size_ratio_1_111111_num_12.restart,12.106147766113281,1.111111,12,True
training,raw_simulation_files,rotating_drum_bidisperse_size_ratio_1_111111_num_12.txt,.txt,7,bidisperse_mixtures/rotating_drum_bidisperse_size_ratio_1_111111_num_12.txt,6.67572021484375e-06,1.111111,12,True
training,raw_simulation_files,rotating_drum_bidisperse_size_ratio_1_111111_num_12.xballs,.xballs,273,bidisperse_mixtures/rotating_drum_bidisperse_size_ratio_1_111111_num_12.xballs,0.00026035308837890625,1.111111,12,True
training,raw_simulation_files,rotating_drum_bidisperse_size_ratio_1_121212_num_13.data,.data,2117090051,bidisperse_mixtures/rotating_drum_bidisperse_size_ratio_1_121212_num_13.data,2019.014407157898,1.121212,13,True
training,raw_simulation_files,rotating_drum_bidisperse_size_ratio_1_121212_num_13.ene,.ene,136402,bidisperse_mixtures/rotating_drum_bidisperse_size_ratio_1_121212_num_13.ene,0.1300830841064453,1.121212,13,True
training,raw_simulation_files,rotating_drum_bidisperse_size_ratio_1_121212_num_13.restart,.restart,12641503,bidisperse_mixtures/rotating_drum_bidisperse_size_ratio_1_121212_num_13.restart,12.055876731872559,1.121212,13,True
training,raw_simulation_files,rotating_drum_bidisperse_size_ratio_1_121212_num_13.txt,.txt,7,bidisperse_mixtures/rotating_drum_bidisperse_size_ratio_1_121212_num_13.txt,6.67572021484375e-06,1.121212,13,True
training,raw_simulation_files,rotating_drum_bidisperse_size_ratio_1_121212_num_13.xballs,.xballs,273,bidisperse_mixtures/rotating_drum_bidisperse_size_ratio_1_121212_num_13.xballs,0.00026035308837890625,1.121212,13,True
training,raw_simulation_files,rotating_drum_bidisperse_size_ratio_1_131313_num_14.data,.data,2123803382,bidisperse_mixtures/rotating_drum_bidisperse_size_ratio_1_131313_num_14.data,2025.4167385101318,1.131313,14,True
training,raw_simulation_files,rotating_drum_bidisperse_size_ratio_1_131313_num_14.ene,.ene,136402,bidisperse_mixtures/rotating_drum_bidisperse_size_ratio_1_131313_num_14.ene,0.1300830841064453,1.131313,14,True
training,raw_simulation_files,rotating_drum_bidisperse_size_ratio_1_131313_num_14.restart,.restart,12793978,bidisperse_mixtures/rotating_drum_bidisperse_size_ratio_1_131313_num_14.restart,12.201288223266602,1.131313,14,True
training,raw_simulation_files,rotating_drum_bidisperse_size_ratio_1_131313_num_14.txt,.txt,7,bidisperse_mixtures/rotating_drum_bidisperse_size_ratio_1_131313_num_14.txt,6.67572021484375e-06,1.131313,14,True
training,raw_simulation_files,rotating_drum_bidisperse_size_ratio_1_131313_num_14.xballs,.xballs,273,bidisperse_mixtures/rotating_drum_bidisperse_size_ratio_1_131313_num_14.xballs,0.00026035308837890625,1.131313,14,True
training,raw_simulation_files,rotating_drum_bidisperse_size_ratio_1_141414_num_15.data,.data,2130643208,bidisperse_mixtures/rotating_drum_bidisperse_size_ratio_1_141414_num_15.data,2031.9397048950195,1.141414,15,True
training,raw_simulation_files,rotating_drum_bidisperse_size_ratio_1_141414_num_15.ene,.ene,136402,bidisperse_mixtures/rotating_drum_bidisperse_size_ratio_1_141414_num_15.ene,0.1300830841064453,1.141414,15,True
training,raw_simulation_files,rotating_drum_bidisperse_size_ratio_1_141414_num_15.restart,.restart,12750112,bidisperse_mixtures/rotating_drum_bidisperse_size_ratio_1_141414_num_15.restart,12.159454345703125,1.141414,15,True
training,raw_simulation_files,rotating_drum_bidisperse_size_ratio_1_141414_num_15.txt,.txt,7,bidisperse_mixtures/rotating_drum_bidisperse_size_ratio_1_141414_num_15.txt,6.67572021484375e-06,1.141414,15,True
training,raw_simulation_files,rotating_drum_bidisperse_size_ratio_1_141414_num_15.xballs,.xballs,273,bidisperse_mixtures/rotating_drum_bidisperse_size_ratio_1_141414_num_15.xballs,0.00026035308837890625,1.141414,15,True
training,raw_simulation_files,rotating_drum_bidisperse_size_ratio_1_151515_num_16.data,.data,2138464044,bidisperse_mixtures/rotating_drum_bidisperse_size_ratio_1_151515_num_16.data,2039.398235321045,1.151515,16,True
training,raw_simulation_files,rotating_drum_bidisperse_size_ratio_1_151515_num_16.ene,.ene,136402,bidisperse_mixtures/rotating_drum_bidisperse_size_ratio_1_151515_num_16.ene,0.1300830841064453,1.151515,16,True
training,raw_simulation_files,rotating_drum_bidisperse_size_ratio_1_151515_num_16.restart,.restart,12850326,bidisperse_mixtures/rotating_drum_bidisperse_size_ratio_1_151515_num_16.restart,12.255025863647461,1.151515,16,True
training,raw_simulation_files,rotating_drum_bidisperse_size_ratio_1_151515_num_16.txt,.txt,7,bidisperse_mixtures/rotating_drum_bidisperse_size_ratio_1_151515_num_16.txt,6.67572021484375e-06,1.151515,16,True
training,raw_simulation_files,rotating_drum_bidisperse_size_ratio_1_151515_num_16.xballs,.xballs,273,bidisperse_mixtures/rotating_drum_bidisperse_size_ratio_1_151515_num_16.xballs,0.00026035308837890625,1.151515,16,True
training,raw_simulation_files,rotating_drum_bidisperse_size_ratio_1_161616_num_17.data,.data,2146520232,bidisperse_mixtures/rotating_drum_bidisperse_size_ratio_1_161616_num_17.data,2047.0812149047852,1.161616,17,True
training,raw_simulation_files,rotating_drum_bidisperse_size_ratio_1_161616_num_17.ene,.ene,136402,bidisperse_mixtures/rotating_drum_bidisperse_size_ratio_1_161616_num_17.ene,0.1300830841064453,1.161616,17,True
training,raw_simulation_files,rotating_drum_bidisperse_size_ratio_1_161616_num_17.restart,.restart,12765614,bidisperse_mixtures/rotating_drum_bidisperse_size_ratio_1_161616_num_17.restart,12.174238204956055,1.161616,17,True
training,raw_simulation_files,rotating_drum_bidisperse_size_ratio_1_161616_num_17.txt,.txt,7,bidisperse_mixtures/rotating_drum_bidisperse_size_ratio_1_161616_num_17.txt,6.67572021484375e-06,1.161616,17,True
training,raw_simulation_files,rotating_drum_bidisperse_size_ratio_1_161616_num_17.xballs,.xballs,273,bidisperse_mixtures/rotating_drum_bidisperse_size_ratio_1_161616_num_17.xballs,0.00026035308837890625,1.161616,17,True
training,raw_simulation_files,rotating_drum_bidisperse_size_ratio_1_171717_num_18.data,.data,2154670701,bidisperse_mixtures/rotating_drum_bidisperse_size_ratio_1_171717_num_18.data,2054.8541078567505,1.171717,18,True
training,raw_simulation_files,rotating_drum_bidisperse_size_ratio_1_171717_num_18.ene,.ene,136402,bidisperse_mixtures/rotating_drum_bidisperse_size_ratio_1_171717_num_18.ene,0.1300830841064453,1.171717,18,True
training,raw_simulation_files,rotating_drum_bidisperse_size_ratio_1_171717_num_18.restart,.restart,12781674,bidisperse_mixtures/rotating_drum_bidisperse_size_ratio_1_171717_num_18.restart,12.189554214477539,1.171717,18,True
training,raw_simulation_files,rotating_drum_bidisperse_size_ratio_1_171717_num_18.txt,.txt,7,bidisperse_mixtures/rotating_drum_bidisperse_size_ratio_1_171717_num_18.txt,6.67572021484375e-06,1.171717,18,True
training,raw_simulation_files,rotating_drum_bidisperse_size_ratio_1_171717_num_18.xballs,.xballs,273,bidisperse_mixtures/rotating_drum_bidisperse_size_ratio_1_171717_num_18.xballs,0.00026035308837890625,1.171717,18,True
training,raw_simulation_files,rotating_drum_bidisperse_size_ratio_1_181818_num_19.data,.data,2163537247,bidisperse_mixtures/rotating_drum_bidisperse_size_ratio_1_181818_num_19.data,2063.309905052185,1.181818,19,True
training,raw_simulation_files,rotating_drum_bidisperse_size_ratio_1_181818_num_19.ene,.ene,136402,bidisperse_mixtures/rotating_drum_bidisperse_size_ratio_1_181818_num_19.ene,0.1300830841064453,1.181818,19,True
training,raw_simulation_files,rotating_drum_bidisperse_size_ratio_1_181818_num_19.restart,.restart,12979683,bidisperse_mixtures/rotating_drum_bidisperse_size_ratio_1_181818_num_19.restart,12.378390312194824,1.181818,19,True
training,raw_simulation_files,rotating_drum_bidisperse_size_ratio_1_181818_num_19.txt,.txt,7,bidisperse_mixtures/rotating_drum_bidisperse_size_ratio_1_181818_num_19.txt,6.67572021484375e-06,1.181818,19,True
training,raw_simulation_files,rotating_drum_bidisperse_size_ratio_1_181818_num_19.xballs,.xballs,273,bidisperse_mixtures/rotating_drum_bidisperse_size_ratio_1_181818_num_19.xballs,0.00026035308837890625,1.181818,19,True
training,raw_simulation_files,rotating_drum_bidisperse_size_ratio_1_191919_num_20.data,.data,2173192464,bidisperse_mixtures/rotating_drum_bidisperse_size_ratio_1_191919_num_20.data,2072.517837524414,1.191919,20,True
training,raw_simulation_files,rotating_drum_bidisperse_size_ratio_1_191919_num_20.ene,.ene,136402,bidisperse_mixtures/rotating_drum_bidisperse_size_ratio_1_191919_num_20.ene,0.1300830841064453,1.191919,20,True
training,raw_simulation_files,rotating_drum_bidisperse_size_ratio_1_191919_num_20.restart,.restart,12924931,bidisperse_mixtures/rotating_drum_bidisperse_size_ratio_1_191919_num_20.restart,12.32617473602295,1.191919,20,True
training,raw_simulation_files,rotating_drum_bidisperse_size_ratio_1_191919_num_20.txt,.txt,7,bidisperse_mixtures/rotating_drum_bidisperse_size_ratio_1_191919_num_20.txt,6.67572021484375e-06,1.191919,20,True
training,raw_simulation_files,rotating_drum_bidisperse_size_ratio_1_191919_num_20.xballs,.xballs,273,bidisperse_mixtures/rotating_drum_bidisperse_size_ratio_1_191919_num_20.xballs,0.00026035308837890625,1.191919,20,True
training,raw_simulation_files,rotating_drum_bidisperse_size_ratio_1_202020_num_21.data,.data,2182876956,bidisperse_mixtures/rotating_drum_bidisperse_size_ratio_1_202020_num_21.data,2081.753688812256,1.20202,21,True
training,raw_simulation_files,rotating_drum_bidisperse_size_ratio_1_202020_num_21.ene,.ene,136402,bidisperse_mixtures/rotating_drum_bidisperse_size_ratio_1_202020_num_21.ene,0.1300830841064453,1.20202,21,True
training,raw_simulation_files,rotating_drum_bidisperse_size_ratio_1_202020_num_21.restart,.restart,13005861,bidisperse_mixtures/rotating_drum_bidisperse_size_ratio_1_202020_num_21.restart,12.403355598449707,1.20202,21,True
training,raw_simulation_files,rotating_drum_bidisperse_size_ratio_1_202020_num_21.txt,.txt,7,bidisperse_mixtures/rotating_drum_bidisperse_size_ratio_1_202020_num_21.txt,6.67572021484375e-06,1.20202,21,True
training,raw_simulation_files,rotating_drum_bidisperse_size_ratio_1_202020_num_21.xballs,.xballs,330,bidisperse_mixtures/rotating_drum_bidisperse_size_ratio_1_202020_num_21.xballs,0.0003147125244140625,1.20202,21,True
training,raw_simulation_files,rotating_drum_bidisperse_size_ratio_1_212121_num_22.data,.data,2192788731,bidisperse_mixtures/rotating_drum_bidisperse_size_ratio_1_212121_num_22.data,2091.2062940597534,1.212121,22,True
training,raw_simulation_files,rotating_drum_bidisperse_size_ratio_1_212121_num_22.ene,.ene,136402,bidisperse_mixtures/rotating_drum_bidisperse_size_ratio_1_212121_num_22.ene,0.1300830841064453,1.212121,22,True
training,raw_simulation_files,rotating_drum_bidisperse_size_ratio_1_212121_num_22.restart,.restart,13154182,bidisperse_mixtures/rotating_drum_bidisperse_size_ratio_1_212121_num_22.restart,12.544805526733398,1.212121,22,True
training,raw_simulation_files,rotating_drum_bidisperse_size_ratio_1_212121_num_22.txt,.txt,7,bidisperse_mixtures/rotating_drum_bidisperse_size_ratio_1_212121_num_22.txt,6.67572021484375e-06,1.212121,22,True
training,raw_simulation_files,rotating_drum_bidisperse_size_ratio_1_212121_num_22.xballs,.xballs,273,bidisperse_mixtures/rotating_drum_bidisperse_size_ratio_1_212121_num_22.xballs,0.00026035308837890625,1.212121,22,True
training,raw_simulation_files,rotating_drum_bidisperse_size_ratio_1_222222_num_23.data,.data,2202932954,bidisperse_mixtures/rotating_drum_bidisperse_size_ratio_1_222222_num_23.data,2100.880578994751,1.222222,23,True
training,raw_simulation_files,rotating_drum_bidisperse_size_ratio_1_222222_num_23.ene,.ene,136402,bidisperse_mixtures/rotating_drum_bidisperse_size_ratio_1_222222_num_23.ene,0.1300830841064453,1.222222,23,True
training,raw_simulation_files,rotating_drum_bidisperse_size_ratio_1_222222_num_23.restart,.restart,13496030,bidisperse_mixtures/rotating_drum_bidisperse_size_ratio_1_222222_num_23.restart,12.870817184448242,1.222222,23,True
training,raw_simulation_files,rotating_drum_bidisperse_size_ratio_1_222222_num_23.txt,.txt,7,bidisperse_mixtures/rotating_drum_bidisperse_size_ratio_1_222222_num_23.txt,6.67572021484375e-06,1.222222,23,True
training,raw_simulation_files,rotating_drum_bidisperse_size_ratio_1_222222_num_23.xballs,.xballs,273,bidisperse_mixtures/rotating_drum_bidisperse_size_ratio_1_222222_num_23.xballs,0.00026035308837890625,1.222222,23,True
training,raw_simulation_files,rotating_drum_bidisperse_size_ratio_1_232323_num_24.data,.data,2213902192,bidisperse_mixtures/rotating_drum_bidisperse_size_ratio_1_232323_num_24.data,2111.3416595458984,1.232323,24,True
training,raw_simulation_files,rotating_drum_bidisperse_size_ratio_1_232323_num_24.ene,.ene,136402,bidisperse_mixtures/rotating_drum_bidisperse_size_ratio_1_232323_num_24.ene,0.1300830841064453,1.232323,24,True
training,raw_simulation_files,rotating_drum_bidisperse_size_ratio_1_232323_num_24.restart,.restart,13281379,bidisperse_mixtures/rotating_drum_bidisperse_size_ratio_1_232323_num_24.restart,12.666110038757324,1.232323,24,True
training,raw_simulation_files,rotating_drum_bidisperse_size_ratio_1_232323_num_24.txt,.txt,6,bidisperse_mixtures/rotating_drum_bidisperse_size_ratio_1_232323_num_24.txt,5.7220458984375e-06,1.232323,24,True
training,raw_simulation_files,rotating_drum_bidisperse_size_ratio_1_232323_num_24.xballs,.xballs,273,bidisperse_mixtures/rotating_drum_bidisperse_size_ratio_1_232323_num_24.xballs,0.00026035308837890625,1.232323,24,True
training,raw_simulation_files,rotating_drum_bidisperse_size_ratio_1_242424_num_25.data,.data,2225218666,bidisperse_mixtures/rotating_drum_bidisperse_size_ratio_1_242424_num_25.data,2122.1338901519775,1.242424,25,True
training,raw_simulation_files,rotating_drum_bidisperse_size_ratio_1_242424_num_25.ene,.ene,136402,bidisperse_mixtures/rotating_drum_bidisperse_size_ratio_1_242424_num_25.ene,0.1300830841064453,1.242424,25,True
training,raw_simulation_files,rotating_drum_bidisperse_size_ratio_1_242424_num_25.restart,.restart,13374151,bidisperse_mixtures/rotating_drum_bidisperse_size_ratio_1_242424_num_25.restart,12.754584312438965,1.242424,25,True
training,raw_simulation_files,rotating_drum_bidisperse_size_ratio_1_242424_num_25.txt,.txt,7,bidisperse_mixtures/rotating_drum_bidisperse_size_ratio_1_242424_num_25.txt,6.67572021484375e-06,1.242424,25,True
training,raw_simulation_files,rotating_drum_bidisperse_size_ratio_1_242424_num_25.xballs,.xballs,273,bidisperse_mixtures/rotating_drum_bidisperse_size_ratio_1_242424_num_25.xballs,0.00026035308837890625,1.242424,25,True
training,raw_simulation_files,rotating_drum_bidisperse_size_ratio_1_252525_num_26.data,.data,2237095158,bidisperse_mixtures/rotating_drum_bidisperse_size_ratio_1_252525_num_26.data,2133.460195541382,1.252525,26,True
training,raw_simulation_files,rotating_drum_bidisperse_size_ratio_1_252525_num_26.ene,.ene,136402,bidisperse_mixtures/rotating_drum_bidisperse_size_ratio_1_252525_num_26.ene,0.1300830841064453,1.252525,26,True
training,raw_simulation_files,rotating_drum_bidisperse_size_ratio_1_252525_num_26.restart,.restart,13194359,bidisperse_mixtures/rotating_drum_bidisperse_size_ratio_1_252525_num_26.restart,12.583121299743652,1.252525,26,True
training,raw_simulation_files,rotating_drum_bidisperse_size_ratio_1_252525_num_26.txt,.txt,7,bidisperse_mixtures/rotating_drum_bidisperse_size_ratio_1_252525_num_26.txt,6.67572021484375e-06,1.252525,26,True
training,raw_simulation_files,rotating_drum_bidisperse_size_ratio_1_252525_num_26.xballs,.xballs,273,bidisperse_mixtures/rotating_drum_bidisperse_size_ratio_1_252525_num_26.xballs,0.00026035308837890625,1.252525,26,True
training,raw_simulation_files,rotating_drum_bidisperse_size_ratio_1_262626_num_27.data,.data,2249145536,bidisperse_mixtures/rotating_drum_bidisperse_size_ratio_1_262626_num_27.data,2144.9523315429688,1.262626,27,True
training,raw_simulation_files,rotating_drum_bidisperse_size_ratio_1_262626_num_27.ene,.ene,136402,bidisperse_mixtures/rotating_drum_bidisperse_size_ratio_1_262626_num_27.ene,0.1300830841064453,1.262626,27,True
training,raw_simulation_files,rotating_drum_bidisperse_size_ratio_1_262626_num_27.restart,.restart,13439493,bidisperse_mixtures/rotating_drum_bidisperse_size_ratio_1_262626_num_27.restart,12.816899299621582,1.262626,27,True
training,raw_simulation_files,rotating_drum_bidisperse_size_ratio_1_262626_num_27.txt,.txt,7,bidisperse_mixtures/rotating_drum_bidisperse_size_ratio_1_262626_num_27.txt,6.67572021484375e-06,1.262626,27,True
training,raw_simulation_files,rotating_drum_bidisperse_size_ratio_1_262626_num_27.xballs,.xballs,273,bidisperse_mixtures/rotating_drum_bidisperse_size_ratio_1_262626_num_27.xballs,0.00026035308837890625,1.262626,27,True
training,raw_simulation_files,rotating_drum_bidisperse_size_ratio_1_272727_num_28.data,.data,2261611027,bidisperse_mixtures/rotating_drum_bidisperse_size_ratio_1_272727_num_28.data,2156.840350151062,1.272727,28,True
training,raw_simulation_files,rotating_drum_bidisperse_size_ratio_1_272727_num_28.ene,.ene,136402,bidisperse_mixtures/rotating_drum_bidisperse_size_ratio_1_272727_num_28.ene,0.1300830841064453,1.272727,28,True
training,raw_simulation_files,rotating_drum_bidisperse_size_ratio_1_272727_num_28.restart,.restart,13407424,bidisperse_mixtures/rotating_drum_bidisperse_size_ratio_1_272727_num_28.restart,12.78631591796875,1.272727,28,True
training,raw_simulation_files,rotating_drum_bidisperse_size_ratio_1_272727_num_28.txt,.txt,7,bidisperse_mixtures/rotating_drum_bidisperse_size_ratio_1_272727_num_28.txt,6.67572021484375e-06,1.272727,28,True
training,raw_simulation_files,rotating_drum_bidisperse_size_ratio_1_272727_num_28.xballs,.xballs,273,bidisperse_mixtures/rotating_drum_bidisperse_size_ratio_1_272727_num_28.xballs,0.00026035308837890625,1.272727,28,True
training,raw_simulation_files,rotating_drum_bidisperse_size_ratio_1_282828_num_29.data,.data,2273929131,bidisperse_mixtures/rotating_drum_bidisperse_size_ratio_1_282828_num_29.data,2168.587809562683,1.282828,29,True
training,raw_simulation_files,rotating_drum_bidisperse_size_ratio_1_282828_num_29.ene,.ene,136402,bidisperse_mixtures/rotating_drum_bidisperse_size_ratio_1_282828_num_29.ene,0.1300830841064453,1.282828,29,True
training,raw_simulation_files,rotating_drum_bidisperse_size_ratio_1_282828_num_29.restart,.restart,13646774,bidisperse_mixtures/rotating_drum_bidisperse_size_ratio_1_282828_num_29.restart,13.014577865600586,1.282828,29,True
training,raw_simulation_files,rotating_drum_bidisperse_size_ratio_1_282828_num_29.txt,.txt,7,bidisperse_mixtures/rotating_drum_bidisperse_size_ratio_1_282828_num_29.txt,6.67572021484375e-06,1.282828,29,True
training,raw_simulation_files,rotating_drum_bidisperse_size_ratio_1_282828_num_29.xballs,.xballs,273,bidisperse_mixtures/rotating_drum_bidisperse_size_ratio_1_282828_num_29.xballs,0.00026035308837890625,1.282828,29,True
training,raw_simulation_files,rotating_drum_bidisperse_size_ratio_1_292929_num_30.data,.data,2287186710,bidisperse_mixtures/rotating_drum_bidisperse_size_ratio_1_292929_num_30.data,2181.23122215271,1.292929,30,True
training,raw_simulation_files,rotating_drum_bidisperse_size_ratio_1_292929_num_30.ene,.ene,136402,bidisperse_mixtures/rotating_drum_bidisperse_size_ratio_1_292929_num_30.ene,0.1300830841064453,1.292929,30,True
training,raw_simulation_files,rotating_drum_bidisperse_size_ratio_1_292929_num_30.restart,.restart,13639259,bidisperse_mixtures/rotating_drum_bidisperse_size_ratio_1_292929_num_30.restart,13.007411003112793,1.292929,30,True
training,raw_simulation_files,rotating_drum_bidisperse_size_ratio_1_292929_num_30.txt,.txt,7,bidisperse_mixtures/rotating_drum_bidisperse_size_ratio_1_292929_num_30.txt,6.67572021484375e-06,1.292929,30,True
training,raw_simulation_files,rotating_drum_bidisperse_size_ratio_1_292929_num_30.xballs,.xballs,273,bidisperse_mixtures/rotating_drum_bidisperse_size_ratio_1_292929_num_30.xballs,0.00026035308837890625,1.292929,30,True
training,raw_simulation_files,rotating_drum_bidisperse_size_ratio_1_303030_num_31.data,.data,2300294758,bidisperse_mixtures/rotating_drum_bidisperse_size_ratio_1_303030_num_31.data,2193.7320308685303,1.30303,31,True
training,raw_simulation_files,rotating_drum_bidisperse_size_ratio_1_303030_num_31.ene,.ene,136402,bidisperse_mixtures/rotating_drum_bidisperse_size_ratio_1_303030_num_31.ene,0.1300830841064453,1.30303,31,True
training,raw_simulation_files,rotating_drum_bidisperse_size_ratio_1_303030_num_31.restart,.restart,13603087,bidisperse_mixtures/rotating_drum_bidisperse_size_ratio_1_303030_num_31.restart,12.972914695739746,1.30303,31,True
training,raw_simulation_files,rotating_drum_bidisperse_size_ratio_1_303030_num_31.txt,.txt,7,bidisperse_mixtures/rotating_drum_bidisperse_size_ratio_1_303030_num_31.txt,6.67572021484375e-06,1.30303,31,True
training,raw_simulation_files,rotating_drum_bidisperse_size_ratio_1_303030_num_31.xballs,.xballs,273,bidisperse_mixtures/rotating_drum_bidisperse_size_ratio_1_303030_num_31.xballs,0.00026035308837890625,1.30303,31,True
training,raw_simulation_files,rotating_drum_bidisperse_size_ratio_1_313131_num_32.data,.data,2314291770,bidisperse_mixtures/rotating_drum_bidisperse_size_ratio_1_313131_num_32.data,2207.0806217193604,1.313131,32,True
training,raw_simulation_files,rotating_drum_bidisperse_size_ratio_1_313131_num_32.ene,.ene,136402,bidisperse_mixtures/rotating_drum_bidisperse_size_ratio_1_313131_num_32.ene,0.1300830841064453,1.313131,32,True
training,raw_simulation_files,rotating_drum_bidisperse_size_ratio_1_313131_num_32.restart,.restart,13857539,bidisperse_mixtures/rotating_drum_bidisperse_size_ratio_1_313131_num_32.restart,13.21557903289795,1.313131,32,True
training,raw_simulation_files,rotating_drum_bidisperse_size_ratio_1_313131_num_32.txt,.txt,7,bidisperse_mixtures/rotating_drum_bidisperse_size_ratio_1_313131_num_32.txt,6.67572021484375e-06,1.313131,32,True
training,raw_simulation_files,rotating_drum_bidisperse_size_ratio_1_313131_num_32.xballs,.xballs,273,bidisperse_mixtures/rotating_drum_bidisperse_size_ratio_1_313131_num_32.xballs,0.00026035308837890625,1.313131,32,True
training,raw_simulation_files,rotating_drum_bidisperse_size_ratio_1_323232_num_33.data,.data,2328293355,bidisperse_mixtures/rotating_drum_bidisperse_size_ratio_1_323232_num_33.data,2220.4335737228394,1.323232,33,True
training,raw_simulation_files,rotating_drum_bidisperse_size_ratio_1_323232_num_33.ene,.ene,136402,bidisperse_mixtures/rotating_drum_bidisperse_size_ratio_1_323232_num_33.ene,0.1300830841064453,1.323232,33,True
training,raw_simulation_files,rotating_drum_bidisperse_size_ratio_1_323232_num_33.restart,.restart,13837254,bidisperse_mixtures/rotating_drum_bidisperse_size_ratio_1_323232_num_33.restart,13.196233749389648,1.323232,33,True
training,raw_simulation_files,rotating_drum_bidisperse_size_ratio_1_323232_num_33.txt,.txt,7,bidisperse_mixtures/rotating_drum_bidisperse_size_ratio_1_323232_num_33.txt,6.67572021484375e-06,1.323232,33,True
training,raw_simulation_files,rotating_drum_bidisperse_size_ratio_1_323232_num_33.xballs,.xballs,273,bidisperse_mixtures/rotating_drum_bidisperse_size_ratio_1_323232_num_33.xballs,0.00026035308837890625,1.323232,33,True
training,raw_simulation_files,rotating_drum_bidisperse_size_ratio_1_333333_num_34.data,.data,2342628107,bidisperse_mixtures/rotating_drum_bidisperse_size_ratio_1_333333_num_34.data,2234.1042585372925,1.333333,34,True
training,raw_simulation_files,rotating_drum_bidisperse_size_ratio_1_333333_num_34.ene,.ene,136402,bidisperse_mixtures/rotating_drum_bidisperse_size_ratio_1_333333_num_34.ene,0.1300830841064453,1.333333,34,True
training,raw_simulation_files,rotating_drum_bidisperse_size_ratio_1_333333_num_34.restart,.restart,13912314,bidisperse_mixtures/rotating_drum_bidisperse_size_ratio_1_333333_num_34.restart,13.267816543579102,1.333333,34,True
training,raw_simulation_files,rotating_drum_bidisperse_size_ratio_1_333333_num_34.txt,.txt,6,bidisperse_mixtures/rotating_drum_bidisperse_size_ratio_1_333333_num_34.txt,5.7220458984375e-06,1.333333,34,True
training,raw_simulation_files,rotating_drum_bidisperse_size_ratio_1_333333_num_34.xballs,.xballs,273,bidisperse_mixtures/rotating_drum_bidisperse_size_ratio_1_333333_num_34.xballs,0.00026035308837890625,1.333333,34,True
training,raw_simulation_files,rotating_drum_bidisperse_size_ratio_1_343434_num_35.data,.data,2357432274,bidisperse_mixtures/rotating_drum_bidisperse_size_ratio_1_343434_num_35.data,2248.2226123809814,1.343434,35,True
training,raw_simulation_files,rotating_drum_bidisperse_size_ratio_1_343434_num_35.ene,.ene,136402,bidisperse_mixtures/rotating_drum_bidisperse_size_ratio_1_343434_num_35.ene,0.1300830841064453,1.343434,35,True
training,raw_simulation_files,rotating_drum_bidisperse_size_ratio_1_343434_num_35.restart,.restart,13826791,bidisperse_mixtures/rotating_drum_bidisperse_size_ratio_1_343434_num_35.restart,13.18625545501709,1.343434,35,True
training,raw_simulation_files,rotating_drum_bidisperse_size_ratio_1_343434_num_35.txt,.txt,7,bidisperse_mixtures/rotating_drum_bidisperse_size_ratio_1_343434_num_35.txt,6.67572021484375e-06,1.343434,35,True
training,raw_simulation_files,rotating_drum_bidisperse_size_ratio_1_343434_num_35.xballs,.xballs,273,bidisperse_mixtures/rotating_drum_bidisperse_size_ratio_1_343434_num_35.xballs,0.00026035308837890625,1.343434,35,True
training,raw_simulation_files,rotating_drum_bidisperse_size_ratio_1_353535_num_36.data,.data,2372437608,bidisperse_mixtures/rotating_drum_bidisperse_size_ratio_1_353535_num_36.data,2262.532814025879,1.353535,36,True
training,raw_simulation_files,rotating_drum_bidisperse_size_ratio_1_353535_num_36.ene,.ene,136402,bidisperse_mixtures/rotating_drum_bidisperse_size_ratio_1_353535_num_36.ene,0.1300830841064453,1.353535,36,True
training,raw_simulation_files,rotating_drum_bidisperse_size_ratio_1_353535_num_36.restart,.restart,14047848,bidisperse_mixtures/rotating_drum_bidisperse_size_ratio_1_353535_num_36.restart,13.397071838378906,1.353535,36,True
training,raw_simulation_files,rotating_drum_bidisperse_size_ratio_1_353535_num_36.txt,.txt,7,bidisperse_mixtures/rotating_drum_bidisperse_size_ratio_1_353535_num_36.txt,6.67572021484375e-06,1.353535,36,True
training,raw_simulation_files,rotating_drum_bidisperse_size_ratio_1_353535_num_36.xballs,.xballs,273,bidisperse_mixtures/rotating_drum_bidisperse_size_ratio_1_353535_num_36.xballs,0.00026035308837890625,1.353535,36,True
training,raw_simulation_files,rotating_drum_bidisperse_size_ratio_1_363636_num_37.data,.data,2387824217,bidisperse_mixtures/rotating_drum_bidisperse_size_ratio_1_363636_num_37.data,2277.206627845764,1.363636,37,True
training,raw_simulation_files,rotating_drum_bidisperse_size_ratio_1_363636_num_37.ene,.ene,136402,bidisperse_mixtures/rotating_drum_bidisperse_size_ratio_1_363636_num_37.ene,0.1300830841064453,1.363636,37,True
training,raw_simulation_files,rotating_drum_bidisperse_size_ratio_1_363636_num_37.restart,.restart,14042949,bidisperse_mixtures/rotating_drum_bidisperse_size_ratio_1_363636_num_37.restart,13.392399787902832,1.363636,37,True
training,raw_simulation_files,rotating_drum_bidisperse_size_ratio_1_363636_num_37.txt,.txt,7,bidisperse_mixtures/rotating_drum_bidisperse_size_ratio_1_363636_num_37.txt,6.67572021484375e-06,1.363636,37,True
training,raw_simulation_files,rotating_drum_bidisperse_size_ratio_1_363636_num_37.xballs,.xballs,273,bidisperse_mixtures/rotating_drum_bidisperse_size_ratio_1_363636_num_37.xballs,0.00026035308837890625,1.363636,37,True
training,raw_simulation_files,rotating_drum_bidisperse_size_ratio_1_373737_num_38.data,.data,2403400614,bidisperse_mixtures/rotating_drum_bidisperse_size_ratio_1_373737_num_38.data,2292.0614376068115,1.373737,38,True
training,raw_simulation_files,rotating_drum_bidisperse_size_ratio_1_373737_num_38.ene,.ene,136402,bidisperse_mixtures/rotating_drum_bidisperse_size_ratio_1_373737_num_38.ene,0.1300830841064453,1.373737,38,True
training,raw_simulation_files,rotating_drum_bidisperse_size_ratio_1_373737_num_38.restart,.restart,13918034,bidisperse_mixtures/rotating_drum_bidisperse_size_ratio_1_373737_num_38.restart,13.273271560668945,1.373737,38,True
training,raw_simulation_files,rotating_drum_bidisperse_size_ratio_1_373737_num_38.txt,.txt,6,bidisperse_mixtures/rotating_drum_bidisperse_size_ratio_1_373737_num_38.txt,5.7220458984375e-06,1.373737,38,True
training,raw_simulation_files,rotating_drum_bidisperse_size_ratio_1_373737_num_38.xballs,.xballs,273,bidisperse_mixtures/rotating_drum_bidisperse_size_ratio_1_373737_num_38.xballs,0.00026035308837890625,1.373737,38,True
training,raw_simulation_files,rotating_drum_bidisperse_size_ratio_1_383838_num_39.data,.data,2419655805,bidisperse_mixtures/rotating_drum_bidisperse_size_ratio_1_383838_num_39.data,2307.5635957717896,1.383838,39,True
training,raw_simulation_files,rotating_drum_bidisperse_size_ratio_1_383838_num_39.ene,.ene,136402,bidisperse_mixtures/rotating_drum_bidisperse_size_ratio_1_383838_num_39.ene,0.1300830841064453,1.383838,39,True
training,raw_simulation_files,rotating_drum_bidisperse_size_ratio_1_383838_num_39.restart,.restart,13994069,bidisperse_mixtures/rotating_drum_bidisperse_size_ratio_1_383838_num_39.restart,13.345784187316895,1.383838,39,True
training,raw_simulation_files,rotating_drum_bidisperse_size_ratio_1_383838_num_39.txt,.txt,7,bidisperse_mixtures/rotating_drum_bidisperse_size_ratio_1_383838_num_39.txt,6.67572021484375e-06,1.383838,39,True
training,raw_simulation_files,rotating_drum_bidisperse_size_ratio_1_383838_num_39.xballs,.xballs,273,bidisperse_mixtures/rotating_drum_bidisperse_size_ratio_1_383838_num_39.xballs,0.00026035308837890625,1.383838,39,True
training,raw_simulation_files,rotating_drum_bidisperse_size_ratio_1_393939_num_40.data,.data,2435566349,bidisperse_mixtures/rotating_drum_bidisperse_size_ratio_1_393939_num_40.data,2322.737072944641,1.393939,40,True
training,raw_simulation_files,rotating_drum_bidisperse_size_ratio_1_393939_num_40.ene,.ene,136402,bidisperse_mixtures/rotating_drum_bidisperse_size_ratio_1_393939_num_40.ene,0.1300830841064453,1.393939,40,True
training,raw_simulation_files,rotating_drum_bidisperse_size_ratio_1_393939_num_40.restart,.restart,14270623,bidisperse_mixtures/rotating_drum_bidisperse_size_ratio_1_393939_num_40.restart,13.609526634216309,1.393939,40,True
training,raw_simulation_files,rotating_drum_bidisperse_size_ratio_1_393939_num_40.txt,.txt,7,bidisperse_mixtures/rotating_drum_bidisperse_size_ratio_1_393939_num_40.txt,6.67572021484375e-06,1.393939,40,True
training,raw_simulation_files,rotating_drum_bidisperse_size_ratio_1_393939_num_40.xballs,.xballs,273,bidisperse_mixtures/rotating_drum_bidisperse_size_ratio_1_393939_num_40.xballs,0.00026035308837890625,1.393939,40,True
training,raw_simulation_files,rotating_drum_bidisperse_size_ratio_1_404040_num_41.data,.data,2452268676,bidisperse_mixtures/rotating_drum_bidisperse_size_ratio_1_404040_num_41.data,2338.6656532287598,1.40404,41,True
training,raw_simulation_files,rotating_drum_bidisperse_size_ratio_1_404040_num_41.ene,.ene,136402,bidisperse_mixtures/rotating_drum_bidisperse_size_ratio_1_404040_num_41.ene,0.1300830841064453,1.40404,41,True
training,raw_simulation_files,rotating_drum_bidisperse_size_ratio_1_404040_num_41.restart,.restart,14402165,bidisperse_mixtures/rotating_drum_bidisperse_size_ratio_1_404040_num_41.restart,13.73497486114502,1.40404,41,True
training,raw_simulation_files,rotating_drum_bidisperse_size_ratio_1_404040_num_41.txt,.txt,7,bidisperse_mixtures/rotating_drum_bidisperse_size_ratio_1_404040_num_41.txt,6.67572021484375e-06,1.40404,41,True
training,raw_simulation_files,rotating_drum_bidisperse_size_ratio_1_404040_num_41.xballs,.xballs,273,bidisperse_mixtures/rotating_drum_bidisperse_size_ratio_1_404040_num_41.xballs,0.00026035308837890625,1.40404,41,True
training,raw_simulation_files,rotating_drum_bidisperse_size_ratio_1_414141_num_42.data,.data,2469539466,bidisperse_mixtures/rotating_drum_bidisperse_size_ratio_1_414141_num_42.data,2355.1363620758057,1.414141,42,True
training,raw_simulation_files,rotating_drum_bidisperse_size_ratio_1_414141_num_42.ene,.ene,136402,bidisperse_mixtures/rotating_drum_bidisperse_size_ratio_1_414141_num_42.ene,0.1300830841064453,1.414141,42,True
training,raw_simulation_files,rotating_drum_bidisperse_size_ratio_1_414141_num_42.restart,.restart,14443863,bidisperse_mixtures/rotating_drum_bidisperse_size_ratio_1_414141_num_42.restart,13.774741172790527,1.414141,42,True
training,raw_simulation_files,rotating_drum_bidisperse_size_ratio_1_414141_num_42.txt,.txt,7,bidisperse_mixtures/rotating_drum_bidisperse_size_ratio_1_414141_num_42.txt,6.67572021484375e-06,1.414141,42,True
training,raw_simulation_files,rotating_drum_bidisperse_size_ratio_1_414141_num_42.xballs,.xballs,273,bidisperse_mixtures/rotating_drum_bidisperse_size_ratio_1_414141_num_42.xballs,0.00026035308837890625,1.414141,42,True
training,raw_simulation_files,rotating_drum_bidisperse_size_ratio_1_424242_num_43.data,.data,2486872612,bidisperse_mixtures/rotating_drum_bidisperse_size_ratio_1_424242_num_43.data,2371.6665382385254,1.424242,43,True
training,raw_simulation_files,rotating_drum_bidisperse_size_ratio_1_424242_num_43.ene,.ene,136402,bidisperse_mixtures/rotating_drum_bidisperse_size_ratio_1_424242_num_43.ene,0.1300830841064453,1.424242,43,True
training,raw_simulation_files,rotating_drum_bidisperse_size_ratio_1_424242_num_43.restart,.restart,14430169,bidisperse_mixtures/rotating_drum_bidisperse_size_ratio_1_424242_num_43.restart,13.76168155670166,1.424242,43,True
training,raw_simulation_files,rotating_drum_bidisperse_size_ratio_1_424242_num_43.txt,.txt,7,bidisperse_mixtures/rotating_drum_bidisperse_size_ratio_1_424242_num_43.txt,6.67572021484375e-06,1.424242,43,True
training,raw_simulation_files,rotating_drum_bidisperse_size_ratio_1_424242_num_43.xballs,.xballs,273,bidisperse_mixtures/rotating_drum_bidisperse_size_ratio_1_424242_num_43.xballs,0.00026035308837890625,1.424242,43,True
training,raw_simulation_files,rotating_drum_bidisperse_size_ratio_1_434343_num_44.data,.data,2504370905,bidisperse_mixtures/rotating_drum_bidisperse_size_ratio_1_434343_num_44.data,2388.3542108535767,1.434343,44,True
training,raw_simulation_files,rotating_drum_bidisperse_size_ratio_1_434343_num_44.ene,.ene,136402,bidisperse_mixtures/rotating_drum_bidisperse_size_ratio_1_434343_num_44.ene,0.1300830841064453,1.434343,44,True
training,raw_simulation_files,rotating_drum_bidisperse_size_ratio_1_434343_num_44.restart,.restart,14423750,bidisperse_mixtures/rotating_drum_bidisperse_size_ratio_1_434343_num_44.restart,13.755559921264648,1.434343,44,True
training,raw_simulation_files,rotating_drum_bidisperse_size_ratio_1_434343_num_44.txt,.txt,7,bidisperse_mixtures/rotating_drum_bidisperse_size_ratio_1_434343_num_44.txt,6.67572021484375e-06,1.434343,44,True
training,raw_simulation_files,rotating_drum_bidisperse_size_ratio_1_434343_num_44.xballs,.xballs,273,bidisperse_mixtures/rotating_drum_bidisperse_size_ratio_1_434343_num_44.xballs,0.00026035308837890625,1.434343,44,True
training,raw_simulation_files,rotating_drum_bidisperse_size_ratio_1_444444_num_45.data,.data,2522321334,bidisperse_mixtures/rotating_drum_bidisperse_size_ratio_1_444444_num_45.data,2405.4730739593506,1.444444,45,True
training,raw_simulation_files,rotating_drum_bidisperse_size_ratio_1_444444_num_45.ene,.ene,136402,bidisperse_mixtures/rotating_drum_bidisperse_size_ratio_1_444444_num_45.ene,0.1300830841064453,1.444444,45,True
training,raw_simulation_files,rotating_drum_bidisperse_size_ratio_1_444444_num_45.restart,.restart,14640209,bidisperse_mixtures/rotating_drum_bidisperse_size_ratio_1_444444_num_45.restart,13.961991310119629,1.444444,45,True
training,raw_simulation_files,rotating_drum_bidisperse_size_ratio_1_444444_num_45.txt,.txt,7,bidisperse_mixtures/rotating_drum_bidisperse_size_ratio_1_444444_num_45.txt,6.67572021484375e-06,1.444444,45,True
training,raw_simulation_files,rotating_drum_bidisperse_size_ratio_1_444444_num_45.xballs,.xballs,273,bidisperse_mixtures/rotating_drum_bidisperse_size_ratio_1_444444_num_45.xballs,0.00026035308837890625,1.444444,45,True
training,raw_simulation_files,rotating_drum_bidisperse_size_ratio_1_454545_num_46.data,.data,2540306383,bidisperse_mixtures/rotating_drum_bidisperse_size_ratio_1_454545_num_46.data,2422.6249532699585,1.454545,46,True
training,raw_simulation_files,rotating_drum_bidisperse_size_ratio_1_454545_num_46.ene,.ene,136402,bidisperse_mixtures/rotating_drum_bidisperse_size_ratio_1_454545_num_46.ene,0.1300830841064453,1.454545,46,True
training,raw_simulation_files,rotating_drum_bidisperse_size_ratio_1_454545_num_46.restart,.restart,14960973,bidisperse_mixtures/rotating_drum_bidisperse_size_ratio_1_454545_num_46.restart,14.267895698547363,1.454545,46,True
training,raw_simulation_files,rotating_drum_bidisperse_size_ratio_1_454545_num_46.txt,.txt,7,bidisperse_mixtures/rotating_drum_bidisperse_size_ratio_1_454545_num_46.txt,6.67572021484375e-06,1.454545,46,True
training,raw_simulation_files,rotating_drum_bidisperse_size_ratio_1_454545_num_46.xballs,.xballs,273,bidisperse_mixtures/rotating_drum_bidisperse_size_ratio_1_454545_num_46.xballs,0.00026035308837890625,1.454545,46,True
training,raw_simulation_files,rotating_drum_bidisperse_size_ratio_1_464646_num_47.data,.data,2558805435,bidisperse_mixtures/rotating_drum_bidisperse_size_ratio_1_464646_num_47.data,2440.267024040222,1.464646,47,True
training,raw_simulation_files,rotating_drum_bidisperse_size_ratio_1_464646_num_47.ene,.ene,136402,bidisperse_mixtures/rotating_drum_bidisperse_size_ratio_1_464646_num_47.ene,0.1300830841064453,1.464646,47,True
training,raw_simulation_files,rotating_drum_bidisperse_size_ratio_1_464646_num_47.restart,.restart,14774826,bidisperse_mixtures/rotating_drum_bidisperse_size_ratio_1_464646_num_47.restart,14.090372085571289,1.464646,47,True
training,raw_simulation_files,rotating_drum_bidisperse_size_ratio_1_464646_num_47.txt,.txt,7,bidisperse_mixtures/rotating_drum_bidisperse_size_ratio_1_464646_num_47.txt,6.67572021484375e-06,1.464646,47,True
training,raw_simulation_files,rotating_drum_bidisperse_size_ratio_1_464646_num_47.xballs,.xballs,273,bidisperse_mixtures/rotating_drum_bidisperse_size_ratio_1_464646_num_47.xballs,0.00026035308837890625,1.464646,47,True
training,raw_simulation_files,rotating_drum_bidisperse_size_ratio_1_474747_num_48.data,.data,2577374766,bidisperse_mixtures/rotating_drum_bidisperse_size_ratio_1_474747_num_48.data,2457.9761180877686,1.474747,48,True
training,raw_simulation_files,rotating_drum_bidisperse_size_ratio_1_474747_num_48.ene,.ene,136402,bidisperse_mixtures/rotating_drum_bidisperse_size_ratio_1_474747_num_48.ene,0.1300830841064453,1.474747,48,True
training,raw_simulation_files,rotating_drum_bidisperse_size_ratio_1_474747_num_48.restart,.restart,14852468,bidisperse_mixtures/rotating_drum_bidisperse_size_ratio_1_474747_num_48.restart,14.164417266845703,1.474747,48,True
training,raw_simulation_files,rotating_drum_bidisperse_size_ratio_1_474747_num_48.txt,.txt,7,bidisperse_mixtures/rotating_drum_bidisperse_size_ratio_1_474747_num_48.txt,6.67572021484375e-06,1.474747,48,True
training,raw_simulation_files,rotating_drum_bidisperse_size_ratio_1_474747_num_48.xballs,.xballs,273,bidisperse_mixtures/rotating_drum_bidisperse_size_ratio_1_474747_num_48.xballs,0.00026035308837890625,1.474747,48,True
training,raw_simulation_files,rotating_drum_bidisperse_size_ratio_1_484848_num_49.data,.data,2596833866,bidisperse_mixtures/rotating_drum_bidisperse_size_ratio_1_484848_num_49.data,2476.5337619781494,1.484848,49,True
training,raw_simulation_files,rotating_drum_bidisperse_size_ratio_1_484848_num_49.ene,.ene,136402,bidisperse_mixtures/rotating_drum_bidisperse_size_ratio_1_484848_num_49.ene,0.1300830841064453,1.484848,49,True
training,raw_simulation_files,rotating_drum_bidisperse_size_ratio_1_484848_num_49.restart,.restart,14913528,bidisperse_mixtures/rotating_drum_bidisperse_size_ratio_1_484848_num_49.restart,14.222648620605469,1.484848,49,True
training,raw_simulation_files,rotating_drum_bidisperse_size_ratio_1_484848_num_49.txt,.txt,7,bidisperse_mixtures/rotating_drum_bidisperse_size_ratio_1_484848_num_49.txt,6.67572021484375e-06,1.484848,49,True
training,raw_simulation_files,rotating_drum_bidisperse_size_ratio_1_484848_num_49.xballs,.xballs,273,bidisperse_mixtures/rotating_drum_bidisperse_size_ratio_1_484848_num_49.xballs,0.00026035308837890625,1.484848,49,True
training,raw_simulation_files,rotating_drum_bidisperse_size_ratio_1_494949_num_50.data,.data,2616063795,bidisperse_mixtures/rotating_drum_bidisperse_size_ratio_1_494949_num_50.data,2494.872851371765,1.494949,50,True
training,raw_simulation_files,rotating_drum_bidisperse_size_ratio_1_494949_num_50.ene,.ene,136402,bidisperse_mixtures/rotating_drum_bidisperse_size_ratio_1_494949_num_50.ene,0.1300830841064453,1.494949,50,True
training,raw_simulation_files,rotating_drum_bidisperse_size_ratio_1_494949_num_50.restart,.restart,15023839,bidisperse_mixtures/rotating_drum_bidisperse_size_ratio_1_494949_num_50.restart,14.327849388122559,1.494949,50,True
training,raw_simulation_files,rotating_drum_bidisperse_size_ratio_1_494949_num_50.txt,.txt,7,bidisperse_mixtures/rotating_drum_bidisperse_size_ratio_1_494949_num_50.txt,6.67572021484375e-06,1.494949,50,True
training,raw_simulation_files,rotating_drum_bidisperse_size_ratio_1_494949_num_50.xballs,.xballs,273,bidisperse_mixtures/rotating_drum_bidisperse_size_ratio_1_494949_num_50.xballs,0.00026035308837890625,1.494949,50,True
training,raw_simulation_files,rotating_drum_bidisperse_size_ratio_1_505051_num_51.data,.data,2635899648,bidisperse_mixtures/rotating_drum_bidisperse_size_ratio_1_505051_num_51.data,2513.789794921875,1.505051,51,True
training,raw_simulation_files,rotating_drum_bidisperse_size_ratio_1_505051_num_51.ene,.ene,136402,bidisperse_mixtures/rotating_drum_bidisperse_size_ratio_1_505051_num_51.ene,0.1300830841064453,1.505051,51,True
training,raw_simulation_files,rotating_drum_bidisperse_size_ratio_1_505051_num_51.restart,.restart,15371825,bidisperse_mixtures/rotating_drum_bidisperse_size_ratio_1_505051_num_51.restart,14.659714698791504,1.505051,51,True
training,raw_simulation_files,rotating_drum_bidisperse_size_ratio_1_505051_num_51.txt,.txt,7,bidisperse_mixtures/rotating_drum_bidisperse_size_ratio_1_505051_num_51.txt,6.67572021484375e-06,1.505051,51,True
training,raw_simulation_files,rotating_drum_bidisperse_size_ratio_1_505051_num_51.xballs,.xballs,339,bidisperse_mixtures/rotating_drum_bidisperse_size_ratio_1_505051_num_51.xballs,0.00032329559326171875,1.505051,51,True
training,raw_simulation_files,rotating_drum_bidisperse_size_ratio_1_515152_num_52.data,.data,2655815800,bidisperse_mixtures/rotating_drum_bidisperse_size_ratio_1_515152_num_52.data,2532.783317565918,1.515152,52,True
training,raw_simulation_files,rotating_drum_bidisperse_size_ratio_1_515152_num_52.ene,.ene,136402,bidisperse_mixtures/rotating_drum_bidisperse_size_ratio_1_515152_num_52.ene,0.1300830841064453,1.515152,52,True
training,raw_simulation_files,rotating_drum_bidisperse_size_ratio_1_515152_num_52.restart,.restart,15403948,bidisperse_mixtures/rotating_drum_bidisperse_size_ratio_1_515152_num_52.restart,14.690349578857422,1.515152,52,True
training,raw_simulation_files,rotating_drum_bidisperse_size_ratio_1_515152_num_52.txt,.txt,7,bidisperse_mixtures/rotating_drum_bidisperse_size_ratio_1_515152_num_52.txt,6.67572021484375e-06,1.515152,52,True
training,raw_simulation_files,rotating_drum_bidisperse_size_ratio_1_515152_num_52.xballs,.xballs,273,bidisperse_mixtures/rotating_drum_bidisperse_size_ratio_1_515152_num_52.xballs,0.00026035308837890625,1.515152,52,True
training,raw_simulation_files,rotating_drum_bidisperse_size_ratio_1_525253_num_53.data,.data,2675956298,bidisperse_mixtures/rotating_drum_bidisperse_size_ratio_1_525253_num_53.data,2551.9907932281494,1.525253,53,True
training,raw_simulation_files,rotating_drum_bidisperse_size_ratio_1_525253_num_53.ene,.ene,136402,bidisperse_mixtures/rotating_drum_bidisperse_size_ratio_1_525253_num_53.ene,0.1300830841064453,1.525253,53,True
training,raw_simulation_files,rotating_drum_bidisperse_size_ratio_1_525253_num_53.restart,.restart,15677153,bidisperse_mixtures/rotating_drum_bidisperse_size_ratio_1_525253_num_53.restart,14.950898170471191,1.525253,53,True
training,raw_simulation_files,rotating_drum_bidisperse_size_ratio_1_525253_num_53.txt,.txt,7,bidisperse_mixtures/rotating_drum_bidisperse_size_ratio_1_525253_num_53.txt,6.67572021484375e-06,1.525253,53,True
training,raw_simulation_files,rotating_drum_bidisperse_size_ratio_1_525253_num_53.xballs,.xballs,273,bidisperse_mixtures/rotating_drum_bidisperse_size_ratio_1_525253_num_53.xballs,0.00026035308837890625,1.525253,53,True
training,raw_simulation_files,rotating_drum_bidisperse_size_ratio_1_535354_num_54.data,.data,2696135567,bidisperse_mixtures/rotating_drum_bidisperse_size_ratio_1_535354_num_54.data,2571.2352437973022,1.535354,54,True
training,raw_simulation_files,rotating_drum_bidisperse_size_ratio_1_535354_num_54.ene,.ene,136402,bidisperse_mixtures/rotating_drum_bidisperse_size_ratio_1_535354_num_54.ene,0.1300830841064453,1.535354,54,True
training,raw_simulation_files,rotating_drum_bidisperse_size_ratio_1_535354_num_54.restart,.restart,15769093,bidisperse_mixtures/rotating_drum_bidisperse_size_ratio_1_535354_num_54.restart,15.038578987121582,1.535354,54,True
training,raw_simulation_files,rotating_drum_bidisperse_size_ratio_1_535354_num_54.txt,.txt,7,bidisperse_mixtures/rotating_drum_bidisperse_size_ratio_1_535354_num_54.txt,6.67572021484375e-06,1.535354,54,True
training,raw_simulation_files,rotating_drum_bidisperse_size_ratio_1_535354_num_54.xballs,.xballs,273,bidisperse_mixtures/rotating_drum_bidisperse_size_ratio_1_535354_num_54.xballs,0.00026035308837890625,1.535354,54,True
training,raw_simulation_files,rotating_drum_bidisperse_size_ratio_1_545455_num_55.data,.data,2717094942,bidisperse_mixtures/rotating_drum_bidisperse_size_ratio_1_545455_num_55.data,2591.2236614227295,1.545455,55,True
training,raw_simulation_files,rotating_drum_bidisperse_size_ratio_1_545455_num_55.ene,.ene,136402,bidisperse_mixtures/rotating_drum_bidisperse_size_ratio_1_545455_num_55.ene,0.1300830841064453,1.545455,55,True
training,raw_simulation_files,rotating_drum_bidisperse_size_ratio_1_545455_num_55.restart,.restart,15819383,bidisperse_mixtures/rotating_drum_bidisperse_size_ratio_1_545455_num_55.restart,15.086539268493652,1.545455,55,True
training,raw_simulation_files,rotating_drum_bidisperse_size_ratio_1_545455_num_55.txt,.txt,7,bidisperse_mixtures/rotating_drum_bidisperse_size_ratio_1_545455_num_55.txt,6.67572021484375e-06,1.545455,55,True
training,raw_simulation_files,rotating_drum_bidisperse_size_ratio_1_545455_num_55.xballs,.xballs,273,bidisperse_mixtures/rotating_drum_bidisperse_size_ratio_1_545455_num_55.xballs,0.00026035308837890625,1.545455,55,True
training,raw_simulation_files,rotating_drum_bidisperse_size_ratio_1_555556_num_56.data,.data,2737860395,bidisperse_mixtures/rotating_drum_bidisperse_size_ratio_1_555556_num_56.data,2611.0271406173706,1.555556,56,True
training,raw_simulation_files,rotating_drum_bidisperse_size_ratio_1_555556_num_56.ene,.ene,136402,bidisperse_mixtures/rotating_drum_bidisperse_size_ratio_1_555556_num_56.ene,0.1300830841064453,1.555556,56,True
training,raw_simulation_files,rotating_drum_bidisperse_size_ratio_1_555556_num_56.restart,.restart,15846118,bidisperse_mixtures/rotating_drum_bidisperse_size_ratio_1_555556_num_56.restart,15.112035751342773,1.555556,56,True
training,raw_simulation_files,rotating_drum_bidisperse_size_ratio_1_555556_num_56.txt,.txt,7,bidisperse_mixtures/rotating_drum_bidisperse_size_ratio_1_555556_num_56.txt,6.67572021484375e-06,1.555556,56,True
training,raw_simulation_files,rotating_drum_bidisperse_size_ratio_1_555556_num_56.xballs,.xballs,273,bidisperse_mixtures/rotating_drum_bidisperse_size_ratio_1_555556_num_56.xballs,0.00026035308837890625,1.555556,56,True
training,raw_simulation_files,rotating_drum_bidisperse_size_ratio_1_565657_num_57.data,.data,2759290003,bidisperse_mixtures/rotating_drum_bidisperse_size_ratio_1_565657_num_57.data,2631.4640073776245,1.565657,57,True
training,raw_simulation_files,rotating_drum_bidisperse_size_ratio_1_565657_num_57.ene,.ene,136402,bidisperse_mixtures/rotating_drum_bidisperse_size_ratio_1_565657_num_57.ene,0.1300830841064453,1.565657,57,True
training,raw_simulation_files,rotating_drum_bidisperse_size_ratio_1_565657_num_57.restart,.restart,15753386,bidisperse_mixtures/rotating_drum_bidisperse_size_ratio_1_565657_num_57.restart,15.023599624633789,1.565657,57,True
training,raw_simulation_files,rotating_drum_bidisperse_size_ratio_1_565657_num_57.txt,.txt,6,bidisperse_mixtures/rotating_drum_bidisperse_size_ratio_1_565657_num_57.txt,5.7220458984375e-06,1.565657,57,True
training,raw_simulation_files,rotating_drum_bidisperse_size_ratio_1_565657_num_57.xballs,.xballs,273,bidisperse_mixtures/rotating_drum_bidisperse_size_ratio_1_565657_num_57.xballs,0.00026035308837890625,1.565657,57,True
training,raw_simulation_files,rotating_drum_bidisperse_size_ratio_1_575758_num_58.data,.data,2780731328,bidisperse_mixtures/rotating_drum_bidisperse_size_ratio_1_575758_num_58.data,2651.9120483398438,1.575758,58,True
training,raw_simulation_files,rotating_drum_bidisperse_size_ratio_1_575758_num_58.ene,.ene,136402,bidisperse_mixtures/rotating_drum_bidisperse_size_ratio_1_575758_num_58.ene,0.1300830841064453,1.575758,58,True
training,raw_simulation_files,rotating_drum_bidisperse_size_ratio_1_575758_num_58.restart,.restart,16008211,bidisperse_mixtures/rotating_drum_bidisperse_size_ratio_1_575758_num_58.restart,15.266619682312012,1.575758,58,True
training,raw_simulation_files,rotating_drum_bidisperse_size_ratio_1_575758_num_58.txt,.txt,7,bidisperse_mixtures/rotating_drum_bidisperse_size_ratio_1_575758_num_58.txt,6.67572021484375e-06,1.575758,58,True
training,raw_simulation_files,rotating_drum_bidisperse_size_ratio_1_575758_num_58.xballs,.xballs,273,bidisperse_mixtures/rotating_drum_bidisperse_size_ratio_1_575758_num_58.xballs,0.00026035308837890625,1.575758,58,True
training,raw_simulation_files,rotating_drum_bidisperse_size_ratio_1_585859_num_59.data,.data,2802579572,bidisperse_mixtures/rotating_drum_bidisperse_size_ratio_1_585859_num_59.data,2672.7481575012207,1.585859,59,True
training,raw_simulation_files,rotating_drum_bidisperse_size_ratio_1_585859_num_59.ene,.ene,136402,bidisperse_mixtures/rotating_drum_bidisperse_size_ratio_1_585859_num_59.ene,0.1300830841064453,1.585859,59,True
training,raw_simulation_files,rotating_drum_bidisperse_size_ratio_1_585859_num_59.restart,.restart,16351528,bidisperse_mixtures/rotating_drum_bidisperse_size_ratio_1_585859_num_59.restart,15.594032287597656,1.585859,59,True
training,raw_simulation_files,rotating_drum_bidisperse_size_ratio_1_585859_num_59.txt,.txt,7,bidisperse_mixtures/rotating_drum_bidisperse_size_ratio_1_585859_num_59.txt,6.67572021484375e-06,1.585859,59,True
training,raw_simulation_files,rotating_drum_bidisperse_size_ratio_1_585859_num_59.xballs,.xballs,273,bidisperse_mixtures/rotating_drum_bidisperse_size_ratio_1_585859_num_59.xballs,0.00026035308837890625,1.585859,59,True
training,raw_simulation_files,rotating_drum_bidisperse_size_ratio_1_595960_num_60.data,.data,2824786171,bidisperse_mixtures/rotating_drum_bidisperse_size_ratio_1_595960_num_60.data,2693.9260206222534,1.59596,60,True
training,raw_simulation_files,rotating_drum_bidisperse_size_ratio_1_595960_num_60.ene,.ene,136402,bidisperse_mixtures/rotating_drum_bidisperse_size_ratio_1_595960_num_60.ene,0.1300830841064453,1.59596,60,True
training,raw_simulation_files,rotating_drum_bidisperse_size_ratio_1_595960_num_60.restart,.restart,16310145,bidisperse_mixtures/rotating_drum_bidisperse_size_ratio_1_595960_num_60.restart,15.554566383361816,1.59596,60,True
training,raw_simulation_files,rotating_drum_bidisperse_size_ratio_1_595960_num_60.txt,.txt,6,bidisperse_mixtures/rotating_drum_bidisperse_size_ratio_1_595960_num_60.txt,5.7220458984375e-06,1.59596,60,True
training,raw_simulation_files,rotating_drum_bidisperse_size_ratio_1_595960_num_60.xballs,.xballs,273,bidisperse_mixtures/rotating_drum_bidisperse_size_ratio_1_595960_num_60.xballs,0.00026035308837890625,1.59596,60,True
training,raw_simulation_files,rotating_drum_bidisperse_size_ratio_1_606061_num_61.data,.data,2847207923,bidisperse_mixtures/rotating_drum_bidisperse_size_ratio_1_606061_num_61.data,2715.309069633484,1.606061,61,True
training,raw_simulation_files,rotating_drum_bidisperse_size_ratio_1_606061_num_61.ene,.ene,136402,bidisperse_mixtures/rotating_drum_bidisperse_size_ratio_1_606061_num_61.ene,0.1300830841064453,1.606061,61,True
training,raw_simulation_files,rotating_drum_bidisperse_size_ratio_1_606061_num_61.restart,.restart,16474009,bidisperse_mixtures/rotating_drum_bidisperse_size_ratio_1_606061_num_61.restart,15.71083927154541,1.606061,61,True
training,raw_simulation_files,rotating_drum_bidisperse_size_ratio_1_606061_num_61.txt,.txt,7,bidisperse_mixtures/rotating_drum_bidisperse_size_ratio_1_606061_num_61.txt,6.67572021484375e-06,1.606061,61,True
training,raw_simulation_files,rotating_drum_bidisperse_size_ratio_1_606061_num_61.xballs,.xballs,273,bidisperse_mixtures/rotating_drum_bidisperse_size_ratio_1_606061_num_61.xballs,0.00026035308837890625,1.606061,61,True
training,raw_simulation_files,rotating_drum_bidisperse_size_ratio_1_616162_num_62.data,.data,2870138990,bidisperse_mixtures/rotating_drum_bidisperse_size_ratio_1_616162_num_62.data,2737.177839279175,1.616162,62,True
training,raw_simulation_files,rotating_drum_bidisperse_size_ratio_1_616162_num_62.ene,.ene,136402,bidisperse_mixtures/rotating_drum_bidisperse_size_ratio_1_616162_num_62.ene,0.1300830841064453,1.616162,62,True
training,raw_simulation_files,rotating_drum_bidisperse_size_ratio_1_616162_num_62.restart,.restart,16654346,bidisperse_mixtures/rotating_drum_bidisperse_size_ratio_1_616162_num_62.restart,15.882822036743164,1.616162,62,True
training,raw_simulation_files,rotating_drum_bidisperse_size_ratio_1_616162_num_62.txt,.txt,7,bidisperse_mixtures/rotating_drum_bidisperse_size_ratio_1_616162_num_62.txt,6.67572021484375e-06,1.616162,62,True
training,raw_simulation_files,rotating_drum_bidisperse_size_ratio_1_616162_num_62.xballs,.xballs,273,bidisperse_mixtures/rotating_drum_bidisperse_size_ratio_1_616162_num_62.xballs,0.00026035308837890625,1.616162,62,True
training,raw_simulation_files,rotating_drum_bidisperse_size_ratio_1_626263_num_63.data,.data,2893144845,bidisperse_mixtures/rotating_drum_bidisperse_size_ratio_1_626263_num_63.data,2759.117932319641,1.626263,63,True
training,raw_simulation_files,rotating_drum_bidisperse_size_ratio_1_626263_num_63.ene,.ene,136402,bidisperse_mixtures/rotating_drum_bidisperse_size_ratio_1_626263_num_63.ene,0.1300830841064453,1.626263,63,True
training,raw_simulation_files,rotating_drum_bidisperse_size_ratio_1_626263_num_63.restart,.restart,16692166,bidisperse_mixtures/rotating_drum_bidisperse_size_ratio_1_626263_num_63.restart,15.918889999389648,1.626263,63,True
training,raw_simulation_files,rotating_drum_bidisperse_size_ratio_1_626263_num_63.txt,.txt,7,bidisperse_mixtures/rotating_drum_bidisperse_size_ratio_1_626263_num_63.txt,6.67572021484375e-06,1.626263,63,True
training,raw_simulation_files,rotating_drum_bidisperse_size_ratio_1_626263_num_63.xballs,.xballs,273,bidisperse_mixtures/rotating_drum_bidisperse_size_ratio_1_626263_num_63.xballs,0.00026035308837890625,1.626263,63,True
training,raw_simulation_files,rotating_drum_bidisperse_size_ratio_1_636364_num_64.data,.data,2916588825,bidisperse_mixtures/rotating_drum_bidisperse_size_ratio_1_636364_num_64.data,2781.475853919983,1.636364,64,True
training,raw_simulation_files,rotating_drum_bidisperse_size_ratio_1_636364_num_64.ene,.ene,136402,bidisperse_mixtures/rotating_drum_bidisperse_size_ratio_1_636364_num_64.ene,0.1300830841064453,1.636364,64,True
training,raw_simulation_files,rotating_drum_bidisperse_size_ratio_1_636364_num_64.restart,.restart,17111273,bidisperse_mixtures/rotating_drum_bidisperse_size_ratio_1_636364_num_64.restart,16.318581581115723,1.636364,64,True
training,raw_simulation_files,rotating_drum_bidisperse_size_ratio_1_636364_num_64.txt,.txt,7,bidisperse_mixtures/rotating_drum_bidisperse_size_ratio_1_636364_num_64.txt,6.67572021484375e-06,1.636364,64,True
training,raw_simulation_files,rotating_drum_bidisperse_size_ratio_1_636364_num_64.xballs,.xballs,273,bidisperse_mixtures/rotating_drum_bidisperse_size_ratio_1_636364_num_64.xballs,0.00026035308837890625,1.636364,64,True
training,raw_simulation_files,rotating_drum_bidisperse_size_ratio_1_646465_num_65.data,.data,2940546789,bidisperse_mixtures/rotating_drum_bidisperse_size_ratio_1_646465_num_65.data,2804.3239488601685,1.646465,65,True
training,raw_simulation_files,rotating_drum_bidisperse_size_ratio_1_646465_num_65.ene,.ene,136402,bidisperse_mixtures/rotating_drum_bidisperse_size_ratio_1_646465_num_65.ene,0.1300830841064453,1.646465,65,True
training,raw_simulation_files,rotating_drum_bidisperse_size_ratio_1_646465_num_65.restart,.restart,16518999,bidisperse_mixtures/rotating_drum_bidisperse_size_ratio_1_646465_num_65.restart,15.753745079040527,1.646465,65,True
training,raw_simulation_files,rotating_drum_bidisperse_size_ratio_1_646465_num_65.txt,.txt,6,bidisperse_mixtures/rotating_drum_bidisperse_size_ratio_1_646465_num_65.txt,5.7220458984375e-06,1.646465,65,True
training,raw_simulation_files,rotating_drum_bidisperse_size_ratio_1_646465_num_65.xballs,.xballs,273,bidisperse_mixtures/rotating_drum_bidisperse_size_ratio_1_646465_num_65.xballs,0.00026035308837890625,1.646465,65,True
training,raw_simulation_files,rotating_drum_bidisperse_size_ratio_1_656566_num_66.data,.data,2963846881,bidisperse_mixtures/rotating_drum_bidisperse_size_ratio_1_656566_num_66.data,2826.544648170471,1.656566,66,True
training,raw_simulation_files,rotating_drum_bidisperse_size_ratio_1_656566_num_66.ene,.ene,136402,bidisperse_mixtures/rotating_drum_bidisperse_size_ratio_1_656566_num_66.ene,0.1300830841064453,1.656566,66,True
training,raw_simulation_files,rotating_drum_bidisperse_size_ratio_1_656566_num_66.restart,.restart,17420403,bidisperse_mixtures/rotating_drum_bidisperse_size_ratio_1_656566_num_66.restart,16.613390922546387,1.656566,66,True
training,raw_simulation_files,rotating_drum_bidisperse_size_ratio_1_656566_num_66.txt,.txt,7,bidisperse_mixtures/rotating_drum_bidisperse_size_ratio_1_656566_num_66.txt,6.67572021484375e-06,1.656566,66,True
training,raw_simulation_files,rotating_drum_bidisperse_size_ratio_1_656566_num_66.xballs,.xballs,273,bidisperse_mixtures/rotating_drum_bidisperse_size_ratio_1_656566_num_66.xballs,0.00026035308837890625,1.656566,66,True
training,raw_simulation_files,rotating_drum_bidisperse_size_ratio_1_666667_num_67.data,.data,2987738799,bidisperse_mixtures/rotating_drum_bidisperse_size_ratio_1_666667_num_67.data,2849.3297567367554,1.666667,67,True
training,raw_simulation_files,rotating_drum_bidisperse_size_ratio_1_666667_num_67.ene,.ene,136402,bidisperse_mixtures/rotating_drum_bidisperse_size_ratio_1_666667_num_67.ene,0.1300830841064453,1.666667,67,True
training,raw_simulation_files,rotating_drum_bidisperse_size_ratio_1_666667_num_67.restart,.restart,16640782,bidisperse_mixtures/rotating_drum_bidisperse_size_ratio_1_666667_num_67.restart,15.86988639831543,1.666667,67,True
training,raw_simulation_files,rotating_drum_bidisperse_size_ratio_1_666667_num_67.txt,.txt,7,bidisperse_mixtures/rotating_drum_bidisperse_size_ratio_1_666667_num_67.txt,6.67572021484375e-06,1.666667,67,True
training,raw_simulation_files,rotating_drum_bidisperse_size_ratio_1_666667_num_67.xballs,.xballs,273,bidisperse_mixtures/rotating_drum_bidisperse_size_ratio_1_666667_num_67.xballs,0.00026035308837890625,1.666667,67,True
training,raw_simulation_files,rotating_drum_bidisperse_size_ratio_1_676768_num_68.data,.data,3011998938,bidisperse_mixtures/rotating_drum_bidisperse_size_ratio_1_676768_num_68.data,2872.466028213501,1.676768,68,True
training,raw_simulation_files,rotating_drum_bidisperse_size_ratio_1_676768_num_68.ene,.ene,136402,bidisperse_mixtures/rotating_drum_bidisperse_size_ratio_1_676768_num_68.ene,0.1300830841064453,1.676768,68,True
training,raw_simulation_files,rotating_drum_bidisperse_size_ratio_1_676768_num_68.restart,.restart,17405430,bidisperse_mixtures/rotating_drum_bidisperse_size_ratio_1_676768_num_68.restart,16.599111557006836,1.676768,68,True
training,raw_simulation_files,rotating_drum_bidisperse_size_ratio_1_676768_num_68.txt,.txt,7,bidisperse_mixtures/rotating_drum_bidisperse_size_ratio_1_676768_num_68.txt,6.67572021484375e-06,1.676768,68,True
training,raw_simulation_files,rotating_drum_bidisperse_size_ratio_1_676768_num_68.xballs,.xballs,273,bidisperse_mixtures/rotating_drum_bidisperse_size_ratio_1_676768_num_68.xballs,0.00026035308837890625,1.676768,68,True
training,raw_simulation_files,rotating_drum_bidisperse_size_ratio_1_686869_num_69.data,.data,3036885140,bidisperse_mixtures/rotating_drum_bidisperse_size_ratio_1_686869_num_69.data,2896.199359893799,1.686869,69,True
training,raw_simulation_files,rotating_drum_bidisperse_size_ratio_1_686869_num_69.ene,.ene,136402,bidisperse_mixtures/rotating_drum_bidisperse_size_ratio_1_686869_num_69.ene,0.1300830841064453,1.686869,69,True
training,raw_simulation_files,rotating_drum_bidisperse_size_ratio_1_686869_num_69.restart,.restart,17588379,bidisperse_mixtures/rotating_drum_bidisperse_size_ratio_1_686869_num_69.restart,16.773585319519043,1.686869,69,True
training,raw_simulation_files,rotating_drum_bidisperse_size_ratio_1_686869_num_69.txt,.txt,7,bidisperse_mixtures/rotating_drum_bidisperse_size_ratio_1_686869_num_69.txt,6.67572021484375e-06,1.686869,69,True
training,raw_simulation_files,rotating_drum_bidisperse_size_ratio_1_686869_num_69.xballs,.xballs,273,bidisperse_mixtures/rotating_drum_bidisperse_size_ratio_1_686869_num_69.xballs,0.00026035308837890625,1.686869,69,True
training,raw_simulation_files,rotating_drum_bidisperse_size_ratio_1_696970_num_70.data,.data,3061895731,bidisperse_mixtures/rotating_drum_bidisperse_size_ratio_1_696970_num_70.data,2920.05131816864,1.69697,70,True
training,raw_simulation_files,rotating_drum_bidisperse_size_ratio_1_696970_num_70.ene,.ene,136402,bidisperse_mixtures/rotating_drum_bidisperse_size_ratio_1_696970_num_70.ene,0.1300830841064453,1.69697,70,True
training,raw_simulation_files,rotating_drum_bidisperse_size_ratio_1_696970_num_70.restart,.restart,17697774,bidisperse_mixtures/rotating_drum_bidisperse_size_ratio_1_696970_num_70.restart,16.877912521362305,1.69697,70,True
training,raw_simulation_files,rotating_drum_bidisperse_size_ratio_1_696970_num_70.txt,.txt,7,bidisperse_mixtures/rotating_drum_bidisperse_size_ratio_1_696970_num_70.txt,6.67572021484375e-06,1.69697,70,True
training,raw_simulation_files,rotating_drum_bidisperse_size_ratio_1_696970_num_70.xballs,.xballs,273,bidisperse_mixtures/rotating_drum_bidisperse_size_ratio_1_696970_num_70.xballs,0.00026035308837890625,1.69697,70,True
training,raw_simulation_files,rotating_drum_bidisperse_size_ratio_1_707071_num_71.data,.data,3087148230,bidisperse_mixtures/rotating_drum_bidisperse_size_ratio_1_707071_num_71.data,2944.1339778900146,1.707071,71,True
training,raw_simulation_files,rotating_drum_bidisperse_size_ratio_1_707071_num_71.ene,.ene,136402,bidisperse_mixtures/rotating_drum_bidisperse_size_ratio_1_707071_num_71.ene,0.1300830841064453,1.707071,71,True
training,raw_simulation_files,rotating_drum_bidisperse_size_ratio_1_707071_num_71.restart,.restart,17748682,bidisperse_mixtures/rotating_drum_bidisperse_size_ratio_1_707071_num_71.restart,16.926462173461914,1.707071,71,True
training,raw_simulation_files,rotating_drum_bidisperse_size_ratio_1_707071_num_71.txt,.txt,7,bidisperse_mixtures/rotating_drum_bidisperse_size_ratio_1_707071_num_71.txt,6.67572021484375e-06,1.707071,71,True
training,raw_simulation_files,rotating_drum_bidisperse_size_ratio_1_707071_num_71.xballs,.xballs,273,bidisperse_mixtures/rotating_drum_bidisperse_size_ratio_1_707071_num_71.xballs,0.00026035308837890625,1.707071,71,True
training,raw_simulation_files,rotating_drum_bidisperse_size_ratio_1_717172_num_72.data,.data,3112331891,bidisperse_mixtures/rotating_drum_bidisperse_size_ratio_1_717172_num_72.data,2968.1509885787964,1.717172,72,True
training,raw_simulation_files,rotating_drum_bidisperse_size_ratio_1_717172_num_72.ene,.ene,136402,bidisperse_mixtures/rotating_drum_bidisperse_size_ratio_1_717172_num_72.ene,0.1300830841064453,1.717172,72,True
training,raw_simulation_files,rotating_drum_bidisperse_size_ratio_1_717172_num_72.restart,.restart,18117532,bidisperse_mixtures/rotating_drum_bidisperse_size_ratio_1_717172_num_72.restart,17.27822494506836,1.717172,72,True
training,raw_simulation_files,rotating_drum_bidisperse_size_ratio_1_717172_num_72.txt,.txt,7,bidisperse_mixtures/rotating_drum_bidisperse_size_ratio_1_717172_num_72.txt,6.67572021484375e-06,1.717172,72,True
training,raw_simulation_files,rotating_drum_bidisperse_size_ratio_1_717172_num_72.xballs,.xballs,273,bidisperse_mixtures/rotating_drum_bidisperse_size_ratio_1_717172_num_72.xballs,0.00026035308837890625,1.717172,72,True
training,raw_simulation_files,rotating_drum_bidisperse_size_ratio_1_727273_num_73.data,.data,3137939064,bidisperse_mixtures/rotating_drum_bidisperse_size_ratio_1_727273_num_73.data,2992.571891784668,1.727273,73,True
training,raw_simulation_files,rotating_drum_bidisperse_size_ratio_1_727273_num_73.ene,.ene,136402,bidisperse_mixtures/rotating_drum_bidisperse_size_ratio_1_727273_num_73.ene,0.1300830841064453,1.727273,73,True
training,raw_simulation_files,rotating_drum_bidisperse_size_ratio_1_727273_num_73.restart,.restart,18097235,bidisperse_mixtures/rotating_drum_bidisperse_size_ratio_1_727273_num_73.restart,17.25886821746826,1.727273,73,True
training,raw_simulation_files,rotating_drum_bidisperse_size_ratio_1_727273_num_73.txt,.txt,7,bidisperse_mixtures/rotating_drum_bidisperse_size_ratio_1_727273_num_73.txt,6.67572021484375e-06,1.727273,73,True
training,raw_simulation_files,rotating_drum_bidisperse_size_ratio_1_727273_num_73.xballs,.xballs,273,bidisperse_mixtures/rotating_drum_bidisperse_size_ratio_1_727273_num_73.xballs,0.00026035308837890625,1.727273,73,True
training,raw_simulation_files,rotating_drum_bidisperse_size_ratio_1_737374_num_74.data,.data,3163733099,bidisperse_mixtures/rotating_drum_bidisperse_size_ratio_1_737374_num_74.data,3017.171000480652,1.737374,74,True
training,raw_simulation_files,rotating_drum_bidisperse_size_ratio_1_737374_num_74.ene,.ene,136402,bidisperse_mixtures/rotating_drum_bidisperse_size_ratio_1_737374_num_74.ene,0.1300830841064453,1.737374,74,True
training,raw_simulation_files,rotating_drum_bidisperse_size_ratio_1_737374_num_74.restart,.restart,18046913,bidisperse_mixtures/rotating_drum_bidisperse_size_ratio_1_737374_num_74.restart,17.210877418518066,1.737374,74,True
training,raw_simulation_files,rotating_drum_bidisperse_size_ratio_1_737374_num_74.txt,.txt,7,bidisperse_mixtures/rotating_drum_bidisperse_size_ratio_1_737374_num_74.txt,6.67572021484375e-06,1.737374,74,True
training,raw_simulation_files,rotating_drum_bidisperse_size_ratio_1_737374_num_74.xballs,.xballs,273,bidisperse_mixtures/rotating_drum_bidisperse_size_ratio_1_737374_num_74.xballs,0.00026035308837890625,1.737374,74,True
training,raw_simulation_files,rotating_drum_bidisperse_size_ratio_1_747475_num_75.data,.data,3189512199,bidisperse_mixtures/rotating_drum_bidisperse_size_ratio_1_747475_num_75.data,3041.75586605072,1.747475,75,True
training,raw_simulation_files,rotating_drum_bidisperse_size_ratio_1_747475_num_75.ene,.ene,136402,bidisperse_mixtures/rotating_drum_bidisperse_size_ratio_1_747475_num_75.ene,0.1300830841064453,1.747475,75,True
training,raw_simulation_files,rotating_drum_bidisperse_size_ratio_1_747475_num_75.restart,.restart,18381480,bidisperse_mixtures/rotating_drum_bidisperse_size_ratio_1_747475_num_75.restart,17.529945373535156,1.747475,75,True
training,raw_simulation_files,rotating_drum_bidisperse_size_ratio_1_747475_num_75.txt,.txt,7,bidisperse_mixtures/rotating_drum_bidisperse_size_ratio_1_747475_num_75.txt,6.67572021484375e-06,1.747475,75,True
training,raw_simulation_files,rotating_drum_bidisperse_size_ratio_1_747475_num_75.xballs,.xballs,273,bidisperse_mixtures/rotating_drum_bidisperse_size_ratio_1_747475_num_75.xballs,0.00026035308837890625,1.747475,75,True
training,raw_simulation_files,rotating_drum_bidisperse_size_ratio_1_757576_num_76.data,.data,3216467104,bidisperse_mixtures/rotating_drum_bidisperse_size_ratio_1_757576_num_76.data,3067.4620666503906,1.757576,76,True
training,raw_simulation_files,rotating_drum_bidisperse_size_ratio_1_757576_num_76.ene,.ene,136402,bidisperse_mixtures/rotating_drum_bidisperse_size_ratio_1_757576_num_76.ene,0.1300830841064453,1.757576,76,True
training,raw_simulation_files,rotating_drum_bidisperse_size_ratio_1_757576_num_76.restart,.restart,18346451,bidisperse_mixtures/rotating_drum_bidisperse_size_ratio_1_757576_num_76.restart,17.49653911590576,1.757576,76,True
training,raw_simulation_files,rotating_drum_bidisperse_size_ratio_1_757576_num_76.txt,.txt,7,bidisperse_mixtures/rotating_drum_bidisperse_size_ratio_1_757576_num_76.txt,6.67572021484375e-06,1.757576,76,True
training,raw_simulation_files,rotating_drum_bidisperse_size_ratio_1_757576_num_76.xballs,.xballs,273,bidisperse_mixtures/rotating_drum_bidisperse_size_ratio_1_757576_num_76.xballs,0.00026035308837890625,1.757576,76,True
training,raw_simulation_files,rotating_drum_bidisperse_size_ratio_1_767677_num_77.data,.data,3243153341,bidisperse_mixtures/rotating_drum_bidisperse_size_ratio_1_767677_num_77.data,3092.912045478821,1.767677,77,True
training,raw_simulation_files,rotating_drum_bidisperse_size_ratio_1_767677_num_77.ene,.ene,136402,bidisperse_mixtures/rotating_drum_bidisperse_size_ratio_1_767677_num_77.ene,0.1300830841064453,1.767677,77,True
training,raw_simulation_files,rotating_drum_bidisperse_size_ratio_1_767677_num_77.restart,.restart,18392943,bidisperse_mixtures/rotating_drum_bidisperse_size_ratio_1_767677_num_77.restart,17.54087734222412,1.767677,77,True
training,raw_simulation_files,rotating_drum_bidisperse_size_ratio_1_767677_num_77.txt,.txt,7,bidisperse_mixtures/rotating_drum_bidisperse_size_ratio_1_767677_num_77.txt,6.67572021484375e-06,1.767677,77,True
training,raw_simulation_files,rotating_drum_bidisperse_size_ratio_1_767677_num_77.xballs,.xballs,273,bidisperse_mixtures/rotating_drum_bidisperse_size_ratio_1_767677_num_77.xballs,0.00026035308837890625,1.767677,77,True
training,raw_simulation_files,rotating_drum_bidisperse_size_ratio_1_777778_num_78.data,.data,3270111657,bidisperse_mixtures/rotating_drum_bidisperse_size_ratio_1_777778_num_78.data,3118.6214990615845,1.777778,78,True
training,raw_simulation_files,rotating_drum_bidisperse_size_ratio_1_777778_num_78.ene,.ene,136402,bidisperse_mixtures/rotating_drum_bidisperse_size_ratio_1_777778_num_78.ene,0.1300830841064453,1.777778,78,True
training,raw_simulation_files,rotating_drum_bidisperse_size_ratio_1_777778_num_78.restart,.restart,18647962,bidisperse_mixtures/rotating_drum_bidisperse_size_ratio_1_777778_num_78.restart,17.784082412719727,1.777778,78,True
training,raw_simulation_files,rotating_drum_bidisperse_size_ratio_1_777778_num_78.txt,.txt,7,bidisperse_mixtures/rotating_drum_bidisperse_size_ratio_1_777778_num_78.txt,6.67572021484375e-06,1.777778,78,True
training,raw_simulation_files,rotating_drum_bidisperse_size_ratio_1_777778_num_78.xballs,.xballs,273,bidisperse_mixtures/rotating_drum_bidisperse_size_ratio_1_777778_num_78.xballs,0.00026035308837890625,1.777778,78,True
training,raw_simulation_files,rotating_drum_bidisperse_size_ratio_1_787879_num_79.data,.data,3297753791,bidisperse_mixtures/rotating_drum_bidisperse_size_ratio_1_787879_num_79.data,3144.9830923080444,1.787879,79,True
training,raw_simulation_files,rotating_drum_bidisperse_size_ratio_1_787879_num_79.ene,.ene,136402,bidisperse_mixtures/rotating_drum_bidisperse_size_ratio_1_787879_num_79.ene,0.1300830841064453,1.787879,79,True
training,raw_simulation_files,rotating_drum_bidisperse_size_ratio_1_787879_num_79.restart,.restart,18788622,bidisperse_mixtures/rotating_drum_bidisperse_size_ratio_1_787879_num_79.restart,17.91822624206543,1.787879,79,True
training,raw_simulation_files,rotating_drum_bidisperse_size_ratio_1_787879_num_79.txt,.txt,7,bidisperse_mixtures/rotating_drum_bidisperse_size_ratio_1_787879_num_79.txt,6.67572021484375e-06,1.787879,79,True
training,raw_simulation_files,rotating_drum_bidisperse_size_ratio_1_787879_num_79.xballs,.xballs,273,bidisperse_mixtures/rotating_drum_bidisperse_size_ratio_1_787879_num_79.xballs,0.00026035308837890625,1.787879,79,True
training,raw_simulation_files,rotating_drum_bidisperse_size_ratio_1_797980_num_80.data,.data,3325294787,bidisperse_mixtures/rotating_drum_bidisperse_size_ratio_1_797980_num_80.data,3171.2482328414917,1.79798,80,True
training,raw_simulation_files,rotating_drum_bidisperse_size_ratio_1_797980_num_80.ene,.ene,136402,bidisperse_mixtures/rotating_drum_bidisperse_size_ratio_1_797980_num_80.ene,0.1300830841064453,1.79798,80,True
training,raw_simulation_files,rotating_drum_bidisperse_size_ratio_1_797980_num_80.restart,.restart,19202816,bidisperse_mixtures/rotating_drum_bidisperse_size_ratio_1_797980_num_80.restart,18.313232421875,1.79798,80,True
training,raw_simulation_files,rotating_drum_bidisperse_size_ratio_1_797980_num_80.txt,.txt,6,bidisperse_mixtures/rotating_drum_bidisperse_size_ratio_1_797980_num_80.txt,5.7220458984375e-06,1.79798,80,True
training,raw_simulation_files,rotating_drum_bidisperse_size_ratio_1_797980_num_80.xballs,.xballs,273,bidisperse_mixtures/rotating_drum_bidisperse_size_ratio_1_797980_num_80.xballs,0.00026035308837890625,1.79798,80,True
training,raw_simulation_files,rotating_drum_bidisperse_size_ratio_1_808081_num_81.data,.data,3352411007,bidisperse_mixtures/rotating_drum_bidisperse_size_ratio_1_808081_num_81.data,3197.108275413513,1.808081,81,True
training,raw_simulation_files,rotating_drum_bidisperse_size_ratio_1_808081_num_81.ene,.ene,136402,bidisperse_mixtures/rotating_drum_bidisperse_size_ratio_1_808081_num_81.ene,0.1300830841064453,1.808081,81,True
training,raw_simulation_files,rotating_drum_bidisperse_size_ratio_1_808081_num_81.restart,.restart,19375902,bidisperse_mixtures/rotating_drum_bidisperse_size_ratio_1_808081_num_81.restart,18.478300094604492,1.808081,81,True
training,raw_simulation_files,rotating_drum_bidisperse_size_ratio_1_808081_num_81.txt,.txt,7,bidisperse_mixtures/rotating_drum_bidisperse_size_ratio_1_808081_num_81.txt,6.67572021484375e-06,1.808081,81,True
training,raw_simulation_files,rotating_drum_bidisperse_size_ratio_1_808081_num_81.xballs,.xballs,341,bidisperse_mixtures/rotating_drum_bidisperse_size_ratio_1_808081_num_81.xballs,0.00032520294189453125,1.808081,81,True
training,raw_simulation_files,rotating_drum_bidisperse_size_ratio_1_818182_num_82.data,.data,3380624551,bidisperse_mixtures/rotating_drum_bidisperse_size_ratio_1_818182_num_82.data,3224.014807701111,1.818182,82,True
training,raw_simulation_files,rotating_drum_bidisperse_size_ratio_1_818182_num_82.ene,.ene,136402,bidisperse_mixtures/rotating_drum_bidisperse_size_ratio_1_818182_num_82.ene,0.1300830841064453,1.818182,82,True
training,raw_simulation_files,rotating_drum_bidisperse_size_ratio_1_818182_num_82.restart,.restart,19335570,bidisperse_mixtures/rotating_drum_bidisperse_size_ratio_1_818182_num_82.restart,18.439836502075195,1.818182,82,True
training,raw_simulation_files,rotating_drum_bidisperse_size_ratio_1_818182_num_82.txt,.txt,7,bidisperse_mixtures/rotating_drum_bidisperse_size_ratio_1_818182_num_82.txt,6.67572021484375e-06,1.818182,82,True
training,raw_simulation_files,rotating_drum_bidisperse_size_ratio_1_818182_num_82.xballs,.xballs,273,bidisperse_mixtures/rotating_drum_bidisperse_size_ratio_1_818182_num_82.xballs,0.00026035308837890625,1.818182,82,True
training,raw_simulation_files,rotating_drum_bidisperse_size_ratio_1_828283_num_83.data,.data,3408668504,bidisperse_mixtures/rotating_drum_bidisperse_size_ratio_1_828283_num_83.data,3250.759605407715,1.828283,83,True
training,raw_simulation_files,rotating_drum_bidisperse_size_ratio_1_828283_num_83.ene,.ene,136402,bidisperse_mixtures/rotating_drum_bidisperse_size_ratio_1_828283_num_83.ene,0.1300830841064453,1.828283,83,True
training,raw_simulation_files,rotating_drum_bidisperse_size_ratio_1_828283_num_83.restart,.restart,19535463,bidisperse_mixtures/rotating_drum_bidisperse_size_ratio_1_828283_num_83.restart,18.63046932220459,1.828283,83,True
training,raw_simulation_files,rotating_drum_bidisperse_size_ratio_1_828283_num_83.txt,.txt,7,bidisperse_mixtures/rotating_drum_bidisperse_size_ratio_1_828283_num_83.txt,6.67572021484375e-06,1.828283,83,True
training,raw_simulation_files,rotating_drum_bidisperse_size_ratio_1_828283_num_83.xballs,.xballs,273,bidisperse_mixtures/rotating_drum_bidisperse_size_ratio_1_828283_num_83.xballs,0.00026035308837890625,1.828283,83,True
training,raw_simulation_files,rotating_drum_bidisperse_size_ratio_1_838384_num_84.data,.data,3437424513,bidisperse_mixtures/rotating_drum_bidisperse_size_ratio_1_838384_num_84.data,3278.183472633362,1.838384,84,True
training,raw_simulation_files,rotating_drum_bidisperse_size_ratio_1_838384_num_84.ene,.ene,136402,bidisperse_mixtures/rotating_drum_bidisperse_size_ratio_1_838384_num_84.ene,0.1300830841064453,1.838384,84,True
training,raw_simulation_files,rotating_drum_bidisperse_size_ratio_1_838384_num_84.restart,.restart,19876574,bidisperse_mixtures/rotating_drum_bidisperse_size_ratio_1_838384_num_84.restart,18.955778121948242,1.838384,84,True
training,raw_simulation_files,rotating_drum_bidisperse_size_ratio_1_838384_num_84.txt,.txt,7,bidisperse_mixtures/rotating_drum_bidisperse_size_ratio_1_838384_num_84.txt,6.67572021484375e-06,1.838384,84,True
training,raw_simulation_files,rotating_drum_bidisperse_size_ratio_1_838384_num_84.xballs,.xballs,273,bidisperse_mixtures/rotating_drum_bidisperse_size_ratio_1_838384_num_84.xballs,0.00026035308837890625,1.838384,84,True
training,raw_simulation_files,rotating_drum_bidisperse_size_ratio_1_848485_num_85.data,.data,3466144938,bidisperse_mixtures/rotating_drum_bidisperse_size_ratio_1_848485_num_85.data,3305.573404312134,1.848485,85,True
training,raw_simulation_files,rotating_drum_bidisperse_size_ratio_1_848485_num_85.ene,.ene,136402,bidisperse_mixtures/rotating_drum_bidisperse_size_ratio_1_848485_num_85.ene,0.1300830841064453,1.848485,85,True
training,raw_simulation_files,rotating_drum_bidisperse_size_ratio_1_848485_num_85.restart,.restart,19921258,bidisperse_mixtures/rotating_drum_bidisperse_size_ratio_1_848485_num_85.restart,18.99839210510254,1.848485,85,True
training,raw_simulation_files,rotating_drum_bidisperse_size_ratio_1_848485_num_85.txt,.txt,7,bidisperse_mixtures/rotating_drum_bidisperse_size_ratio_1_848485_num_85.txt,6.67572021484375e-06,1.848485,85,True
training,raw_simulation_files,rotating_drum_bidisperse_size_ratio_1_848485_num_85.xballs,.xballs,273,bidisperse_mixtures/rotating_drum_bidisperse_size_ratio_1_848485_num_85.xballs,0.00026035308837890625,1.848485,85,True
training,raw_simulation_files,rotating_drum_bidisperse_size_ratio_1_858586_num_86.data,.data,3495139590,bidisperse_mixtures/rotating_drum_bidisperse_size_ratio_1_858586_num_86.data,3333.224859237671,1.858586,86,True
training,raw_simulation_files,rotating_drum_bidisperse_size_ratio_1_858586_num_86.ene,.ene,136402,bidisperse_mixtures/rotating_drum_bidisperse_size_ratio_1_858586_num_86.ene,0.1300830841064453,1.858586,86,True
training,raw_simulation_files,rotating_drum_bidisperse_size_ratio_1_858586_num_86.restart,.restart,19789740,bidisperse_mixtures/rotating_drum_bidisperse_size_ratio_1_858586_num_86.restart,18.872966766357422,1.858586,86,True
training,raw_simulation_files,rotating_drum_bidisperse_size_ratio_1_858586_num_86.txt,.txt,7,bidisperse_mixtures/rotating_drum_bidisperse_size_ratio_1_858586_num_86.txt,6.67572021484375e-06,1.858586,86,True
training,raw_simulation_files,rotating_drum_bidisperse_size_ratio_1_858586_num_86.xballs,.xballs,273,bidisperse_mixtures/rotating_drum_bidisperse_size_ratio_1_858586_num_86.xballs,0.00026035308837890625,1.858586,86,True
training,raw_simulation_files,rotating_drum_bidisperse_size_ratio_1_868687_num_87.data,.data,3524964537,bidisperse_mixtures/rotating_drum_bidisperse_size_ratio_1_868687_num_87.data,3361.6681451797485,1.868687,87,True
training,raw_simulation_files,rotating_drum_bidisperse_size_ratio_1_868687_num_87.ene,.ene,136402,bidisperse_mixtures/rotating_drum_bidisperse_size_ratio_1_868687_num_87.ene,0.1300830841064453,1.868687,87,True
training,raw_simulation_files,rotating_drum_bidisperse_size_ratio_1_868687_num_87.restart,.restart,19884876,bidisperse_mixtures/rotating_drum_bidisperse_size_ratio_1_868687_num_87.restart,18.963695526123047,1.868687,87,True
training,raw_simulation_files,rotating_drum_bidisperse_size_ratio_1_868687_num_87.txt,.txt,7,bidisperse_mixtures/rotating_drum_bidisperse_size_ratio_1_868687_num_87.txt,6.67572021484375e-06,1.868687,87,True
training,raw_simulation_files,rotating_drum_bidisperse_size_ratio_1_868687_num_87.xballs,.xballs,273,bidisperse_mixtures/rotating_drum_bidisperse_size_ratio_1_868687_num_87.xballs,0.00026035308837890625,1.868687,87,True
training,raw_simulation_files,rotating_drum_bidisperse_size_ratio_1_878788_num_88.data,.data,3554506653,bidisperse_mixtures/rotating_drum_bidisperse_size_ratio_1_878788_num_88.data,3389.8417024612427,1.878788,88,True
training,raw_simulation_files,rotating_drum_bidisperse_size_ratio_1_878788_num_88.ene,.ene,136402,bidisperse_mixtures/rotating_drum_bidisperse_size_ratio_1_878788_num_88.ene,0.1300830841064453,1.878788,88,True
training,raw_simulation_files,rotating_drum_bidisperse_size_ratio_1_878788_num_88.restart,.restart,20592939,bidisperse_mixtures/rotating_drum_bidisperse_size_ratio_1_878788_num_88.restart,19.638957023620605,1.878788,88,True
training,raw_simulation_files,rotating_drum_bidisperse_size_ratio_1_878788_num_88.txt,.txt,7,bidisperse_mixtures/rotating_drum_bidisperse_size_ratio_1_878788_num_88.txt,6.67572021484375e-06,1.878788,88,True
training,raw_simulation_files,rotating_drum_bidisperse_size_ratio_1_878788_num_88.xballs,.xballs,273,bidisperse_mixtures/rotating_drum_bidisperse_size_ratio_1_878788_num_88.xballs,0.00026035308837890625,1.878788,88,True
training,raw_simulation_files,rotating_drum_bidisperse_size_ratio_1_888889_num_89.data,.data,3584405355,bidisperse_mixtures/rotating_drum_bidisperse_size_ratio_1_888889_num_89.data,3418.355326652527,1.888889,89,True
training,raw_simulation_files,rotating_drum_bidisperse_size_ratio_1_888889_num_89.ene,.ene,136402,bidisperse_mixtures/rotating_drum_bidisperse_size_ratio_1_888889_num_89.ene,0.1300830841064453,1.888889,89,True
training,raw_simulation_files,rotating_drum_bidisperse_size_ratio_1_888889_num_89.restart,.restart,20231028,bidisperse_mixtures/rotating_drum_bidisperse_size_ratio_1_888889_num_89.restart,19.293811798095703,1.888889,89,True
training,raw_simulation_files,rotating_drum_bidisperse_size_ratio_1_888889_num_89.txt,.txt,7,bidisperse_mixtures/rotating_drum_bidisperse_size_ratio_1_888889_num_89.txt,6.67572021484375e-06,1.888889,89,True
training,raw_simulation_files,rotating_drum_bidisperse_size_ratio_1_888889_num_89.xballs,.xballs,273,bidisperse_mixtures/rotating_drum_bidisperse_size_ratio_1_888889_num_89.xballs,0.00026035308837890625,1.888889,89,True
training,raw_simulation_files,rotating_drum_bidisperse_size_ratio_1_898990_num_90.data,.data,3615146548,bidisperse_mixtures/rotating_drum_bidisperse_size_ratio_1_898990_num_90.data,3447.6724128723145,1.89899,90,True
training,raw_simulation_files,rotating_drum_bidisperse_size_ratio_1_898990_num_90.ene,.ene,136402,bidisperse_mixtures/rotating_drum_bidisperse_size_ratio_1_898990_num_90.ene,0.1300830841064453,1.89899,90,True
training,raw_simulation_files,rotating_drum_bidisperse_size_ratio_1_898990_num_90.restart,.restart,20180594,bidisperse_mixtures/rotating_drum_bidisperse_size_ratio_1_898990_num_90.restart,19.24571418762207,1.89899,90,True
training,raw_simulation_files,rotating_drum_bidisperse_size_ratio_1_898990_num_90.txt,.txt,7,bidisperse_mixtures/rotating_drum_bidisperse_size_ratio_1_898990_num_90.txt,6.67572021484375e-06,1.89899,90,True
training,raw_simulation_files,rotating_drum_bidisperse_size_ratio_1_898990_num_90.xballs,.xballs,273,bidisperse_mixtures/rotating_drum_bidisperse_size_ratio_1_898990_num_90.xballs,0.00026035308837890625,1.89899,90,True
training,raw_simulation_files,rotating_drum_bidisperse_size_ratio_1_909091_num_91.data,.data,3645311947,bidisperse_mixtures/rotating_drum_bidisperse_size_ratio_1_909091_num_91.data,3476.4403791427612,1.909091,91,True
training,raw_simulation_files,rotating_drum_bidisperse_size_ratio_1_909091_num_91.ene,.ene,136402,bidisperse_mixtures/rotating_drum_bidisperse_size_ratio_1_909091_num_91.ene,0.1300830841064453,1.909091,91,True
training,raw_simulation_files,rotating_drum_bidisperse_size_ratio_1_909091_num_91.restart,.restart,20860490,bidisperse_mixtures/rotating_drum_bidisperse_size_ratio_1_909091_num_91.restart,19.894113540649414,1.909091,91,True
training,raw_simulation_files,rotating_drum_bidisperse_size_ratio_1_909091_num_91.txt,.txt,7,bidisperse_mixtures/rotating_drum_bidisperse_size_ratio_1_909091_num_91.txt,6.67572021484375e-06,1.909091,91,True
training,raw_simulation_files,rotating_drum_bidisperse_size_ratio_1_909091_num_91.xballs,.xballs,273,bidisperse_mixtures/rotating_drum_bidisperse_size_ratio_1_909091_num_91.xballs,0.00026035308837890625,1.909091,91,True
training,raw_simulation_files,rotating_drum_bidisperse_size_ratio_1_919192_num_92.data,.data,3675956003,bidisperse_mixtures/rotating_drum_bidisperse_size_ratio_1_919192_num_92.data,3505.664828300476,1.919192,92,True
training,raw_simulation_files,rotating_drum_bidisperse_size_ratio_1_919192_num_92.ene,.ene,136402,bidisperse_mixtures/rotating_drum_bidisperse_size_ratio_1_919192_num_92.ene,0.1300830841064453,1.919192,92,True
training,raw_simulation_files,rotating_drum_bidisperse_size_ratio_1_919192_num_92.restart,.restart,20836778,bidisperse_mixtures/rotating_drum_bidisperse_size_ratio_1_919192_num_92.restart,19.87150001525879,1.919192,92,True
training,raw_simulation_files,rotating_drum_bidisperse_size_ratio_1_919192_num_92.txt,.txt,7,bidisperse_mixtures/rotating_drum_bidisperse_size_ratio_1_919192_num_92.txt,6.67572021484375e-06,1.919192,92,True
training,raw_simulation_files,rotating_drum_bidisperse_size_ratio_1_919192_num_92.xballs,.xballs,273,bidisperse_mixtures/rotating_drum_bidisperse_size_ratio_1_919192_num_92.xballs,0.00026035308837890625,1.919192,92,True
training,raw_simulation_files,rotating_drum_bidisperse_size_ratio_1_929293_num_93.data,.data,3707340274,bidisperse_mixtures/rotating_drum_bidisperse_size_ratio_1_929293_num_93.data,3535.5952014923096,1.929293,93,True
training,raw_simulation_files,rotating_drum_bidisperse_size_ratio_1_929293_num_93.ene,.ene,136402,bidisperse_mixtures/rotating_drum_bidisperse_size_ratio_1_929293_num_93.ene,0.1300830841064453,1.929293,93,True
training,raw_simulation_files,rotating_drum_bidisperse_size_ratio_1_929293_num_93.restart,.restart,20968387,bidisperse_mixtures/rotating_drum_bidisperse_size_ratio_1_929293_num_93.restart,19.9970121383667,1.929293,93,True
training,raw_simulation_files,rotating_drum_bidisperse_size_ratio_1_929293_num_93.txt,.txt,7,bidisperse_mixtures/rotating_drum_bidisperse_size_ratio_1_929293_num_93.txt,6.67572021484375e-06,1.929293,93,True
training,raw_simulation_files,rotating_drum_bidisperse_size_ratio_1_929293_num_93.xballs,.xballs,273,bidisperse_mixtures/rotating_drum_bidisperse_size_ratio_1_929293_num_93.xballs,0.00026035308837890625,1.929293,93,True
training,raw_simulation_files,rotating_drum_bidisperse_size_ratio_1_939394_num_94.data,.data,3738433298,bidisperse_mixtures/rotating_drum_bidisperse_size_ratio_1_939394_num_94.data,3565.2478199005127,1.939394,94,True
training,raw_simulation_files,rotating_drum_bidisperse_size_ratio_1_939394_num_94.ene,.ene,136402,bidisperse_mixtures/rotating_drum_bidisperse_size_ratio_1_939394_num_94.ene,0.1300830841064453,1.939394,94,True
training,raw_simulation_files,rotating_drum_bidisperse_size_ratio_1_939394_num_94.restart,.restart,21448774,bidisperse_mixtures/rotating_drum_bidisperse_size_ratio_1_939394_num_94.restart,20.45514488220215,1.939394,94,True
training,raw_simulation_files,rotating_drum_bidisperse_size_ratio_1_939394_num_94.txt,.txt,7,bidisperse_mixtures/rotating_drum_bidisperse_size_ratio_1_939394_num_94.txt,6.67572021484375e-06,1.939394,94,True
training,raw_simulation_files,rotating_drum_bidisperse_size_ratio_1_939394_num_94.xballs,.xballs,273,bidisperse_mixtures/rotating_drum_bidisperse_size_ratio_1_939394_num_94.xballs,0.00026035308837890625,1.939394,94,True
training,raw_simulation_files,rotating_drum_bidisperse_size_ratio_1_949495_num_95.data,.data,3770307622,bidisperse_mixtures/rotating_drum_bidisperse_size_ratio_1_949495_num_95.data,3595.645544052124,1.949495,95,True
training,raw_simulation_files,rotating_drum_bidisperse_size_ratio_1_949495_num_95.ene,.ene,136402,bidisperse_mixtures/rotating_drum_bidisperse_size_ratio_1_949495_num_95.ene,0.1300830841064453,1.949495,95,True
training,raw_simulation_files,rotating_drum_bidisperse_size_ratio_1_949495_num_95.restart,.restart,21211504,bidisperse_mixtures/rotating_drum_bidisperse_size_ratio_1_949495_num_95.restart,20.228866577148438,1.949495,95,True
training,raw_simulation_files,rotating_drum_bidisperse_size_ratio_1_949495_num_95.txt,.txt,7,bidisperse_mixtures/rotating_drum_bidisperse_size_ratio_1_949495_num_95.txt,6.67572021484375e-06,1.949495,95,True
training,raw_simulation_files,rotating_drum_bidisperse_size_ratio_1_949495_num_95.xballs,.xballs,273,bidisperse_mixtures/rotating_drum_bidisperse_size_ratio_1_949495_num_95.xballs,0.00026035308837890625,1.949495,95,True
training,raw_simulation_files,rotating_drum_bidisperse_size_ratio_1_959596_num_96.data,.data,3802009216,bidisperse_mixtures/rotating_drum_bidisperse_size_ratio_1_959596_num_96.data,3625.8785400390625,1.959596,96,True
training,raw_simulation_files,rotating_drum_bidisperse_size_ratio_1_959596_num_96.ene,.ene,136402,bidisperse_mixtures/rotating_drum_bidisperse_size_ratio_1_959596_num_96.ene,0.1300830841064453,1.959596,96,True
training,raw_simulation_files,rotating_drum_bidisperse_size_ratio_1_959596_num_96.restart,.restart,21442707,bidisperse_mixtures/rotating_drum_bidisperse_size_ratio_1_959596_num_96.restart,20.44935894012451,1.959596,96,True
training,raw_simulation_files,rotating_drum_bidisperse_size_ratio_1_959596_num_96.txt,.txt,7,bidisperse_mixtures/rotating_drum_bidisperse_size_ratio_1_959596_num_96.txt,6.67572021484375e-06,1.959596,96,True
training,raw_simulation_files,rotating_drum_bidisperse_size_ratio_1_959596_num_96.xballs,.xballs,273,bidisperse_mixtures/rotating_drum_bidisperse_size_ratio_1_959596_num_96.xballs,0.00026035308837890625,1.959596,96,True
training,raw_simulation_files,rotating_drum_bidisperse_size_ratio_1_969697_num_97.data,.data,3834470897,bidisperse_mixtures/rotating_drum_bidisperse_size_ratio_1_969697_num_97.data,3656.8364114761353,1.969697,97,True
training,raw_simulation_files,rotating_drum_bidisperse_size_ratio_1_969697_num_97.ene,.ene,136402,bidisperse_mixtures/rotating_drum_bidisperse_size_ratio_1_969697_num_97.ene,0.1300830841064453,1.969697,97,True
training,raw_simulation_files,rotating_drum_bidisperse_size_ratio_1_969697_num_97.restart,.restart,21740582,bidisperse_mixtures/rotating_drum_bidisperse_size_ratio_1_969697_num_97.restart,20.733434677124023,1.969697,97,True
training,raw_simulation_files,rotating_drum_bidisperse_size_ratio_1_969697_num_97.txt,.txt,7,bidisperse_mixtures/rotating_drum_bidisperse_size_ratio_1_969697_num_97.txt,6.67572021484375e-06,1.969697,97,True
training,raw_simulation_files,rotating_drum_bidisperse_size_ratio_1_969697_num_97.xballs,.xballs,273,bidisperse_mixtures/rotating_drum_bidisperse_size_ratio_1_969697_num_97.xballs,0.00026035308837890625,1.969697,97,True
training,raw_simulation_files,rotating_drum_bidisperse_size_ratio_1_979798_num_98.data,.data,3866620182,bidisperse_mixtures/rotating_drum_bidisperse_size_ratio_1_979798_num_98.data,3687.49635887146,1.979798,98,True
training,raw_simulation_files,rotating_drum_bidisperse_size_ratio_1_979798_num_98.ene,.ene,136402,bidisperse_mixtures/rotating_drum_bidisperse_size_ratio_1_979798_num_98.ene,0.1300830841064453,1.979798,98,True
training,raw_simulation_files,rotating_drum_bidisperse_size_ratio_1_979798_num_98.restart,.restart,21996013,bidisperse_mixtures/rotating_drum_bidisperse_size_ratio_1_979798_num_98.restart,20.97703266143799,1.979798,98,True
training,raw_simulation_files,rotating_drum_bidisperse_size_ratio_1_979798_num_98.txt,.txt,7,bidisperse_mixtures/rotating_drum_bidisperse_size_ratio_1_979798_num_98.txt,6.67572021484375e-06,1.979798,98,True
training,raw_simulation_files,rotating_drum_bidisperse_size_ratio_1_979798_num_98.xballs,.xballs,273,bidisperse_mixtures/rotating_drum_bidisperse_size_ratio_1_979798_num_98.xballs,0.00026035308837890625,1.979798,98,True
training,raw_simulation_files,rotating_drum_bidisperse_size_ratio_1_989899_num_99.data,.data,3899878556,bidisperse_mixtures/rotating_drum_bidisperse_size_ratio_1_989899_num_99.data,3719.2140159606934,1.989899,99,True
training,raw_simulation_files,rotating_drum_bidisperse_size_ratio_1_989899_num_99.ene,.ene,136402,bidisperse_mixtures/rotating_drum_bidisperse_size_ratio_1_989899_num_99.ene,0.1300830841064453,1.989899,99,True
training,raw_simulation_files,rotating_drum_bidisperse_size_ratio_1_989899_num_99.restart,.restart,22254757,bidisperse_mixtures/rotating_drum_bidisperse_size_ratio_1_989899_num_99.restart,21.223790168762207,1.989899,99,True
training,raw_simulation_files,rotating_drum_bidisperse_size_ratio_1_989899_num_99.txt,.txt,6,bidisperse_mixtures/rotating_drum_bidisperse_size_ratio_1_989899_num_99.txt,5.7220458984375e-06,1.989899,99,True
training,raw_simulation_files,rotating_drum_bidisperse_size_ratio_1_989899_num_99.xballs,.xballs,273,bidisperse_mixtures/rotating_drum_bidisperse_size_ratio_1_989899_num_99.xballs,0.00026035308837890625,1.989899,99,True
training,raw_simulation_files,rotating_drum_bidisperse_size_ratio_2.000000_num_100.data,.data,3932817402,bidisperse_mixtures/rotating_drum_bidisperse_size_ratio_2.000000_num_100.data,3750.626947402954,2.0,100,True
training,raw_simulation_files,rotating_drum_bidisperse_size_ratio_2.000000_num_100.ene,.ene,136402,bidisperse_mixtures/rotating_drum_bidisperse_size_ratio_2.000000_num_100.ene,0.1300830841064453,2.0,100,True
training,raw_simulation_files,rotating_drum_bidisperse_size_ratio_2.000000_num_100.restart,.restart,22505432,bidisperse_mixtures/rotating_drum_bidisperse_size_ratio_2.000000_num_100.restart,21.462852478027344,2.0,100,True
training,raw_simulation_files,rotating_drum_bidisperse_size_ratio_2.000000_num_100.txt,.txt,6,bidisperse_mixtures/rotating_drum_bidisperse_size_ratio_2.000000_num_100.txt,5.7220458984375e-06,2.0,100,True
training,raw_simulation_files,rotating_drum_bidisperse_size_ratio_2.000000_num_100.xballs,.xballs,274,bidisperse_mixtures/rotating_drum_bidisperse_size_ratio_2.000000_num_100.xballs,0.0002613067626953125,2.0,100,True
training,raw_simulation_files,slurm-27564.out,.out,54974,bidisperse_mixtures/slurm-27564.out,0.05242729187011719,,,False
training,raw_simulation_files,slurm-27565.out,.out,54482,bidisperse_mixtures/slurm-27565.out,0.05195808410644531,,,False
training,raw_simulation_files,slurm-27566.out,.out,54820,bidisperse_mixtures/slurm-27566.out,0.052280426025390625,,,False
training,raw_simulation_files,slurm-27567.out,.out,54669,bidisperse_mixtures/slurm-27567.out,0.05213642120361328,,,False
training,raw_simulation_files,slurm-27568.out,.out,54366,bidisperse_mixtures/slurm-27568.out,0.05184745788574219,,,False
training,raw_simulation_files,slurm-27569.out,.out,54366,bidisperse_mixtures/slurm-27569.out,0.05184745788574219,,,False
training,raw_simulation_files,slurm-27570.out,.out,54364,bidisperse_mixtures/slurm-27570.out,0.051845550537109375,,,False
training,raw_simulation_files,slurm-27571.out,.out,54582,bidisperse_mixtures/slurm-27571.out,0.05205345153808594,,,False
training,raw_simulation_files,slurm-27572.out,.out,54505,bidisperse_mixtures/slurm-27572.out,0.051980018615722656,,,False
training,raw_simulation_files,slurm-27573.out,.out,54687,bidisperse_mixtures/slurm-27573.out,0.052153587341308594,,,False
training,raw_simulation_files,slurm-27574.out,.out,54741,bidisperse_mixtures/slurm-27574.out,0.05220508575439453,,,False
training,raw_simulation_files,slurm-27575.out,.out,54624,bidisperse_mixtures/slurm-27575.out,0.052093505859375,,,False
training,raw_simulation_files,slurm-27576.out,.out,54152,bidisperse_mixtures/slurm-27576.out,0.05164337158203125,,,False
training,raw_simulation_files,slurm-27577.out,.out,54381,bidisperse_mixtures/slurm-27577.out,0.05186176300048828,,,False
training,raw_simulation_files,slurm-27578.out,.out,54442,bidisperse_mixtures/slurm-27578.out,0.05191993713378906,,,False
training,raw_simulation_files,slurm-27579.out,.out,54314,bidisperse_mixtures/slurm-27579.out,0.05179786682128906,,,False
training,raw_simulation_files,slurm-27580.out,.out,54781,bidisperse_mixtures/slurm-27580.out,0.05224323272705078,,,False
training,raw_simulation_files,slurm-27581.out,.out,54141,bidisperse_mixtures/slurm-27581.out,0.05163288116455078,,,False
training,raw_simulation_files,slurm-27582.out,.out,54908,bidisperse_mixtures/slurm-27582.out,0.052364349365234375,,,False
training,raw_simulation_files,slurm-27583.out,.out,54173,bidisperse_mixtures/slurm-27583.out,0.05166339874267578,,,False
training,raw_simulation_files,slurm-27584.out,.out,55032,bidisperse_mixtures/slurm-27584.out,0.05248260498046875,,,False
training,raw_simulation_files,slurm-27585.out,.out,54342,bidisperse_mixtures/slurm-27585.out,0.05182456970214844,,,False
training,raw_simulation_files,slurm-27586.out,.out,54886,bidisperse_mixtures/slurm-27586.out,0.05234336853027344,,,False
training,raw_simulation_files,slurm-27587.out,.out,54691,bidisperse_mixtures/slurm-27587.out,0.05215740203857422,,,False
training,raw_simulation_files,slurm-27588.out,.out,55099,bidisperse_mixtures/slurm-27588.out,0.05254650115966797,,,False
training,raw_simulation_files,slurm-27589.out,.out,55037,bidisperse_mixtures/slurm-27589.out,0.05248737335205078,,,False
training,raw_simulation_files,slurm-27590.out,.out,54593,bidisperse_mixtures/slurm-27590.out,0.052063941955566406,,,False
training,raw_simulation_files,slurm-27591.out,.out,55171,bidisperse_mixtures/slurm-27591.out,0.05261516571044922,,,False
training,raw_simulation_files,slurm-27592.out,.out,55006,bidisperse_mixtures/slurm-27592.out,0.05245780944824219,,,False
training,raw_simulation_files,slurm-27593.out,.out,54948,bidisperse_mixtures/slurm-27593.out,0.052402496337890625,,,False
training,raw_simulation_files,slurm-27594.out,.out,55170,bidisperse_mixtures/slurm-27594.out,0.05261421203613281,,,False
training,raw_simulation_files,slurm-27595.out,.out,54731,bidisperse_mixtures/slurm-27595.out,0.05219554901123047,,,False
training,raw_simulation_files,slurm-27596.out,.out,55362,bidisperse_mixtures/slurm-27596.out,0.05279731750488281,,,False
training,raw_simulation_files,slurm-27597.out,.out,53057,bidisperse_mixtures/slurm-27597.out,0.050599098205566406,,,False
training,raw_simulation_files,slurm-27598.out,.out,55285,bidisperse_mixtures/slurm-27598.out,0.05272388458251953,,,False
training,raw_simulation_files,slurm-27599.out,.out,55090,bidisperse_mixtures/slurm-27599.out,0.05253791809082031,,,False
training,raw_simulation_files,slurm-27600.out,.out,54844,bidisperse_mixtures/slurm-27600.out,0.052303314208984375,,,False
training,raw_simulation_files,slurm-27601.out,.out,55334,bidisperse_mixtures/slurm-27601.out,0.05277061462402344,,,False
training,raw_simulation_files,slurm-27602.out,.out,55212,bidisperse_mixtures/slurm-27602.out,0.052654266357421875,,,False
training,raw_simulation_files,slurm-27603.out,.out,55104,bidisperse_mixtures/slurm-27603.out,0.05255126953125,,,False
training,raw_simulation_files,slurm-27604.out,.out,55314,bidisperse_mixtures/slurm-27604.out,0.05275154113769531,,,False
training,raw_simulation_files,slurm-27605.out,.out,54579,bidisperse_mixtures/slurm-27605.out,0.05205059051513672,,,False
training,raw_simulation_files,slurm-27606.out,.out,55590,bidisperse_mixtures/slurm-27606.out,0.05301475524902344,,,False
training,raw_simulation_files,slurm-27607.out,.out,54816,bidisperse_mixtures/slurm-27607.out,0.052276611328125,,,False
training,raw_simulation_files,slurm-27608.out,.out,54937,bidisperse_mixtures/slurm-27608.out,0.052392005920410156,,,False
training,raw_simulation_files,slurm-27609.out,.out,55252,bidisperse_mixtures/slurm-27609.out,0.052692413330078125,,,False
training,raw_simulation_files,slurm-27610.out,.out,55392,bidisperse_mixtures/slurm-27610.out,0.052825927734375,,,False
training,raw_simulation_files,slurm-27611.out,.out,55369,bidisperse_mixtures/slurm-27611.out,0.052803993225097656,,,False
training,raw_simulation_files,slurm-27612.out,.out,55311,bidisperse_mixtures/slurm-27612.out,0.052748680114746094,,,False
training,raw_simulation_files,slurm-27613.out,.out,55704,bidisperse_mixtures/slurm-27613.out,0.05312347412109375,,,False
training,raw_simulation_files,slurm-27614.out,.out,55375,bidisperse_mixtures/slurm-27614.out,0.052809715270996094,,,False
training,raw_simulation_files,slurm-27615.out,.out,55025,bidisperse_mixtures/slurm-27615.out,0.052475929260253906,,,False
training,raw_simulation_files,slurm-27616.out,.out,55462,bidisperse_mixtures/slurm-27616.out,0.05289268493652344,,,False
training,raw_simulation_files,slurm-27617.out,.out,55131,bidisperse_mixtures/slurm-27617.out,0.05257701873779297,,,False
training,raw_simulation_files,slurm-27618.out,.out,55639,bidisperse_mixtures/slurm-27618.out,0.053061485290527344,,,False
training,raw_simulation_files,slurm-27619.out,.out,56038,bidisperse_mixtures/slurm-27619.out,0.05344200134277344,,,False
training,raw_simulation_files,slurm-27620.out,.out,55393,bidisperse_mixtures/slurm-27620.out,0.052826881408691406,,,False
training,raw_simulation_files,slurm-27621.out,.out,55662,bidisperse_mixtures/slurm-27621.out,0.05308341979980469,,,False
training,raw_simulation_files,slurm-27622.out,.out,55528,bidisperse_mixtures/slurm-27622.out,0.05295562744140625,,,False
training,raw_simulation_files,slurm-27623.out,.out,55694,bidisperse_mixtures/slurm-27623.out,0.05311393737792969,,,False
training,raw_simulation_files,slurm-27624.out,.out,55338,bidisperse_mixtures/slurm-27624.out,0.05277442932128906,,,False
training,raw_simulation_files,slurm-27625.out,.out,55704,bidisperse_mixtures/slurm-27625.out,0.05312347412109375,,,False
training,raw_simulation_files,slurm-27626.out,.out,55342,bidisperse_mixtures/slurm-27626.out,0.05277824401855469,,,False
training,raw_simulation_files,slurm-27627.out,.out,56096,bidisperse_mixtures/slurm-27627.out,0.053497314453125,,,False
training,raw_simulation_files,slurm-27628.out,.out,55641,bidisperse_mixtures/slurm-27628.out,0.053063392639160156,,,False
training,raw_simulation_files,slurm-27629.out,.out,55654,bidisperse_mixtures/slurm-27629.out,0.05307579040527344,,,False
training,raw_simulation_files,slurm-27630.out,.out,55943,bidisperse_mixtures/slurm-27630.out,0.053351402282714844,,,False
training,raw_simulation_files,slurm-27631.out,.out,57023,bidisperse_mixtures/slurm-27631.out,0.054381370544433594,,,False
training,raw_simulation_files,slurm-27632.out,.out,55913,bidisperse_mixtures/slurm-27632.out,0.053322792053222656,,,False
training,raw_simulation_files,slurm-27633.out,.out,56192,bidisperse_mixtures/slurm-27633.out,0.0535888671875,,,False
training,raw_simulation_files,slurm-27634.out,.out,55596,bidisperse_mixtures/slurm-27634.out,0.053020477294921875,,,False
training,raw_simulation_files,slurm-27635.out,.out,56234,bidisperse_mixtures/slurm-27635.out,0.05362892150878906,,,False
training,raw_simulation_files,slurm-27636.out,.out,56022,bidisperse_mixtures/slurm-27636.out,0.05342674255371094,,,False
training,raw_simulation_files,slurm-27637.out,.out,56274,bidisperse_mixtures/slurm-27637.out,0.05366706848144531,,,False
training,raw_simulation_files,slurm-27638.out,.out,54303,bidisperse_mixtures/slurm-27638.out,0.051787376403808594,,,False
training,raw_simulation_files,slurm-27639.out,.out,56332,bidisperse_mixtures/slurm-27639.out,0.053722381591796875,,,False
training,raw_simulation_files,slurm-27640.out,.out,56267,bidisperse_mixtures/slurm-27640.out,0.05366039276123047,,,False
training,raw_simulation_files,slurm-27641.out,.out,56563,bidisperse_mixtures/slurm-27641.out,0.05394268035888672,,,False
training,raw_simulation_files,slurm-27642.out,.out,56071,bidisperse_mixtures/slurm-27642.out,0.053473472595214844,,,False
training,raw_simulation_files,slurm-27643.out,.out,56497,bidisperse_mixtures/slurm-27643.out,0.053879737854003906,,,False
training,raw_simulation_files,slurm-27644.out,.out,56348,bidisperse_mixtures/slurm-27644.out,0.053737640380859375,,,False
training,raw_simulation_files,slurm-27645.out,.out,56678,bidisperse_mixtures/slurm-27645.out,0.05405235290527344,,,False
training,raw_simulation_files,slurm-27646.out,.out,56411,bidisperse_mixtures/slurm-27646.out,0.05379772186279297,,,False
training,raw_simulation_files,slurm-27647.out,.out,56737,bidisperse_mixtures/slurm-27647.out,0.054108619689941406,,,False
training,raw_simulation_files,slurm-27648.out,.out,56595,bidisperse_mixtures/slurm-27648.out,0.05397319793701172,,,False
training,raw_simulation_files,slurm-27649.out,.out,56840,bidisperse_mixtures/slurm-27649.out,0.05420684814453125,,,False
training,raw_simulation_files,slurm-27650.out,.out,57177,bidisperse_mixtures/slurm-27650.out,0.054528236389160156,,,False
training,raw_simulation_files,slurm-27651.out,.out,53641,bidisperse_mixtures/slurm-27651.out,0.051156044006347656,,,False
training,raw_simulation_files,slurm-27668.out,.out,56922,bidisperse_mixtures/slurm-27668.out,0.05428504943847656,,,False
training,raw_simulation_files,slurm-27670.out,.out,57266,bidisperse_mixtures/slurm-27670.out,0.05461311340332031,,,False
training,raw_simulation_files,slurm-27756.out,.out,57658,bidisperse_mixtures/slurm-27756.out,0.05498695373535156,,,False
training,raw_simulation_files,slurm-27757.out,.out,56979,bidisperse_mixtures/slurm-27757.out,0.05433940887451172,,,False
training,raw_simulation_files,slurm-27758.out,.out,58450,bidisperse_mixtures/slurm-27758.out,0.05574226379394531,,,False
training,raw_simulation_files,slurm-27759.out,.out,57524,bidisperse_mixtures/slurm-27759.out,0.054859161376953125,,,False
training,raw_simulation_files,slurm-27760.out,.out,57141,bidisperse_mixtures/slurm-27760.out,0.05449390411376953,,,False
training,raw_simulation_files,slurm-27761.out,.out,56966,bidisperse_mixtures/slurm-27761.out,0.05432701110839844,,,False
training,raw_simulation_files,slurm-27762.out,.out,57056,bidisperse_mixtures/slurm-27762.out,0.054412841796875,,,False
training,raw_simulation_files,slurm-27763.out,.out,57508,bidisperse_mixtures/slurm-27763.out,0.054843902587890625,,,False
training,raw_simulation_files,slurm-27764.out,.out,57315,bidisperse_mixtures/slurm-27764.out,0.05465984344482422,,,False
training,raw_simulation_files,slurm-27765.out,.out,57810,bidisperse_mixtures/slurm-27765.out,0.05513191223144531,,,False
training,raw_simulation_files,slurm-27766.out,.out,551,bidisperse_mixtures/slurm-27766.out,0.0005254745483398438,,,False
training,raw_simulation_files,xballs.txt,.txt,13983,bidisperse_mixtures/xballs.txt,0.013335227966308594,,,False
