model,rank,method,evaluation_role,case_index,source_index,simulation_number,size_ratio,truth_norm,projection_error_percent,coefficient_error_percent,rom_error_percent,pythagorean_residual,integral_error_percent,minimum_prediction,maximum_prediction,fraction_phi_lt_threshold_percent,fraction_phi_gt_one_percent,filename
validation_selected_rank,6,frozen_nn,fitting,0,0,1,1.0,12.534418235102383,0.6124280116773605,0.8577058656302178,1.0539105376755482,-3.2526065174565133e-19,0.04285908849751306,-3.07049320756208e-06,0.29319581784296467,0.0,0.0,rotating_drum_bidisperse_size_ratio_1_000000_num_1.stat
validation_selected_rank,6,frozen_nn,fitting,1,1,2,1.010101,12.524596526960545,0.9105354575241453,1.0582637167975741,1.3960647956663486,2.846030702774449e-19,0.027655182997572393,-2.454230447841668e-06,0.29928192878607845,0.0,0.0,rotating_drum_bidisperse_size_ratio_1_010101_num_2.stat
validation_selected_rank,6,frozen_nn,fitting,2,2,3,1.020202,12.554494000906189,0.592946125749577,1.0914553293724678,1.24211909415201,1.4907779871675686e-18,0.013390844907438706,-1.938178057278174e-06,0.3067243157327667,0.0,0.0,rotating_drum_bidisperse_size_ratio_1_020202_num_3.stat
validation_selected_rank,6,frozen_nn,fitting,3,3,4,1.030303,12.539806988972247,0.5922620909902053,1.5598044477906914,1.6684616566681367,6.993104012531504e-18,-0.005220942951171236,-1.4361963469461493e-06,0.31573159573393395,0.0,0.0,rotating_drum_bidisperse_size_ratio_1_030303_num_4.stat
validation_selected_rank,6,frozen_nn,fitting,4,4,5,1.040404,12.590767314087513,0.6625982524553792,0.6925372728593364,0.9584593462721126,-3.9302328752599536e-19,-0.018769619058833908,-9.479162192918133e-07,0.3251574513112736,0.0,0.0,rotating_drum_bidisperse_size_ratio_1_040404_num_5.stat
validation_selected_rank,6,frozen_nn,fitting,5,6,7,1.060606,12.627659554902852,0.8412934606039755,0.6303888890209327,1.0512682047204034,1.0842021724855044e-19,-0.018638443222660308,-3.9662683480397993e-07,0.3446580459094824,0.0,0.0,rotating_drum_bidisperse_size_ratio_1_060606_num_7.stat
validation_selected_rank,6,frozen_nn,fitting,6,7,8,1.070707,12.672868783094982,0.5036708833710044,0.9506598353927014,1.075843149062438,-2.2632720350634905e-18,-0.02874292394375093,-4.762647165456748e-07,0.35423204609467274,0.0,0.0,rotating_drum_bidisperse_size_ratio_1_070707_num_8.stat
validation_selected_rank,6,frozen_nn,fitting,7,9,10,1.090909,12.723670047354258,0.45887632108415977,0.7814169676285969,0.9061898009521033,8.131516293641283e-19,-0.02072290271537452,-5.962377752187617e-07,0.37313908643893595,0.0,0.0,rotating_drum_bidisperse_size_ratio_1_090909_num_10.stat
validation_selected_rank,6,frozen_nn,fitting,8,10,11,1.10101,12.762901664468703,0.6457846038043286,0.33722766092900536,0.7285329435285345,-1.1045309632196076e-18,-0.014901330866123573,-7.98731382935523e-07,0.38240980279255343,0.0,0.0,rotating_drum_bidisperse_size_ratio_1_101010_num_11.stat
validation_selected_rank,6,frozen_nn,fitting,9,11,12,1.111111,12.822783290795366,0.7278307320640548,0.8652230288696737,1.1306407317195428,-7.318364664277155e-19,-0.012486583507224501,-1.0385057232488117e-06,0.39148795097117134,0.0,0.0,rotating_drum_bidisperse_size_ratio_1_111111_num_12.stat
validation_selected_rank,6,frozen_nn,fitting,10,12,13,1.121212,12.857572791713086,0.8808729646721037,1.2017682134072345,1.490028193909842,-1.1926223897340549e-18,-0.008945018847208195,-1.255388597824193e-06,0.4002837030769348,0.0,0.0,rotating_drum_bidisperse_size_ratio_1_121212_num_13.stat
validation_selected_rank,6,frozen_nn,fitting,11,13,14,1.131313,12.862207109867983,0.6000761679028767,0.39263232083757965,0.7171133429600461,2.727446090158847e-18,0.004029407429273314,-1.4445904372721011e-06,0.408775210892413,0.0,0.0,rotating_drum_bidisperse_size_ratio_1_131313_num_14.stat
validation_selected_rank,6,frozen_nn,fitting,12,14,15,1.141414,12.879957259964085,0.722133160500708,1.171211377266312,1.375940548037165,2.1141942363467336e-18,0.0009994923765843226,-1.601672450857717e-06,0.41694179668591197,0.0,0.0,rotating_drum_bidisperse_size_ratio_1_141414_num_15.stat
validation_selected_rank,6,frozen_nn,fitting,13,15,16,1.151515,12.991081996788521,0.4822133619459876,0.8880167950020856,1.0104966871024368,-2.8324781756183803e-18,0.004439834735883755,-1.722604140542278e-06,0.4247642861852969,0.0,0.0,rotating_drum_bidisperse_size_ratio_1_151515_num_16.stat
validation_selected_rank,6,frozen_nn,fitting,14,16,17,1.161616,12.984597574060377,0.6190888462107866,0.9109867054397652,1.1014389574509382,9.0801931945661e-19,0.004997337845703985,-1.8038207339626283e-06,0.4322253455129453,0.0,0.0,rotating_drum_bidisperse_size_ratio_1_161616_num_17.stat
validation_selected_rank,6,frozen_nn,fitting,15,17,18,1.171717,13.069509737471007,0.6126133923753069,0.760633735471371,0.9766569756340833,1.0842021724855044e-19,0.010607759900031004,-1.8422792711465793e-06,0.4393098142347965,0.0,0.0,rotating_drum_bidisperse_size_ratio_1_171717_num_18.stat
validation_selected_rank,6,frozen_nn,fitting,16,18,19,1.181818,13.113126310068756,0.6749288788634847,0.286482229514705,0.7332128335972027,2.642742795433417e-19,0.014836935741523314,-1.835511779301729e-06,0.44600502556814425,0.0,0.0,rotating_drum_bidisperse_size_ratio_1_181818_num_19.stat
validation_selected_rank,6,frozen_nn,fitting,17,19,20,1.191919,13.193589080137826,0.764393136205306,1.0641768610497166,1.310255417188329,-4.946672411965114e-18,0.014016156999322241,-1.781673701063404e-06,0.4523011038061991,0.0,0.0,rotating_drum_bidisperse_size_ratio_1_191919_num_20.stat
validation_selected_rank,6,frozen_nn,fitting,18,20,21,1.20202,13.190163774841318,0.5944376368496735,0.8883286067076683,1.068870346486721,3.1712913545201005e-18,0.01054530671910383,-1.6795855252990514e-06,0.4581912282482557,0.0,0.0,rotating_drum_bidisperse_size_ratio_1_202020_num_21.stat
validation_selected_rank,6,frozen_nn,fitting,19,21,22,1.212121,13.207088409426541,0.660101996558756,1.4079910677078655,1.5550477460856353,2.303929616531697e-18,0.014609233104087915,-1.600138806577471e-06,0.4636718524809396,0.0,0.0,rotating_drum_bidisperse_size_ratio_1_212121_num_22.stat
validation_selected_rank,6,frozen_nn,fitting,20,22,23,1.222222,13.340951901053115,0.5908439924109977,0.9755891495121392,1.1405572375001445,-2.4936649967166602e-18,0.011011663332537603,-1.5009403210448457e-06,0.4687428678532413,0.0,0.0,rotating_drum_bidisperse_size_ratio_1_222222_num_23.stat
validation_selected_rank,6,frozen_nn,fitting,21,23,24,1.232323,13.32410511045792,0.5263342283946864,1.217248034831681,1.326167598111744,5.339695699491109e-18,0.014281308981244724,-1.3613947719033102e-06,0.47340770053718223,0.0,0.0,rotating_drum_bidisperse_size_ratio_1_232323_num_24.stat
validation_selected_rank,6,frozen_nn,fitting,22,24,25,1.242424,13.43435615998512,0.5646509006012318,0.33474836063416624,0.6564199147626786,-1.8634724839594607e-19,0.0018023053029722037,-1.219063151075334e-06,0.47779073888122736,0.0,0.0,rotating_drum_bidisperse_size_ratio_1_242424_num_25.stat
validation_selected_rank,6,frozen_nn,fitting,23,25,26,1.252525,13.44689779541386,0.49158622574170163,0.3185147016912139,0.5857547545965243,2.019326546254252e-18,0.007634473530735689,-1.062741520760181e-06,0.4818849120404761,0.0,0.0,rotating_drum_bidisperse_size_ratio_1_252525_num_26.stat
validation_selected_rank,6,frozen_nn,fitting,24,26,27,1.262626,13.578453961834699,0.5453420210989339,1.164745677579629,1.2860911372902921,-6.2341624917916505e-18,-0.0006741777485850246,-8.730507760917542e-07,0.4856240539775509,0.0,0.0,rotating_drum_bidisperse_size_ratio_1_262626_num_27.stat
validation_selected_rank,6,frozen_nn,fitting,25,27,28,1.272727,13.526468346617014,0.6391856505687638,0.7729980731429301,1.0030375451476017,3.0696474008495844e-18,-0.0011953130869665567,-6.514768228737744e-07,0.48902267299841506,0.0,0.0,rotating_drum_bidisperse_size_ratio_1_272727_num_28.stat
validation_selected_rank,6,frozen_nn,fitting,26,29,30,1.292929,13.687821896707566,0.5456622486500221,0.7065807858336796,0.8927506351222093,-3.042542346537447e-18,0.004379309907147948,-3.31442521889009e-07,0.49486888417311026,0.0,0.0,rotating_drum_bidisperse_size_ratio_1_292929_num_30.stat
validation_selected_rank,6,frozen_nn,fitting,27,30,31,1.30303,13.76195028743179,0.6587324303307338,0.7831417769890331,1.0233471833326766,-5.271933063710765e-18,0.004432026382848103,-3.5792972601006454e-07,0.4973568471431385,0.0,0.0,rotating_drum_bidisperse_size_ratio_1_303030_num_31.stat
validation_selected_rank,6,frozen_nn,fitting,28,32,33,1.323232,13.8560714405087,0.4806708976457209,0.8883952463042664,1.010094364650916,-2.358139725155972e-18,0.001016810804647716,-3.8688950324421785e-07,0.501786443758611,0.0,0.0,rotating_drum_bidisperse_size_ratio_1_323232_num_33.stat
validation_selected_rank,6,frozen_nn,fitting,29,33,34,1.333333,13.816382747531229,0.5964808839385023,0.8481450048798396,1.0368892873430269,5.000882520589389e-18,-0.005534915555078473,-3.917471132432742e-07,0.5036899677423633,0.0,0.0,rotating_drum_bidisperse_size_ratio_1_333333_num_34.stat
validation_selected_rank,6,frozen_nn,fitting,30,34,35,1.343434,13.85398380996654,0.7313027077804889,0.8947999541098293,1.1556256350056,6.844026213814747e-18,-0.003628374156755279,-3.918058559019257e-07,0.505545150151875,0.0,0.0,rotating_drum_bidisperse_size_ratio_1_343434_num_35.stat
validation_selected_rank,6,frozen_nn,fitting,31,35,36,1.353535,13.973012279188808,0.5315615051668354,0.7930596427711073,0.9547257358883097,6.505213034913027e-19,-0.005249653574429047,-3.8823943137267993e-07,0.5074050747439044,0.0,0.0,rotating_drum_bidisperse_size_ratio_1_353535_num_36.stat
validation_selected_rank,6,frozen_nn,fitting,32,36,37,1.363636,13.992362119036713,0.3767890375346356,0.3100573053304012,0.48796056336042104,-7.250602028496811e-19,-0.0007261931132967222,-3.821493156060742e-07,0.5091098542366449,0.0,0.0,rotating_drum_bidisperse_size_ratio_1_363636_num_37.stat
validation_selected_rank,6,frozen_nn,fitting,33,38,39,1.383838,14.064538571547207,0.5037302965043988,0.43891775666347377,0.6681264915649672,6.301925127571995e-19,-0.0073110388072173925,-3.6627425588761333e-07,0.5121184368173903,0.0,0.0,rotating_drum_bidisperse_size_ratio_1_383838_num_39.stat
validation_selected_rank,6,frozen_nn,fitting,34,39,40,1.393939,14.127612610326192,0.5099476509085624,0.4314698416760724,0.6679916398751731,-1.311207002349657e-18,-0.002279699982709779,-3.5809979187211417e-07,0.5134508782923386,0.0,0.0,rotating_drum_bidisperse_size_ratio_1_393939_num_40.stat
validation_selected_rank,6,frozen_nn,fitting,35,41,42,1.414141,14.180824613446363,0.47864762101539043,0.3304893614241394,0.5816586310871931,-8.809142651444724e-20,-0.0036688832643700492,-3.4494253190076553e-07,0.5160539796840118,0.0,0.0,rotating_drum_bidisperse_size_ratio_1_414141_num_42.stat
validation_selected_rank,6,frozen_nn,fitting,36,43,44,1.434343,14.271671154838023,0.37781325883396694,0.6706387682926733,0.7697397067112094,2.642742795433417e-19,-0.001270917350959166,-3.403951599798792e-07,0.5185943295636182,0.0,0.0,rotating_drum_bidisperse_size_ratio_1_434343_num_44.stat
validation_selected_rank,6,frozen_nn,fitting,37,44,45,1.444444,14.311603392528514,0.48053746349896914,0.6246259462671506,0.7880823729637217,-2.5953089503871762e-18,0.0014921076319464647,-3.403965692363761e-07,0.5198195672514776,0.0,0.0,rotating_drum_bidisperse_size_ratio_1_444444_num_45.stat
validation_selected_rank,6,frozen_nn,fitting,38,45,46,1.454545,14.328437170385776,0.5687430779368575,0.16154828811941108,0.5912415226414678,-1.3637230450794235e-19,-0.008741617426389328,-3.4181223415620957e-07,0.5209842526367224,0.0,0.0,rotating_drum_bidisperse_size_ratio_1_454545_num_46.stat
validation_selected_rank,6,frozen_nn,fitting,39,46,47,1.464646,14.332915229639472,0.6350969931847406,0.7322381539252268,0.9692888655174696,2.066760391300493e-18,-0.00430813268474206,-3.4444118729248243e-07,0.5220696651267226,0.0,0.0,rotating_drum_bidisperse_size_ratio_1_464646_num_47.stat
validation_selected_rank,6,frozen_nn,fitting,40,47,48,1.474747,14.43970357930931,0.510788693003325,0.7099019692054823,0.8745661180161405,-4.472333961502706e-18,0.0005260108974312368,-3.4800886472419465e-07,0.5230791843383199,0.0,0.0,rotating_drum_bidisperse_size_ratio_1_474747_num_48.stat
validation_selected_rank,6,frozen_nn,fitting,41,48,49,1.484848,14.45919299466417,0.49425699273120693,0.7347339245858636,0.8855077158336812,-5.834362940687621e-18,-0.004763436854911715,-3.5218884683507785e-07,0.5240157487802558,0.0,0.0,rotating_drum_bidisperse_size_ratio_1_484848_num_49.stat
validation_selected_rank,6,frozen_nn,fitting,42,49,50,1.494949,14.496522732812947,0.45923336837382656,0.6207412127004768,0.7721495579049429,-3.0357660829594124e-18,-0.0015263488603259692,-3.566237470518171e-07,0.5248819902244246,0.0,0.0,rotating_drum_bidisperse_size_ratio_1_494949_num_50.stat
validation_selected_rank,6,frozen_nn,fitting,43,50,51,1.505051,14.437176438141057,0.6805827051493069,0.7523939165743024,1.014539020563719,2.3649159887340065e-18,0.0015535301294617432,-3.609448653072983e-07,0.5257612518620612,0.0,0.0,rotating_drum_bidisperse_size_ratio_1_505051_num_51.stat
validation_selected_rank,6,frozen_nn,fitting,44,52,53,1.525253,14.490636987618782,0.6329719952024632,0.6308742948896751,0.8936755130712619,5.129631528572043e-18,0.002898412913475565,-3.6780788396563223e-07,0.5273260027811077,0.0,0.0,rotating_drum_bidisperse_size_ratio_1_525253_num_53.stat
validation_selected_rank,6,frozen_nn,fitting,45,54,55,1.545455,14.566722001536746,0.39458539346639904,0.7512366554068244,0.8485600421678379,1.802486111757151e-18,0.008860791875463365,-3.7016995963144294e-07,0.5286325094243195,0.0,0.0,rotating_drum_bidisperse_size_ratio_1_545455_num_55.stat
validation_selected_rank,6,frozen_nn,fitting,46,55,56,1.555556,14.616573688255107,0.40170392640243135,0.5743707963754169,0.7009050265307426,3.3881317890172014e-20,0.011773698461862502,-3.6901118964960896e-07,0.5291965161763109,0.0,0.0,rotating_drum_bidisperse_size_ratio_1_555556_num_56.stat
validation_selected_rank,6,frozen_nn,fitting,47,56,57,1.565657,14.574785305263717,0.549667745852404,1.2771865756960816,1.3904460363382782,8.321251673826247e-18,0.010151190612964643,-3.660385446837302e-07,0.529705283487032,0.0,0.0,rotating_drum_bidisperse_size_ratio_1_565657_num_57.stat
validation_selected_rank,6,frozen_nn,fitting,48,57,58,1.575758,14.666399297225942,0.37746841853413704,0.35855654822290955,0.5206200200378237,-6.2002811739014785e-19,0.013187604130297832,-3.6112399991704085e-07,0.5302144252056838,0.0,0.0,rotating_drum_bidisperse_size_ratio_1_575758_num_58.stat
validation_selected_rank,6,frozen_nn,fitting,49,58,59,1.585859,14.668222685131505,0.49662934930152103,0.2709263645991283,0.5657223750414735,1.3637230450794235e-18,0.01362682490413193,-3.541888772272841e-07,0.5307046006507987,0.0,0.0,rotating_drum_bidisperse_size_ratio_1_585859_num_59.stat
validation_selected_rank,6,frozen_nn,fitting,50,59,60,1.59596,14.711173772451778,0.4999467048078276,0.41921747052389124,0.6524492280941487,-4.1335207826009857e-19,0.013692163225264807,-3.452014181081647e-07,0.5311477348273906,0.0,0.0,rotating_drum_bidisperse_size_ratio_1_595960_num_60.stat
validation_selected_rank,6,frozen_nn,fitting,51,60,61,1.606061,14.728207176255644,0.4139170995743525,0.5619196920258537,0.6979119612146486,2.439454888092385e-19,0.014416002866751668,-3.341731378831117e-07,0.5315738919792911,0.0,0.0,rotating_drum_bidisperse_size_ratio_1_606061_num_61.stat
validation_selected_rank,6,frozen_nn,fitting,52,61,62,1.616162,14.78004627167974,0.4666946899900294,0.5678907957936327,0.7350536644436266,-1.145188544687814e-18,0.011907934482359593,-3.211543015373339e-07,0.5319595751444102,0.0,0.0,rotating_drum_bidisperse_size_ratio_1_616162_num_62.stat
validation_selected_rank,6,frozen_nn,fitting,53,62,63,1.626263,14.756747418174106,0.4707460718697839,0.4692222017117885,0.6646588137985606,1.9583401740519424e-18,0.013682039224607364,-3.0622883272781074e-07,0.5323082999818747,0.0,0.0,rotating_drum_bidisperse_size_ratio_1_626263_num_63.stat
validation_selected_rank,6,frozen_nn,fitting,54,63,64,1.636364,14.806979498821997,0.4469204764639156,0.3217653330190161,0.550700319425695,-9.181837148236616e-19,0.011963480272395022,-2.8950893073550945e-07,0.5326234739425869,0.0,0.0,rotating_drum_bidisperse_size_ratio_1_636364_num_64.stat
validation_selected_rank,6,frozen_nn,fitting,55,64,65,1.646465,14.839020869680658,0.5374721202166804,0.6812349217680442,0.8677311211697424,-2.9070170749767588e-18,0.016154964398275656,-2.711296289209227e-07,0.532908375590128,0.0,0.0,rotating_drum_bidisperse_size_ratio_1_646465_num_65.stat
validation_selected_rank,6,frozen_nn,fitting,56,66,67,1.666667,14.882769306071474,0.5722861103220294,0.7120763594373117,0.9135448175853237,-1.111307226797642e-18,0.009565367769218219,-2.3001555666709442e-07,0.5334743641790963,0.0,0.0,rotating_drum_bidisperse_size_ratio_1_666667_num_67.stat
validation_selected_rank,6,frozen_nn,fitting,57,67,68,1.676768,14.89146799241066,0.43821974579795564,0.4672763150230013,0.6406119731855487,-1.7787691892340307e-18,0.009107568695796977,-2.0761875976538567e-07,0.5337511046841721,0.0,0.0,rotating_drum_bidisperse_size_ratio_1_676768_num_68.stat
validation_selected_rank,6,frozen_nn,fitting,58,68,69,1.686869,14.863228553128508,0.41840493204271495,0.4057421188695891,0.5828287520211002,2.036267205199338e-18,0.005569368297801424,-1.842297054035577e-07,0.534007027168228,0.0,0.0,rotating_drum_bidisperse_size_ratio_1_686869_num_69.stat
validation_selected_rank,6,frozen_nn,fitting,59,69,70,1.69697,14.896806159654549,0.35887751068914414,0.3909948877902284,0.5307259838716549,6.06475590234079e-19,0.0013594889617347472,-1.6002503852904085e-07,0.5342444802329177,0.0,0.0,rotating_drum_bidisperse_size_ratio_1_696970_num_70.stat
validation_selected_rank,6,frozen_nn,fitting,60,70,71,1.707071,14.947414820003644,0.39074918180038887,0.4857158385792277,0.6233817441378765,-1.4772254600114998e-18,0.00035424198918101616,-1.351783089782466e-07,0.5344656320977447,0.0,0.0,rotating_drum_bidisperse_size_ratio_1_707071_num_71.stat
validation_selected_rank,6,frozen_nn,fitting,61,71,72,1.717172,14.928758869795994,0.4648405546960996,0.40312442800365944,0.6152934631080279,1.4907779871675686e-18,0.0016641141708826999,-1.1023207808022413e-07,0.5346724736012352,0.0,0.0,rotating_drum_bidisperse_size_ratio_1_717172_num_72.stat
validation_selected_rank,6,frozen_nn,fitting,62,72,73,1.727273,14.952832288547768,0.45327702376863144,0.26169470001676404,0.523396767561106,1.7702988597614877e-19,-0.006807918803301247,-8.596441684250797e-08,0.5348668229433523,0.0,0.0,rotating_drum_bidisperse_size_ratio_1_727273_num_73.stat
validation_selected_rank,6,frozen_nn,fitting,63,73,74,1.737374,15.02910789652686,0.44071498349718163,0.7756409809261321,0.8921034850122186,-2.778268066994105e-18,-0.007519444305165922,-6.13861572854094e-08,0.5350503318677157,0.0,0.0,rotating_drum_bidisperse_size_ratio_1_737374_num_74.stat
validation_selected_rank,6,frozen_nn,fitting,64,74,75,1.747475,14.981514028253443,0.32204461419092667,0.17100529256697422,0.3646306948342479,7.195544886925281e-19,-0.01246076551487054,-4.6855785152244624e-08,0.5352501710018432,0.0,0.0,rotating_drum_bidisperse_size_ratio_1_747475_num_75.stat
validation_selected_rank,6,frozen_nn,fitting,65,75,76,1.757576,15.057652890629452,0.33493613775054154,0.8157398492554143,0.8818240856511278,-4.811147140404426e-18,-0.01204218055212767,-4.072832454308708e-08,0.5354809810784704,0.0,0.0,rotating_drum_bidisperse_size_ratio_1_757576_num_76.stat
validation_selected_rank,6,frozen_nn,fitting,66,76,77,1.767677,14.997236033520513,0.4429903014166557,0.442719562644828,0.626291480301032,1.0672615135404184e-18,-0.016500338403962724,-3.433540195284467e-08,0.5357018596805695,0.0,0.0,rotating_drum_bidisperse_size_ratio_1_767677_num_77.stat
validation_selected_rank,6,frozen_nn,fitting,67,77,78,1.777778,15.06447062570793,0.3828158329379174,0.45851281803509164,0.5973122853670442,-3.130633773051894e-18,-0.01833798811181985,-2.7708161086314177e-08,0.5359138857201698,0.0,0.0,rotating_drum_bidisperse_size_ratio_1_777778_num_78.stat
validation_selected_rank,6,frozen_nn,fitting,68,78,79,1.787879,15.015785745475727,0.4737918178961916,0.7336433347694079,0.873333401031354,3.638853541404474e-18,-0.02270819233495743,-2.0876771280902283e-08,0.5361180305043554,0.0,0.0,rotating_drum_bidisperse_size_ratio_1_787879_num_79.stat
validation_selected_rank,6,frozen_nn,fitting,69,79,80,1.79798,15.078643201973989,0.4116218395744527,0.477636085767607,0.6305305458437777,-5.082197683525802e-19,-0.021598852963132218,-1.5374196002019296e-08,0.5363151655754053,0.0,0.0,rotating_drum_bidisperse_size_ratio_1_797980_num_80.stat
validation_selected_rank,6,frozen_nn,fitting,70,80,81,1.808081,15.127707855158457,0.5492841018458049,0.6613020490763506,0.859670532618792,-5.502326025363935e-18,-0.027755193860524118,-1.2314458819193954e-08,0.5365060702996944,0.0,0.0,rotating_drum_bidisperse_size_ratio_1_808081_num_81.stat
validation_selected_rank,6,frozen_nn,fitting,71,81,82,1.818182,15.084753154633894,0.4520998228911248,0.36872528258693343,0.5833974493233653,8.317863542037229e-19,-0.02692153443445814,-9.132360111263142e-09,0.5366914391562632,0.0,0.0,rotating_drum_bidisperse_size_ratio_1_818182_num_82.stat
validation_selected_rank,6,frozen_nn,fitting,72,82,83,1.828283,15.075005105175546,0.459500775858706,0.6615317716021311,0.8054596500469987,2.676624113323589e-18,-0.02427652580085388,-7.3802209443933325e-09,0.536871888690846,0.0,0.0,rotating_drum_bidisperse_size_ratio_1_828283_num_83.stat
validation_selected_rank,6,frozen_nn,fitting,73,83,84,1.838384,15.104209132500657,0.44456273989654504,0.3863942241306809,0.5890131799424155,2.303929616531697e-19,-0.028806523932629956,-1.7317625571471877e-08,0.5370479641134068,0.0,0.0,rotating_drum_bidisperse_size_ratio_1_838384_num_84.stat
validation_selected_rank,6,frozen_nn,fitting,74,84,85,1.848485,15.121565863426323,0.41812040797552846,0.44212665583950966,0.6085233400367304,7.521652571618187e-19,-0.02845749336722939,-2.7383802471566435e-08,0.5372201455271306,0.0,0.0,rotating_drum_bidisperse_size_ratio_1_848485_num_85.stat
validation_selected_rank,6,frozen_nn,fitting,75,85,86,1.858586,15.09636543763586,0.5743257554732687,0.7362805183932475,0.9337874892958355,5.014435047745458e-18,-0.025091222261533545,-4.025616288332132e-08,0.5373888537846151,0.0,0.0,rotating_drum_bidisperse_size_ratio_1_858586_num_86.stat
validation_selected_rank,6,frozen_nn,fitting,76,86,87,1.868687,15.146583249873807,0.36562410760166986,0.3293083411168512,0.49206195909524053,-3.7608262858090935e-19,-0.026786095841173876,-6.522239006960431e-08,0.5375544559730192,0.0,0.0,rotating_drum_bidisperse_size_ratio_1_868687_num_87.stat
validation_selected_rank,6,frozen_nn,fitting,77,87,88,1.878788,15.189145664707954,0.3777305015932318,0.5454554218380188,0.6634771654294828,-2.4191260973582818e-18,-0.025916955132508895,-9.064609846074687e-08,0.5377208824069234,0.0,0.0,rotating_drum_bidisperse_size_ratio_1_878788_num_88.stat
validation_selected_rank,6,frozen_nn,fitting,78,88,89,1.888889,15.128388342214212,0.6030879165481298,0.5269514962807058,0.8008700984047754,3.598195959936268e-18,-0.01960153581459952,-1.1644623687748773e-07,0.537920718857018,0.0,0.0,rotating_drum_bidisperse_size_ratio_1_888889_num_89.stat
validation_selected_rank,6,frozen_nn,fitting,79,89,90,1.89899,15.170819319744613,0.42931224644263194,0.4413795734978355,0.6157312180219214,8.639736061993863e-19,-0.019041707519271287,-1.4254618579798905e-07,0.5381154933739349,0.0,0.0,rotating_drum_bidisperse_size_ratio_1_898990_num_90.stat
validation_selected_rank,6,frozen_nn,fitting,80,90,91,1.909091,15.179102126120826,0.3624576675213115,0.4388899015983022,0.5692098966725414,8.368685518872487e-19,-0.013362891608888872,-1.6887395360274867e-07,0.5383055343167886,0.0,0.0,rotating_drum_bidisperse_size_ratio_1_909091_num_91.stat
validation_selected_rank,6,frozen_nn,fitting,81,91,92,1.919192,15.19893494145909,0.4442420068202301,0.48257083358673114,0.6559158254320825,-7.758821796849391e-19,-0.00600274004585409,-1.9536227743449198e-07,0.5384911376475249,0.0,0.0,rotating_drum_bidisperse_size_ratio_1_919192_num_92.stat
validation_selected_rank,6,frozen_nn,fitting,82,92,93,1.929293,15.180010073571133,0.379920842708826,0.4421382109753524,0.5829460046428702,1.5551524911588954e-18,0.000685267999085461,-2.2194864352771235e-07,0.5386725696289902,0.0,0.0,rotating_drum_bidisperse_size_ratio_1_929293_num_93.stat
validation_selected_rank,6,frozen_nn,fitting,83,93,94,1.939394,15.205939337359732,0.32520889481620247,0.3098410592209738,0.44917959353331927,7.047314121155779e-19,0.004859959393715601,-2.48575240896657e-07,0.5388500693663547,0.0,0.0,rotating_drum_bidisperse_size_ratio_1_939394_num_94.stat
validation_selected_rank,6,frozen_nn,fitting,84,94,95,1.949495,15.218511241823213,0.3578659336620851,0.3007319152747287,0.4674480841127138,4.336808689942018e-19,0.00958422119255034,-2.7716851775971635e-07,0.5390238511962573,0.0,0.0,rotating_drum_bidisperse_size_ratio_1_949495_num_95.stat
validation_selected_rank,6,frozen_nn,fitting,85,95,96,1.959596,15.257184856975613,0.2865804946424868,0.37268841199933517,0.4701329943198049,-1.2925722775100623e-18,0.020175809006386526,-3.3360245372515213e-07,0.5391941069277063,0.0,0.0,rotating_drum_bidisperse_size_ratio_1_959596_num_96.stat
validation_selected_rank,6,frozen_nn,fitting,86,96,97,1.969697,15.220913155894998,0.39813864937310656,0.3666828091325213,0.5412676478766955,1.187540192050529e-18,0.028566933315744714,-3.901009955528842e-07,0.539361007938684,0.0,0.0,rotating_drum_bidisperse_size_ratio_1_969697_num_97.stat
validation_selected_rank,6,frozen_nn,fitting,87,97,98,1.979798,15.243547437157048,0.35408097275008205,0.3053301553403854,0.4675466169526117,3.9810548520952116e-19,0.03980821943027543,-4.4655510586512285e-07,0.5395247071324784,0.0,0.0,rotating_drum_bidisperse_size_ratio_1_979798_num_98.stat
validation_selected_rank,6,frozen_nn,fitting,88,98,99,1.989899,15.240908175145496,0.42259456141895757,0.51562328225091,0.6666734827035699,2.4292904927253334e-18,0.04486005323066665,-5.028651688829841e-07,0.5396853407579711,0.0,0.0,rotating_drum_bidisperse_size_ratio_1_989899_num_99.stat
validation_selected_rank,6,frozen_nn,fitting,89,99,100,2.0,15.291006007061322,0.5215248319424403,0.85336765307644,1.0001122445254542,-3.984442983884229e-18,0.054637965307540254,-5.589405038682434e-07,0.5398430300983695,0.0,0.0,rotating_drum_bidisperse_size_ratio_2_000000_num_100.stat
validation_selected_rank,6,frozen_nn,internal_validation,0,5,6,1.050505,12.616459208573609,1.021308715604853,1.609085796604549,1.9058406526792586,-2.8189256484623115e-18,-0.016983702505727463,-4.7297743518658484e-07,0.33496373560974746,0.0,0.0,rotating_drum_bidisperse_size_ratio_1_050505_num_6.stat
validation_selected_rank,6,frozen_nn,internal_validation,1,8,9,1.080808,12.673523702161393,0.5353465199533061,0.9694421456775305,1.1074357634833645,1.2874900798265365e-18,-0.022461627632163163,-5.532638345994996e-07,0.3637802111713792,0.0,0.0,rotating_drum_bidisperse_size_ratio_1_080808_num_9.stat
validation_selected_rank,6,frozen_nn,internal_validation,2,28,29,1.282828,13.574801660424276,0.5269078867355469,0.7611112584150115,0.9257009607806646,4.302927372051846e-18,0.007418110743747791,-3.9994245895264074e-07,0.4920978519020151,0.0,0.0,rotating_drum_bidisperse_size_ratio_1_282828_num_29.stat
validation_selected_rank,6,frozen_nn,internal_validation,3,31,32,1.313131,13.780167793246846,0.5654274719315202,0.7902917292479716,0.9717351713983718,3.7947076036992655e-19,-0.0005469285621709963,-3.7602114462781587e-07,0.49967032010627316,0.0,0.0,rotating_drum_bidisperse_size_ratio_1_313131_num_32.stat
validation_selected_rank,6,frozen_nn,internal_validation,4,37,38,1.373737,14.05629337369303,0.6022930810919249,0.7242343874753177,0.9419513806629951,-2.995108501491206e-18,0.0018904137813806,-3.745356799680138e-07,0.5106759444889318,0.0,0.0,rotating_drum_bidisperse_size_ratio_1_373737_num_38.stat
validation_selected_rank,6,frozen_nn,internal_validation,5,40,41,1.40404,14.169638877135696,0.613917495243756,0.8412220730973061,1.0414169516732779,-3.4287893704854078e-18,-0.001873206945379674,-3.5059638035493743e-07,0.5147747702114313,0.0,0.0,rotating_drum_bidisperse_size_ratio_1_404040_num_41.stat
validation_selected_rank,6,frozen_nn,internal_validation,6,42,43,1.424242,14.141615859667047,0.7284017983347967,1.3749130660235702,1.5559418751803633,8.51098705401121e-18,-0.005919446844675766,-3.419137594805635e-07,0.5173552993095935,0.0,0.0,rotating_drum_bidisperse_size_ratio_1_424242_num_43.stat
validation_selected_rank,6,frozen_nn,internal_validation,7,51,52,1.515152,14.49951004970088,0.4332767520330875,0.26855092985303625,0.5097532204677964,1.7872395187065737e-18,0.0002184249568390958,-3.647874881360514e-07,0.5265773812878944,0.0,0.0,rotating_drum_bidisperse_size_ratio_1_515152_num_52.stat
validation_selected_rank,6,frozen_nn,internal_validation,8,53,54,1.535354,14.542440847135541,0.43652560998656553,0.33108452096477586,0.5478791547381974,2.3445871979999033e-18,0.006732573939812582,-3.6969307762109857e-07,0.5280100423905274,0.0,0.0,rotating_drum_bidisperse_size_ratio_1_535354_num_54.stat
validation_selected_rank,6,frozen_nn,internal_validation,9,65,66,1.656566,14.805162493209902,0.4977875828665933,0.46244712776001423,0.6794481758233483,2.3140940118987485e-18,0.01483960390541813,-2.5124348561577157e-07,0.5331742757009954,0.0,0.0,rotating_drum_bidisperse_size_ratio_1_656566_num_66.stat
validation_selected_rank,6,frozen_nn,external,0,0,8,1.0625,12.65352393796489,0.7202827920211675,1.1162953763373793,1.32850392085006,-3.74049749507499e-18,-0.014397894202167187,-4.016154127422515e-07,0.3464615833393114,0.0,0.0,rotating_drum_bidisperse_size_ratio_1_062500_num_8.stat
validation_selected_rank,6,frozen_nn,external,1,1,4,1.125,12.882700082039083,0.729809895703949,1.0412262836880992,1.2715245407424505,-3.957337929572091e-18,-0.0006228153426542781,-1.3298322080818913e-06,0.4035049172904451,0.0,0.0,rotating_drum_bidisperse_size_ratio_1_125000_num_4.stat
validation_selected_rank,6,frozen_nn,external,2,2,2,1.25,13.405105564701557,0.5621223809162218,0.842917536107457,1.0131591897645806,3.3203691532368573e-18,0.008045102503641287,-1.104993876121363e-06,0.4808952577042168,0.0,0.0,rotating_drum_bidisperse_size_ratio_1_250000_num_2.stat
validation_selected_rank,6,frozen_nn,external,3,3,10,1.3125,13.789162595949453,0.5275196613686755,0.5557648730246136,0.7662581726928331,-2.72405795836983e-18,-0.0020509406777064164,-3.751149514211022e-07,0.4995305659732937,0.0,0.0,rotating_drum_bidisperse_size_ratio_1_312500_num_10.stat
validation_selected_rank,6,frozen_nn,external,4,4,6,1.375,13.992508553246106,0.438774107755357,0.7423938036047136,0.8623637731649086,3.4287893704854078e-18,0.0022704009312219105,-3.735216490906572e-07,0.5108627772334944,0.0,0.0,rotating_drum_bidisperse_size_ratio_1_375000_num_6.stat
validation_selected_rank,6,frozen_nn,external,5,5,1,1.5,14.433726838114833,0.5243450178896498,0.9634330384142042,1.0968778041759184,6.139294801699169e-18,-0.003896087306572716,-3.5882163486844015e-07,0.525326927781887,0.0,0.0,rotating_drum_bidisperse_size_ratio_1_500000_num_1.stat
validation_selected_rank,6,frozen_nn,external,6,6,9,1.5625,14.613331448806173,0.46177821942869635,0.35318496132176347,0.5813593904312634,1.734723475976807e-18,0.009775572135086993,-3.671712192852009e-07,0.5295520071309365,0.0,0.0,rotating_drum_bidisperse_size_ratio_1_562500_num_9.stat
validation_selected_rank,6,frozen_nn,external,7,7,5,1.625,14.753224726665213,0.4769637543171046,0.4688889570075738,0.6688432379384098,1.8566962203814263e-18,0.014302533281565428,-3.0819577179759775e-07,0.5322666004512625,0.0,0.0,rotating_drum_bidisperse_size_ratio_1_625000_num_5.stat
validation_selected_rank,6,frozen_nn,external,8,8,3,1.75,15.005398606925544,0.4428351080013837,0.23891539025707245,0.5031734259480372,-1.5670109524204556e-19,-0.012764650230802475,-4.5350692868807797e-08,0.535308862093702,0.0,0.0,rotating_drum_bidisperse_size_ratio_1_750000_num_3.stat
validation_selected_rank,6,frozen_nn,external,9,9,7,1.875,15.146719417145968,0.4487775904391191,0.18767183714612937,0.4864381195364419,4.73914933988781e-19,-0.024556644312597704,-8.106352034231198e-08,0.5376565214047758,0.0,0.0,rotating_drum_bidisperse_size_ratio_1_875000_num_7.stat
validation_selected_rank,6,piecewise_linear,fitting,0,0,1,1.0,12.534418235102383,0.6124280116773605,0.0,0.6124280116773605,0.0,0.06911479543256502,-6.3715790890744965e-06,0.2973883621510304,0.0,0.0,rotating_drum_bidisperse_size_ratio_1_000000_num_1.stat
validation_selected_rank,6,piecewise_linear,fitting,1,1,2,1.010101,12.524596526960545,0.9105354575241453,1.1080427044448914e-16,0.9105354575241451,-2.710505431213761e-20,-0.014203037068704825,-2.0316724701392567e-06,0.30044985578822003,0.0,0.0,rotating_drum_bidisperse_size_ratio_1_010101_num_2.stat
validation_selected_rank,6,piecewise_linear,fitting,2,2,3,1.020202,12.554494000906189,0.592946125749577,0.0,0.592946125749577,0.0,-0.0457954172693364,-3.1594236451693446e-06,0.3070200506931768,0.0,0.0,rotating_drum_bidisperse_size_ratio_1_020202_num_3.stat
validation_selected_rank,6,piecewise_linear,fitting,3,3,4,1.030303,12.539806988972247,0.5922620909902053,5.703794427602435e-17,0.5922620909902053,-3.253327087234858e-37,0.042516739086405346,-2.199035648885366e-06,0.31289753598422004,0.0,0.0,rotating_drum_bidisperse_size_ratio_1_030303_num_4.stat
validation_selected_rank,6,piecewise_linear,fitting,4,4,5,1.040404,12.590767314087513,0.6625982524553792,0.0,0.6625982524553792,0.0,0.04919167906173891,-4.485207616097223e-06,0.3292152286466335,0.0,0.0,rotating_drum_bidisperse_size_ratio_1_040404_num_5.stat
validation_selected_rank,6,piecewise_linear,fitting,5,6,7,1.060606,12.627659554902852,0.8412934606039755,1.3737490058506356e-17,0.8412934606039755,-1.8871863310756094e-38,-0.006024293577035467,-1.5011266652584054e-06,0.34047865891516654,0.0,0.0,rotating_drum_bidisperse_size_ratio_1_060606_num_7.stat
validation_selected_rank,6,piecewise_linear,fitting,6,7,8,1.070707,12.672868783094982,0.5036708833710044,1.7449460351259575e-17,0.5036708833710044,-3.0448366655017994e-38,0.0018348957983845332,-3.7992203890362165e-08,0.34736735824907344,0.0,0.0,rotating_drum_bidisperse_size_ratio_1_070707_num_8.stat
validation_selected_rank,6,piecewise_linear,fitting,7,9,10,1.090909,12.723670047354258,0.45887632108415977,2.72676589304911e-16,0.45887632108415977,-7.435252235495909e-36,-0.01995611056813699,-3.42042704754161e-06,0.3804108604196717,0.0,0.0,rotating_drum_bidisperse_size_ratio_1_090909_num_10.stat
validation_selected_rank,6,piecewise_linear,fitting,8,10,11,1.10101,12.762901664468703,0.6457846038043286,6.7959603606685796e-18,0.6457846038043286,-4.618507722377861e-39,-0.015859439303996747,-1.9357210899112326e-06,0.38094674696370806,0.0,0.0,rotating_drum_bidisperse_size_ratio_1_101010_num_11.stat
validation_selected_rank,6,piecewise_linear,fitting,9,11,12,1.111111,12.822783290795366,0.7278307320640548,1.0822757815595627e-16,0.7278307320640548,-1.1713208673503624e-36,-0.021487731919828546,-2.7637519557974303e-06,0.39533189118182505,0.0,0.0,rotating_drum_bidisperse_size_ratio_1_111111_num_12.stat
validation_selected_rank,6,piecewise_linear,fitting,10,12,13,1.121212,12.857572791713086,0.8808729646721037,5.3967370174092725e-17,0.8808729646721037,-2.912477043507553e-37,-0.020079660116550064,-2.4605639915099906e-06,0.4133571686924563,0.0,0.0,rotating_drum_bidisperse_size_ratio_1_121212_num_13.stat
validation_selected_rank,6,piecewise_linear,fitting,11,13,14,1.131313,12.862207109867983,0.6000761679028767,5.601564062072173e-17,0.6000761679028767,-3.1377519941498498e-37,-0.049432571920408556,-1.5262656970412519e-06,0.40643983878945683,0.0,0.0,rotating_drum_bidisperse_size_ratio_1_131313_num_14.stat
validation_selected_rank,6,piecewise_linear,fitting,12,14,15,1.141414,12.879957259964085,0.722133160500708,3.011624601042877e-17,0.722133160500708,-9.069882737606666e-38,-0.04663097422923111,-2.4215698175479066e-06,0.4097446996214188,0.0,0.0,rotating_drum_bidisperse_size_ratio_1_141414_num_15.stat
validation_selected_rank,6,piecewise_linear,fitting,13,15,16,1.151515,12.991081996788521,0.4822133619459876,5.971726782122948e-17,0.4822133619459876,-3.5661520760324505e-37,0.013848535399150107,-5.974858418245516e-06,0.42700109214307724,0.0,0.0,rotating_drum_bidisperse_size_ratio_1_151515_num_16.stat
validation_selected_rank,6,piecewise_linear,fitting,14,16,17,1.161616,12.984597574060377,0.6190888462107866,1.9267857646602852e-16,0.6190888462107866,-3.71250338289752e-36,-0.058863748976858796,-2.9979260679320445e-06,0.42839028724752165,0.0,0.0,rotating_drum_bidisperse_size_ratio_1_161616_num_17.stat
validation_selected_rank,6,piecewise_linear,fitting,15,17,18,1.171717,13.069509737471007,0.6126133923753069,0.0,0.6126133923753069,0.0,0.0594391361459187,-3.675743738919088e-06,0.4429377988797017,0.0,0.0,rotating_drum_bidisperse_size_ratio_1_171717_num_18.stat
validation_selected_rank,6,piecewise_linear,fitting,16,18,19,1.181818,13.113126310068756,0.6749288788634847,5.2915633845296544e-17,0.6749288788634847,-2.800064305249493e-37,0.0031010810007633715,-2.9355427394741977e-06,0.44829235738939005,0.0,0.0,rotating_drum_bidisperse_size_ratio_1_181818_num_19.stat
validation_selected_rank,6,piecewise_linear,fitting,17,19,20,1.191919,13.193589080137826,0.764393136205306,0.0,0.764393136205306,0.0,0.04120052662635301,-2.4678563385634505e-06,0.44745109006361167,0.0,0.0,rotating_drum_bidisperse_size_ratio_1_191919_num_20.stat
validation_selected_rank,6,piecewise_linear,fitting,18,20,21,1.20202,13.190163774841318,0.5944376368496735,1.112558407147336e-16,0.5944376368496734,-1.3552527156068805e-20,0.010036380147195555,-4.80218799916118e-06,0.4564186144347621,0.0,0.0,rotating_drum_bidisperse_size_ratio_1_202020_num_21.stat
validation_selected_rank,6,piecewise_linear,fitting,19,21,22,1.212121,13.207088409426541,0.660101996558756,2.626958224552583e-17,0.660101996558756,-6.900909513544459e-38,0.024527763145216642,-2.7053430259785122e-06,0.46359609719811723,0.0,0.0,rotating_drum_bidisperse_size_ratio_1_212121_num_22.stat
validation_selected_rank,6,piecewise_linear,fitting,20,22,23,1.222222,13.340951901053115,0.5908439924109977,2.9211340335631106e-15,0.5908439924109978,1.3552527156067952e-20,-0.012535548514831622,-3.786106226655076e-06,0.4706752195774895,0.0,0.0,rotating_drum_bidisperse_size_ratio_1_222222_num_23.stat
validation_selected_rank,6,piecewise_linear,fitting,21,23,24,1.232323,13.32410511045792,0.5263342283946864,5.685783577650297e-15,0.5263342283946864,-3.2328134891877816e-33,0.02940870544898886,-3.118562024503262e-06,0.4690322016088325,0.0,0.0,rotating_drum_bidisperse_size_ratio_1_232323_num_24.stat
validation_selected_rank,6,piecewise_linear,fitting,22,24,25,1.242424,13.43435615998512,0.5646509006012318,2.5825182172016026e-17,0.5646509006012318,-6.669400342178144e-38,0.05202991839737006,-7.323858535148051e-07,0.47897987237597767,0.0,0.0,rotating_drum_bidisperse_size_ratio_1_242424_num_25.stat
validation_selected_rank,6,piecewise_linear,fitting,23,25,26,1.252525,13.44689779541386,0.49158622574170163,0.0,0.49158622574170163,0.0,-0.029644654224297188,-7.536504048987415e-07,0.48108260123720026,0.0,0.0,rotating_drum_bidisperse_size_ratio_1_252525_num_26.stat
validation_selected_rank,6,piecewise_linear,fitting,24,26,27,1.262626,13.578453961834699,0.5453420210989339,0.0,0.5453420210989339,0.0,5.115861188855939e-05,-2.59265367773527e-06,0.4894805423203241,0.0,0.0,rotating_drum_bidisperse_size_ratio_1_262626_num_27.stat
validation_selected_rank,6,piecewise_linear,fitting,25,27,28,1.272727,13.526468346617014,0.6391856505687638,5.129863705808068e-17,0.6391856505687638,-2.6315501640166885e-37,-0.020063245725895625,-8.034281380396996e-07,0.48743069586836574,0.0,0.0,rotating_drum_bidisperse_size_ratio_1_272727_num_28.stat
validation_selected_rank,6,piecewise_linear,fitting,26,29,30,1.292929,13.687821896707566,0.5456622486500221,1.1615436989858525e-16,0.5456622486500221,-1.3491837646537365e-36,-0.017703124233650763,-2.1925168492471848e-06,0.4929658745480098,0.0,0.0,rotating_drum_bidisperse_size_ratio_1_292929_num_30.stat
validation_selected_rank,6,piecewise_linear,fitting,27,30,31,1.30303,13.76195028743179,0.6587324303307338,1.2605215392770728e-17,0.6587324303307338,-1.5889145509814408e-38,0.029291704891612706,-1.3066578321075487e-06,0.5010135805017472,0.0,0.0,rotating_drum_bidisperse_size_ratio_1_303030_num_31.stat
validation_selected_rank,6,piecewise_linear,fitting,28,32,33,1.323232,13.8560714405087,0.4806708976457209,0.0,0.4806708976457209,0.0,0.016287645290229764,-1.3084139223327907e-06,0.5017643823024688,0.0,0.0,rotating_drum_bidisperse_size_ratio_1_323232_num_33.stat
validation_selected_rank,6,piecewise_linear,fitting,29,33,34,1.333333,13.816382747531229,0.5964808839385023,6.277777286847294e-17,0.5964808839385023,-3.941048766325577e-37,0.07267835504336963,-8.663669629437706e-07,0.5005698802815017,0.0,0.0,rotating_drum_bidisperse_size_ratio_1_333333_num_34.stat
validation_selected_rank,6,piecewise_linear,fitting,30,34,35,1.343434,13.85398380996654,0.7313027077804889,5.008591029906789e-17,0.7313027077804889,-2.5085984104862743e-37,-0.03527439362518551,-2.9827551540033083e-07,0.5076889262330059,0.0,0.0,rotating_drum_bidisperse_size_ratio_1_343434_num_35.stat
validation_selected_rank,6,piecewise_linear,fitting,31,35,36,1.353535,13.973012279188808,0.5315615051668354,0.0,0.5315615051668354,0.0,-0.011879484286907641,-1.8052417293802517e-06,0.5109734341095817,0.0,0.0,rotating_drum_bidisperse_size_ratio_1_353535_num_36.stat
validation_selected_rank,6,piecewise_linear,fitting,32,36,37,1.363636,13.992362119036713,0.3767890375346356,5.5443956945218146e-17,0.3767890375346356,-3.0740323617432033e-37,-0.001574550768372265,-1.3455324343930049e-06,0.5082653752743156,0.0,0.0,rotating_drum_bidisperse_size_ratio_1_363636_num_37.stat
validation_selected_rank,6,piecewise_linear,fitting,33,38,39,1.383838,14.064538571547207,0.5037302965043988,9.8720355077466e-17,0.5037302965043988,-9.745708506620966e-37,0.00877356434544773,-1.262905841934697e-06,0.5102818651121644,0.0,0.0,rotating_drum_bidisperse_size_ratio_1_383838_num_39.stat
validation_selected_rank,6,piecewise_linear,fitting,34,39,40,1.393939,14.127612610326192,0.5099476509085624,1.2278956988874812e-17,0.5099476509085624,-1.5077278473463757e-38,0.018238377781983124,-2.692938498645667e-07,0.5141241092307721,0.0,0.0,rotating_drum_bidisperse_size_ratio_1_393939_num_40.stat
validation_selected_rank,6,piecewise_linear,fitting,35,41,42,1.414141,14.180824613446363,0.47864762101539043,9.786305229849211e-17,0.47864762101539043,-9.5771770051774e-37,0.019359869618002665,-5.446245785438521e-07,0.5153686562956395,0.0,0.0,rotating_drum_bidisperse_size_ratio_1_414141_num_42.stat
validation_selected_rank,6,piecewise_linear,fitting,36,43,44,1.434343,14.271671154838023,0.37781325883396694,9.724010353973128e-17,0.37781325883396694,-9.45563773641766e-37,0.009096536513633404,-1.9922875534947846e-06,0.5214456259788662,0.0,0.0,rotating_drum_bidisperse_size_ratio_1_434343_num_44.stat
validation_selected_rank,6,piecewise_linear,fitting,37,44,45,1.444444,14.311603392528514,0.48053746349896914,5.905270525183563e-17,0.48053746349896903,-6.776263578034403e-21,-0.0020284788323321847,-5.310600644735704e-07,0.5192129469328609,0.0,0.0,rotating_drum_bidisperse_size_ratio_1_444444_num_45.stat
validation_selected_rank,6,piecewise_linear,fitting,38,45,46,1.454545,14.328437170385776,0.5687430779368575,1.816028631052128e-17,0.5687430779368575,-3.297959988801066e-38,0.04471925783607491,-5.61756434269063e-07,0.5203779957407021,0.0,0.0,rotating_drum_bidisperse_size_ratio_1_454545_num_46.stat
validation_selected_rank,6,piecewise_linear,fitting,39,46,47,1.464646,14.332915229639472,0.6350969931847406,2.420614994484192e-17,0.6350969931847406,-5.859376951521706e-38,-0.042013594476877816,-3.5221855780056606e-07,0.5223874726065824,0.0,0.0,rotating_drum_bidisperse_size_ratio_1_464646_num_47.stat
validation_selected_rank,6,piecewise_linear,fitting,40,47,48,1.474747,14.43970357930931,0.510788693003325,1.802035062335868e-17,0.510788693003325,-3.247330365887835e-38,-0.004622599327472027,-8.477989980374255e-07,0.5261463041123775,0.0,0.0,rotating_drum_bidisperse_size_ratio_1_474747_num_48.stat
validation_selected_rank,6,piecewise_linear,fitting,41,48,49,1.484848,14.45919299466417,0.49425699273120693,0.0,0.49425699273120693,0.0,-0.000625094050475174,-2.437156722272964e-07,0.5231759708692594,0.0,0.0,rotating_drum_bidisperse_size_ratio_1_484848_num_49.stat
validation_selected_rank,6,piecewise_linear,fitting,42,49,50,1.494949,14.496522732812947,0.45923336837382656,6.01428421643656e-15,0.4592333683738269,3.0493186101151195e-20,0.007445041793958736,-3.406368657112871e-07,0.5261847321159444,0.0,0.0,rotating_drum_bidisperse_size_ratio_1_494949_num_50.stat
validation_selected_rank,6,piecewise_linear,fitting,43,50,51,1.505051,14.437176438141057,0.6805827051493069,1.1557550608457046e-15,0.6805827051493069,-1.3357697606704585e-34,0.007829684945332687,-1.148067744611318e-06,0.5225650866767539,0.0,0.0,rotating_drum_bidisperse_size_ratio_1_505051_num_51.stat
validation_selected_rank,6,piecewise_linear,fitting,44,52,53,1.525253,14.490636987618782,0.6329719952024632,5.645613550408332e-15,0.6329719952024631,-2.0328790734106395e-20,-0.035886213875163386,-2.7022072136666877e-07,0.5258761187947747,0.0,0.0,rotating_drum_bidisperse_size_ratio_1_525253_num_53.stat
validation_selected_rank,6,piecewise_linear,fitting,45,54,55,1.545455,14.566722001536746,0.39458539346639904,1.1699399778005205e-14,0.39458539346639887,-1.3552527156082492e-20,0.017238547683599153,-3.6634055623901876e-07,0.5280969311021418,0.0,0.0,rotating_drum_bidisperse_size_ratio_1_545455_num_55.stat
validation_selected_rank,6,piecewise_linear,fitting,46,55,56,1.555556,14.616573688255107,0.40170392640243135,4.747278022812456e-17,0.40170392640243135,-2.2536648625878143e-37,0.02845308116751835,-5.204294601816987e-07,0.5300096206015598,0.0,0.0,rotating_drum_bidisperse_size_ratio_1_555556_num_56.stat
validation_selected_rank,6,piecewise_linear,fitting,47,56,57,1.565657,14.574785305263717,0.549667745852404,9.595879110684675e-17,0.5496677458524039,-1.0164395367051606e-20,-0.006455967928511662,-1.8970416265703768e-06,0.530729472297655,0.0,0.0,rotating_drum_bidisperse_size_ratio_1_565657_num_57.stat
validation_selected_rank,6,piecewise_linear,fitting,48,57,58,1.575758,14.666399297225942,0.37746841853413704,4.7311502730050975e-17,0.37746841853413704,-2.238378290575621e-37,0.04197096638276759,-2.514341407209937e-07,0.529138578303186,0.0,0.0,rotating_drum_bidisperse_size_ratio_1_575758_num_58.stat
validation_selected_rank,6,piecewise_linear,fitting,49,58,59,1.585859,14.668222685131505,0.49662934930152103,0.0,0.49662934930152103,0.0,-0.05559374033678506,-1.1557103754875011e-07,0.5288232991235957,0.0,0.0,rotating_drum_bidisperse_size_ratio_1_585859_num_59.stat
validation_selected_rank,6,piecewise_linear,fitting,50,59,60,1.59596,14.711173772451778,0.4999467048078276,5.8959383622578756e-18,0.4999467048078276,-3.476208917154408e-39,-0.035724462380793416,-1.1758435983831983e-06,0.5312449666505933,0.0,0.0,rotating_drum_bidisperse_size_ratio_1_595960_num_60.stat
validation_selected_rank,6,piecewise_linear,fitting,51,60,61,1.606061,14.728207176255644,0.4139170995743525,0.0,0.4139170995743525,0.0,-0.022276852136051458,-2.451073899854148e-06,0.5325535721329308,0.0,0.0,rotating_drum_bidisperse_size_ratio_1_606061_num_61.stat
validation_selected_rank,6,piecewise_linear,fitting,52,61,62,1.616162,14.78004627167974,0.4666946899900294,1.0757072734897699e-16,0.46669468999002933,-6.776263578034404e-21,-0.037705922998774004,-1.9003874440224626e-07,0.5317387233598181,0.0,0.0,rotating_drum_bidisperse_size_ratio_1_616162_num_62.stat
validation_selected_rank,6,piecewise_linear,fitting,53,62,63,1.626263,14.756747418174106,0.4707460718697839,9.404367652673148e-17,0.470746071869784,6.776263578034402e-21,0.010790475557752562,-2.1061756351271397e-06,0.5319138037640715,0.0,0.0,rotating_drum_bidisperse_size_ratio_1_626263_num_63.stat
validation_selected_rank,6,piecewise_linear,fitting,54,63,64,1.636364,14.806979498821997,0.4469204764639156,2.619683247861229e-17,0.4469204764639156,-6.862740319124757e-38,0.02083603419582457,-1.1631714932749947e-06,0.5343436217049069,0.0,0.0,rotating_drum_bidisperse_size_ratio_1_636364_num_64.stat
validation_selected_rank,6,piecewise_linear,fitting,55,64,65,1.646465,14.839020869680658,0.5374721202166804,4.67611304333758e-17,0.5374721202166806,1.0164395367051604e-20,-0.001460501945543124,-3.03695008343062e-08,0.5320020649927876,0.0,0.0,rotating_drum_bidisperse_size_ratio_1_646465_num_65.stat
validation_selected_rank,6,piecewise_linear,fitting,56,66,67,1.666667,14.882769306071474,0.5722861103220294,2.039785755276716e-17,0.5722861103220294,-4.160725927429802e-38,-0.05355849123275089,-3.7300037523454644e-07,0.5342606709204322,0.0,0.0,rotating_drum_bidisperse_size_ratio_1_666667_num_67.stat
validation_selected_rank,6,piecewise_linear,fitting,57,67,68,1.676768,14.89146799241066,0.43821974579795564,0.0,0.43821974579795564,0.0,-0.03807627032968158,-2.0105965104855503e-06,0.5345204766127228,0.0,0.0,rotating_drum_bidisperse_size_ratio_1_676768_num_68.stat
validation_selected_rank,6,piecewise_linear,fitting,58,68,69,1.686869,14.863228553128508,0.41840493204271495,4.522606542301488e-17,0.41840493204271495,-2.045396993646822e-37,0.04848790874432167,-2.7582554462958586e-07,0.5321050345945963,0.0,0.0,rotating_drum_bidisperse_size_ratio_1_686869_num_69.stat
validation_selected_rank,6,piecewise_linear,fitting,59,69,70,1.69697,14.896806159654549,0.35887751068914414,0.0,0.35887751068914414,0.0,0.010840011239972622,-1.4517880595424277e-07,0.5332065478531783,0.0,0.0,rotating_drum_bidisperse_size_ratio_1_696970_num_70.stat
validation_selected_rank,6,piecewise_linear,fitting,60,70,71,1.707071,14.947414820003644,0.39074918180038887,0.0,0.39074918180038887,0.0,-0.037638144840008714,-2.0932275644979124e-06,0.536371457862543,0.0,0.0,rotating_drum_bidisperse_size_ratio_1_707071_num_71.stat
validation_selected_rank,6,piecewise_linear,fitting,61,71,72,1.717172,14.928758869795994,0.4648405546960996,4.648004542391039e-17,0.4648405546960996,-2.160394622608773e-37,0.023300043641542437,-1.8018479008141617e-07,0.5349179152267359,0.0,0.0,rotating_drum_bidisperse_size_ratio_1_717172_num_72.stat
validation_selected_rank,6,piecewise_linear,fitting,62,72,73,1.727273,14.952832288547768,0.45327702376863144,2.3202607272007127e-17,0.45327702376863155,1.0164395367051604e-20,0.038147992595169364,-9.448735987187726e-07,0.5340759961954694,0.0,0.0,rotating_drum_bidisperse_size_ratio_1_727273_num_73.stat
validation_selected_rank,6,piecewise_linear,fitting,63,73,74,1.737374,15.02910789652686,0.44071498349718163,0.0,0.44071498349718163,0.0,0.019376898582012192,-4.48869401597189e-08,0.5357904826297809,0.0,0.0,rotating_drum_bidisperse_size_ratio_1_737374_num_74.stat
validation_selected_rank,6,piecewise_linear,fitting,64,74,75,1.747475,14.981514028253443,0.32204461419092667,3.0117219254570013e-15,0.3220446141909266,-3.388131789018109e-21,0.003747882524800354,-2.2853103115736034e-08,0.5343837805750052,0.0,0.0,rotating_drum_bidisperse_size_ratio_1_747475_num_75.stat
validation_selected_rank,6,piecewise_linear,fitting,65,75,76,1.757576,15.057652890629452,0.33493613775054154,4.608217465436051e-17,0.33493613775054154,-2.1235668208749864e-37,-0.005070779268081055,-1.7777053860643897e-06,0.5372436875652962,0.0,0.0,rotating_drum_bidisperse_size_ratio_1_757576_num_76.stat
validation_selected_rank,6,piecewise_linear,fitting,66,76,77,1.767677,14.997236033520513,0.4429903014166557,5.957916422574549e-15,0.4429903014166554,-2.371692252312396e-20,0.03672770916553142,-4.0849983870790835e-08,0.5341924483227902,0.0,0.0,rotating_drum_bidisperse_size_ratio_1_767677_num_77.stat
validation_selected_rank,6,piecewise_linear,fitting,67,77,78,1.777778,15.06447062570793,0.3828158329379174,1.3276696179728332e-14,0.38281583293791716,-2.0328790734120836e-20,0.008666282554928758,-2.4716492236888324e-08,0.5359393028642252,0.0,0.0,rotating_drum_bidisperse_size_ratio_1_777778_num_78.stat
validation_selected_rank,6,piecewise_linear,fitting,68,78,79,1.787879,15.015785745475727,0.4737918178961916,0.0,0.4737918178961916,0.0,0.024778573791853515,-1.2968528036062662e-06,0.5360340213119004,0.0,0.0,rotating_drum_bidisperse_size_ratio_1_787879_num_79.stat
validation_selected_rank,6,piecewise_linear,fitting,69,79,80,1.79798,15.078643201973989,0.4116218395744527,4.148008781431136e-17,0.4116218395744528,6.776263578034403e-21,-0.030593365404718353,-8.210912218204738e-06,0.5389164320089652,0.0,0.0,rotating_drum_bidisperse_size_ratio_1_797980_num_80.stat
validation_selected_rank,6,piecewise_linear,fitting,70,80,81,1.808081,15.127707855158457,0.5492841018458049,2.2934386261105337e-17,0.5492841018458049,-5.259860731735772e-38,-0.02578153780360561,-5.843024863837074e-06,0.5401005971371836,0.0,0.0,rotating_drum_bidisperse_size_ratio_1_808081_num_81.stat
validation_selected_rank,6,piecewise_linear,fitting,71,81,82,1.818182,15.084753154633894,0.4520998228911248,0.0,0.4520998228911248,0.0,-0.017097686273509997,-1.6619715828764751e-06,0.5386718578329175,0.0,0.0,rotating_drum_bidisperse_size_ratio_1_818182_num_82.stat
validation_selected_rank,6,piecewise_linear,fitting,72,82,83,1.828283,15.075005105175546,0.459500775858706,2.301456568503904e-17,0.45950077585870613,6.776263578034403e-21,-0.03598581337049874,-4.4982195254332726e-06,0.5389250248813953,0.0,0.0,rotating_drum_bidisperse_size_ratio_1_828283_num_83.stat
validation_selected_rank,6,piecewise_linear,fitting,73,83,84,1.838384,15.104209132500657,0.44456273989654504,4.735400615779764e-17,0.44456273989654504,-2.2424018991927373e-37,0.036458196928583084,-7.190481944901708e-08,0.5341996356262783,0.0,0.0,rotating_drum_bidisperse_size_ratio_1_838384_num_84.stat
validation_selected_rank,6,piecewise_linear,fitting,74,84,85,1.848485,15.121565863426323,0.41812040797552846,4.5887403239699794e-17,0.41812040797552846,-2.1056537760828108e-37,-0.04020995164577078,-1.4411702716715532e-06,0.5385140669319463,0.0,0.0,rotating_drum_bidisperse_size_ratio_1_848485_num_85.stat
validation_selected_rank,6,piecewise_linear,fitting,75,85,86,1.858586,15.09636543763586,0.5743257554732687,0.0,0.5743257554732687,0.0,0.047642445436708605,-2.765253721668976e-06,0.5379819616167272,0.0,0.0,rotating_drum_bidisperse_size_ratio_1_858586_num_86.stat
validation_selected_rank,6,piecewise_linear,fitting,76,86,87,1.868687,15.146583249873807,0.36562410760166986,2.290580584887037e-17,0.36562410760166986,-3.3881317890172014e-21,-0.005213461004523046,-2.887130780610214e-07,0.5371508739857971,0.0,0.0,rotating_drum_bidisperse_size_ratio_1_868687_num_87.stat
validation_selected_rank,6,piecewise_linear,fitting,77,87,88,1.878788,15.189145664707954,0.3777305015932318,0.0,0.3777305015932318,0.0,-0.026249423911917195,-5.169425017248169e-07,0.5377126029704395,0.0,0.0,rotating_drum_bidisperse_size_ratio_1_878788_num_88.stat
validation_selected_rank,6,piecewise_linear,fitting,78,88,89,1.888889,15.128388342214212,0.6030879165481298,2.704410438756887e-17,0.6030879165481298,-7.313835821257219e-38,0.03824737194241922,-7.941217019342973e-08,0.536250449408276,0.0,0.0,rotating_drum_bidisperse_size_ratio_1_888889_num_89.stat
validation_selected_rank,6,piecewise_linear,fitting,79,89,90,1.89899,15.170819319744613,0.42931224644263194,4.573842557650366e-17,0.42931224644263194,-2.0920035742173637e-37,-0.02638775841414105,-2.5274742084574245e-06,0.5384889968252695,0.0,0.0,rotating_drum_bidisperse_size_ratio_1_898990_num_90.stat
validation_selected_rank,6,piecewise_linear,fitting,80,90,91,1.909091,15.179102126120826,0.3624576675213115,5.1109210310586027e-17,0.3624576675213115,-3.3881317890172014e-21,-0.016961958809997145,-1.5761138000611133e-06,0.5395709538361942,0.0,0.0,rotating_drum_bidisperse_size_ratio_1_909091_num_91.stat
validation_selected_rank,6,piecewise_linear,fitting,81,91,92,1.919192,15.19893494145909,0.4442420068202301,1.5693499502795606e-17,0.4442420068202301,-2.462859266442459e-38,0.03978442597363251,-1.215277724052474e-07,0.5377691846259346,0.0,0.0,rotating_drum_bidisperse_size_ratio_1_919192_num_92.stat
validation_selected_rank,6,piecewise_linear,fitting,82,92,93,1.929293,15.180010073571133,0.379920842708826,2.2855366598168656e-17,0.379920842708826,-5.223677823366835e-38,0.012459285251916708,-2.0548545392720442e-07,0.5374135917972835,0.0,0.0,rotating_drum_bidisperse_size_ratio_1_929293_num_93.stat
validation_selected_rank,6,piecewise_linear,fitting,83,93,94,1.939394,15.205939337359732,0.32520889481620247,4.7037200162426166e-17,0.3252088948162025,1.6940658945086005e-21,0.0033640205577232084,-4.2844067690666095e-07,0.5379014677084925,0.0,0.0,rotating_drum_bidisperse_size_ratio_1_939394_num_94.stat
validation_selected_rank,6,piecewise_linear,fitting,84,94,95,1.949495,15.218511241823213,0.3578659336620851,0.0,0.3578659336620851,0.0,-0.015822907500242723,-1.1546862518099028e-06,0.538767982711153,0.0,0.0,rotating_drum_bidisperse_size_ratio_1_949495_num_95.stat
validation_selected_rank,6,piecewise_linear,fitting,85,95,96,1.959596,15.257184856975613,0.2865804946424868,4.5479516496352555e-17,0.2865804946424868,-2.0683864207420042e-37,0.0019210340820139194,-6.989548170297042e-06,0.5409086341887884,0.0,0.0,rotating_drum_bidisperse_size_ratio_1_959596_num_96.stat
validation_selected_rank,6,piecewise_linear,fitting,86,96,97,1.969697,15.220913155894998,0.39813864937310656,0.0,0.39813864937310656,0.0,0.03887457344105696,-1.1716993811602088e-07,0.5381034299802911,0.0,0.0,rotating_drum_bidisperse_size_ratio_1_969697_num_97.stat
validation_selected_rank,6,piecewise_linear,fitting,87,97,98,1.979798,15.243547437157048,0.35408097275008205,0.0,0.35408097275008205,0.0,0.02531085148989667,-5.093883986748827e-07,0.5383625879686819,0.0,0.0,rotating_drum_bidisperse_size_ratio_1_979798_num_98.stat
validation_selected_rank,6,piecewise_linear,fitting,88,98,99,1.989899,15.240908175145496,0.42259456141895757,9.443539323330341e-15,0.4225945614189578,1.3552527156059887e-20,-0.018994184810922705,-4.671612663421092e-06,0.5393751316700254,0.0,0.0,rotating_drum_bidisperse_size_ratio_1_989899_num_99.stat
validation_selected_rank,6,piecewise_linear,fitting,89,99,100,2.0,15.291006007061322,0.5215248319424403,4.537892340571233e-17,0.5215248319424403,-2.0592466894615063e-37,-0.05006741064596062,-5.416356147483658e-07,0.5385939436810632,0.0,0.0,rotating_drum_bidisperse_size_ratio_2_000000_num_100.stat
validation_selected_rank,6,piecewise_linear,internal_validation,0,5,6,1.050505,12.616459208573609,1.021308715604853,1.8095934111135155,2.077907554756917,-1.3552527156068805e-18,0.024803365470493603,-1.4703961180681042e-06,0.33480537969282165,0.0,0.0,rotating_drum_bidisperse_size_ratio_1_050505_num_6.stat
validation_selected_rank,6,piecewise_linear,internal_validation,1,8,9,1.080808,12.673523702161393,0.5353465199533061,0.9486835371312909,1.0893100339435375,1.7618285302889447e-18,-0.0061821505164830065,-1.1629070557146192e-06,0.3634373466840674,0.0,0.0,rotating_drum_bidisperse_size_ratio_1_080808_num_9.stat
validation_selected_rank,6,piecewise_linear,internal_validation,2,28,29,1.282828,13.574801660424276,0.5269078867355469,0.5168439805393065,0.7380783300733528,3.4220131069073734e-18,-0.01299457610331178,-5.698679386241517e-07,0.49009096865192564,0.0,0.0,rotating_drum_bidisperse_size_ratio_1_282828_num_29.stat
validation_selected_rank,6,piecewise_linear,internal_validation,3,31,32,1.313131,13.780167793246846,0.5654274719315202,0.8892043381277155,1.0537516694933764,5.922454367202068e-18,0.019592365546766865,-4.4806995831906775e-07,0.5010709732508147,0.0,0.0,rotating_drum_bidisperse_size_ratio_1_313131_num_32.stat
validation_selected_rank,6,piecewise_linear,internal_validation,4,37,38,1.373737,14.05629337369303,0.6022930810919249,0.9294284862811848,1.1075171631365834,-3.2932640989247197e-18,0.009533002655469438,-1.3042191381638508e-06,0.5092736201932401,0.0,0.0,rotating_drum_bidisperse_size_ratio_1_373737_num_38.stat
validation_selected_rank,6,piecewise_linear,internal_validation,5,40,41,1.40404,14.169638877135696,0.613917495243756,0.6461199428386988,0.8912719402630233,-3.652406068560543e-18,0.01992214049478849,-4.0380926857964286e-07,0.5147250036118886,0.0,0.0,rotating_drum_bidisperse_size_ratio_1_404040_num_41.stat
validation_selected_rank,6,piecewise_linear,internal_validation,6,42,43,1.424242,14.141615859667047,0.7284017983347967,1.2591307728630579,1.454640671433383,7.643625316022806e-18,0.010812532345902454,-6.311374295846657e-07,0.5183245234810774,0.0,0.0,rotating_drum_bidisperse_size_ratio_1_424242_num_43.stat
validation_selected_rank,6,piecewise_linear,internal_validation,7,51,52,1.515152,14.49951004970088,0.4332767520330875,0.6450211926599674,0.7770335146136162,-3.937009138837988e-18,-0.01597816810207418,-7.091442329889885e-07,0.5242206027357643,0.0,0.0,rotating_drum_bidisperse_size_ratio_1_515152_num_52.stat
validation_selected_rank,6,piecewise_linear,internal_validation,8,53,54,1.535354,14.542440847135541,0.43652560998656553,0.48057252039888515,0.649233821929092,-2.40896170199123e-18,-0.008445585702966728,-4.236173919338459e-08,0.5269076638981467,0.0,0.0,rotating_drum_bidisperse_size_ratio_1_535354_num_54.stat
validation_selected_rank,6,piecewise_linear,internal_validation,9,65,66,1.656566,14.805162493209902,0.4977875828665933,1.0771849396470004,1.186642267854353,4.472333961502706e-18,-0.025714965836498616,-1.46476207825329e-07,0.5331313679566099,0.0,0.0,rotating_drum_bidisperse_size_ratio_1_656566_num_66.stat
validation_selected_rank,6,piecewise_linear,external,0,0,8,1.0625,12.65352393796489,0.7202827920211675,1.6541587712800072,1.8041753077471034,-3.63207727782644e-18,0.0017447493736691831,-1.144973077177988e-06,0.34170279153537275,0.0,0.0,rotating_drum_bidisperse_size_ratio_1_062500_num_8.stat
validation_selected_rank,6,piecewise_linear,external,1,1,4,1.125,12.882700082039083,0.729809895703949,0.89835583971836,1.1574392850700472,-2.6834003769016235e-18,-0.027664900821735793,-1.7163265084640802e-06,0.41076308437678843,0.0,0.0,rotating_drum_bidisperse_size_ratio_1_125000_num_4.stat
validation_selected_rank,6,piecewise_linear,external,2,2,2,1.25,13.405105564701557,0.5621223809162218,0.7035925642359067,0.9005687467234278,2.4868887331386258e-18,-0.007362885633634418,-7.483347933509301e-07,0.4805569710644859,0.0,0.0,rotating_drum_bidisperse_size_ratio_1_250000_num_2.stat
validation_selected_rank,6,piecewise_linear,external,3,3,10,1.3125,13.789162595949453,0.5275196613686755,0.3939380498824853,0.658379966490281,5.996993266560446e-19,0.018387315621002473,-3.981187678366424e-07,0.5010663368592994,0.0,0.0,rotating_drum_bidisperse_size_ratio_1_312500_num_10.stat
validation_selected_rank,6,piecewise_linear,external,4,4,6,1.375,13.992508553246106,0.438774107755357,0.7102941469207977,0.8348895093283227,3.3949080525952358e-18,0.010971154342446492,-1.2990534423775502e-06,0.5093996882392356,0.0,0.0,rotating_drum_bidisperse_size_ratio_1_375000_num_6.stat
validation_selected_rank,6,piecewise_linear,external,5,5,1,1.5,14.433726838114833,0.5243450178896498,1.1025382249978863,1.2208719160367532,6.5865281978494394e-18,0.0037452030921094146,-7.443523051613026e-07,0.5242821184995106,0.0,0.0,rotating_drum_bidisperse_size_ratio_1_500000_num_1.stat
validation_selected_rank,6,piecewise_linear,external,6,6,9,1.5625,14.613331448806173,0.46177821942869635,0.6156935752008744,0.7696217918447585,-3.5236570605778894e-18,0.003564962403515526,-8.934271633520196e-07,0.5305044874640176,0.0,0.0,rotating_drum_bidisperse_size_ratio_1_562500_num_9.stat
validation_selected_rank,6,piecewise_linear,external,7,7,5,1.625,14.753224726665213,0.4769637543171046,0.3069835057424824,0.5672153874237038,1.0401564592282808e-18,0.005550792272879009,-1.8200103838254262e-06,0.5318919122136734,0.0,0.0,rotating_drum_bidisperse_size_ratio_1_625000_num_5.stat
validation_selected_rank,6,piecewise_linear,external,8,8,3,1.75,15.005398606925544,0.4428351080013837,0.2847856569174543,0.5265033744094199,2.574980159653073e-19,0.0011406513791515714,-7.215869444419802e-08,0.5350986865398093,0.0,0.0,rotating_drum_bidisperse_size_ratio_1_750000_num_3.stat
validation_selected_rank,6,piecewise_linear,external,9,9,7,1.875,15.146719417145968,0.4487775904391191,0.3890761402715114,0.5939541805635726,2.6529071908004687e-18,-0.016593155128237034,-6.483761532344838e-08,0.5374100086697995,0.0,0.0,rotating_drum_bidisperse_size_ratio_1_875000_num_7.stat
validation_selected_rank,6,pchip,fitting,0,0,1,1.0,12.534418235102383,0.6124280116773605,0.0,0.6124280116773605,0.0,0.06911479543256502,-6.3715790890744965e-06,0.2973883621510304,0.0,0.0,rotating_drum_bidisperse_size_ratio_1_000000_num_1.stat
validation_selected_rank,6,pchip,fitting,1,1,2,1.010101,12.524596526960545,0.9105354575241453,0.0,0.9105354575241453,0.0,-0.014203037068704825,-2.0316724701392563e-06,0.30044985578822003,0.0,0.0,rotating_drum_bidisperse_size_ratio_1_010101_num_2.stat
validation_selected_rank,6,pchip,fitting,2,2,3,1.020202,12.554494000906189,0.592946125749577,0.0,0.592946125749577,0.0,-0.0457954172693364,-3.1594236451693446e-06,0.3070200506931768,0.0,0.0,rotating_drum_bidisperse_size_ratio_1_020202_num_3.stat
validation_selected_rank,6,pchip,fitting,3,3,4,1.030303,12.539806988972247,0.5922620909902053,0.0,0.5922620909902053,0.0,0.042516739086405346,-2.1990356488853664e-06,0.31289753598422004,0.0,0.0,rotating_drum_bidisperse_size_ratio_1_030303_num_4.stat
validation_selected_rank,6,pchip,fitting,4,4,5,1.040404,12.590767314087513,0.6625982524553792,0.0,0.6625982524553792,0.0,0.04919167906173891,-4.485207616097223e-06,0.3292152286466335,0.0,0.0,rotating_drum_bidisperse_size_ratio_1_040404_num_5.stat
validation_selected_rank,6,pchip,fitting,5,6,7,1.060606,12.627659554902852,0.8412934606039755,0.0,0.8412934606039755,0.0,-0.006024293577035467,-1.5011266652584054e-06,0.34047865891516654,0.0,0.0,rotating_drum_bidisperse_size_ratio_1_060606_num_7.stat
validation_selected_rank,6,pchip,fitting,6,7,8,1.070707,12.672868783094982,0.5036708833710044,0.0,0.5036708833710044,0.0,0.0018348957983845332,-3.799220389036216e-08,0.34736735824907344,0.0,0.0,rotating_drum_bidisperse_size_ratio_1_070707_num_8.stat
validation_selected_rank,6,pchip,fitting,7,9,10,1.090909,12.723670047354258,0.45887632108415977,0.0,0.45887632108415977,0.0,-0.01995611056813699,-3.4204270475416067e-06,0.3804108604196717,0.0,0.0,rotating_drum_bidisperse_size_ratio_1_090909_num_10.stat
validation_selected_rank,6,pchip,fitting,8,10,11,1.10101,12.762901664468703,0.6457846038043286,0.0,0.6457846038043286,0.0,-0.015859439303996747,-1.9357210899112326e-06,0.38094674696370806,0.0,0.0,rotating_drum_bidisperse_size_ratio_1_101010_num_11.stat
validation_selected_rank,6,pchip,fitting,9,11,12,1.111111,12.822783290795366,0.7278307320640548,0.0,0.7278307320640548,0.0,-0.021487731919828546,-2.76375195579743e-06,0.39533189118182505,0.0,0.0,rotating_drum_bidisperse_size_ratio_1_111111_num_12.stat
validation_selected_rank,6,pchip,fitting,10,12,13,1.121212,12.857572791713086,0.8808729646721037,0.0,0.8808729646721037,0.0,-0.020079660116570166,-2.460563991509991e-06,0.4133571686924563,0.0,0.0,rotating_drum_bidisperse_size_ratio_1_121212_num_13.stat
validation_selected_rank,6,pchip,fitting,11,13,14,1.131313,12.862207109867983,0.6000761679028767,0.0,0.6000761679028767,0.0,-0.049432571920408556,-1.5262656970412519e-06,0.40643983878945683,0.0,0.0,rotating_drum_bidisperse_size_ratio_1_131313_num_14.stat
validation_selected_rank,6,pchip,fitting,12,14,15,1.141414,12.879957259964085,0.722133160500708,0.0,0.722133160500708,0.0,-0.04663097422923111,-2.4215698175479066e-06,0.4097446996214188,0.0,0.0,rotating_drum_bidisperse_size_ratio_1_141414_num_15.stat
validation_selected_rank,6,pchip,fitting,13,15,16,1.151515,12.991081996788521,0.4822133619459876,0.0,0.4822133619459876,0.0,0.013848535399150107,-5.974858418245515e-06,0.42700109214307724,0.0,0.0,rotating_drum_bidisperse_size_ratio_1_151515_num_16.stat
validation_selected_rank,6,pchip,fitting,14,16,17,1.161616,12.984597574060377,0.6190888462107866,0.0,0.6190888462107866,0.0,-0.058863748976858796,-2.9979260679320432e-06,0.42839028724752165,0.0,0.0,rotating_drum_bidisperse_size_ratio_1_161616_num_17.stat
validation_selected_rank,6,pchip,fitting,15,17,18,1.171717,13.069509737471007,0.6126133923753069,0.0,0.6126133923753069,0.0,0.0594391361459187,-3.675743738919088e-06,0.4429377988797017,0.0,0.0,rotating_drum_bidisperse_size_ratio_1_171717_num_18.stat
validation_selected_rank,6,pchip,fitting,16,18,19,1.181818,13.113126310068756,0.6749288788634847,0.0,0.6749288788634847,0.0,0.0031010810007633715,-2.9355427394741977e-06,0.44829235738939005,0.0,0.0,rotating_drum_bidisperse_size_ratio_1_181818_num_19.stat
validation_selected_rank,6,pchip,fitting,17,19,20,1.191919,13.193589080137826,0.764393136205306,0.0,0.764393136205306,0.0,0.04120052662635301,-2.4678563385634505e-06,0.44745109006361167,0.0,0.0,rotating_drum_bidisperse_size_ratio_1_191919_num_20.stat
validation_selected_rank,6,pchip,fitting,18,20,21,1.20202,13.190163774841318,0.5944376368496735,0.0,0.5944376368496735,0.0,0.010036380147195555,-4.802187999161181e-06,0.4564186144347621,0.0,0.0,rotating_drum_bidisperse_size_ratio_1_202020_num_21.stat
validation_selected_rank,6,pchip,fitting,19,21,22,1.212121,13.207088409426541,0.660101996558756,0.0,0.660101996558756,0.0,0.024527763145216642,-2.7053430259785122e-06,0.46359609719811723,0.0,0.0,rotating_drum_bidisperse_size_ratio_1_212121_num_22.stat
validation_selected_rank,6,pchip,fitting,20,22,23,1.222222,13.340951901053115,0.5908439924109977,2.9200919912262193e-15,0.5908439924109978,1.3552527156067952e-20,-0.012535548514831622,-3.786106226655076e-06,0.4706752195774895,0.0,0.0,rotating_drum_bidisperse_size_ratio_1_222222_num_23.stat
validation_selected_rank,6,pchip,fitting,21,23,24,1.232323,13.32410511045792,0.5263342283946864,5.685783577650297e-15,0.5263342283946864,-3.2328134891877816e-33,0.02940870544898886,-3.118562024503262e-06,0.4690322016088325,0.0,0.0,rotating_drum_bidisperse_size_ratio_1_232323_num_24.stat
validation_selected_rank,6,pchip,fitting,22,24,25,1.242424,13.43435615998512,0.5646509006012318,0.0,0.5646509006012318,0.0,0.05202991839737006,-7.323858535148051e-07,0.47897987237597767,0.0,0.0,rotating_drum_bidisperse_size_ratio_1_242424_num_25.stat
validation_selected_rank,6,pchip,fitting,23,25,26,1.252525,13.44689779541386,0.49158622574170163,0.0,0.49158622574170163,0.0,-0.029644654224297188,-7.536504048987415e-07,0.48108260123720026,0.0,0.0,rotating_drum_bidisperse_size_ratio_1_252525_num_26.stat
validation_selected_rank,6,pchip,fitting,24,26,27,1.262626,13.578453961834699,0.5453420210989339,0.0,0.5453420210989339,0.0,5.115861188855939e-05,-2.59265367773527e-06,0.4894805423203241,0.0,0.0,rotating_drum_bidisperse_size_ratio_1_262626_num_27.stat
validation_selected_rank,6,pchip,fitting,25,27,28,1.272727,13.526468346617014,0.6391856505687638,0.0,0.6391856505687638,0.0,-0.020063245725895625,-8.034281380396997e-07,0.48743069586836574,0.0,0.0,rotating_drum_bidisperse_size_ratio_1_272727_num_28.stat
validation_selected_rank,6,pchip,fitting,26,29,30,1.292929,13.687821896707566,0.5456622486500221,0.0,0.5456622486500221,0.0,-0.017703124233650763,-2.1925168492471843e-06,0.4929658745480098,0.0,0.0,rotating_drum_bidisperse_size_ratio_1_292929_num_30.stat
validation_selected_rank,6,pchip,fitting,27,30,31,1.30303,13.76195028743179,0.6587324303307338,0.0,0.6587324303307338,0.0,0.029291704891612706,-1.3066578321075487e-06,0.5010135805017472,0.0,0.0,rotating_drum_bidisperse_size_ratio_1_303030_num_31.stat
validation_selected_rank,6,pchip,fitting,28,32,33,1.323232,13.8560714405087,0.4806708976457209,0.0,0.4806708976457209,0.0,0.016287645290229764,-1.3084139223327907e-06,0.5017643823024688,0.0,0.0,rotating_drum_bidisperse_size_ratio_1_323232_num_33.stat
validation_selected_rank,6,pchip,fitting,29,33,34,1.333333,13.816382747531229,0.5964808839385023,0.0,0.5964808839385023,0.0,0.07267835504336963,-8.663669629437703e-07,0.5005698802815017,0.0,0.0,rotating_drum_bidisperse_size_ratio_1_333333_num_34.stat
validation_selected_rank,6,pchip,fitting,30,34,35,1.343434,13.85398380996654,0.7313027077804889,0.0,0.7313027077804889,0.0,-0.03527439362518551,-2.9827551540033083e-07,0.5076889262330059,0.0,0.0,rotating_drum_bidisperse_size_ratio_1_343434_num_35.stat
validation_selected_rank,6,pchip,fitting,31,35,36,1.353535,13.973012279188808,0.5315615051668354,0.0,0.5315615051668354,0.0,-0.011879484286907641,-1.8052417293802517e-06,0.5109734341095817,0.0,0.0,rotating_drum_bidisperse_size_ratio_1_353535_num_36.stat
validation_selected_rank,6,pchip,fitting,32,36,37,1.363636,13.992362119036713,0.3767890375346356,0.0,0.3767890375346356,0.0,-0.001574550768372265,-1.3455324343930046e-06,0.5082653752743156,0.0,0.0,rotating_drum_bidisperse_size_ratio_1_363636_num_37.stat
validation_selected_rank,6,pchip,fitting,33,38,39,1.383838,14.064538571547207,0.5037302965043988,0.0,0.5037302965043988,0.0,0.00877356434544773,-1.262905841934697e-06,0.5102818651121644,0.0,0.0,rotating_drum_bidisperse_size_ratio_1_383838_num_39.stat
validation_selected_rank,6,pchip,fitting,34,39,40,1.393939,14.127612610326192,0.5099476509085624,0.0,0.5099476509085624,0.0,0.018238377781983124,-2.692938498645667e-07,0.5141241092307721,0.0,0.0,rotating_drum_bidisperse_size_ratio_1_393939_num_40.stat
validation_selected_rank,6,pchip,fitting,35,41,42,1.414141,14.180824613446363,0.47864762101539043,0.0,0.47864762101539043,0.0,0.019359869618002665,-5.446245785438521e-07,0.5153686562956395,0.0,0.0,rotating_drum_bidisperse_size_ratio_1_414141_num_42.stat
validation_selected_rank,6,pchip,fitting,36,43,44,1.434343,14.271671154838023,0.37781325883396694,0.0,0.37781325883396694,0.0,0.009096536513633404,-1.9922875534947846e-06,0.5214456259788662,0.0,0.0,rotating_drum_bidisperse_size_ratio_1_434343_num_44.stat
validation_selected_rank,6,pchip,fitting,37,44,45,1.444444,14.311603392528514,0.48053746349896914,0.0,0.48053746349896914,0.0,-0.0020284788323321847,-5.310600644735703e-07,0.5192129469328609,0.0,0.0,rotating_drum_bidisperse_size_ratio_1_444444_num_45.stat
validation_selected_rank,6,pchip,fitting,38,45,46,1.454545,14.328437170385776,0.5687430779368575,0.0,0.5687430779368575,0.0,0.04471925783607491,-5.617564342690631e-07,0.5203779957407021,0.0,0.0,rotating_drum_bidisperse_size_ratio_1_454545_num_46.stat
validation_selected_rank,6,pchip,fitting,39,46,47,1.464646,14.332915229639472,0.6350969931847406,0.0,0.6350969931847406,0.0,-0.042013594476877816,-3.5221855780056606e-07,0.5223874726065824,0.0,0.0,rotating_drum_bidisperse_size_ratio_1_464646_num_47.stat
validation_selected_rank,6,pchip,fitting,40,47,48,1.474747,14.43970357930931,0.510788693003325,0.0,0.510788693003325,0.0,-0.004622599327472027,-8.477989980374256e-07,0.5261463041123775,0.0,0.0,rotating_drum_bidisperse_size_ratio_1_474747_num_48.stat
validation_selected_rank,6,pchip,fitting,41,48,49,1.484848,14.45919299466417,0.49425699273120693,0.0,0.49425699273120693,0.0,-0.000625094050475174,-2.437156722272964e-07,0.5231759708692594,0.0,0.0,rotating_drum_bidisperse_size_ratio_1_484848_num_49.stat
validation_selected_rank,6,pchip,fitting,42,49,50,1.494949,14.496522732812947,0.45923336837382656,6.017842672556803e-15,0.4592333683738269,3.049318610115119e-20,0.007445041793958736,-3.4063686571128715e-07,0.5261847321159444,0.0,0.0,rotating_drum_bidisperse_size_ratio_1_494949_num_50.stat
validation_selected_rank,6,pchip,fitting,43,50,51,1.505051,14.437176438141057,0.6805827051493069,1.1557550608457046e-15,0.6805827051493069,-1.3357697606704585e-34,0.007829684945332687,-1.148067744611318e-06,0.5225650866767539,0.0,0.0,rotating_drum_bidisperse_size_ratio_1_505051_num_51.stat
validation_selected_rank,6,pchip,fitting,44,52,53,1.525253,14.490636987618782,0.6329719952024632,5.645613550408332e-15,0.6329719952024631,-2.0328790734106395e-20,-0.035886213875163386,-2.7022072136666877e-07,0.5258761187947747,0.0,0.0,rotating_drum_bidisperse_size_ratio_1_525253_num_53.stat
validation_selected_rank,6,pchip,fitting,45,54,55,1.545455,14.566722001536746,0.39458539346639904,1.169927855766009e-14,0.39458539346639887,-1.3552527156082492e-20,0.017238547683599153,-3.6634055623901876e-07,0.5280969311021418,0.0,0.0,rotating_drum_bidisperse_size_ratio_1_545455_num_55.stat
validation_selected_rank,6,pchip,fitting,46,55,56,1.555556,14.616573688255107,0.40170392640243135,0.0,0.40170392640243135,0.0,0.02845308116751835,-5.204294601816987e-07,0.5300096206015598,0.0,0.0,rotating_drum_bidisperse_size_ratio_1_555556_num_56.stat
validation_selected_rank,6,pchip,fitting,47,56,57,1.565657,14.574785305263717,0.549667745852404,0.0,0.549667745852404,0.0,-0.006455967928511662,-1.8970416265703789e-06,0.530729472297655,0.0,0.0,rotating_drum_bidisperse_size_ratio_1_565657_num_57.stat
validation_selected_rank,6,pchip,fitting,48,57,58,1.575758,14.666399297225942,0.37746841853413704,0.0,0.37746841853413704,0.0,0.04197096638276759,-2.514341407209937e-07,0.529138578303186,0.0,0.0,rotating_drum_bidisperse_size_ratio_1_575758_num_58.stat
validation_selected_rank,6,pchip,fitting,49,58,59,1.585859,14.668222685131505,0.49662934930152103,0.0,0.49662934930152103,0.0,-0.05559374033678506,-1.1557103754875011e-07,0.5288232991235957,0.0,0.0,rotating_drum_bidisperse_size_ratio_1_585859_num_59.stat
validation_selected_rank,6,pchip,fitting,50,59,60,1.59596,14.711173772451778,0.4999467048078276,0.0,0.4999467048078276,0.0,-0.035724462380793416,-1.1758435983831983e-06,0.5312449666505933,0.0,0.0,rotating_drum_bidisperse_size_ratio_1_595960_num_60.stat
validation_selected_rank,6,pchip,fitting,51,60,61,1.606061,14.728207176255644,0.4139170995743525,0.0,0.4139170995743525,0.0,-0.022276852136051458,-2.451073899854148e-06,0.5325535721329308,0.0,0.0,rotating_drum_bidisperse_size_ratio_1_606061_num_61.stat
validation_selected_rank,6,pchip,fitting,52,61,62,1.616162,14.78004627167974,0.4666946899900294,0.0,0.4666946899900294,0.0,-0.037705922998774004,-1.9003874440224633e-07,0.5317387233598181,0.0,0.0,rotating_drum_bidisperse_size_ratio_1_616162_num_62.stat
validation_selected_rank,6,pchip,fitting,53,62,63,1.626263,14.756747418174106,0.4707460718697839,0.0,0.4707460718697839,0.0,0.010790475557752562,-2.1061756351271406e-06,0.5319138037640715,0.0,0.0,rotating_drum_bidisperse_size_ratio_1_626263_num_63.stat
validation_selected_rank,6,pchip,fitting,54,63,64,1.636364,14.806979498821997,0.4469204764639156,0.0,0.4469204764639156,0.0,0.02083603419582457,-1.1631714932749945e-06,0.5343436217049069,0.0,0.0,rotating_drum_bidisperse_size_ratio_1_636364_num_64.stat
validation_selected_rank,6,pchip,fitting,55,64,65,1.646465,14.839020869680658,0.5374721202166804,0.0,0.5374721202166804,0.0,-0.001460501945543124,-3.03695008343062e-08,0.5320020649927876,0.0,0.0,rotating_drum_bidisperse_size_ratio_1_646465_num_65.stat
validation_selected_rank,6,pchip,fitting,56,66,67,1.666667,14.882769306071474,0.5722861103220294,0.0,0.5722861103220294,0.0,-0.05355849123275089,-3.7300037523454644e-07,0.5342606709204322,0.0,0.0,rotating_drum_bidisperse_size_ratio_1_666667_num_67.stat
validation_selected_rank,6,pchip,fitting,57,67,68,1.676768,14.89146799241066,0.43821974579795564,0.0,0.43821974579795564,0.0,-0.03807627032968158,-2.0105965104855503e-06,0.5345204766127228,0.0,0.0,rotating_drum_bidisperse_size_ratio_1_676768_num_68.stat
validation_selected_rank,6,pchip,fitting,58,68,69,1.686869,14.863228553128508,0.41840493204271495,0.0,0.41840493204271495,0.0,0.04848790874432167,-2.758255446295856e-07,0.5321050345945963,0.0,0.0,rotating_drum_bidisperse_size_ratio_1_686869_num_69.stat
validation_selected_rank,6,pchip,fitting,59,69,70,1.69697,14.896806159654549,0.35887751068914414,0.0,0.35887751068914414,0.0,0.010840011239972622,-1.4517880595424277e-07,0.5332065478531783,0.0,0.0,rotating_drum_bidisperse_size_ratio_1_696970_num_70.stat
validation_selected_rank,6,pchip,fitting,60,70,71,1.707071,14.947414820003644,0.39074918180038887,0.0,0.39074918180038887,0.0,-0.037638144840008714,-2.0932275644979124e-06,0.536371457862543,0.0,0.0,rotating_drum_bidisperse_size_ratio_1_707071_num_71.stat
validation_selected_rank,6,pchip,fitting,61,71,72,1.717172,14.928758869795994,0.4648405546960996,0.0,0.4648405546960996,0.0,0.023300043641542437,-1.801847900814162e-07,0.5349179152267359,0.0,0.0,rotating_drum_bidisperse_size_ratio_1_717172_num_72.stat
validation_selected_rank,6,pchip,fitting,62,72,73,1.727273,14.952832288547768,0.45327702376863144,0.0,0.45327702376863144,0.0,0.038147992595169364,-9.448735987187725e-07,0.5340759961954694,0.0,0.0,rotating_drum_bidisperse_size_ratio_1_727273_num_73.stat
validation_selected_rank,6,pchip,fitting,63,73,74,1.737374,15.02910789652686,0.44071498349718163,0.0,0.44071498349718163,0.0,0.019376898582012192,-4.48869401597189e-08,0.5357904826297809,0.0,0.0,rotating_drum_bidisperse_size_ratio_1_737374_num_74.stat
validation_selected_rank,6,pchip,fitting,64,74,75,1.747475,14.981514028253443,0.32204461419092667,3.0117219254570013e-15,0.3220446141909266,-3.388131789018109e-21,0.003747882524800354,-2.2853103115736034e-08,0.5343837805750052,0.0,0.0,rotating_drum_bidisperse_size_ratio_1_747475_num_75.stat
validation_selected_rank,6,pchip,fitting,65,75,76,1.757576,15.057652890629452,0.33493613775054154,0.0,0.33493613775054154,0.0,-0.005070779268081055,-1.7777053860643893e-06,0.5372436875652962,0.0,0.0,rotating_drum_bidisperse_size_ratio_1_757576_num_76.stat
validation_selected_rank,6,pchip,fitting,66,76,77,1.767677,14.997236033520513,0.4429903014166557,5.962807142996162e-15,0.4429903014166554,-2.3716922523123966e-20,0.03672770916553142,-4.084998387079077e-08,0.5341924483227902,0.0,0.0,rotating_drum_bidisperse_size_ratio_1_767677_num_77.stat
validation_selected_rank,6,pchip,fitting,67,77,78,1.777778,15.06447062570793,0.3828158329379174,1.3275776973200474e-14,0.3828158329379172,-1.6940658945103632e-20,0.008666282554928758,-2.4716492236888327e-08,0.5359393028642252,0.0,0.0,rotating_drum_bidisperse_size_ratio_1_777778_num_78.stat
validation_selected_rank,6,pchip,fitting,68,78,79,1.787879,15.015785745475727,0.4737918178961916,0.0,0.4737918178961916,0.0,0.024778573791853515,-1.2968528036062662e-06,0.5360340213119004,0.0,0.0,rotating_drum_bidisperse_size_ratio_1_787879_num_79.stat
validation_selected_rank,6,pchip,fitting,69,79,80,1.79798,15.078643201973989,0.4116218395744527,0.0,0.4116218395744527,0.0,-0.030593365404718353,-8.210912218204738e-06,0.5389164320089652,0.0,0.0,rotating_drum_bidisperse_size_ratio_1_797980_num_80.stat
validation_selected_rank,6,pchip,fitting,70,80,81,1.808081,15.127707855158457,0.5492841018458049,0.0,0.5492841018458049,0.0,-0.02578153780360561,-5.843024863837078e-06,0.5401005971371836,0.0,0.0,rotating_drum_bidisperse_size_ratio_1_808081_num_81.stat
validation_selected_rank,6,pchip,fitting,71,81,82,1.818182,15.084753154633894,0.4520998228911248,0.0,0.4520998228911248,0.0,-0.017097686273509997,-1.6619715828764751e-06,0.5386718578329175,0.0,0.0,rotating_drum_bidisperse_size_ratio_1_818182_num_82.stat
validation_selected_rank,6,pchip,fitting,72,82,83,1.828283,15.075005105175546,0.459500775858706,0.0,0.459500775858706,0.0,-0.03598581337049874,-4.498219525433273e-06,0.5389250248813953,0.0,0.0,rotating_drum_bidisperse_size_ratio_1_828283_num_83.stat
validation_selected_rank,6,pchip,fitting,73,83,84,1.838384,15.104209132500657,0.44456273989654504,0.0,0.44456273989654504,0.0,0.036458196928583084,-7.190481944901708e-08,0.5341996356262783,0.0,0.0,rotating_drum_bidisperse_size_ratio_1_838384_num_84.stat
validation_selected_rank,6,pchip,fitting,74,84,85,1.848485,15.121565863426323,0.41812040797552846,0.0,0.41812040797552846,0.0,-0.04020995164577078,-1.4411702716715537e-06,0.5385140669319463,0.0,0.0,rotating_drum_bidisperse_size_ratio_1_848485_num_85.stat
validation_selected_rank,6,pchip,fitting,75,85,86,1.858586,15.09636543763586,0.5743257554732687,0.0,0.5743257554732687,0.0,0.047642445436708605,-2.765253721668976e-06,0.5379819616167272,0.0,0.0,rotating_drum_bidisperse_size_ratio_1_858586_num_86.stat
validation_selected_rank,6,pchip,fitting,76,86,87,1.868687,15.146583249873807,0.36562410760166986,0.0,0.36562410760166986,0.0,-0.005213461004523046,-2.8871307806102146e-07,0.5371508739857971,0.0,0.0,rotating_drum_bidisperse_size_ratio_1_868687_num_87.stat
validation_selected_rank,6,pchip,fitting,77,87,88,1.878788,15.189145664707954,0.3777305015932318,0.0,0.3777305015932318,0.0,-0.026249423911917195,-5.169425017248169e-07,0.5377126029704395,0.0,0.0,rotating_drum_bidisperse_size_ratio_1_878788_num_88.stat
validation_selected_rank,6,pchip,fitting,78,88,89,1.888889,15.128388342214212,0.6030879165481298,0.0,0.6030879165481298,0.0,0.03824737194241922,-7.94121701934297e-08,0.536250449408276,0.0,0.0,rotating_drum_bidisperse_size_ratio_1_888889_num_89.stat
validation_selected_rank,6,pchip,fitting,79,89,90,1.89899,15.170819319744613,0.42931224644263194,0.0,0.42931224644263194,0.0,-0.02638775841414105,-2.5274742084574236e-06,0.5384889968252695,0.0,0.0,rotating_drum_bidisperse_size_ratio_1_898990_num_90.stat
validation_selected_rank,6,pchip,fitting,80,90,91,1.909091,15.179102126120826,0.3624576675213115,0.0,0.3624576675213115,0.0,-0.016961958809997145,-1.5761138000611133e-06,0.5395709538361942,0.0,0.0,rotating_drum_bidisperse_size_ratio_1_909091_num_91.stat
validation_selected_rank,6,pchip,fitting,81,91,92,1.919192,15.19893494145909,0.4442420068202301,0.0,0.4442420068202301,0.0,0.03978442597363251,-1.215277724052474e-07,0.5377691846259346,0.0,0.0,rotating_drum_bidisperse_size_ratio_1_919192_num_92.stat
validation_selected_rank,6,pchip,fitting,82,92,93,1.929293,15.180010073571133,0.379920842708826,0.0,0.379920842708826,0.0,0.012459285251916708,-2.0548545392720442e-07,0.5374135917972835,0.0,0.0,rotating_drum_bidisperse_size_ratio_1_929293_num_93.stat
validation_selected_rank,6,pchip,fitting,83,93,94,1.939394,15.205939337359732,0.32520889481620247,0.0,0.32520889481620247,0.0,0.0033640205577232084,-4.2844067690666095e-07,0.5379014677084925,0.0,0.0,rotating_drum_bidisperse_size_ratio_1_939394_num_94.stat
validation_selected_rank,6,pchip,fitting,84,94,95,1.949495,15.218511241823213,0.3578659336620851,0.0,0.3578659336620851,0.0,-0.015822907500242723,-1.1546862518099028e-06,0.538767982711153,0.0,0.0,rotating_drum_bidisperse_size_ratio_1_949495_num_95.stat
validation_selected_rank,6,pchip,fitting,85,95,96,1.959596,15.257184856975613,0.2865804946424868,0.0,0.2865804946424868,0.0,0.0019210340820139194,-6.9895481702970415e-06,0.5409086341887884,0.0,0.0,rotating_drum_bidisperse_size_ratio_1_959596_num_96.stat
validation_selected_rank,6,pchip,fitting,86,96,97,1.969697,15.220913155894998,0.39813864937310656,0.0,0.39813864937310656,0.0,0.03887457344105696,-1.1716993811602088e-07,0.5381034299802911,0.0,0.0,rotating_drum_bidisperse_size_ratio_1_969697_num_97.stat
validation_selected_rank,6,pchip,fitting,87,97,98,1.979798,15.243547437157048,0.35408097275008205,0.0,0.35408097275008205,0.0,0.02531085148989667,-5.093883986748827e-07,0.5383625879686819,0.0,0.0,rotating_drum_bidisperse_size_ratio_1_979798_num_98.stat
validation_selected_rank,6,pchip,fitting,88,98,99,1.989899,15.240908175145496,0.42259456141895757,9.443539323330341e-15,0.4225945614189578,1.3552527156059887e-20,-0.018994184810922705,-4.671612663421092e-06,0.5393751316700254,0.0,0.0,rotating_drum_bidisperse_size_ratio_1_989899_num_99.stat
validation_selected_rank,6,pchip,fitting,89,99,100,2.0,15.291006007061322,0.5215248319424403,1.371962163139315e-16,0.5215248319424403,-1.8822801770859078e-36,-0.05006741064596062,-5.416356147483659e-07,0.5385939436810632,0.0,0.0,rotating_drum_bidisperse_size_ratio_2_000000_num_100.stat
validation_selected_rank,6,pchip,internal_validation,0,5,6,1.050505,12.616459208573609,1.021308715604853,1.865948425112933,2.12716595914655,-7.589415207398531e-19,0.00786843972846532,-1.66849073426019e-06,0.33606251139140714,0.0,0.0,rotating_drum_bidisperse_size_ratio_1_050505_num_6.stat
validation_selected_rank,6,pchip,internal_validation,1,8,9,1.080808,12.673523702161393,0.5353465199533061,0.9949095136159445,1.1297968121346635,1.734723475976807e-18,-0.006330675804158321,-1.4881851785115857e-06,0.36419559495566567,0.0,0.0,rotating_drum_bidisperse_size_ratio_1_080808_num_9.stat
validation_selected_rank,6,pchip,internal_validation,2,28,29,1.282828,13.574801660424276,0.5269078867355469,0.24908374033673908,0.5828161209200304,1.1545059071076114e-18,-0.016857913848777425,-5.808233399155236e-07,0.4883672005347119,0.0,0.0,rotating_drum_bidisperse_size_ratio_1_282828_num_29.stat
validation_selected_rank,6,pchip,internal_validation,3,31,32,1.313131,13.780167793246846,0.5654274719315202,1.059517000295984,1.2009514977429976,7.887570804832045e-18,0.028037943381958152,-4.753575487869803e-07,0.5019237135904651,0.0,0.0,rotating_drum_bidisperse_size_ratio_1_313131_num_32.stat
validation_selected_rank,6,pchip,internal_validation,4,37,38,1.373737,14.05629337369303,0.6022930810919249,0.983426872881018,1.1532065599170462,-3.4287893704854078e-18,0.004609807570244198,-1.3826187994753204e-06,0.5085178204364577,0.0,0.0,rotating_drum_bidisperse_size_ratio_1_373737_num_38.stat
validation_selected_rank,6,pchip,internal_validation,5,40,41,1.40404,14.169638877135696,0.613917495243756,0.6110133688045637,0.8661593547519051,-3.2390539903004445e-18,0.019741399866488304,-4.975155685838637e-07,0.51489351427947,0.0,0.0,rotating_drum_bidisperse_size_ratio_1_404040_num_41.stat
validation_selected_rank,6,pchip,internal_validation,6,42,43,1.424242,14.141615859667047,0.7284017983347967,1.2092360323762992,1.411673107278958,8.809142651444724e-18,0.022065443608835517,-6.274855178118616e-07,0.5181529669201123,0.0,0.0,rotating_drum_bidisperse_size_ratio_1_424242_num_43.stat
validation_selected_rank,6,pchip,internal_validation,7,51,52,1.515152,14.49951004970088,0.4332767520330875,0.7384436355713409,0.8561703958722877,-5.0889739471038364e-18,-0.017964204959209012,-8.585061285286482e-07,0.5237513205970321,0.0,0.0,rotating_drum_bidisperse_size_ratio_1_515152_num_52.stat
validation_selected_rank,6,pchip,internal_validation,8,53,54,1.535354,14.542440847135541,0.43652560998656553,0.5062770510558289,0.6684841513453418,-2.7647155398380363e-18,-0.0039484864172503395,-1.4131422800910335e-07,0.5267527156869559,0.0,0.0,rotating_drum_bidisperse_size_ratio_1_535354_num_54.stat
validation_selected_rank,6,pchip,internal_validation,9,65,66,1.656566,14.805162493209902,0.4977875828665933,1.1504400107905273,1.2535169309123517,4.743384504624082e-18,-0.0398175627010674,-1.4077712686725898e-07,0.533130259834022,0.0,0.0,rotating_drum_bidisperse_size_ratio_1_656566_num_66.stat
validation_selected_rank,6,pchip,external,0,0,8,1.0625,12.65352393796489,0.7202827920211675,1.6932500404774384,1.840082335130312,-3.3610267347050637e-18,0.0005132871222440114,-1.3041788005831152e-06,0.3414889308353335,0.0,0.0,rotating_drum_bidisperse_size_ratio_1_062500_num_8.stat
validation_selected_rank,6,pchip,external,1,1,4,1.125,12.882700082039083,0.729809895703949,0.9282338760388351,1.1807796629741987,-2.6156377411212794e-18,-0.029075037529331445,-1.8233514158886494e-06,0.41159032058554723,0.0,0.0,rotating_drum_bidisperse_size_ratio_1_125000_num_4.stat
validation_selected_rank,6,pchip,external,2,2,2,1.25,13.405105564701557,0.5621223809162218,0.6794293991357988,0.8818196411608094,2.3987973066241786e-18,-0.004284412275746664,-7.524696108645548e-07,0.4804347924526527,0.0,0.0,rotating_drum_bidisperse_size_ratio_1_250000_num_2.stat
validation_selected_rank,6,pchip,external,3,3,10,1.3125,13.789162595949453,0.5275196613686755,0.5752560915801169,0.7805104509425659,1.3688052427629493e-18,0.027551267041475414,-3.955160535131938e-07,0.5019623945404529,0.0,0.0,rotating_drum_bidisperse_size_ratio_1_312500_num_10.stat
validation_selected_rank,6,pchip,external,4,4,6,1.375,13.992508553246106,0.438774107755357,0.6769769523081067,0.80673447403276,3.178067618098135e-18,0.007652774668567558,-1.3765637607331489e-06,0.508637308711327,0.0,0.0,rotating_drum_bidisperse_size_ratio_1_375000_num_6.stat
validation_selected_rank,6,pchip,external,5,5,1,1.5,14.433726838114833,0.5243450178896498,1.1062710441746348,1.2242439793460291,6.667843360785852e-18,0.002959692148548053,-8.663409761145241e-07,0.5242579914303381,0.0,0.0,rotating_drum_bidisperse_size_ratio_1_500000_num_1.stat
validation_selected_rank,6,pchip,external,6,6,9,1.5625,14.613331448806173,0.46177821942869635,0.6938597405217293,0.8334749327097832,-4.106415728288848e-18,-0.0004478944622496588,-1.0143965150283014e-06,0.5306475132035987,0.0,0.0,rotating_drum_bidisperse_size_ratio_1_562500_num_9.stat
validation_selected_rank,6,pchip,external,7,7,5,1.625,14.753224726665213,0.4769637543171046,0.3052781630008773,0.566294251902195,9.181837148236616e-19,0.011803525053893016,-2.0113636217091686e-06,0.5318509644460275,0.0,0.0,rotating_drum_bidisperse_size_ratio_1_625000_num_5.stat
validation_selected_rank,6,pchip,external,8,8,3,1.75,15.005398606925544,0.4428351080013837,0.2968889985781108,0.5331472689185501,-1.8295911660692887e-19,-0.0003952469246560377,-4.485612756246844e-08,0.5348291281000163,0.0,0.0,rotating_drum_bidisperse_size_ratio_1_750000_num_3.stat
validation_selected_rank,6,pchip,external,9,9,7,1.875,15.146719417145968,0.4487775904391191,0.485542962358092,0.6611756907024371,3.144186300207963e-18,-0.018013193418252665,-7.347927145827864e-08,0.5374871269109981,0.0,0.0,rotating_drum_bidisperse_size_ratio_1_875000_num_7.stat
paper_rank15,15,frozen_nn,fitting,0,0,1,1.0,12.534418235102383,0.36736916007594195,1.036009649533064,1.0992161269288818,6.640738306473715e-19,0.04777126399167511,-4.029071318581744e-06,0.2940813042965908,0.0,0.0,rotating_drum_bidisperse_size_ratio_1_000000_num_1.stat
paper_rank15,15,frozen_nn,fitting,1,1,2,1.010101,12.524596526960545,0.4061018079478627,1.2399622667505505,1.3047701335421829,0.0,0.019456062341152477,-2.977100627911406e-06,0.2999999089005758,0.0,0.0,rotating_drum_bidisperse_size_ratio_1_010101_num_2.stat
paper_rank15,15,frozen_nn,fitting,2,2,3,1.020202,12.554494000906189,0.45594357534554514,1.1721440226771724,1.2576987531983637,1.6263032587282567e-18,-0.0037034145728992818,-1.9944617603445966e-06,0.30715465610158926,0.0,0.0,rotating_drum_bidisperse_size_ratio_1_020202_num_3.stat
paper_rank15,15,frozen_nn,fitting,3,3,4,1.030303,12.539806988972247,0.3938135009212156,1.5161275864316803,1.566439252523711,6.640738306473715e-18,-0.026545832109693086,-1.106420816947476e-06,0.31527912594971735,0.0,0.0,rotating_drum_bidisperse_size_ratio_1_030303_num_4.stat
paper_rank15,15,frozen_nn,fitting,4,4,5,1.040404,12.590767314087513,0.36116791745330545,0.9336737466362569,1.0010938666055897,-1.260385025514399e-18,-0.03977790429070822,-5.924761954064773e-07,0.3240248871395163,0.0,0.0,rotating_drum_bidisperse_size_ratio_1_040404_num_5.stat
paper_rank15,15,frozen_nn,fitting,5,6,7,1.060606,12.627659554902852,0.34874500374114215,0.9061688798941215,0.9709609243028111,-6.776263578034403e-19,-0.028129178300163444,-2.2176124716316445e-06,0.3431416481743501,0.0,0.0,rotating_drum_bidisperse_size_ratio_1_060606_num_7.stat
paper_rank15,15,frozen_nn,fitting,6,7,8,1.070707,12.672868783094982,0.4046483047389914,0.9454655384559276,1.02841885189638,-2.859583229930518e-18,-0.0291680940344709,-2.843833892432545e-06,0.3530450345803955,0.0,0.0,rotating_drum_bidisperse_size_ratio_1_070707_num_8.stat
paper_rank15,15,frozen_nn,fitting,7,9,10,1.090909,12.723670047354258,0.371853476248522,0.814101828291198,0.8950065891518305,1.2197274440461925e-18,-0.0024483978779997854,-3.53759572919558e-06,0.3728869796833995,0.0,0.0,rotating_drum_bidisperse_size_ratio_1_090909_num_10.stat
paper_rank15,15,frozen_nn,fitting,8,10,11,1.10101,12.762901664468703,0.35314162339520583,0.6181970264001507,0.7119526456332588,6.437450399132683e-19,0.010902054581428055,-3.6163118536763767e-06,0.3826971316873087,0.0,0.0,rotating_drum_bidisperse_size_ratio_1_101010_num_11.stat
paper_rank15,15,frozen_nn,fitting,9,11,12,1.111111,12.822783290795366,0.31361709897004564,0.915313347064084,0.9675506230063821,-5.55653613398821e-19,0.018631542495364178,-3.6314412056335306e-06,0.3922289206693802,0.0,0.0,rotating_drum_bidisperse_size_ratio_1_111111_num_12.stat
paper_rank15,15,frozen_nn,fitting,10,12,13,1.121212,12.857572791713086,0.3525565419335051,1.353839525505038,1.398991628309409,-5.692061405548898e-19,0.02489595927716696,-3.447870679581251e-06,0.4013363413238848,0.0,0.0,rotating_drum_bidisperse_size_ratio_1_121212_num_13.stat
paper_rank15,15,frozen_nn,fitting,11,13,14,1.131313,12.862207109867983,0.3666218834785461,0.6205159729061686,0.720729961967089,3.604972223514302e-18,0.037917659934557126,-3.073117937727251e-06,0.4099908108349353,0.0,0.0,rotating_drum_bidisperse_size_ratio_1_131313_num_14.stat
paper_rank15,15,frozen_nn,fitting,12,14,15,1.141414,12.879957259964085,0.345454262345879,1.3607798789757681,1.4039446308164265,3.1170812458958252e-18,0.03241712403210502,-2.5220040992780397e-06,0.4181810729647906,0.0,0.0,rotating_drum_bidisperse_size_ratio_1_141414_num_15.stat
paper_rank15,15,frozen_nn,fitting,13,15,16,1.151515,12.991081996788521,0.3658527801885547,0.965524210223224,1.0325140470225285,-3.496552006265752e-18,0.03123904563468217,-2.0462784211038087e-06,0.4259088182928421,0.0,0.0,rotating_drum_bidisperse_size_ratio_1_151515_num_16.stat
paper_rank15,15,frozen_nn,fitting,14,16,17,1.161616,12.984597574060377,0.36064482599441766,1.0246841715250965,1.086297538380087,1.9651164376299768e-18,0.025522423905472665,-1.9681584684584318e-06,0.43318425545314926,0.0,0.0,rotating_drum_bidisperse_size_ratio_1_161616_num_17.stat
paper_rank15,15,frozen_nn,fitting,15,17,18,1.171717,13.069509737471007,0.40236738860169985,0.8314955432768368,0.923733919426687,-4.336808689942018e-19,0.023769799935767454,-1.8362819171994676e-06,0.44002221794287655,0.0,0.0,rotating_drum_bidisperse_size_ratio_1_171717_num_18.stat
paper_rank15,15,frozen_nn,fitting,16,18,19,1.181818,13.113126310068756,0.3407186998268395,0.6866395331844324,0.7665266342035439,-1.3484764520288461e-18,0.02012562525395483,-1.8571480460125496e-06,0.4464391425051536,0.0,0.0,rotating_drum_bidisperse_size_ratio_1_181818_num_19.stat
paper_rank15,15,frozen_nn,fitting,17,19,20,1.191919,13.193589080137826,0.3601008320500713,1.2915634696917633,1.3408239278463474,-7.237049501340742e-18,0.01147134495562939,-1.9335141246044404e-06,0.4524510322412245,0.0,0.0,rotating_drum_bidisperse_size_ratio_1_191919_num_20.stat
paper_rank15,15,frozen_nn,fitting,18,20,21,1.20202,13.190163774841318,0.32835742029854964,0.9483547206559575,1.003591187513907,1.6127507315721878e-18,0.0006926318936336318,-2.0827527898818747e-06,0.45807235087150205,0.0,0.0,rotating_drum_bidisperse_size_ratio_1_202020_num_21.stat
paper_rank15,15,frozen_nn,fitting,19,21,22,1.212121,13.207088409426541,0.32949307081244633,1.3943618400121507,1.4327632828194232,4.0657581468206416e-19,-0.0016306044997419543,-2.264621823844929e-06,0.4633156902279547,0.0,0.0,rotating_drum_bidisperse_size_ratio_1_212121_num_22.stat
paper_rank15,15,frozen_nn,fitting,20,22,23,1.222222,13.340951901053115,0.3234515473712648,1.2151065011219524,1.2574198632778428,-3.0086610286472748e-18,-0.010398876456883158,-2.479887837787342e-06,0.4681920033650195,0.0,0.0,rotating_drum_bidisperse_size_ratio_1_222222_num_23.stat
paper_rank15,15,frozen_nn,fitting,21,23,24,1.232323,13.32410511045792,0.33222718778966287,1.1693354378502359,1.2156151819219232,3.984442983884229e-18,-0.010899651817551427,-2.605977127244448e-06,0.4727111874180858,0.0,0.0,rotating_drum_bidisperse_size_ratio_1_232323_num_24.stat
paper_rank15,15,frozen_nn,fitting,22,24,25,1.242424,13.43435615998512,0.32983780718819783,0.6175662317187507,0.700129294923455,-2.168404344971009e-19,-0.02566145835165822,-2.6351781808841354e-06,0.4770860183066088,0.0,0.0,rotating_drum_bidisperse_size_ratio_1_242424_num_25.stat
paper_rank15,15,frozen_nn,fitting,23,25,26,1.252525,13.44689779541386,0.31475552065820067,0.4839009312472205,0.5772617682185056,1.3383120566617945e-18,-0.020647614991111098,-2.5634746355387325e-06,0.4812167125319329,0.0,0.0,rotating_drum_bidisperse_size_ratio_1_252525_num_26.stat
paper_rank15,15,frozen_nn,fitting,24,26,27,1.262626,13.578453961834699,0.32472626494553697,1.3006440328401099,1.340567807799367,-6.288372600415926e-18,-0.02839748310696712,-2.3905097813874075e-06,0.4850308863177372,0.0,0.0,rotating_drum_bidisperse_size_ratio_1_262626_num_27.stat
paper_rank15,15,frozen_nn,fitting,25,27,28,1.272727,13.526468346617014,0.3105961200318772,0.942847793392217,0.9926892319771946,4.363913744254155e-18,-0.027150288019366982,-2.119344431208468e-06,0.48853690178144715,0.0,0.0,rotating_drum_bidisperse_size_ratio_1_272727_num_28.stat
paper_rank15,15,frozen_nn,fitting,26,29,30,1.292929,13.687821896707566,0.30744294940902916,0.7897320126711294,0.8474655267200485,-2.642742795433417e-18,-0.015264371650302134,-1.4213635094237938e-06,0.49466769568475594,0.0,0.0,rotating_drum_bidisperse_size_ratio_1_292929_num_30.stat
paper_rank15,15,frozen_nn,fitting,27,30,31,1.30303,13.76195028743179,0.328088343936058,0.8910537435777194,0.9495360632279903,-6.3019251275719945e-18,-0.011148443828855784,-1.071879644465922e-06,0.49731890626728287,0.0,0.0,rotating_drum_bidisperse_size_ratio_1_303030_num_31.stat
paper_rank15,15,frozen_nn,fitting,28,32,33,1.323232,13.8560714405087,0.3161884380034458,0.8898946966129145,0.9443980619351277,-2.4936649967166602e-18,-0.0058113563086917685,-3.6565515231329276e-07,0.5021167342044572,0.0,0.0,rotating_drum_bidisperse_size_ratio_1_323232_num_33.stat
paper_rank15,15,frozen_nn,fitting,29,33,34,1.333333,13.816382747531229,0.32929809811966193,1.0845104316284069,1.1334020088812824,6.627185779317646e-18,-0.008091194031240983,-3.521740569494856e-07,0.5042801878827045,0.0,0.0,rotating_drum_bidisperse_size_ratio_1_333333_num_34.stat
paper_rank15,15,frozen_nn,fitting,30,34,35,1.343434,13.85398380996654,0.29035949738147854,1.2318150151378575,1.2655737312534572,9.2970336290632e-18,-0.0022095489128680502,-3.3346491673578837e-07,0.5064426066454252,0.0,0.0,rotating_drum_bidisperse_size_ratio_1_343434_num_35.stat
paper_rank15,15,frozen_nn,fitting,31,35,36,1.353535,13.973012279188808,0.27951164194788153,0.8532856056582108,0.8978992609463037,1.81603863891322e-18,-0.00027867003124551444,-3.104659862515763e-07,0.5084053466464069,0.0,0.0,rotating_drum_bidisperse_size_ratio_1_353535_num_36.stat
paper_rank15,15,frozen_nn,fitting,32,36,37,1.363636,13.992362119036713,0.2854005707139551,0.4154261229947425,0.5040162194119383,8.876905287225068e-19,0.007283103147620083,-2.840614792539902e-07,0.5101833887862385,0.0,0.0,rotating_drum_bidisperse_size_ratio_1_363636_num_37.stat
paper_rank15,15,frozen_nn,fitting,33,38,39,1.383838,14.064538571547207,0.2974163898241328,0.6322118636747105,0.6986761406453517,1.2061749168901237e-18,0.0050261928798591374,-2.2416673224485574e-07,0.513244357278589,0.0,0.0,rotating_drum_bidisperse_size_ratio_1_383838_num_39.stat
paper_rank15,15,frozen_nn,fitting,34,39,40,1.393939,14.127612610326192,0.3376300612160162,0.5172550823249777,0.6176948101026462,-6.369687763352339e-19,0.011314598178636913,-2.1558442137264704e-07,0.5145555988751003,0.0,0.0,rotating_drum_bidisperse_size_ratio_1_393939_num_40.stat
paper_rank15,15,frozen_nn,fitting,35,41,42,1.414141,14.180824613446363,0.30237903529054905,0.5173028441495398,0.5991955553477013,-6.030874584450618e-19,0.010691531174350118,-2.283424119991136e-07,0.5170198373038898,0.0,0.0,rotating_drum_bidisperse_size_ratio_1_414141_num_42.stat
paper_rank15,15,frozen_nn,fitting,36,43,44,1.434343,14.271671154838023,0.27664307571692054,0.7059426139537495,0.7582126123574954,7.250602028496811e-19,0.011776126889275977,-2.327985033432514e-07,0.5192747515260617,0.0,0.0,rotating_drum_bidisperse_size_ratio_1_434343_num_44.stat
paper_rank15,15,frozen_nn,fitting,37,44,45,1.444444,14.311603392528514,0.290474538514082,0.7588331431791097,0.8125288897707087,-3.550762114890027e-18,0.01322414468547487,-2.3265377232004283e-07,0.5203172184840044,0.0,0.0,rotating_drum_bidisperse_size_ratio_1_444444_num_45.stat
paper_rank15,15,frozen_nn,fitting,38,45,46,1.454545,14.328437170385776,0.32673103399627323,0.5180671484359772,0.6124922357588192,-2.1785687403380605e-18,0.0013077095070724697,-2.3095272716430545e-07,0.5213066312447352,0.0,0.0,rotating_drum_bidisperse_size_ratio_1_454545_num_46.stat
paper_rank15,15,frozen_nn,fitting,39,46,47,1.464646,14.332915229639472,0.33654602875792056,0.8314358457641832,0.8969664403389598,1.5178830414797062e-18,0.0037503413492604313,-2.2638552391318682e-07,0.5222129833591841,0.0,0.0,rotating_drum_bidisperse_size_ratio_1_464646_num_47.stat
paper_rank15,15,frozen_nn,fitting,40,47,48,1.474747,14.43970357930931,0.2884065895947087,0.937465329656044,0.9808259811142457,-4.336808689942018e-18,0.006340980406860201,-2.1892630997502028e-07,0.5230443879122583,0.0,0.0,rotating_drum_bidisperse_size_ratio_1_474747_num_48.stat
paper_rank15,15,frozen_nn,fitting,41,48,49,1.484848,14.45919299466417,0.3211547039026119,0.9315675605049586,0.9853722462216339,-6.572975670693371e-18,-0.001387523341638692,-2.086022503545407e-07,0.523808219020465,0.0,0.0,rotating_drum_bidisperse_size_ratio_1_484848_num_49.stat
paper_rank15,15,frozen_nn,fitting,42,49,50,1.494949,14.496522732812947,0.2544043616307373,0.8408048914018014,0.8784500239751254,-3.957337929572091e-18,-0.0007264549707422297,-1.9549530108191073e-07,0.5245111357843172,0.0,0.0,rotating_drum_bidisperse_size_ratio_1_494949_num_50.stat
paper_rank15,15,frozen_nn,fitting,43,50,51,1.505051,14.437176438141057,0.28518397965680803,0.8698436516125544,0.9154003935456734,1.6127507315721878e-18,-0.00030250586641224545,-1.7974015735911402e-07,0.5252206217627231,0.0,0.0,rotating_drum_bidisperse_size_ratio_1_505051_num_51.stat
paper_rank15,15,frozen_nn,fitting,44,52,53,1.525253,14.490636987618782,0.2954967848575937,0.7388550461865113,0.7957544402241775,4.723055713889979e-18,-0.004275762449901047,-1.4109462561809995e-07,0.5265446356038519,0.0,0.0,rotating_drum_bidisperse_size_ratio_1_525253_num_53.stat
paper_rank15,15,frozen_nn,fitting,45,54,55,1.545455,14.566722001536746,0.24807767978990533,0.7441763884709759,0.7844367612291427,1.9447876468958736e-18,-0.0032566242865405947,-1.3829167495093293e-07,0.527690505987907,0.0,0.0,rotating_drum_bidisperse_size_ratio_1_545455_num_55.stat
paper_rank15,15,frozen_nn,fitting,46,55,56,1.555556,14.616573688255107,0.26887755427319854,0.7010971899900897,0.7508877472724768,-1.9651164376299768e-19,-0.002533424190527692,-1.4542281133994817e-07,0.528206127194436,0.0,0.0,rotating_drum_bidisperse_size_ratio_1_555556_num_56.stat
paper_rank15,15,frozen_nn,fitting,47,56,57,1.565657,14.574785305263717,0.2901896024869724,1.3479393596854112,1.3788221505258558,8.212831456577696e-18,-0.0060850430589560675,-1.512707402777911e-07,0.5286876826976876,0.0,0.0,rotating_drum_bidisperse_size_ratio_1_565657_num_57.stat
paper_rank15,15,frozen_nn,fitting,48,57,58,1.575758,14.666399297225942,0.27032389876189516,0.4533700544699566,0.5278441214335041,-1.4941661189565858e-18,-0.004668337923998692,-1.5560611511270932e-07,0.5292246873396645,0.0,0.0,rotating_drum_bidisperse_size_ratio_1_575758_num_58.stat
paper_rank15,15,frozen_nn,fitting,49,58,59,1.585859,14.668222685131505,0.29346007881000935,0.4370955099695996,0.5264706095222966,1.734723475976807e-18,-0.005492271673375545,-1.5821006775902767e-07,0.5297347335232738,0.0,0.0,rotating_drum_bidisperse_size_ratio_1_585859_num_59.stat
paper_rank15,15,frozen_nn,fitting,50,59,60,1.59596,14.711173772451778,0.2460441634908998,0.60525840552119,0.6533570752980249,-8.809142651444724e-20,-0.006293291978867046,-1.5887941561474973e-07,0.5302259588260004,0.0,0.0,rotating_drum_bidisperse_size_ratio_1_595960_num_60.stat
paper_rank15,15,frozen_nn,fitting,51,60,61,1.606061,14.728207176255644,0.2871413148709374,0.651305471943605,0.7117927735580742,3.1848438816761693e-19,-0.00600513539064335,-1.5743124448863074e-07,0.5307077290869381,0.0,0.0,rotating_drum_bidisperse_size_ratio_1_606061_num_61.stat
paper_rank15,15,frozen_nn,fitting,52,61,62,1.616162,14.78004627167974,0.270644955382641,0.6344590525879563,0.6897731375494865,-1.599198204416119e-18,-0.008490913361917119,-1.537066915555151e-07,0.5311617361615454,0.0,0.0,rotating_drum_bidisperse_size_ratio_1_616162_num_62.stat
paper_rank15,15,frozen_nn,fitting,53,62,63,1.626263,14.756747418174106,0.30026068077340096,0.6556541891363189,0.7211372214430077,3.1577388273640317e-18,-0.006220114754911011,-1.7629908225962543e-07,0.5315893762629438,0.0,0.0,rotating_drum_bidisperse_size_ratio_1_626263_num_63.stat
paper_rank15,15,frozen_nn,fitting,54,63,64,1.636364,14.806979498821997,0.292344459471281,0.4999943983003829,0.579188813182111,-1.5043305143236374e-18,-0.006957397086057266,-2.0133058994389467e-07,0.5319919145029719,0.0,0.0,rotating_drum_bidisperse_size_ratio_1_636364_num_64.stat
paper_rank15,15,frozen_nn,fitting,55,64,65,1.646465,14.839020869680658,0.23238851857011059,0.7822996205285947,0.8160864659105409,-3.7269449679189215e-18,-0.0013031527974743204,-2.22383753738815e-07,0.532377864641587,0.0,0.0,rotating_drum_bidisperse_size_ratio_1_646465_num_65.stat
paper_rank15,15,frozen_nn,fitting,56,66,67,1.666667,14.882769306071474,0.2787886117682802,0.8071406723949414,0.8539315868884565,-5.421010862427522e-19,-0.0035741015530300923,-3.047056172375198e-07,0.5331988585927171,0.0,0.0,rotating_drum_bidisperse_size_ratio_1_666667_num_67.stat
paper_rank15,15,frozen_nn,fitting,57,67,68,1.676768,14.89146799241066,0.2714504371772214,0.5161311440252706,0.5831609534909947,-1.3145951341386741e-18,-0.001232306775521409,-4.701443446826633e-07,0.5335732942529159,0.0,0.0,rotating_drum_bidisperse_size_ratio_1_676768_num_68.stat
paper_rank15,15,frozen_nn,fitting,58,68,69,1.686869,14.863228553128508,0.2584640319364683,0.6101559797402454,0.6626416644142286,2.4801124695605914e-18,-0.001596625858292627,-6.007009727266803e-07,0.5339250013973826,0.0,0.0,rotating_drum_bidisperse_size_ratio_1_686869_num_69.stat
paper_rank15,15,frozen_nn,fitting,59,69,70,1.69697,14.896806159654549,0.2507995315638944,0.514346988977569,0.5722352926052137,1.412850956020173e-18,-0.002310315528604719,-6.966582231637633e-07,0.5342549404121006,0.0,0.0,rotating_drum_bidisperse_size_ratio_1_696970_num_70.stat
paper_rank15,15,frozen_nn,fitting,60,70,71,1.707071,14.947414820003644,0.28819236390201836,0.49768318338285306,0.5751029382932441,-9.486769009248164e-20,0.00044287784869938003,-7.586853743455191e-07,0.5345640570686339,0.0,0.0,rotating_drum_bidisperse_size_ratio_1_707071_num_71.stat
paper_rank15,15,frozen_nn,fitting,61,71,72,1.717172,14.928758869795994,0.25187453936720666,0.5676317050815717,0.6210044574681121,9.283481101907132e-19,0.005706466055552255,-7.877850679439657e-07,0.5348532836202324,0.0,0.0,rotating_drum_bidisperse_size_ratio_1_717172_num_72.stat
paper_rank15,15,frozen_nn,fitting,62,72,73,1.727273,14.952832288547768,0.2510957902337127,0.4785888684539447,0.5404594350005589,3.4897757426877174e-19,0.0013092979491614834,-7.852388671679832e-07,0.5351235383449052,0.0,0.0,rotating_drum_bidisperse_size_ratio_1_727273_num_73.stat
paper_rank15,15,frozen_nn,fitting,63,73,74,1.737374,15.02910789652686,0.24551259664513228,0.8228715302557896,0.8587164784822219,-3.211948935988307e-18,0.004716484892108272,-7.525536546437482e-07,0.5353891033015881,0.0,0.0,rotating_drum_bidisperse_size_ratio_1_737374_num_74.stat
paper_rank15,15,frozen_nn,fitting,64,74,75,1.747475,14.981514028253443,0.25432356380769283,0.3000243030607565,0.3933129257155722,4.912791094074942e-19,0.0038550475322071953,-6.914105113064481e-07,0.5356835321815103,0.0,0.0,rotating_drum_bidisperse_size_ratio_1_747475_num_75.stat
paper_rank15,15,frozen_nn,fitting,65,75,76,1.757576,15.057652890629452,0.23556167556262808,0.8148007286833634,0.8481683385135105,-4.391018798566293e-18,0.00823242359982569,-6.036172826328924e-07,0.5359584874559035,0.0,0.0,rotating_drum_bidisperse_size_ratio_1_757576_num_76.stat
paper_rank15,15,frozen_nn,fitting,66,76,77,1.767677,14.997236033520513,0.25958711688316977,0.6180987109285517,0.6703965152827495,0.0,0.007525774352035524,-4.910656398705736e-07,0.5362149466137838,0.0,0.0,rotating_drum_bidisperse_size_ratio_1_767677_num_77.stat
paper_rank15,15,frozen_nn,fitting,67,77,78,1.777778,15.06447062570793,0.27756220301540147,0.5655776137020807,0.6300149313021638,-3.2864878353466853e-18,0.009150209471635537,-3.5569309700141665e-07,0.5364538652773531,0.0,0.0,rotating_drum_bidisperse_size_ratio_1_777778_num_78.stat
paper_rank15,15,frozen_nn,fitting,68,78,79,1.787879,15.015785745475727,0.24774777156011518,0.8014689496876415,0.8388870219680634,3.1848438816761693e-18,0.007869591639974478,-1.994501565331597e-07,0.5366761734784393,0.0,0.0,rotating_drum_bidisperse_size_ratio_1_787879_num_79.stat
paper_rank15,15,frozen_nn,fitting,69,79,80,1.79798,15.078643201973989,0.22850647130395452,0.5612400618341553,0.6059749288835187,-6.030874584450618e-19,0.011619736683743482,-1.2227025758145503e-07,0.5368827725773496,0.0,0.0,rotating_drum_bidisperse_size_ratio_1_797980_num_80.stat
paper_rank15,15,frozen_nn,fitting,70,80,81,1.808081,15.127707855158457,0.22190898270598106,0.8211316209941452,0.8505884643010547,-4.9060148304969076e-18,0.00757656794163159,-5.5615103989132996e-08,0.5370745328358717,0.0,0.0,rotating_drum_bidisperse_size_ratio_1_808081_num_81.stat
paper_rank15,15,frozen_nn,fitting,71,81,82,1.818182,15.084753154633894,0.29169865104747666,0.4531510517785613,0.5389192692332895,8.843023969334896e-19,0.009930744205148726,-3.274535841992831e-08,0.5372522916198252,0.0,0.0,rotating_drum_bidisperse_size_ratio_1_818182_num_82.stat
paper_rank15,15,frozen_nn,fitting,72,82,83,1.828283,15.075005105175546,0.31157866405194307,0.6810387679303517,0.7489292805843007,3.333921680392926e-18,0.013437552519799379,-1.8072708094914534e-08,0.5374168521821717,0.0,0.0,rotating_drum_bidisperse_size_ratio_1_828283_num_83.stat
paper_rank15,15,frozen_nn,fitting,73,83,84,1.838384,15.104209132500657,0.2132788147972067,0.5882542906581351,0.6257243509078196,5.285485590866834e-19,0.009048855011449622,-1.2203660072632019e-08,0.5375689829630429,0.0,0.0,rotating_drum_bidisperse_size_ratio_1_838384_num_84.stat
paper_rank15,15,frozen_nn,fitting,74,84,85,1.848485,15.121565863426323,0.24119793065239697,0.5434092408519091,0.5945334681868255,8.402566836762659e-19,0.008771287609597656,-1.563379672256436e-08,0.5377094173360054,0.0,0.0,rotating_drum_bidisperse_size_ratio_1_848485_num_85.stat
paper_rank15,15,frozen_nn,fitting,75,85,86,1.858586,15.09636543763586,0.2823656209517751,0.8218044580575767,0.8689608225799552,4.363913744254155e-18,0.010696962959939885,-1.907392408487692e-08,0.5378388537285461,0.0,0.0,rotating_drum_bidisperse_size_ratio_1_858586_num_86.stat
paper_rank15,15,frozen_nn,fitting,76,86,87,1.868687,15.146583249873807,0.2954493237365646,0.41967857696350447,0.5132449813281241,9.825582188149884e-20,0.0067059623008715145,-2.2975855882993245e-08,0.537957956047444,0.0,0.0,rotating_drum_bidisperse_size_ratio_1_868687_num_87.stat
paper_rank15,15,frozen_nn,fitting,77,87,88,1.878788,15.189145664707954,0.2594562155018181,0.6616846265981844,0.7107348822443463,-1.9786689647860456e-18,0.0043942271595349275,-2.7217091168739578e-08,0.5380673543450153,0.0,0.0,rotating_drum_bidisperse_size_ratio_1_878788_num_88.stat
paper_rank15,15,frozen_nn,fitting,78,88,89,1.888889,15.128388342214212,0.24145344415501865,0.7116790559832288,0.7515230165600609,3.3203691532368573e-18,0.00661913369083735,-3.1064618739617785e-08,0.5381715567653326,0.0,0.0,rotating_drum_bidisperse_size_ratio_1_888889_num_89.stat
paper_rank15,15,frozen_nn,fitting,79,89,90,1.89899,15.170819319744613,0.23467536005063508,0.5640792768057554,0.6109484062804387,8.809142651444724e-19,0.0021565349436299614,-3.616041125466265e-08,0.5383003495987267,0.0,0.0,rotating_drum_bidisperse_size_ratio_1_898990_num_90.stat
paper_rank15,15,frozen_nn,fitting,80,90,91,1.909091,15.179102126120826,0.2642951731154729,0.5107608441768304,0.5750900611872657,6.708500942254059e-19,0.0018704723830359322,-4.303167158870232e-08,0.5384194726376427,0.0,0.0,rotating_drum_bidisperse_size_ratio_1_909091_num_91.stat
paper_rank15,15,frozen_nn,fitting,81,91,92,1.919192,15.19893494145909,0.2868356398246116,0.5775504736089363,0.6448559791453353,-1.179069862577986e-18,0.002314529425542062,-4.971042882129982e-08,0.538529526678734,0.0,0.0,rotating_drum_bidisperse_size_ratio_1_919192_num_92.stat
paper_rank15,15,frozen_nn,fitting,82,92,93,1.929293,15.180010073571133,0.25574110491393875,0.5011903213213185,0.5626679757448276,1.3247595295057257e-18,0.0011324907666959445,-9.767378227215843e-08,0.5386310770061402,0.0,0.0,rotating_drum_bidisperse_size_ratio_1_929293_num_93.stat
paper_rank15,15,frozen_nn,fitting,83,93,94,1.939394,15.205939337359732,0.22877915234396476,0.33557871028176467,0.40614402782953635,3.6422416731934915e-19,-0.0035140703458971284,-1.6797032455985503e-07,0.5387246549471055,0.0,0.0,rotating_drum_bidisperse_size_ratio_1_939394_num_94.stat
paper_rank15,15,frozen_nn,fitting,84,94,95,1.949495,15.218511241823213,0.27064746036482007,0.3556901340581688,0.44695136118849493,3.5405977195229754e-19,-0.008555323812572655,-2.458722736720613e-07,0.5388107594338835,0.0,0.0,rotating_drum_bidisperse_size_ratio_1_949495_num_95.stat
paper_rank15,15,frozen_nn,fitting,85,95,96,1.959596,15.257184856975613,0.23536418566757958,0.43316819848641397,0.49298173198903783,-1.666960840196463e-18,-0.008664533359736694,-3.6877759540248905e-07,0.5388898585503676,0.0,0.0,rotating_drum_bidisperse_size_ratio_1_959596_num_96.stat
paper_rank15,15,frozen_nn,fitting,86,96,97,1.969697,15.220913155894998,0.23573687525503545,0.4850949373714324,0.5393412394935212,5.793705359219414e-19,-0.01189420886947003,-4.927866544225459e-07,0.5389623910474964,0.0,0.0,rotating_drum_bidisperse_size_ratio_1_969697_num_97.stat
paper_rank15,15,frozen_nn,fitting,87,97,98,1.979798,15.243547437157048,0.2135094742084435,0.3185178001140177,0.3834578002417514,3.5744790374131474e-19,-0.013178748686101291,-6.177927142665681e-07,0.539028767816164,0.0,0.0,rotating_drum_bidisperse_size_ratio_1_979798_num_98.stat
paper_rank15,15,frozen_nn,fitting,88,98,99,1.989899,15.240908175145496,0.25275630516391623,0.6416027898269275,0.6895940035367417,2.0464316005663896e-18,-0.021533550047061988,-7.436967432458522e-07,0.5390893733100921,0.0,0.0,rotating_drum_bidisperse_size_ratio_1_989899_num_99.stat
paper_rank15,15,frozen_nn,fitting,89,99,100,2.0,15.291006007061322,0.26391002184709444,0.8788709571082949,0.9176397217207543,-4.065758146820642e-18,-0.026027893977244792,-8.704066830930499e-07,0.5391445669141215,0.0,0.0,rotating_drum_bidisperse_size_ratio_2_000000_num_100.stat
paper_rank15,15,frozen_nn,internal_validation,0,5,6,1.050505,12.616459208573609,0.4125856705245766,1.9216959422510522,1.9654877842373755,-2.5478751053409354e-18,-0.03372827650507067,-1.4459641726459722e-06,0.3332961483132231,0.0,0.0,rotating_drum_bidisperse_size_ratio_1_050505_num_6.stat
paper_rank15,15,frozen_nn,internal_validation,1,8,9,1.080808,12.673523702161393,0.40794832304333617,1.037057534612393,1.1144102316338524,1.1926223897340549e-18,-0.013247565414617682,-3.2925388560504143e-06,0.36289988236048387,0.0,0.0,rotating_drum_bidisperse_size_ratio_1_080808_num_9.stat
paper_rank15,15,frozen_nn,internal_validation,2,28,29,1.282828,13.574801660424276,0.35681482772074086,0.8717215185683179,0.9419210302442971,4.187730891225261e-18,-0.01576680235671992,-1.7560323106769831e-06,0.4917450716931078,0.0,0.0,rotating_drum_bidisperse_size_ratio_1_282828_num_29.stat
paper_rank15,15,frozen_nn,internal_validation,3,31,32,1.313131,13.780167793246846,0.36833450360600434,0.894226803247983,0.9671152372875728,9.75781955236954e-19,-0.011781046674290118,-6.815132903568464e-07,0.4998262891631407,0.0,0.0,rotating_drum_bidisperse_size_ratio_1_313131_num_32.stat
paper_rank15,15,frozen_nn,internal_validation,4,37,38,1.373737,14.05629337369303,0.3504742747614366,0.8639256678015017,0.9323088419380177,-1.802486111757151e-18,0.012365377002459677,-2.5505736233892e-07,0.5117915753060792,0.0,0.0,rotating_drum_bidisperse_size_ratio_1_373737_num_38.stat
paper_rank15,15,frozen_nn,internal_validation,5,40,41,1.40404,14.169638877135696,0.31118911023773,1.0111490297413939,1.0579513328492312,-4.743384504624082e-18,0.01238549129291781,-2.2291861712757274e-07,0.515827593597841,0.0,0.0,rotating_drum_bidisperse_size_ratio_1_404040_num_41.stat
paper_rank15,15,frozen_nn,internal_validation,6,42,43,1.424242,14.141615859667047,0.2586268682485699,1.575118727922441,1.5962101565997378,8.673617379884035e-18,0.008020796472076335,-2.3168829843836602e-07,0.5181855558391019,0.0,0.0,rotating_drum_bidisperse_size_ratio_1_424242_num_43.stat
paper_rank15,15,frozen_nn,internal_validation,7,51,52,1.515152,14.49951004970088,0.245275081542856,0.46111751562887976,0.5222922829657874,9.452887691357992e-19,-0.004314777207672751,-1.615283566260764e-07,0.5259070496029465,0.0,0.0,rotating_drum_bidisperse_size_ratio_1_515152_num_52.stat
paper_rank15,15,frozen_nn,internal_validation,8,53,54,1.535354,14.542440847135541,0.29936233693415415,0.37878233164093933,0.4827979531212103,5.844527336054672e-19,-0.0029887446028090503,-1.301115469678107e-07,0.5271378183459858,0.0,0.0,rotating_drum_bidisperse_size_ratio_1_535354_num_54.stat
paper_rank15,15,frozen_nn,internal_validation,9,65,66,1.656566,14.805162493209902,0.2253376016106093,0.7109364835108521,0.7457933482449556,2.3852447794681098e-18,-0.0006838316932098995,-2.393416152558932e-07,0.5328007161490326,0.0,0.0,rotating_drum_bidisperse_size_ratio_1_656566_num_66.stat
paper_rank15,15,frozen_nn,external,0,0,8,1.0625,12.65352393796489,0.49751977093339306,1.361830061777119,1.449864490091903,-3.3881317890172014e-18,-0.022289720646483786,-2.3471403405967175e-06,0.34499886987562417,0.0,0.0,rotating_drum_bidisperse_size_ratio_1_062500_num_8.stat
paper_rank15,15,frozen_nn,external,1,1,4,1.125,12.882700082039083,0.49445609771631677,1.0717128157241125,1.180277591059038,-2.791820594150174e-18,0.03354705381721391,-3.329090392212977e-06,0.40463589460180205,0.0,0.0,rotating_drum_bidisperse_size_ratio_1_125000_num_4.stat
paper_rank15,15,frozen_nn,external,2,2,2,1.25,13.405105564701557,0.4065353848736913,0.8443104291959082,0.9370865061473317,3.415236843329339e-18,-0.0201666788278837,-2.5909383948614086e-06,0.4802140994990436,0.0,0.0,rotating_drum_bidisperse_size_ratio_1_250000_num_2.stat
paper_rank15,15,frozen_nn,external,3,3,10,1.3125,13.789162595949453,0.4260964086441674,0.5686788797188247,0.71060102568016,-1.9312351197398048e-18,-0.013560302831414026,-7.069392293011962e-07,0.49967545766738525,0.0,0.0,rotating_drum_bidisperse_size_ratio_1_312500_num_10.stat
paper_rank15,15,frozen_nn,external,4,4,6,1.375,13.992508553246106,0.33037349161267593,0.9315886977900607,0.9884352006128555,4.404571325722362e-18,0.01301164802410251,-2.51284524811761e-07,0.5119814371066961,0.0,0.0,rotating_drum_bidisperse_size_ratio_1_375000_num_6.stat
paper_rank15,15,frozen_nn,external,5,5,1,1.5,14.433726838114833,0.29038795487015356,1.0523725846019563,1.091701983672983,5.434563389583591e-18,-0.004417801002811137,-1.8793800792549022e-07,0.5248575113361587,0.0,0.0,rotating_drum_bidisperse_size_ratio_1_500000_num_1.stat
paper_rank15,15,frozen_nn,external,6,6,9,1.5625,14.613331448806173,0.30786938051718005,0.5080571078124629,0.5940585663542034,1.4738373282224826e-18,-0.005888636088237769,-1.495948805996967e-07,0.5285406699363266,0.0,0.0,rotating_drum_bidisperse_size_ratio_1_562500_num_9.stat
paper_rank15,15,frozen_nn,external,7,7,5,1.625,14.753224726665213,0.3227872835727023,0.6366996789329047,0.7138474007724115,1.9786689647860456e-18,-0.005688281748604591,-1.728972615799545e-07,0.5315373033418891,0.0,0.0,rotating_drum_bidisperse_size_ratio_1_625000_num_5.stat
paper_rank15,15,frozen_nn,external,8,8,3,1.75,15.005398606925544,0.28224005626276455,0.35316805834186427,0.45209194506447187,6.505213034913027e-19,0.004555399341408614,-6.718898929858346e-07,0.5357540512100069,0.0,0.0,rotating_drum_bidisperse_size_ratio_1_750000_num_3.stat
paper_rank15,15,frozen_nn,external,9,9,7,1.875,15.146719417145968,0.2534171914795483,0.40848998764520317,0.48071232867877506,1.0367683274392636e-18,0.007053482204649407,-2.567245004253035e-08,0.5380274272264752,0.0,0.0,rotating_drum_bidisperse_size_ratio_1_875000_num_7.stat
paper_rank15,15,piecewise_linear,fitting,0,0,1,1.0,12.534418235102383,0.36736916007594195,0.0,0.36736916007594195,0.0,0.009131550625092758,-2.030856947777611e-05,0.2982243750141082,0.0,0.0,rotating_drum_bidisperse_size_ratio_1_000000_num_1.stat
paper_rank15,15,piecewise_linear,fitting,1,1,2,1.010101,12.524596526960545,0.4061018079478627,7.98660740411189e-17,0.4061018079478627,-6.378589782741486e-37,0.026070746335689145,-1.176698598812178e-05,0.30202792107269966,0.0,0.0,rotating_drum_bidisperse_size_ratio_1_010101_num_2.stat
paper_rank15,15,piecewise_linear,fitting,2,2,3,1.020202,12.554494000906189,0.45594357534554514,5.395925739841676e-17,0.45594357534554514,-2.911601458988594e-37,-0.03178742548581589,-7.686827847356374e-06,0.3074202195232483,0.0,0.0,rotating_drum_bidisperse_size_ratio_1_020202_num_3.stat
paper_rank15,15,piecewise_linear,fitting,3,3,4,1.030303,12.539806988972247,0.3938135009212156,4.428955702443881e-17,0.3938135009212156,-1.9615648614210173e-37,0.0014918584893765124,-1.4234355184045537e-05,0.3137155289052636,0.0,0.0,rotating_drum_bidisperse_size_ratio_1_030303_num_4.stat
paper_rank15,15,piecewise_linear,fitting,4,4,5,1.040404,12.590767314087513,0.36116791745330545,9.242390517634588e-17,0.36116791745330545,-8.542178248046174e-37,0.02139504432570611,-1.3404916256863863e-05,0.3301686510689644,0.0,0.0,rotating_drum_bidisperse_size_ratio_1_040404_num_5.stat
paper_rank15,15,piecewise_linear,fitting,5,6,7,1.060606,12.627659554902852,0.34874500374114215,8.13446192033244e-17,0.3487450037411421,-5.082197683525803e-21,-0.003671563559362585,-1.2127708823928776e-05,0.34090459541851253,0.0,0.0,rotating_drum_bidisperse_size_ratio_1_060606_num_7.stat
paper_rank15,15,piecewise_linear,fitting,6,7,8,1.070707,12.672868783094982,0.4046483047389914,5.0061310349540586e-17,0.4046483047389914,-2.5061347939130198e-37,0.006681469096491186,-2.640562020659238e-06,0.3474141668253779,0.0,0.0,rotating_drum_bidisperse_size_ratio_1_070707_num_8.stat
paper_rank15,15,piecewise_linear,fitting,7,9,10,1.090909,12.723670047354258,0.371853476248522,2.740601159935729e-16,0.37185347624852194,-3.388131789017209e-21,-0.006249247245018811,-1.0349352314657239e-05,0.37989797118793056,0.0,0.0,rotating_drum_bidisperse_size_ratio_1_090909_num_10.stat
paper_rank15,15,piecewise_linear,fitting,8,10,11,1.10101,12.762901664468703,0.35314162339520583,7.007304355321574e-17,0.35314162339520583,-4.91023143281087e-37,0.019034904074589222,-3.579012413822311e-06,0.38193390372457076,0.0,0.0,rotating_drum_bidisperse_size_ratio_1_101010_num_11.stat
paper_rank15,15,piecewise_linear,fitting,9,11,12,1.111111,12.822783290795366,0.31361709897004564,5.577921704272479e-17,0.3136170989700457,3.388131789017201e-21,0.0027790569506440177,-2.171504352985459e-05,0.39445814174318594,0.0,0.0,rotating_drum_bidisperse_size_ratio_1_111111_num_12.stat
paper_rank15,15,piecewise_linear,fitting,10,12,13,1.121212,12.857572791713086,0.3525565419335051,6.754348409677837e-17,0.3525565419335051,-4.562122243931753e-37,0.01361212782341188,-7.296665650391834e-06,0.41683642434607243,0.0,0.0,rotating_drum_bidisperse_size_ratio_1_121212_num_13.stat
paper_rank15,15,piecewise_linear,fitting,11,13,14,1.131313,12.862207109867983,0.3666218834785461,8.556530441530014e-17,0.3666218834785461,-7.321421319682982e-37,0.009113902991003398,-8.799913809146665e-06,0.40515147350148417,0.0,0.0,rotating_drum_bidisperse_size_ratio_1_131313_num_14.stat
paper_rank15,15,piecewise_linear,fitting,12,14,15,1.141414,12.879957259964085,0.345454262345879,2.0202591991927668e-17,0.345454262345879,-4.0814472319229997e-38,-0.005841884157224018,-1.3624629782973146e-05,0.40774173878439174,0.0,0.0,rotating_drum_bidisperse_size_ratio_1_141414_num_15.stat
paper_rank15,15,piecewise_linear,fitting,13,15,16,1.151515,12.991081996788521,0.3658527801885547,5.0999585227181664e-17,0.3658527801885547,-2.600957693344566e-37,-0.000719026108395039,-4.400241558975777e-06,0.4264399406376326,0.0,0.0,rotating_drum_bidisperse_size_ratio_1_151515_num_16.stat
paper_rank15,15,piecewise_linear,fitting,14,16,17,1.161616,12.984597574060377,0.36064482599441766,1.111761551084353e-16,0.36064482599441766,-1.2360137464694868e-36,-0.020001222766717425,-4.370009713275547e-06,0.4303891646704293,0.0,0.0,rotating_drum_bidisperse_size_ratio_1_161616_num_17.stat
paper_rank15,15,piecewise_linear,fitting,15,17,18,1.171717,13.069509737471007,0.40236738860169985,3.480224903763328e-17,0.40236738860169996,6.776263578034403e-21,0.020670535654148423,-1.4853466793033788e-06,0.44423088527433713,0.0,0.0,rotating_drum_bidisperse_size_ratio_1_171717_num_18.stat
paper_rank15,15,piecewise_linear,fitting,16,18,19,1.181818,13.113126310068756,0.3407186998268395,6.062247438565964e-17,0.34071869982683956,3.388131789017201e-21,0.009678777032243584,-8.892266116607092e-06,0.4478444830055639,0.0,0.0,rotating_drum_bidisperse_size_ratio_1_181818_num_19.stat
paper_rank15,15,piecewise_linear,fitting,17,19,20,1.191919,13.193589080137826,0.3601008320500713,5.2757203044401586e-17,0.3601008320500713,-3.3881317890172014e-21,0.005343939197482299,-1.7823348190709936e-05,0.4465126563732644,0.0,0.0,rotating_drum_bidisperse_size_ratio_1_191919_num_20.stat
paper_rank15,15,piecewise_linear,fitting,18,20,21,1.20202,13.190163774841318,0.32835742029854964,7.374015888955772e-17,0.3283574202985496,-1.694065894508601e-21,-0.007526447545592262,-9.019770247602878e-06,0.45737034978785207,0.0,0.0,rotating_drum_bidisperse_size_ratio_1_202020_num_21.stat
paper_rank15,15,piecewise_linear,fitting,19,21,22,1.212121,13.207088409426541,0.32949307081244633,7.689817282231083e-17,0.3294930708124463,-3.388131789017202e-21,0.010176032296744585,-1.3118011808754152e-05,0.4649806159303669,0.0,0.0,rotating_drum_bidisperse_size_ratio_1_212121_num_22.stat
paper_rank15,15,piecewise_linear,fitting,20,22,23,1.222222,13.340951901053115,0.3234515473712648,1.263772337184589e-15,0.3234515473712648,-1.5971205202329986e-34,-0.00682043770717424,-2.850002188855922e-06,0.47018542819871745,0.0,0.0,rotating_drum_bidisperse_size_ratio_1_222222_num_23.stat
paper_rank15,15,piecewise_linear,fitting,21,23,24,1.232323,13.32410511045792,0.33222718778966287,3.3087497498022144e-15,0.3322271877896624,-2.8799120206647307e-20,0.010160464852350547,-1.0988741516521714e-05,0.46944187942234195,0.0,0.0,rotating_drum_bidisperse_size_ratio_1_232323_num_24.stat
paper_rank15,15,piecewise_linear,fitting,22,24,25,1.242424,13.43435615998512,0.32983780718819783,5.819626157462642e-17,0.3298378071881979,3.388131789017201e-21,-0.003716157159771701,-3.8021707995864346e-06,0.47975932837615404,0.0,0.0,rotating_drum_bidisperse_size_ratio_1_242424_num_25.stat
paper_rank15,15,piecewise_linear,fitting,23,25,26,1.252525,13.44689779541386,0.31475552065820067,3.8701643361231854e-17,0.31475552065820067,-3.3881317890172014e-21,-0.004575966390079762,-3.201382660824281e-06,0.48140875804315053,0.0,0.0,rotating_drum_bidisperse_size_ratio_1_252525_num_26.stat
paper_rank15,15,piecewise_linear,fitting,24,26,27,1.262626,13.578453961834699,0.32472626494553697,4.9065467573403684e-17,0.32472626494553697,-2.4074201081967286e-37,-0.003298762294402528,-8.555859994778866e-06,0.4891441869880268,0.0,0.0,rotating_drum_bidisperse_size_ratio_1_262626_num_27.stat
paper_rank15,15,piecewise_linear,fitting,25,27,28,1.272727,13.526468346617014,0.3105961200318772,6.412329632260085e-17,0.3105961200318772,-4.1117971312760755e-37,-0.0007213889906036333,-8.427105877810944e-06,0.4886305634426242,0.0,0.0,rotating_drum_bidisperse_size_ratio_1_272727_num_28.stat
paper_rank15,15,piecewise_linear,fitting,26,29,30,1.292929,13.687821896707566,0.30744294940902916,1.3231502377859678e-16,0.30744294940902916,-1.7507265517530632e-36,0.005302499433028147,-6.2427831804050445e-06,0.49336283747886817,0.0,0.0,rotating_drum_bidisperse_size_ratio_1_292929_num_30.stat
paper_rank15,15,piecewise_linear,fitting,27,30,31,1.30303,13.76195028743179,0.328088343936058,5.235339148940578e-17,0.328088343936058,-2.7408776004429853e-37,-0.023524930971064756,-2.95645896669435e-06,0.5018364057634029,0.0,0.0,rotating_drum_bidisperse_size_ratio_1_303030_num_31.stat
paper_rank15,15,piecewise_linear,fitting,28,32,33,1.323232,13.8560714405087,0.3161884380034458,8.386815675225231e-17,0.31618843800344587,5.082197683525801e-21,-0.000658087019017013,-2.519775689806967e-06,0.5012635959324171,0.0,0.0,rotating_drum_bidisperse_size_ratio_1_323232_num_33.stat
paper_rank15,15,piecewise_linear,fitting,29,33,34,1.333333,13.816382747531229,0.32929809811966193,3.8825908271662275e-17,0.3292980981196619,-3.3881317890172014e-21,0.018337070374245236,-1.6109736809584844e-06,0.5008949412857838,0.0,0.0,rotating_drum_bidisperse_size_ratio_1_333333_num_34.stat
paper_rank15,15,piecewise_linear,fitting,30,34,35,1.343434,13.85398380996654,0.29035949738147854,5.047568979865577e-17,0.2903594973814786,1.6940658945086005e-21,-0.023675782199412056,-1.2687650170683358e-05,0.508384128654925,0.0,0.0,rotating_drum_bidisperse_size_ratio_1_343434_num_35.stat
paper_rank15,15,piecewise_linear,fitting,31,35,36,1.353535,13.973012279188808,0.27951164194788153,5.2733800471130593e-17,0.2795116419478814,-5.082197683525802e-21,0.01423003788473353,-2.995122335407014e-06,0.5105129560932162,0.0,0.0,rotating_drum_bidisperse_size_ratio_1_353535_num_36.stat
paper_rank15,15,piecewise_linear,fitting,32,36,37,1.363636,13.992362119036713,0.2854005707139551,7.067745459361638e-17,0.28540057071395514,3.388131789017201e-21,-0.007816527729378178,-2.071564144470061e-06,0.5086107544067789,0.0,0.0,rotating_drum_bidisperse_size_ratio_1_363636_num_37.stat
paper_rank15,15,piecewise_linear,fitting,33,38,39,1.383838,14.064538571547207,0.2974163898241328,1.0542990675031695e-16,0.2974163898241328,-1.1115465237380528e-36,0.018912092454724548,-9.576113152446259e-07,0.5094087874184676,0.0,0.0,rotating_drum_bidisperse_size_ratio_1_383838_num_39.stat
paper_rank15,15,piecewise_linear,fitting,34,39,40,1.393939,14.127612610326192,0.3376300612160162,5.802258890467291e-17,0.3376300612160162,-3.366620823200672e-37,-0.005491183102422998,-1.7423806941999354e-06,0.5141818862123494,0.0,0.0,rotating_drum_bidisperse_size_ratio_1_393939_num_40.stat
paper_rank15,15,piecewise_linear,fitting,35,41,42,1.414141,14.180824613446363,0.30237903529054905,9.82445861130798e-17,0.30237903529054905,-9.651998700530352e-37,-0.012401195156741289,-1.6952318479391758e-06,0.5142737080149493,0.0,0.0,rotating_drum_bidisperse_size_ratio_1_414141_num_42.stat
paper_rank15,15,piecewise_linear,fitting,36,43,44,1.434343,14.271671154838023,0.27664307571692054,1.134660041409031e-16,0.2766430757169205,-3.388131789017203e-21,-0.006284029094232783,-3.391770365669284e-06,0.5217975091914525,0.0,0.0,rotating_drum_bidisperse_size_ratio_1_434343_num_44.stat
paper_rank15,15,piecewise_linear,fitting,37,44,45,1.444444,14.311603392528514,0.290474538514082,7.445882244418485e-17,0.29047453851408195,-1.694065894508601e-21,0.010175746170887357,-1.4622038975109699e-06,0.5193199283967934,0.0,0.0,rotating_drum_bidisperse_size_ratio_1_444444_num_45.stat
paper_rank15,15,piecewise_linear,fitting,38,45,46,1.454545,14.328437170385776,0.32673103399627323,2.5559612874251438e-17,0.32673103399627323,-6.532938102815999e-38,0.0065225897399825965,-2.8807835793075973e-06,0.5203315705451022,0.0,0.0,rotating_drum_bidisperse_size_ratio_1_454545_num_46.stat
paper_rank15,15,piecewise_linear,fitting,39,46,47,1.464646,14.332915229639472,0.33654602875792056,5.423220972235313e-17,0.3365460287579206,3.388131789017201e-21,-0.008651801962076119,-5.060148455389907e-06,0.5219228986687364,0.0,0.0,rotating_drum_bidisperse_size_ratio_1_464646_num_47.stat
paper_rank15,15,piecewise_linear,fitting,40,47,48,1.474747,14.43970357930931,0.2884065895947087,5.915995694265581e-17,0.28840658959470866,-1.694065894508601e-21,-0.0049236378932560505,-2.1234606430605075e-06,0.5258125769669253,0.0,0.0,rotating_drum_bidisperse_size_ratio_1_474747_num_48.stat
paper_rank15,15,piecewise_linear,fitting,41,48,49,1.484848,14.45919299466417,0.3211547039026119,1.499671762989268e-17,0.3211547039026119,-2.249015396707339e-38,0.008881139470174841,-1.6939911681899024e-06,0.521775970734972,0.0,0.0,rotating_drum_bidisperse_size_ratio_1_484848_num_49.stat
paper_rank15,15,piecewise_linear,fitting,42,49,50,1.494949,14.496522732812947,0.2544043616307373,6.198813850289062e-15,0.25440436163073743,4.235164736267659e-21,-0.008391098730477203,-1.1374897930849198e-06,0.5261098324813779,0.0,0.0,rotating_drum_bidisperse_size_ratio_1_494949_num_50.stat
paper_rank15,15,piecewise_linear,fitting,43,50,51,1.505051,14.437176438141057,0.28518397965680803,5.527750177783644e-15,0.28518397965680775,-1.355252715607186e-20,0.00634556595183058,-2.9960643595254734e-06,0.5241938743743236,0.0,0.0,rotating_drum_bidisperse_size_ratio_1_505051_num_51.stat
paper_rank15,15,piecewise_linear,fitting,44,52,53,1.525253,14.490636987618782,0.2954967848575937,2.903198135686247e-15,0.29549678485759373,5.0821976835249594e-21,0.002595704672967285,-2.5377564876807387e-06,0.5271175999025302,0.0,0.0,rotating_drum_bidisperse_size_ratio_1_525253_num_53.stat
paper_rank15,15,piecewise_linear,fitting,45,54,55,1.545455,14.566722001536746,0.24807767978990533,1.5349206213309367e-16,0.2480776797899054,1.6940658945085982e-21,0.011917088146173597,-5.369366585824336e-07,0.52898291631564,0.0,0.0,rotating_drum_bidisperse_size_ratio_1_545455_num_55.stat
paper_rank15,15,piecewise_linear,fitting,46,55,56,1.555556,14.616573688255107,0.26887755427319854,6.500478149607267e-17,0.26887755427319854,-4.2256216173521525e-37,0.01943471319708459,-1.2420481280894749e-06,0.5298388215573914,0.0,0.0,rotating_drum_bidisperse_size_ratio_1_555556_num_56.stat
paper_rank15,15,piecewise_linear,fitting,47,56,57,1.565657,14.574785305263717,0.2901896024869724,1.0243002379187683e-16,0.29018960248697234,-1.6940658945086018e-21,-0.006278537829386702,-5.444758976181293e-07,0.5305113763355328,0.0,0.0,rotating_drum_bidisperse_size_ratio_1_565657_num_57.stat
paper_rank15,15,piecewise_linear,fitting,48,57,58,1.575758,14.666399297225942,0.27032389876189516,5.788790622371189e-17,0.27032389876189505,-5.082197683525802e-21,0.013281769551218006,-2.266979470483301e-07,0.5301297385728777,0.0,0.0,rotating_drum_bidisperse_size_ratio_1_575758_num_58.stat
paper_rank15,15,piecewise_linear,fitting,49,58,59,1.585859,14.668222685131505,0.29346007881000935,5.322395692614048e-17,0.29346007881000935,3.388131789017201e-21,-0.020625096956915702,-1.7032688233127758e-06,0.5285100480798547,0.0,0.0,rotating_drum_bidisperse_size_ratio_1_585859_num_59.stat
paper_rank15,15,piecewise_linear,fitting,50,59,60,1.59596,14.711173772451778,0.2460441634908998,1.793179647544503e-17,0.2460441634908998,-3.215493248367827e-38,0.004494270786457079,-7.430584230646638e-06,0.5296405551262162,0.0,0.0,rotating_drum_bidisperse_size_ratio_1_595960_num_60.stat
paper_rank15,15,piecewise_linear,fitting,51,60,61,1.606061,14.728207176255644,0.2871413148709374,1.0616761372472116e-17,0.2871413148709374,1.6940658945086007e-21,0.0021082321579656447,-6.837851453285689e-06,0.530764215770941,0.0,0.0,rotating_drum_bidisperse_size_ratio_1_606061_num_61.stat
paper_rank15,15,piecewise_linear,fitting,52,61,62,1.616162,14.78004627167974,0.270644955382641,1.2028786179213314e-16,0.270644955382641,-1.4469169694523323e-36,-0.017465650848633378,-2.2918583423719613e-06,0.5321112802508603,0.0,0.0,rotating_drum_bidisperse_size_ratio_1_616162_num_62.stat
paper_rank15,15,piecewise_linear,fitting,53,62,63,1.626263,14.756747418174106,0.30026068077340096,4.777350646729585e-17,0.30026068077340107,5.082197683525802e-21,-0.0029036466692852043,-3.4501679439643706e-06,0.5322399044600646,0.0,0.0,rotating_drum_bidisperse_size_ratio_1_626263_num_63.stat
paper_rank15,15,piecewise_linear,fitting,54,63,64,1.636364,14.806979498821997,0.292344459471281,1.7815772219006392e-17,0.29234445947128107,3.3881317890172014e-21,0.0007555799337417126,-7.905178612128102e-07,0.5340413635930379,0.0,0.0,rotating_drum_bidisperse_size_ratio_1_636364_num_64.stat
paper_rank15,15,piecewise_linear,fitting,55,64,65,1.646465,14.839020869680658,0.23238851857011059,8.514495298973323e-17,0.23238851857011056,-1.6940658945086014e-21,-0.005912820021379704,-1.986968117396816e-06,0.5325105027014131,0.0,0.0,rotating_drum_bidisperse_size_ratio_1_646465_num_65.stat
paper_rank15,15,piecewise_linear,fitting,56,66,67,1.666667,14.882769306071474,0.2787886117682802,6.202055033230387e-17,0.2787886117682801,-3.388131789017202e-21,0.012994909057519363,-2.7285835355659545e-06,0.5338464044438156,0.0,0.0,rotating_drum_bidisperse_size_ratio_1_666667_num_67.stat
paper_rank15,15,piecewise_linear,fitting,57,67,68,1.676768,14.89146799241066,0.2714504371772214,1.4373793261893816e-16,0.2714504371772214,-2.541098841762903e-21,-0.005173701594236488,-1.2440812195713983e-05,0.5329827351056662,0.0,0.0,rotating_drum_bidisperse_size_ratio_1_676768_num_68.stat
paper_rank15,15,piecewise_linear,fitting,58,68,69,1.686869,14.863228553128508,0.2584640319364683,2.626029605207316e-17,0.25846403193646833,2.541098841762901e-21,-0.004538993619817069,-1.1264299311970067e-06,0.5325138847826716,0.0,0.0,rotating_drum_bidisperse_size_ratio_1_686869_num_69.stat
paper_rank15,15,piecewise_linear,fitting,59,69,70,1.69697,14.896806159654549,0.2507995315638944,1.2003324816802307e-17,0.2507995315638944,-1.4407980665766212e-38,0.014454085646863372,-9.49445571232273e-07,0.5331861661239006,0.0,0.0,rotating_drum_bidisperse_size_ratio_1_696970_num_70.stat
paper_rank15,15,piecewise_linear,fitting,60,70,71,1.707071,14.947414820003644,0.28819236390201836,9.570147358350028e-17,0.2881923639020183,-1.6940658945086014e-21,-0.011990031908831134,-1.3577191006368117e-05,0.5350726513639014,0.0,0.0,rotating_drum_bidisperse_size_ratio_1_707071_num_71.stat
paper_rank15,15,piecewise_linear,fitting,61,71,72,1.717172,14.928758869795994,0.25187453936720666,6.731838740330671e-17,0.25187453936720666,-4.531765282581684e-37,0.006180515387259923,-1.0480878284462581e-05,0.5348968356385966,0.0,0.0,rotating_drum_bidisperse_size_ratio_1_717172_num_72.stat
paper_rank15,15,piecewise_linear,fitting,62,72,73,1.727273,14.952832288547768,0.2510957902337127,2.736161990232932e-17,0.2510957902337127,-7.486582436795439e-38,0.010469259150381587,-1.2137785721178158e-05,0.5345571562273369,0.0,0.0,rotating_drum_bidisperse_size_ratio_1_727273_num_73.stat
paper_rank15,15,piecewise_linear,fitting,63,73,74,1.737374,15.02910789652686,0.24551259664513228,2.963898261279123e-17,0.24551259664513236,4.235164736271502e-21,-0.006262796585002865,-1.401809092340741e-06,0.535666983408416,0.0,0.0,rotating_drum_bidisperse_size_ratio_1_737374_num_74.stat
paper_rank15,15,piecewise_linear,fitting,64,74,75,1.747475,14.981514028253443,0.25432356380769283,7.862245334409766e-15,0.25432356380769294,6.776263578028221e-21,0.0050905770043655225,-4.351216712346804e-06,0.5333078829988547,0.0,0.0,rotating_drum_bidisperse_size_ratio_1_747475_num_75.stat
paper_rank15,15,piecewise_linear,fitting,65,75,76,1.757576,15.057652890629452,0.23556167556262808,5.279376338544563e-17,0.23556167556262808,-2.7871814523984197e-37,0.0005690608722273361,-2.563510600276366e-06,0.5366701609024265,0.0,0.0,rotating_drum_bidisperse_size_ratio_1_757576_num_76.stat
paper_rank15,15,piecewise_linear,fitting,66,76,77,1.767677,14.997236033520513,0.25958711688316977,3.488297817211645e-15,0.2595871168831695,-1.6093625997832922e-20,0.0169652077417884,-5.570743273472241e-07,0.5354814479711234,0.0,0.0,rotating_drum_bidisperse_size_ratio_1_767677_num_77.stat
paper_rank15,15,piecewise_linear,fitting,67,77,78,1.777778,15.06447062570793,0.27756220301540147,2.694675694783534e-15,0.2775622030154015,5.082197683525076e-21,0.010389383270604905,-1.914637226892714e-06,0.536700624415143,0.0,0.0,rotating_drum_bidisperse_size_ratio_1_777778_num_78.stat
paper_rank15,15,piecewise_linear,fitting,68,78,79,1.787879,15.015785745475727,0.24774777156011518,4.0844840028311064e-18,0.24774777156011513,-1.6940658945086007e-21,-0.0040143109089857,-7.682567702696349e-06,0.5372452959694256,0.0,0.0,rotating_drum_bidisperse_size_ratio_1_787879_num_79.stat
paper_rank15,15,piecewise_linear,fitting,69,79,80,1.79798,15.078643201973989,0.22850647130395452,8.215860923998546e-17,0.22850647130395452,-6.750037072248624e-37,0.004017818109625847,-5.970870906459771e-06,0.5376570932469035,0.0,0.0,rotating_drum_bidisperse_size_ratio_1_797980_num_80.stat
paper_rank15,15,piecewise_linear,fitting,70,80,81,1.808081,15.127707855158457,0.22190898270598106,2.4767648140698188e-17,0.22190898270598106,-6.134363944214305e-38,0.003860235600109379,-3.577175621047026e-06,0.5382441536274248,0.0,0.0,rotating_drum_bidisperse_size_ratio_1_808081_num_81.stat
paper_rank15,15,piecewise_linear,fitting,71,81,82,1.818182,15.084753154633894,0.29169865104747666,2.6544787346833802e-17,0.29169865104747666,-7.04625735288628e-38,-0.0218546614421587,-3.821293708502481e-06,0.5372043763855898,0.0,0.0,rotating_drum_bidisperse_size_ratio_1_818182_num_82.stat
paper_rank15,15,piecewise_linear,fitting,72,82,83,1.828283,15.075005105175546,0.31157866405194307,4.305630984941019e-17,0.3115786640519431,1.6940658945086005e-21,0.003987347187914868,-2.6741059958183674e-06,0.5370099845604995,0.0,0.0,rotating_drum_bidisperse_size_ratio_1_828283_num_83.stat
paper_rank15,15,piecewise_linear,fitting,73,83,84,1.838384,15.104209132500657,0.2132788147972067,7.331554581641647e-17,0.21327881479720665,-1.694065894508601e-21,0.00010403023912878636,-1.960660979445113e-06,0.5364914897019922,0.0,0.0,rotating_drum_bidisperse_size_ratio_1_838384_num_84.stat
paper_rank15,15,piecewise_linear,fitting,74,84,85,1.848485,15.121565863426323,0.24119793065239697,4.659887827604221e-17,0.24119793065239697,-2.1714554565853987e-37,0.007393010318898614,-3.911044245503183e-06,0.5384086731574503,0.0,0.0,rotating_drum_bidisperse_size_ratio_1_848485_num_85.stat
paper_rank15,15,piecewise_linear,fitting,75,85,86,1.858586,15.09636543763586,0.2823656209517751,5.754582791726539e-17,0.2823656209517751,-3.3115223106835202e-37,0.007257812217260506,-2.1309258391964745e-05,0.5378035987889368,0.0,0.0,rotating_drum_bidisperse_size_ratio_1_858586_num_86.stat
paper_rank15,15,piecewise_linear,fitting,76,86,87,1.868687,15.146583249873807,0.2954493237365646,5.749779499932475e-17,0.2954493237365646,-3.3059964297843738e-37,0.0043318045471605,-8.373542028751691e-07,0.5374409380612317,0.0,0.0,rotating_drum_bidisperse_size_ratio_1_868687_num_87.stat
paper_rank15,15,piecewise_linear,fitting,77,87,88,1.878788,15.189145664707954,0.2594562155018181,6.3844269126038525e-18,0.2594562155018181,-4.076090700238036e-39,-0.0105047923459088,-2.8807973147084014e-06,0.5384611067682566,0.0,0.0,rotating_drum_bidisperse_size_ratio_1_878788_num_88.stat
paper_rank15,15,piecewise_linear,fitting,78,88,89,1.888889,15.128388342214212,0.24145344415501865,3.451926988438335e-17,0.24145344415501865,-1.1915799933508953e-37,0.0056063999378897465,-2.388574330891508e-06,0.5373414015284332,0.0,0.0,rotating_drum_bidisperse_size_ratio_1_888889_num_89.stat
paper_rank15,15,piecewise_linear,fitting,79,89,90,1.89899,15.170819319744613,0.23467536005063508,4.749148716826096e-17,0.23467536005063508,-2.2554413534530955e-37,0.006132279534057939,-5.062221229449649e-06,0.5379321888227668,0.0,0.0,rotating_drum_bidisperse_size_ratio_1_898990_num_90.stat
paper_rank15,15,piecewise_linear,fitting,80,90,91,1.909091,15.179102126120826,0.2642951731154729,5.576820541412415e-17,0.2642951731154729,-3.1100927351119463e-37,-0.01454060401868107,-6.001009431651701e-06,0.5387323928788254,0.0,0.0,rotating_drum_bidisperse_size_ratio_1_909091_num_91.stat
paper_rank15,15,piecewise_linear,fitting,81,91,92,1.919192,15.19893494145909,0.2868356398246116,5.699254411965799e-17,0.2868356398246116,-3.2481500852311627e-37,-0.005875695190004236,-4.0590358987031936e-07,0.5390496322751913,0.0,0.0,rotating_drum_bidisperse_size_ratio_1_919192_num_92.stat
paper_rank15,15,piecewise_linear,fitting,82,92,93,1.929293,15.180010073571133,0.25574110491393875,3.294761823969103e-17,0.25574110491393875,-1.0855455476684207e-37,0.006721114561647992,-5.130524663348981e-07,0.5379617603150948,0.0,0.0,rotating_drum_bidisperse_size_ratio_1_929293_num_93.stat
paper_rank15,15,piecewise_linear,fitting,83,93,94,1.939394,15.205939337359732,0.22877915234396476,4.738884040224369e-17,0.2287791523439648,1.6940658945086005e-21,-0.003073206149019716,-1.0304784726986806e-06,0.5382446184746298,0.0,0.0,rotating_drum_bidisperse_size_ratio_1_939394_num_94.stat
paper_rank15,15,piecewise_linear,fitting,84,94,95,1.949495,15.218511241823213,0.27064746036482007,1.4042432614936324e-17,0.27064746036482007,-1.971899137450274e-38,-0.002530300219335802,-1.8215535918716208e-06,0.5388547313107784,0.0,0.0,rotating_drum_bidisperse_size_ratio_1_949495_num_95.stat
paper_rank15,15,piecewise_linear,fitting,85,95,96,1.959596,15.257184856975613,0.23536418566757958,1.4177886590238946e-17,0.23536418566757958,-2.0101246816567731e-38,0.003173671893766213,-1.7356443205924305e-06,0.5400977806599979,0.0,0.0,rotating_drum_bidisperse_size_ratio_1_959596_num_96.stat
paper_rank15,15,piecewise_linear,fitting,86,96,97,1.969697,15.220913155894998,0.23573687525503545,3.2619346208645404e-17,0.2357368752550354,-1.6940658945086007e-21,-0.0064496356775377165,-8.178839730668732e-06,0.5397169938451815,0.0,0.0,rotating_drum_bidisperse_size_ratio_1_969697_num_97.stat
paper_rank15,15,piecewise_linear,fitting,87,97,98,1.979798,15.243547437157048,0.2135094742084435,5.690025511215048e-18,0.2135094742084435,-3.2376390318278065e-39,0.011328413061614508,-1.5237267940362118e-06,0.5383784828775705,0.0,0.0,rotating_drum_bidisperse_size_ratio_1_979798_num_98.stat
paper_rank15,15,piecewise_linear,fitting,88,98,99,1.989899,15.240908175145496,0.25275630516391623,2.7653423419329393e-16,0.2527563051639162,-2.5410988417629085e-21,-0.006116781863921748,-1.1030422228831323e-05,0.538785985703157,0.0,0.0,rotating_drum_bidisperse_size_ratio_1_989899_num_99.stat
paper_rank15,15,piecewise_linear,fitting,89,99,100,2.0,15.291006007061322,0.26391002184709444,6.567003310192266e-17,0.26391002184709444,-4.312553247607617e-37,-0.013341631662110397,-1.3489123263870061e-06,0.5394084143294015,0.0,0.0,rotating_drum_bidisperse_size_ratio_2_000000_num_100.stat
paper_rank15,15,piecewise_linear,internal_validation,0,5,6,1.050505,12.616459208573609,0.4125856705245766,2.1728559663788527,2.2116803535209133,-5.421010862427522e-20,0.012080386294018718,-1.0528116593303868e-05,0.3352068138919796,0.0,0.0,rotating_drum_bidisperse_size_ratio_1_050505_num_6.stat
paper_rank15,15,piecewise_linear,internal_validation,1,8,9,1.080808,12.673523702161393,0.40794832304333617,0.9925535087212106,1.0731189598309583,2.1412992906588713e-18,0.0030947522331432123,-2.802658028058988e-06,0.363175629735106,0.0,0.0,rotating_drum_bidisperse_size_ratio_1_080808_num_9.stat
paper_rank15,15,piecewise_linear,internal_validation,2,28,29,1.282828,13.574801660424276,0.35681482772074086,0.7481676185293246,0.8288978264522401,2.5139937874507634e-18,0.00818033736066428,-4.6345119630907915e-06,0.4909967004607462,0.0,0.0,rotating_drum_bidisperse_size_ratio_1_282828_num_29.stat
paper_rank15,15,piecewise_linear,internal_validation,3,31,32,1.313131,13.780167793246846,0.36833450360600434,1.0824866063992125,1.1434367317785556,5.922454367202068e-18,-0.015287541439615727,-1.7559081166692672e-06,0.5014504462981206,0.0,0.0,rotating_drum_bidisperse_size_ratio_1_313131_num_32.stat
paper_rank15,15,piecewise_linear,internal_validation,4,37,38,1.373737,14.05629337369303,0.3504742747614366,1.0453084211669041,1.1024980329379128,-3.3610267347050637e-18,0.011481646274231106,-6.200152050797778e-07,0.5090097709126234,0.0,0.0,rotating_drum_bidisperse_size_ratio_1_373737_num_38.stat
paper_rank15,15,piecewise_linear,internal_validation,5,40,41,1.40404,14.169638877135696,0.31118911023773,0.850835809925728,0.9059581876568447,-4.512991542970912e-18,-0.00782350827364644,-1.6075022454595347e-06,0.5142113069503922,0.0,0.0,rotating_drum_bidisperse_size_ratio_1_404040_num_41.stat
paper_rank15,15,piecewise_linear,internal_validation,6,42,43,1.424242,14.141615859667047,0.2586268682485699,1.484180608519123,1.5065456965138306,8.61940727125976e-18,-0.012757574138953178,-4.518522070553238e-07,0.5178080533326931,0.0,0.0,rotating_drum_bidisperse_size_ratio_1_424242_num_43.stat
paper_rank15,15,piecewise_linear,internal_validation,7,51,52,1.515152,14.49951004970088,0.245275081542856,0.824477171593776,0.8601874633503377,-3.876022766635678e-18,0.0025204654833720155,-1.0874062821493547e-06,0.5256035880335287,0.0,0.0,rotating_drum_bidisperse_size_ratio_1_515152_num_52.stat
paper_rank15,15,piecewise_linear,internal_validation,8,53,54,1.535354,14.542440847135541,0.29936233693415415,0.6738710301043201,0.7373737003640003,-3.713392440762853e-18,0.00813515425129302,-1.3286463061397286e-06,0.5280502581090851,0.0,0.0,rotating_drum_bidisperse_size_ratio_1_535354_num_54.stat
paper_rank15,15,piecewise_linear,internal_validation,9,65,66,1.656566,14.805162493209902,0.2253376016106093,1.298789040755022,1.3181919462221783,4.20128341838133e-18,0.005336893622171105,-2.3577758264813844e-06,0.5331603182287,0.0,0.0,rotating_drum_bidisperse_size_ratio_1_656566_num_66.stat
paper_rank15,15,piecewise_linear,external,0,0,8,1.0625,12.65352393796489,0.49751977093339306,1.9284333706997427,1.9915775625613898,-2.1141942363467336e-18,0.004565305640503356,-9.130397681435136e-06,0.3419748575506129,0.0,0.0,rotating_drum_bidisperse_size_ratio_1_062500_num_8.stat
paper_rank15,15,piecewise_linear,external,1,1,4,1.125,12.882700082039083,0.49445609771631677,1.074593389312505,1.182893818110042,-3.198396408832238e-18,0.015348636845381975,-6.591786163858328e-06,0.4119054708563886,0.0,0.0,rotating_drum_bidisperse_size_ratio_1_125000_num_4.stat
paper_rank15,15,piecewise_linear,external,2,2,2,1.25,13.405105564701557,0.4065353848736913,0.8080372215550519,0.9045414145150217,2.778268066994105e-18,-0.0024968978303671627,-1.2093876498860013e-06,0.48097000488821523,0.0,0.0,rotating_drum_bidisperse_size_ratio_1_250000_num_2.stat
paper_rank15,15,piecewise_linear,external,3,3,10,1.3125,13.789162595949453,0.4260964086441674,0.597712439500672,0.7340424441361113,1.429791614965259e-18,-0.017612387116004758,-1.7541150815867035e-06,0.5014745568240678,0.0,0.0,rotating_drum_bidisperse_size_ratio_1_312500_num_10.stat
paper_rank15,15,piecewise_linear,external,4,4,6,1.375,13.992508553246106,0.33037349161267593,0.7642984071614338,0.8326456023722765,3.537209587733958e-18,0.013943963921180452,-4.5159708650989066e-07,0.5090596627893565,0.0,0.0,rotating_drum_bidisperse_size_ratio_1_375000_num_6.stat
paper_rank15,15,piecewise_linear,external,5,5,1,1.5,14.433726838114833,0.29038795487015356,1.2470829506571686,1.2804456451382586,7.074419175467916e-18,-0.004914665923556284,-5.83224711484484e-07,0.5250997043229524,0.0,0.0,rotating_drum_bidisperse_size_ratio_1_500000_num_1.stat
paper_rank15,15,piecewise_linear,external,6,6,9,1.5625,14.613331448806173,0.30786938051718005,0.8596718778385023,0.9131370614570243,-3.943785402416022e-18,0.0008683893460947181,-3.099204604226335e-07,0.5302716155159434,0.0,0.0,rotating_drum_bidisperse_size_ratio_1_562500_num_9.stat
paper_rank15,15,piecewise_linear,external,7,7,5,1.625,14.753224726665213,0.3227872835727023,0.6929265164094485,0.7644205567484348,9.147955830346444e-19,-0.0039002864378178,-2.902821299413506e-06,0.5322238216587355,0.0,0.0,rotating_drum_bidisperse_size_ratio_1_625000_num_5.stat
paper_rank15,15,piecewise_linear,external,8,8,3,1.75,15.005398606925544,0.28224005626276455,0.4558387394514412,0.5361421506875751,1.1011428314305904e-18,0.003557487975784401,-1.718002145810493e-06,0.5341483692582865,0.0,0.0,rotating_drum_bidisperse_size_ratio_1_750000_num_3.stat
paper_rank15,15,piecewise_linear,external,9,9,7,1.875,15.146719417145968,0.2534171914795483,0.5276552422379502,0.585354873216753,2.8900764160316728e-18,-0.003173107161103256,-1.3827420231831654e-06,0.5380141028549413,0.0,0.0,rotating_drum_bidisperse_size_ratio_1_875000_num_7.stat
paper_rank15,15,pchip,fitting,0,0,1,1.0,12.534418235102383,0.36736916007594195,0.0,0.36736916007594195,0.0,0.009131550625092758,-2.030856947777611e-05,0.2982243750141082,0.0,0.0,rotating_drum_bidisperse_size_ratio_1_000000_num_1.stat
paper_rank15,15,pchip,fitting,1,1,2,1.010101,12.524596526960545,0.4061018079478627,0.0,0.4061018079478627,0.0,0.026070746335689145,-1.176698598812178e-05,0.30202792107269966,0.0,0.0,rotating_drum_bidisperse_size_ratio_1_010101_num_2.stat
paper_rank15,15,pchip,fitting,2,2,3,1.020202,12.554494000906189,0.45594357534554514,0.0,0.45594357534554514,0.0,-0.03178742548581589,-7.686827847356374e-06,0.3074202195232483,0.0,0.0,rotating_drum_bidisperse_size_ratio_1_020202_num_3.stat
paper_rank15,15,pchip,fitting,3,3,4,1.030303,12.539806988972247,0.3938135009212156,0.0,0.3938135009212156,0.0,0.0014918584893765124,-1.4234355184045537e-05,0.3137155289052636,0.0,0.0,rotating_drum_bidisperse_size_ratio_1_030303_num_4.stat
paper_rank15,15,pchip,fitting,4,4,5,1.040404,12.590767314087513,0.36116791745330545,0.0,0.36116791745330545,0.0,0.02139504432570611,-1.340491625686386e-05,0.3301686510689644,0.0,0.0,rotating_drum_bidisperse_size_ratio_1_040404_num_5.stat
paper_rank15,15,pchip,fitting,5,6,7,1.060606,12.627659554902852,0.34874500374114215,0.0,0.34874500374114215,0.0,-0.003671563559362585,-1.2127708823928776e-05,0.34090459541851253,0.0,0.0,rotating_drum_bidisperse_size_ratio_1_060606_num_7.stat
paper_rank15,15,pchip,fitting,6,7,8,1.070707,12.672868783094982,0.4046483047389914,0.0,0.4046483047389914,0.0,0.006681469096491186,-2.640562020659238e-06,0.3474141668253779,0.0,0.0,rotating_drum_bidisperse_size_ratio_1_070707_num_8.stat
paper_rank15,15,pchip,fitting,7,9,10,1.090909,12.723670047354258,0.371853476248522,0.0,0.371853476248522,0.0,-0.006249247245018811,-1.0349352314657236e-05,0.37989797118793056,0.0,0.0,rotating_drum_bidisperse_size_ratio_1_090909_num_10.stat
paper_rank15,15,pchip,fitting,8,10,11,1.10101,12.762901664468703,0.35314162339520583,0.0,0.35314162339520583,0.0,0.019034904074589222,-3.5790124138223106e-06,0.38193390372457076,0.0,0.0,rotating_drum_bidisperse_size_ratio_1_101010_num_11.stat
paper_rank15,15,pchip,fitting,9,11,12,1.111111,12.822783290795366,0.31361709897004564,0.0,0.31361709897004564,0.0,0.0027790569506440177,-2.171504352985459e-05,0.39445814174318594,0.0,0.0,rotating_drum_bidisperse_size_ratio_1_111111_num_12.stat
paper_rank15,15,pchip,fitting,10,12,13,1.121212,12.857572791713086,0.3525565419335051,0.0,0.3525565419335051,0.0,0.01361212782341188,-7.296665650391834e-06,0.41683642434607243,0.0,0.0,rotating_drum_bidisperse_size_ratio_1_121212_num_13.stat
paper_rank15,15,pchip,fitting,11,13,14,1.131313,12.862207109867983,0.3666218834785461,0.0,0.3666218834785461,0.0,0.009113902991003398,-8.799913809146665e-06,0.40515147350148417,0.0,0.0,rotating_drum_bidisperse_size_ratio_1_131313_num_14.stat
paper_rank15,15,pchip,fitting,12,14,15,1.141414,12.879957259964085,0.345454262345879,0.0,0.345454262345879,0.0,-0.005841884157224018,-1.3624629782973146e-05,0.40774173878439174,0.0,0.0,rotating_drum_bidisperse_size_ratio_1_141414_num_15.stat
paper_rank15,15,pchip,fitting,13,15,16,1.151515,12.991081996788521,0.3658527801885547,0.0,0.3658527801885547,0.0,-0.000719026108395039,-4.400241558975777e-06,0.4264399406376326,0.0,0.0,rotating_drum_bidisperse_size_ratio_1_151515_num_16.stat
paper_rank15,15,pchip,fitting,14,16,17,1.161616,12.984597574060377,0.36064482599441766,0.0,0.36064482599441766,0.0,-0.020001222766717425,-4.370009713275548e-06,0.4303891646704293,0.0,0.0,rotating_drum_bidisperse_size_ratio_1_161616_num_17.stat
paper_rank15,15,pchip,fitting,15,17,18,1.171717,13.069509737471007,0.40236738860169985,0.0,0.40236738860169985,0.0,0.020670535654148423,-1.4853466793033786e-06,0.44423088527433713,0.0,0.0,rotating_drum_bidisperse_size_ratio_1_171717_num_18.stat
paper_rank15,15,pchip,fitting,16,18,19,1.181818,13.113126310068756,0.3407186998268395,0.0,0.3407186998268395,0.0,0.009678777032243584,-8.892266116607094e-06,0.4478444830055639,0.0,0.0,rotating_drum_bidisperse_size_ratio_1_181818_num_19.stat
paper_rank15,15,pchip,fitting,17,19,20,1.191919,13.193589080137826,0.3601008320500713,0.0,0.3601008320500713,0.0,0.005343939197482299,-1.7823348190709936e-05,0.4465126563732644,0.0,0.0,rotating_drum_bidisperse_size_ratio_1_191919_num_20.stat
paper_rank15,15,pchip,fitting,18,20,21,1.20202,13.190163774841318,0.32835742029854964,0.0,0.32835742029854964,0.0,-0.007526447545592262,-9.019770247602876e-06,0.45737034978785207,0.0,0.0,rotating_drum_bidisperse_size_ratio_1_202020_num_21.stat
paper_rank15,15,pchip,fitting,19,21,22,1.212121,13.207088409426541,0.32949307081244633,0.0,0.32949307081244633,0.0,0.010176032296744585,-1.3118011808754152e-05,0.4649806159303668,0.0,0.0,rotating_drum_bidisperse_size_ratio_1_212121_num_22.stat
paper_rank15,15,pchip,fitting,20,22,23,1.222222,13.340951901053115,0.3234515473712648,1.2482876404091343e-15,0.3234515473712648,-1.5582220331982042e-34,-0.00682043770717424,-2.850002188855922e-06,0.47018542819871745,0.0,0.0,rotating_drum_bidisperse_size_ratio_1_222222_num_23.stat
paper_rank15,15,pchip,fitting,21,23,24,1.232323,13.32410511045792,0.33222718778966287,3.3199564451565868e-15,0.33222718778966254,-2.032879073410431e-20,0.010160464852350547,-1.0988741516521712e-05,0.46944187942234195,0.0,0.0,rotating_drum_bidisperse_size_ratio_1_232323_num_24.stat
paper_rank15,15,pchip,fitting,22,24,25,1.242424,13.43435615998512,0.32983780718819783,0.0,0.32983780718819783,0.0,-0.003716157159771701,-3.8021707995864355e-06,0.47975932837615404,0.0,0.0,rotating_drum_bidisperse_size_ratio_1_242424_num_25.stat
paper_rank15,15,pchip,fitting,23,25,26,1.252525,13.44689779541386,0.31475552065820067,0.0,0.31475552065820067,0.0,-0.004575966390079762,-3.201382660824281e-06,0.48140875804315053,0.0,0.0,rotating_drum_bidisperse_size_ratio_1_252525_num_26.stat
paper_rank15,15,pchip,fitting,24,26,27,1.262626,13.578453961834699,0.32472626494553697,0.0,0.32472626494553697,0.0,-0.003298762294402528,-8.555859994778865e-06,0.4891441869880268,0.0,0.0,rotating_drum_bidisperse_size_ratio_1_262626_num_27.stat
paper_rank15,15,pchip,fitting,25,27,28,1.272727,13.526468346617014,0.3105961200318772,0.0,0.3105961200318772,0.0,-0.0007213889906036333,-8.427105877810946e-06,0.4886305634426242,0.0,0.0,rotating_drum_bidisperse_size_ratio_1_272727_num_28.stat
paper_rank15,15,pchip,fitting,26,29,30,1.292929,13.687821896707566,0.30744294940902916,0.0,0.30744294940902916,0.0,0.005302499433028147,-6.2427831804050445e-06,0.49336283747886817,0.0,0.0,rotating_drum_bidisperse_size_ratio_1_292929_num_30.stat
paper_rank15,15,pchip,fitting,27,30,31,1.30303,13.76195028743179,0.328088343936058,0.0,0.328088343936058,0.0,-0.023524930971064756,-2.9564589666943506e-06,0.5018364057634029,0.0,0.0,rotating_drum_bidisperse_size_ratio_1_303030_num_31.stat
paper_rank15,15,pchip,fitting,28,32,33,1.323232,13.8560714405087,0.3161884380034458,0.0,0.3161884380034458,0.0,-0.000658087019017013,-2.5197756898069672e-06,0.5012635959324171,0.0,0.0,rotating_drum_bidisperse_size_ratio_1_323232_num_33.stat
paper_rank15,15,pchip,fitting,29,33,34,1.333333,13.816382747531229,0.32929809811966193,0.0,0.32929809811966193,0.0,0.018337070374245236,-1.6109736809584844e-06,0.5008949412857838,0.0,0.0,rotating_drum_bidisperse_size_ratio_1_333333_num_34.stat
paper_rank15,15,pchip,fitting,30,34,35,1.343434,13.85398380996654,0.29035949738147854,0.0,0.29035949738147854,0.0,-0.023675782199412056,-1.2687650170683358e-05,0.508384128654925,0.0,0.0,rotating_drum_bidisperse_size_ratio_1_343434_num_35.stat
paper_rank15,15,pchip,fitting,31,35,36,1.353535,13.973012279188808,0.27951164194788153,0.0,0.27951164194788153,0.0,0.01423003788473353,-2.9951223354070143e-06,0.5105129560932162,0.0,0.0,rotating_drum_bidisperse_size_ratio_1_353535_num_36.stat
paper_rank15,15,pchip,fitting,32,36,37,1.363636,13.992362119036713,0.2854005707139551,0.0,0.2854005707139551,0.0,-0.007816527729378178,-2.071564144470061e-06,0.5086107544067789,0.0,0.0,rotating_drum_bidisperse_size_ratio_1_363636_num_37.stat
paper_rank15,15,pchip,fitting,33,38,39,1.383838,14.064538571547207,0.2974163898241328,0.0,0.2974163898241328,0.0,0.018912092454724548,-9.576113152446263e-07,0.5094087874184676,0.0,0.0,rotating_drum_bidisperse_size_ratio_1_383838_num_39.stat
paper_rank15,15,pchip,fitting,34,39,40,1.393939,14.127612610326192,0.3376300612160162,0.0,0.3376300612160162,0.0,-0.005491183102422998,-1.7423806941999352e-06,0.5141818862123494,0.0,0.0,rotating_drum_bidisperse_size_ratio_1_393939_num_40.stat
paper_rank15,15,pchip,fitting,35,41,42,1.414141,14.180824613446363,0.30237903529054905,0.0,0.30237903529054905,0.0,-0.012401195156741289,-1.6952318479391756e-06,0.5142737080149493,0.0,0.0,rotating_drum_bidisperse_size_ratio_1_414141_num_42.stat
paper_rank15,15,pchip,fitting,36,43,44,1.434343,14.271671154838023,0.27664307571692054,0.0,0.27664307571692054,0.0,-0.006284029094232783,-3.391770365669284e-06,0.5217975091914524,0.0,0.0,rotating_drum_bidisperse_size_ratio_1_434343_num_44.stat
paper_rank15,15,pchip,fitting,37,44,45,1.444444,14.311603392528514,0.290474538514082,0.0,0.290474538514082,0.0,0.010175746170887357,-1.4622038975109699e-06,0.5193199283967934,0.0,0.0,rotating_drum_bidisperse_size_ratio_1_444444_num_45.stat
paper_rank15,15,pchip,fitting,38,45,46,1.454545,14.328437170385776,0.32673103399627323,0.0,0.32673103399627323,0.0,0.0065225897399825965,-2.880783579307596e-06,0.5203315705451022,0.0,0.0,rotating_drum_bidisperse_size_ratio_1_454545_num_46.stat
paper_rank15,15,pchip,fitting,39,46,47,1.464646,14.332915229639472,0.33654602875792056,0.0,0.33654602875792056,0.0,-0.008651801962076119,-5.060148455389908e-06,0.5219228986687364,0.0,0.0,rotating_drum_bidisperse_size_ratio_1_464646_num_47.stat
paper_rank15,15,pchip,fitting,40,47,48,1.474747,14.43970357930931,0.2884065895947087,0.0,0.2884065895947087,0.0,-0.0049236378932560505,-2.1234606430605075e-06,0.5258125769669253,0.0,0.0,rotating_drum_bidisperse_size_ratio_1_474747_num_48.stat
paper_rank15,15,pchip,fitting,41,48,49,1.484848,14.45919299466417,0.3211547039026119,0.0,0.3211547039026119,0.0,0.008881139470174841,-1.6939911681899024e-06,0.521775970734972,0.0,0.0,rotating_drum_bidisperse_size_ratio_1_484848_num_49.stat
paper_rank15,15,pchip,fitting,42,49,50,1.494949,14.496522732812947,0.2544043616307373,6.174703617564301e-15,0.2544043616307375,6.77626357803059e-21,-0.008391098730477203,-1.1374897930849195e-06,0.5261098324813779,0.0,0.0,rotating_drum_bidisperse_size_ratio_1_494949_num_50.stat
paper_rank15,15,pchip,fitting,43,50,51,1.505051,14.437176438141057,0.28518397965680803,5.5272081931560775e-15,0.28518397965680775,-1.694065894508906e-20,0.00634556595183058,-2.9960643595254742e-06,0.5241938743743236,0.0,0.0,rotating_drum_bidisperse_size_ratio_1_505051_num_51.stat
paper_rank15,15,pchip,fitting,44,52,53,1.525253,14.490636987618782,0.2954967848575937,2.921007050966753e-15,0.2954967848575938,6.7762635780335496e-21,0.002595704672967285,-2.5377564876807382e-06,0.5271175999025302,0.0,0.0,rotating_drum_bidisperse_size_ratio_1_525253_num_53.stat
paper_rank15,15,pchip,fitting,45,54,55,1.545455,14.566722001536746,0.24807767978990533,1.1908811576096523e-16,0.24807767978990533,-1.4181979315497053e-36,0.011917088146173597,-5.369366585824336e-07,0.5289829163156401,0.0,0.0,rotating_drum_bidisperse_size_ratio_1_545455_num_55.stat
paper_rank15,15,pchip,fitting,46,55,56,1.555556,14.616573688255107,0.26887755427319854,0.0,0.26887755427319854,0.0,0.01943471319708459,-1.2420481280894749e-06,0.5298388215573914,0.0,0.0,rotating_drum_bidisperse_size_ratio_1_555556_num_56.stat
paper_rank15,15,pchip,fitting,47,56,57,1.565657,14.574785305263717,0.2901896024869724,0.0,0.2901896024869724,0.0,-0.006278537829386702,-5.444758976181298e-07,0.5305113763355328,0.0,0.0,rotating_drum_bidisperse_size_ratio_1_565657_num_57.stat
paper_rank15,15,pchip,fitting,48,57,58,1.575758,14.666399297225942,0.27032389876189516,0.0,0.27032389876189516,0.0,0.013281769551218006,-2.2669794704833014e-07,0.5301297385728777,0.0,0.0,rotating_drum_bidisperse_size_ratio_1_575758_num_58.stat
paper_rank15,15,pchip,fitting,49,58,59,1.585859,14.668222685131505,0.29346007881000935,0.0,0.29346007881000935,0.0,-0.020625096956915702,-1.7032688233127762e-06,0.5285100480798547,0.0,0.0,rotating_drum_bidisperse_size_ratio_1_585859_num_59.stat
paper_rank15,15,pchip,fitting,50,59,60,1.59596,14.711173772451778,0.2460441634908998,0.0,0.2460441634908998,0.0,0.004494270786457079,-7.430584230646637e-06,0.5296405551262162,0.0,0.0,rotating_drum_bidisperse_size_ratio_1_595960_num_60.stat
paper_rank15,15,pchip,fitting,51,60,61,1.606061,14.728207176255644,0.2871413148709374,0.0,0.2871413148709374,0.0,0.0021082321579656447,-6.837851453285689e-06,0.530764215770941,0.0,0.0,rotating_drum_bidisperse_size_ratio_1_606061_num_61.stat
paper_rank15,15,pchip,fitting,52,61,62,1.616162,14.78004627167974,0.270644955382641,0.0,0.270644955382641,0.0,-0.017465650848633378,-2.2918583423719604e-06,0.5321112802508603,0.0,0.0,rotating_drum_bidisperse_size_ratio_1_616162_num_62.stat
paper_rank15,15,pchip,fitting,53,62,63,1.626263,14.756747418174106,0.30026068077340096,0.0,0.30026068077340096,0.0,-0.0029036466692852043,-3.4501679439643706e-06,0.5322399044600646,0.0,0.0,rotating_drum_bidisperse_size_ratio_1_626263_num_63.stat
paper_rank15,15,pchip,fitting,54,63,64,1.636364,14.806979498821997,0.292344459471281,0.0,0.292344459471281,0.0,0.0007555799337417126,-7.905178612128103e-07,0.5340413635930379,0.0,0.0,rotating_drum_bidisperse_size_ratio_1_636364_num_64.stat
paper_rank15,15,pchip,fitting,55,64,65,1.646465,14.839020869680658,0.23238851857011059,0.0,0.23238851857011059,0.0,-0.005912820021379704,-1.9869681173968147e-06,0.5325105027014131,0.0,0.0,rotating_drum_bidisperse_size_ratio_1_646465_num_65.stat
paper_rank15,15,pchip,fitting,56,66,67,1.666667,14.882769306071474,0.2787886117682802,0.0,0.2787886117682802,0.0,0.012994909057519363,-2.7285835355659545e-06,0.5338464044438156,0.0,0.0,rotating_drum_bidisperse_size_ratio_1_666667_num_67.stat
paper_rank15,15,pchip,fitting,57,67,68,1.676768,14.89146799241066,0.2714504371772214,0.0,0.2714504371772214,0.0,-0.005173701594236488,-1.2440812195713983e-05,0.5329827351056662,0.0,0.0,rotating_drum_bidisperse_size_ratio_1_676768_num_68.stat
paper_rank15,15,pchip,fitting,58,68,69,1.686869,14.863228553128508,0.2584640319364683,0.0,0.2584640319364683,0.0,-0.004538993619817069,-1.1264299311970065e-06,0.5325138847826716,0.0,0.0,rotating_drum_bidisperse_size_ratio_1_686869_num_69.stat
paper_rank15,15,pchip,fitting,59,69,70,1.69697,14.896806159654549,0.2507995315638944,0.0,0.2507995315638944,0.0,0.014454085646863372,-9.49445571232273e-07,0.5331861661239006,0.0,0.0,rotating_drum_bidisperse_size_ratio_1_696970_num_70.stat
paper_rank15,15,pchip,fitting,60,70,71,1.707071,14.947414820003644,0.28819236390201836,0.0,0.28819236390201836,0.0,-0.011990031908831134,-1.3577191006368115e-05,0.5350726513639014,0.0,0.0,rotating_drum_bidisperse_size_ratio_1_707071_num_71.stat
paper_rank15,15,pchip,fitting,61,71,72,1.717172,14.928758869795994,0.25187453936720666,0.0,0.25187453936720666,0.0,0.006180515387259923,-1.0480878284462584e-05,0.5348968356385966,0.0,0.0,rotating_drum_bidisperse_size_ratio_1_717172_num_72.stat
paper_rank15,15,pchip,fitting,62,72,73,1.727273,14.952832288547768,0.2510957902337127,0.0,0.2510957902337127,0.0,0.010469259150381587,-1.2137785721178164e-05,0.5345571562273369,0.0,0.0,rotating_drum_bidisperse_size_ratio_1_727273_num_73.stat
paper_rank15,15,pchip,fitting,63,73,74,1.737374,15.02910789652686,0.24551259664513228,0.0,0.24551259664513228,0.0,-0.006262796585002865,-1.4018090923407402e-06,0.535666983408416,0.0,0.0,rotating_drum_bidisperse_size_ratio_1_737374_num_74.stat
paper_rank15,15,pchip,fitting,64,74,75,1.747475,14.981514028253443,0.25432356380769283,7.862204300359152e-15,0.25432356380769294,6.776263578028221e-21,0.0050905770043655225,-4.3512167123468045e-06,0.5333078829988547,0.0,0.0,rotating_drum_bidisperse_size_ratio_1_747475_num_75.stat
paper_rank15,15,pchip,fitting,65,75,76,1.757576,15.057652890629452,0.23556167556262808,0.0,0.23556167556262808,0.0,0.0005690608722273361,-2.5635106002763657e-06,0.5366701609024265,0.0,0.0,rotating_drum_bidisperse_size_ratio_1_757576_num_76.stat
paper_rank15,15,pchip,fitting,66,76,77,1.767677,14.997236033520513,0.25958711688316977,3.4874367972738485e-15,0.25958711688316954,-1.355252715607002e-20,0.0169652077417884,-5.570743273472236e-07,0.5354814479711234,0.0,0.0,rotating_drum_bidisperse_size_ratio_1_767677_num_77.stat
paper_rank15,15,pchip,fitting,67,77,78,1.777778,15.06447062570793,0.27756220301540147,2.683071844641084e-15,0.2775622030154015,5.082197683525082e-21,0.010389383270604905,-1.914637226892714e-06,0.536700624415143,0.0,0.0,rotating_drum_bidisperse_size_ratio_1_777778_num_78.stat
paper_rank15,15,pchip,fitting,68,78,79,1.787879,15.015785745475727,0.24774777156011518,0.0,0.24774777156011518,0.0,-0.0040143109089857,-7.68256770269635e-06,0.5372452959694256,0.0,0.0,rotating_drum_bidisperse_size_ratio_1_787879_num_79.stat
paper_rank15,15,pchip,fitting,69,79,80,1.79798,15.078643201973989,0.22850647130395452,0.0,0.22850647130395452,0.0,0.004017818109625847,-5.970870906459773e-06,0.5376570932469035,0.0,0.0,rotating_drum_bidisperse_size_ratio_1_797980_num_80.stat
paper_rank15,15,pchip,fitting,70,80,81,1.808081,15.127707855158457,0.22190898270598106,0.0,0.22190898270598106,0.0,0.003860235600109379,-3.5771756210470254e-06,0.5382441536274248,0.0,0.0,rotating_drum_bidisperse_size_ratio_1_808081_num_81.stat
paper_rank15,15,pchip,fitting,71,81,82,1.818182,15.084753154633894,0.29169865104747666,0.0,0.29169865104747666,0.0,-0.0218546614421587,-3.821293708502483e-06,0.5372043763855898,0.0,0.0,rotating_drum_bidisperse_size_ratio_1_818182_num_82.stat
paper_rank15,15,pchip,fitting,72,82,83,1.828283,15.075005105175546,0.31157866405194307,0.0,0.31157866405194307,0.0,0.003987347187914868,-2.674105995818368e-06,0.5370099845604995,0.0,0.0,rotating_drum_bidisperse_size_ratio_1_828283_num_83.stat
paper_rank15,15,pchip,fitting,73,83,84,1.838384,15.104209132500657,0.2132788147972067,0.0,0.2132788147972067,0.0,0.00010403023912878636,-1.9606609794451113e-06,0.5364914897019922,0.0,0.0,rotating_drum_bidisperse_size_ratio_1_838384_num_84.stat
paper_rank15,15,pchip,fitting,74,84,85,1.848485,15.121565863426323,0.24119793065239697,0.0,0.24119793065239697,0.0,0.007393010318898614,-3.911044245503182e-06,0.5384086731574503,0.0,0.0,rotating_drum_bidisperse_size_ratio_1_848485_num_85.stat
paper_rank15,15,pchip,fitting,75,85,86,1.858586,15.09636543763586,0.2823656209517751,0.0,0.2823656209517751,0.0,0.007257812217260506,-2.130925839196474e-05,0.5378035987889368,0.0,0.0,rotating_drum_bidisperse_size_ratio_1_858586_num_86.stat
paper_rank15,15,pchip,fitting,76,86,87,1.868687,15.146583249873807,0.2954493237365646,0.0,0.2954493237365646,0.0,0.0043318045471605,-8.373542028751692e-07,0.5374409380612317,0.0,0.0,rotating_drum_bidisperse_size_ratio_1_868687_num_87.stat
paper_rank15,15,pchip,fitting,77,87,88,1.878788,15.189145664707954,0.2594562155018181,0.0,0.2594562155018181,0.0,-0.0105047923459088,-2.8807973147084014e-06,0.5384611067682566,0.0,0.0,rotating_drum_bidisperse_size_ratio_1_878788_num_88.stat
paper_rank15,15,pchip,fitting,78,88,89,1.888889,15.128388342214212,0.24145344415501865,0.0,0.24145344415501865,0.0,0.0056063999378897465,-2.3885743308915087e-06,0.5373414015284332,0.0,0.0,rotating_drum_bidisperse_size_ratio_1_888889_num_89.stat
paper_rank15,15,pchip,fitting,79,89,90,1.89899,15.170819319744613,0.23467536005063508,0.0,0.23467536005063508,0.0,0.006132279534057939,-5.062221229449649e-06,0.5379321888227668,0.0,0.0,rotating_drum_bidisperse_size_ratio_1_898990_num_90.stat
paper_rank15,15,pchip,fitting,80,90,91,1.909091,15.179102126120826,0.2642951731154729,0.0,0.2642951731154729,0.0,-0.01454060401868107,-6.001009431651699e-06,0.5387323928788254,0.0,0.0,rotating_drum_bidisperse_size_ratio_1_909091_num_91.stat
paper_rank15,15,pchip,fitting,81,91,92,1.919192,15.19893494145909,0.2868356398246116,0.0,0.2868356398246116,0.0,-0.005875695190004236,-4.0590358987031926e-07,0.5390496322751913,0.0,0.0,rotating_drum_bidisperse_size_ratio_1_919192_num_92.stat
paper_rank15,15,pchip,fitting,82,92,93,1.929293,15.180010073571133,0.25574110491393875,0.0,0.25574110491393875,0.0,0.006721114561647992,-5.130524663348981e-07,0.5379617603150948,0.0,0.0,rotating_drum_bidisperse_size_ratio_1_929293_num_93.stat
paper_rank15,15,pchip,fitting,83,93,94,1.939394,15.205939337359732,0.22877915234396476,0.0,0.22877915234396476,0.0,-0.003073206149019716,-1.0304784726986808e-06,0.5382446184746298,0.0,0.0,rotating_drum_bidisperse_size_ratio_1_939394_num_94.stat
paper_rank15,15,pchip,fitting,84,94,95,1.949495,15.218511241823213,0.27064746036482007,0.0,0.27064746036482007,0.0,-0.002530300219335802,-1.8215535918716208e-06,0.5388547313107784,0.0,0.0,rotating_drum_bidisperse_size_ratio_1_949495_num_95.stat
paper_rank15,15,pchip,fitting,85,95,96,1.959596,15.257184856975613,0.23536418566757958,0.0,0.23536418566757958,0.0,0.003173671893766213,-1.7356443205924307e-06,0.5400977806599979,0.0,0.0,rotating_drum_bidisperse_size_ratio_1_959596_num_96.stat
paper_rank15,15,pchip,fitting,86,96,97,1.969697,15.220913155894998,0.23573687525503545,0.0,0.23573687525503545,0.0,-0.0064496356775377165,-8.178839730668732e-06,0.5397169938451815,0.0,0.0,rotating_drum_bidisperse_size_ratio_1_969697_num_97.stat
paper_rank15,15,pchip,fitting,87,97,98,1.979798,15.243547437157048,0.2135094742084435,0.0,0.2135094742084435,0.0,0.011328413061614508,-1.5237267940362118e-06,0.5383784828775705,0.0,0.0,rotating_drum_bidisperse_size_ratio_1_979798_num_98.stat
paper_rank15,15,pchip,fitting,88,98,99,1.989899,15.240908175145496,0.25275630516391623,2.745912735448979e-16,0.25275630516391623,-7.540036750700894e-36,-0.006116781863921748,-1.103042222883133e-05,0.538785985703157,0.0,0.0,rotating_drum_bidisperse_size_ratio_1_989899_num_99.stat
paper_rank15,15,pchip,fitting,89,99,100,2.0,15.291006007061322,0.26391002184709444,1.3871586695905966e-16,0.2639100218470945,2.541098841762899e-21,-0.013341631662110397,-1.3489123263870065e-06,0.5394084143294015,0.0,0.0,rotating_drum_bidisperse_size_ratio_2_000000_num_100.stat
paper_rank15,15,pchip,internal_validation,0,5,6,1.050505,12.616459208573609,0.4125856705245766,2.226273899289611,2.264182503726313,-2.710505431213761e-18,-0.0027931598703197606,-1.1496562146267052e-05,0.33638257748336875,0.0,0.0,rotating_drum_bidisperse_size_ratio_1_050505_num_6.stat
paper_rank15,15,pchip,internal_validation,1,8,9,1.080808,12.673523702161393,0.40794832304333617,1.035339083405004,1.1128112382159918,2.520770051028798e-18,-0.0011330319150415023,-3.1968917801177643e-06,0.36404803908858113,0.0,0.0,rotating_drum_bidisperse_size_ratio_1_080808_num_9.stat
paper_rank15,15,pchip,internal_validation,2,28,29,1.282828,13.574801660424276,0.35681482772074086,0.6406174709076923,0.7332854596359837,5.963111948670274e-19,0.011690297739106322,-5.828743149092386e-06,0.48935224537418937,0.0,0.0,rotating_drum_bidisperse_size_ratio_1_282828_num_29.stat
paper_rank15,15,pchip,internal_validation,3,31,32,1.313131,13.780167793246846,0.36833450360600434,1.2260189272309154,1.2801533956816278,7.616520261710669e-18,-0.011452852042181607,-1.879501090234157e-06,0.5023874760950091,0.0,0.0,rotating_drum_bidisperse_size_ratio_1_313131_num_32.stat
paper_rank15,15,pchip,internal_validation,4,37,38,1.373737,14.05629337369303,0.3504742747614366,1.0955694701956968,1.150262874865744,-2.859583229930518e-18,0.0034376295533049377,-4.738211140952355e-07,0.5082557692376772,0.0,0.0,rotating_drum_bidisperse_size_ratio_1_373737_num_38.stat
paper_rank15,15,pchip,internal_validation,5,40,41,1.40404,14.169638877135696,0.31118911023773,0.8320473665090702,0.888336356593147,-4.2148359455373985e-18,-0.008632264178292385,-1.7792299295082135e-06,0.5143756427064251,0.0,0.0,rotating_drum_bidisperse_size_ratio_1_404040_num_41.stat
paper_rank15,15,pchip,internal_validation,6,42,43,1.424242,14.141615859667047,0.2586268682485699,1.445992764792311,1.4689393904487194,8.05020113070487e-18,-0.0023106305640293186,-5.92946690251798e-07,0.5174503939996161,0.0,0.0,rotating_drum_bidisperse_size_ratio_1_424242_num_43.stat
paper_rank15,15,pchip,internal_validation,7,51,52,1.515152,14.49951004970088,0.245275081542856,0.9099886369161956,0.9424644210485629,-4.756937031780151e-18,0.0011634703945484174,-1.2521027755617957e-06,0.5251963018525708,0.0,0.0,rotating_drum_bidisperse_size_ratio_1_515152_num_52.stat
paper_rank15,15,pchip,internal_validation,8,53,54,1.535354,14.542440847135541,0.29936233693415415,0.7061246112676232,0.7669613910833376,-4.153849573335089e-18,0.013361781975127798,-1.3712537707002548e-06,0.5279818442553553,0.0,0.0,rotating_drum_bidisperse_size_ratio_1_535354_num_54.stat
paper_rank15,15,pchip,internal_validation,9,65,66,1.656566,14.805162493209902,0.2253376016106093,1.3761596096131874,1.3944863949965198,4.797594613248357e-18,-0.007888535219097905,-3.1357785786470837e-06,0.5332920524271835,0.0,0.0,rotating_drum_bidisperse_size_ratio_1_656566_num_66.stat
paper_rank15,15,pchip,external,0,0,8,1.0625,12.65352393796489,0.49751977093339306,2.002659990419411,2.0635340946289857,-2.2768245622195593e-18,0.0031909465376634126,-1.0506133117886652e-05,0.3418657117620323,0.0,0.0,rotating_drum_bidisperse_size_ratio_1_062500_num_8.stat
paper_rank15,15,pchip,external,1,1,4,1.125,12.882700082039083,0.49445609771631677,1.104813933623744,1.2104134254452024,-2.995108501491206e-18,0.01234045763564022,-5.94210188519275e-06,0.4131584853838442,0.0,0.0,rotating_drum_bidisperse_size_ratio_1_125000_num_4.stat
paper_rank15,15,pchip,external,2,2,2,1.25,13.405105564701557,0.4065353848736913,0.7884103541591171,0.8870523691979715,2.9408983928669308e-18,0.008734928076010446,-1.5928952360676545e-06,0.4808497743369208,0.0,0.0,rotating_drum_bidisperse_size_ratio_1_250000_num_2.stat
paper_rank15,15,pchip,external,3,3,10,1.3125,13.789162595949453,0.4260964086441674,0.7498903591335794,0.862492724711908,2.5004412602946946e-18,-0.013890650956186018,-1.8830401452256962e-06,0.5024548064080967,0.0,0.0,rotating_drum_bidisperse_size_ratio_1_312500_num_10.stat
paper_rank15,15,pchip,external,4,4,6,1.375,13.992508553246106,0.33037349161267593,0.7377719310129288,0.8083650574777042,3.5236570605778894e-18,0.008109186725811183,-4.411785551813964e-07,0.5082626104604613,0.0,0.0,rotating_drum_bidisperse_size_ratio_1_375000_num_6.stat
paper_rank15,15,pchip,external,5,5,1,1.5,14.433726838114833,0.29038795487015356,1.260997987903829,1.294001966703005,6.911788849595091e-18,-0.007605205822728332,-7.065172775536164e-07,0.525143469195519,0.0,0.0,rotating_drum_bidisperse_size_ratio_1_500000_num_1.stat
paper_rank15,15,pchip,external,6,6,9,1.5625,14.613331448806173,0.30786938051718005,0.9335752270079613,0.9830291246666879,-4.391018798566293e-18,-0.002119158609899054,-3.161637667672268e-07,0.5303703755831675,0.0,0.0,rotating_drum_bidisperse_size_ratio_1_562500_num_9.stat
paper_rank15,15,pchip,external,7,7,5,1.625,14.753224726665213,0.3227872835727023,0.7322964909397202,0.8002810638012607,5.624298769768554e-19,-0.0005152082495166948,-3.321809022942695e-06,0.5322458780320979,0.0,0.0,rotating_drum_bidisperse_size_ratio_1_625000_num_5.stat
paper_rank15,15,pchip,external,8,8,3,1.75,15.005398606925544,0.28224005626276455,0.4734665937507512,0.5512078235630863,7.148958074826295e-19,0.0038908879900559717,-2.036465980929796e-06,0.5338036538367904,0.0,0.0,rotating_drum_bidisperse_size_ratio_1_750000_num_3.stat
paper_rank15,15,pchip,external,9,9,7,1.875,15.146719417145968,0.2534171914795483,0.6063875281030925,0.6572108544267924,3.3542504711270293e-18,-0.0007986090889505953,-1.7504242004829127e-06,0.538061407444071,0.0,0.0,rotating_drum_bidisperse_size_ratio_1_875000_num_7.stat
