model,rank,method,evaluation_role,case_index,source_index,simulation_number,size_ratio,mode,absolute_coefficient_error,field_normalised_error_percent
validation_selected_rank,6,frozen_nn,fitting,0,0,1,1.0,1,0.011562209604550233,0.09224368764216356
validation_selected_rank,6,frozen_nn,fitting,0,0,1,1.0,2,0.0020514468281431775,0.016366510113713473
validation_selected_rank,6,frozen_nn,fitting,0,0,1,1.0,3,0.04332984212370283,0.3456869023434888
validation_selected_rank,6,frozen_nn,fitting,0,0,1,1.0,4,0.04382143769929511,0.349608867977407
validation_selected_rank,6,frozen_nn,fitting,0,0,1,1.0,5,0.053973576431701614,0.43060296392974756
validation_selected_rank,6,frozen_nn,fitting,0,0,1,1.0,6,0.06862383743482564,0.5474832269649818
validation_selected_rank,6,frozen_nn,fitting,1,1,2,1.010101,1,0.010427240546572847,0.08325410342861814
validation_selected_rank,6,frozen_nn,fitting,1,1,2,1.010101,2,0.051111637094802376,0.4080900888486033
validation_selected_rank,6,frozen_nn,fitting,1,1,2,1.010101,3,0.0025593740845200053,0.02043478270146808
validation_selected_rank,6,frozen_nn,fitting,1,1,2,1.010101,4,0.05926185406344017,0.4731637776584071
validation_selected_rank,6,frozen_nn,fitting,1,1,2,1.010101,5,0.0858023091309219,0.6850704447542336
validation_selected_rank,6,frozen_nn,fitting,1,1,2,1.010101,6,0.0629764652505488,0.5028223074091461
validation_selected_rank,6,frozen_nn,fitting,2,2,3,1.020202,1,0.027622184288079055,0.22001830010899104
validation_selected_rank,6,frozen_nn,fitting,2,2,3,1.020202,2,0.06851324643442336,0.5457268642565606
validation_selected_rank,6,frozen_nn,fitting,2,2,3,1.020202,3,0.0855578546949678,0.6814918601163232
validation_selected_rank,6,frozen_nn,fitting,2,2,3,1.020202,4,0.015530456653355479,0.12370436157948289
validation_selected_rank,6,frozen_nn,fitting,2,2,3,1.020202,5,0.03855793764081916,0.3071245853320415
validation_selected_rank,6,frozen_nn,fitting,2,2,3,1.020202,6,0.06535448482146641,0.5205664586461956
validation_selected_rank,6,frozen_nn,fitting,3,3,4,1.030303,1,0.08521531280897854,0.6795584085458298
validation_selected_rank,6,frozen_nn,fitting,3,3,4,1.030303,2,0.1679685828285029,1.3394829998278106
validation_selected_rank,6,frozen_nn,fitting,3,3,4,1.030303,3,0.0025148063469593307,0.02005458576173382
validation_selected_rank,6,frozen_nn,fitting,3,3,4,1.030303,4,0.027853822627228048,0.22212321650343778
validation_selected_rank,6,frozen_nn,fitting,3,3,4,1.030303,5,0.03672596576166441,0.2928750481882373
validation_selected_rank,6,frozen_nn,fitting,3,3,4,1.030303,6,0.025532868292532623,0.2036145238518163
validation_selected_rank,6,frozen_nn,fitting,4,4,5,1.040404,1,0.0034474175983092437,0.027380520283716223
validation_selected_rank,6,frozen_nn,fitting,4,4,5,1.040404,2,0.02745190095443384,0.21803199336166393
validation_selected_rank,6,frozen_nn,fitting,4,4,5,1.040404,3,0.06034040940103125,0.4792433050011002
validation_selected_rank,6,frozen_nn,fitting,4,4,5,1.040404,4,0.024420188004968042,0.19395313562537903
validation_selected_rank,6,frozen_nn,fitting,4,4,5,1.040404,5,0.036500795426335324,0.28990127857811687
validation_selected_rank,6,frozen_nn,fitting,4,4,5,1.040404,6,0.03560884380866389,0.2828171065382329
validation_selected_rank,6,frozen_nn,fitting,5,6,7,1.060606,1,0.0036204483946775667,0.02867077924405937
validation_selected_rank,6,frozen_nn,fitting,5,6,7,1.060606,2,0.02175829188222922,0.17230660826440541
validation_selected_rank,6,frozen_nn,fitting,5,6,7,1.060606,3,0.024261742430271627,0.19213174321643545
validation_selected_rank,6,frozen_nn,fitting,5,6,7,1.060606,4,0.0643394942769284,0.5095124238754739
validation_selected_rank,6,frozen_nn,fitting,5,6,7,1.060606,5,0.013828587596309236,0.10951029789950355
validation_selected_rank,6,frozen_nn,fitting,5,6,7,1.060606,6,0.03050789977698508,0.24159583685592784
validation_selected_rank,6,frozen_nn,fitting,6,7,8,1.070707,1,0.018520209722353798,0.14614062561003469
validation_selected_rank,6,frozen_nn,fitting,6,7,8,1.070707,2,0.02208438161894355,0.17426505392688266
validation_selected_rank,6,frozen_nn,fitting,6,7,8,1.070707,3,0.11250310983347789,0.8877477685522303
validation_selected_rank,6,frozen_nn,fitting,6,7,8,1.070707,4,0.029385562768901037,0.2318777482183041
validation_selected_rank,6,frozen_nn,fitting,6,7,8,1.070707,5,0.0058912765874557585,0.04648731623667127
validation_selected_rank,6,frozen_nn,fitting,6,7,8,1.070707,6,0.011337982967335064,0.08946658535957863
validation_selected_rank,6,frozen_nn,fitting,7,9,10,1.090909,1,0.0011771581692592292,0.009251718764147031
validation_selected_rank,6,frozen_nn,fitting,7,9,10,1.090909,2,0.007242240644611986,0.05691943140350395
validation_selected_rank,6,frozen_nn,fitting,7,9,10,1.090909,3,0.08895280248733614,0.6991127729363972
validation_selected_rank,6,frozen_nn,fitting,7,9,10,1.090909,4,0.027523437687374128,0.21631681413412093
validation_selected_rank,6,frozen_nn,fitting,7,9,10,1.090909,5,0.009699238818467305,0.07622988322055829
validation_selected_rank,6,frozen_nn,fitting,7,9,10,1.090909,6,0.03266898184555084,0.2567575371254144
validation_selected_rank,6,frozen_nn,fitting,8,10,11,1.10101,1,0.004874387017990145,0.03819184027375374
validation_selected_rank,6,frozen_nn,fitting,8,10,11,1.10101,2,0.000276609094001401,0.00216729001972543
validation_selected_rank,6,frozen_nn,fitting,8,10,11,1.10101,3,0.006928603875582584,0.0542870583644116
validation_selected_rank,6,frozen_nn,fitting,8,10,11,1.10101,4,0.015037046293582941,0.11781839811118615
validation_selected_rank,6,frozen_nn,fitting,8,10,11,1.10101,5,0.025881933473205856,0.20279035405608348
validation_selected_rank,6,frozen_nn,fitting,8,10,11,1.10101,6,0.029742488743491155,0.233038610853618
validation_selected_rank,6,frozen_nn,fitting,9,11,12,1.111111,1,0.04704578812799376,0.36689217201202207
validation_selected_rank,6,frozen_nn,fitting,9,11,12,1.111111,2,0.07878543751547618,0.6144176013021375
validation_selected_rank,6,frozen_nn,fitting,9,11,12,1.111111,3,0.034469115191080105,0.2688114928669442
validation_selected_rank,6,frozen_nn,fitting,9,11,12,1.111111,4,0.016170964577636865,0.1261111898322803
validation_selected_rank,6,frozen_nn,fitting,9,11,12,1.111111,5,0.0474067794458268,0.36970740572257055
validation_selected_rank,6,frozen_nn,fitting,9,11,12,1.111111,6,0.013837214084010771,0.10791115914704415
validation_selected_rank,6,frozen_nn,fitting,10,12,13,1.121212,1,0.03957259917964784,0.30777659065755414
validation_selected_rank,6,frozen_nn,fitting,10,12,13,1.121212,2,0.08013270965092856,0.6232335678672991
validation_selected_rank,6,frozen_nn,fitting,10,12,13,1.121212,3,0.08044976820310293,0.6256994963695955
validation_selected_rank,6,frozen_nn,fitting,10,12,13,1.121212,4,0.08156742845824075,0.634392118789421
validation_selected_rank,6,frozen_nn,fitting,10,12,13,1.121212,5,0.038821525177823585,0.30193509931240436
validation_selected_rank,6,frozen_nn,fitting,10,12,13,1.121212,6,0.035441755279229215,0.2756488790953764
validation_selected_rank,6,frozen_nn,fitting,11,13,14,1.131313,1,0.02248663713845822,0.174827204587666
validation_selected_rank,6,frozen_nn,fitting,11,13,14,1.131313,2,0.025816363766122397,0.20071488155649342
validation_selected_rank,6,frozen_nn,fitting,11,13,14,1.131313,3,0.018240599677814648,0.14181547165276417
validation_selected_rank,6,frozen_nn,fitting,11,13,14,1.131313,4,0.025660472478765586,0.19950287116025894
validation_selected_rank,6,frozen_nn,fitting,11,13,14,1.131313,5,0.019520927008739565,0.1517696522998993
validation_selected_rank,6,frozen_nn,fitting,11,13,14,1.131313,6,0.0024474494281872825,0.019028222818069696
validation_selected_rank,6,frozen_nn,fitting,12,14,15,1.141414,1,0.05827228076554114,0.45242604140212517
validation_selected_rank,6,frozen_nn,fitting,12,14,15,1.141414,2,0.06755334305581817,0.5244842175509404
validation_selected_rank,6,frozen_nn,fitting,12,14,15,1.141414,3,0.03674623057698925,0.28529776796085204
validation_selected_rank,6,frozen_nn,fitting,12,14,15,1.141414,4,0.0799963255644106,0.6210915451798142
validation_selected_rank,6,frozen_nn,fitting,12,14,15,1.141414,5,0.08209748736402764,0.6374049673225124
validation_selected_rank,6,frozen_nn,fitting,12,14,15,1.141414,6,0.017532104228725844,0.13611927333969065
validation_selected_rank,6,frozen_nn,fitting,13,15,16,1.151515,1,0.033426087390814985,0.2573002572001172
validation_selected_rank,6,frozen_nn,fitting,13,15,16,1.151515,2,0.048950496834885726,0.37680076876573176
validation_selected_rank,6,frozen_nn,fitting,13,15,16,1.151515,3,0.0005623140971325324,0.004328462381128378
validation_selected_rank,6,frozen_nn,fitting,13,15,16,1.151515,4,0.052421523545605725,0.40351930315399953
validation_selected_rank,6,frozen_nn,fitting,13,15,16,1.151515,5,0.05817446230585463,0.4478030568988459
validation_selected_rank,6,frozen_nn,fitting,13,15,16,1.151515,6,0.06051912595899239,0.46585131226138904
validation_selected_rank,6,frozen_nn,fitting,14,16,17,1.161616,1,0.036258971197781875,0.2792460142947922
validation_selected_rank,6,frozen_nn,fitting,14,16,17,1.161616,2,0.033495982077971664,0.2579670404640598
validation_selected_rank,6,frozen_nn,fitting,14,16,17,1.161616,3,0.05554794124719806,0.4277987125158767
validation_selected_rank,6,frozen_nn,fitting,14,16,17,1.161616,4,0.031431665866363936,0.24206884878092552
validation_selected_rank,6,frozen_nn,fitting,14,16,17,1.161616,5,0.08290425996143176,0.6384815508418333
validation_selected_rank,6,frozen_nn,fitting,14,16,17,1.161616,6,0.024671996325881608,0.19000971100690414
validation_selected_rank,6,frozen_nn,fitting,15,17,18,1.171717,1,0.010870820700798589,0.08317695857887726
validation_selected_rank,6,frozen_nn,fitting,15,17,18,1.171717,2,0.020399474461081812,0.15608446583574126
validation_selected_rank,6,frozen_nn,fitting,15,17,18,1.171717,3,0.010873146163845021,0.08319475161850265
validation_selected_rank,6,frozen_nn,fitting,15,17,18,1.171717,4,0.0031297677139941055,0.023947093478348988
validation_selected_rank,6,frozen_nn,fitting,15,17,18,1.171717,5,0.09162936198374597,0.7010925721340527
validation_selected_rank,6,frozen_nn,fitting,15,17,18,1.171717,6,0.02871049974937074,0.21967541496262977
validation_selected_rank,6,frozen_nn,fitting,16,18,19,1.181818,1,0.000856081120570451,0.006528428845477676
validation_selected_rank,6,frozen_nn,fitting,16,18,19,1.181818,2,0.005174075995468819,0.03945722685135708
validation_selected_rank,6,frozen_nn,fitting,16,18,19,1.181818,3,0.01844519801245048,0.14066209366325982
validation_selected_rank,6,frozen_nn,fitting,16,18,19,1.181818,4,0.021655481952556357,0.1651435473166186
validation_selected_rank,6,frozen_nn,fitting,16,18,19,1.181818,5,0.016267503987712074,0.12405511548547556
validation_selected_rank,6,frozen_nn,fitting,16,18,19,1.181818,6,0.01760516553259707,0.13425605089366946
validation_selected_rank,6,frozen_nn,fitting,17,19,20,1.191919,1,0.045207058333707195,0.3426441285924523
validation_selected_rank,6,frozen_nn,fitting,17,19,20,1.191919,2,0.06491746685379485,0.49203796222154805
validation_selected_rank,6,frozen_nn,fitting,17,19,20,1.191919,3,0.07152581194082719,0.5421255088845014
validation_selected_rank,6,frozen_nn,fitting,17,19,20,1.191919,4,0.002768981229129816,0.020987323557759993
validation_selected_rank,6,frozen_nn,fitting,17,19,20,1.191919,5,0.07756870303053534,0.5879272316227467
validation_selected_rank,6,frozen_nn,fitting,17,19,20,1.191919,6,0.04810996111054819,0.3646465023150896
validation_selected_rank,6,frozen_nn,fitting,18,20,21,1.20202,1,0.03158995142519139,0.23949627892752548
validation_selected_rank,6,frozen_nn,fitting,18,20,21,1.20202,2,0.061950602456019244,0.46967273123767206
validation_selected_rank,6,frozen_nn,fitting,18,20,21,1.20202,3,0.05492113287511008,0.41637946133667925
validation_selected_rank,6,frozen_nn,fitting,18,20,21,1.20202,4,0.05096144528641624,0.3863594581260559
validation_selected_rank,6,frozen_nn,fitting,18,20,21,1.20202,5,0.024646645269179226,0.1868562490193624
validation_selected_rank,6,frozen_nn,fitting,18,20,21,1.20202,6,0.051697370283034116,0.39193880504835543
validation_selected_rank,6,frozen_nn,fitting,19,21,22,1.212121,1,0.07758760003608067,0.5874693772830553
validation_selected_rank,6,frozen_nn,fitting,19,21,22,1.212121,2,0.15422367998811715,1.167734137965187
validation_selected_rank,6,frozen_nn,fitting,19,21,22,1.212121,3,0.009838149917274552,0.07449143681246645
validation_selected_rank,6,frozen_nn,fitting,19,21,22,1.212121,4,0.0683708086235193,0.5176826754239013
validation_selected_rank,6,frozen_nn,fitting,19,21,22,1.212121,5,0.0016935243435885483,0.012822843999286002
validation_selected_rank,6,frozen_nn,fitting,19,21,22,1.212121,6,0.00034461669167904635,0.002609331299948569
validation_selected_rank,6,frozen_nn,fitting,20,22,23,1.222222,1,0.0369447372024343,0.2769272948170807
validation_selected_rank,6,frozen_nn,fitting,20,22,23,1.222222,2,0.07836896753979139,0.5874316024901121
validation_selected_rank,6,frozen_nn,fitting,20,22,23,1.222222,3,0.050446044252280275,0.37812927163239485
validation_selected_rank,6,frozen_nn,fitting,20,22,23,1.222222,4,0.06516089092724045,0.48842759804940716
validation_selected_rank,6,frozen_nn,fitting,20,22,23,1.222222,5,0.011877332602956078,0.08902912394143704
validation_selected_rank,6,frozen_nn,fitting,20,22,23,1.222222,6,0.050013469824642325,0.37488681614011615
validation_selected_rank,6,frozen_nn,fitting,21,23,24,1.232323,1,0.05317545703533,0.399092146110385
validation_selected_rank,6,frozen_nn,fitting,21,23,24,1.232323,2,0.11584267957913608,0.8694218382307164
validation_selected_rank,6,frozen_nn,fitting,21,23,24,1.232323,3,0.04483415725832096,0.3364890691467992
validation_selected_rank,6,frozen_nn,fitting,21,23,24,1.232323,4,0.05559897049480865,0.4172810859257612
validation_selected_rank,6,frozen_nn,fitting,21,23,24,1.232323,5,0.058092101606663185,0.43599251976080133
validation_selected_rank,6,frozen_nn,fitting,21,23,24,1.232323,6,0.0397688332739157,0.29847282758751015
validation_selected_rank,6,frozen_nn,fitting,22,24,25,1.242424,1,0.023411680219357578,0.17426722903990294
validation_selected_rank,6,frozen_nn,fitting,22,24,25,1.242424,2,0.03390479324678264,0.2523737858593455
validation_selected_rank,6,frozen_nn,fitting,22,24,25,1.242424,3,0.005587257840729942,0.04158932347924391
validation_selected_rank,6,frozen_nn,fitting,22,24,25,1.242424,4,0.0018807315250532614,0.01399941688798687
validation_selected_rank,6,frozen_nn,fitting,22,24,25,1.242424,5,0.01434714173986858,0.10679441254209292
validation_selected_rank,6,frozen_nn,fitting,22,24,25,1.242424,6,0.009174955146532604,0.06829471421831626
validation_selected_rank,6,frozen_nn,fitting,23,25,26,1.252525,1,0.021499037450384506,0.1598810207192686
validation_selected_rank,6,frozen_nn,fitting,23,25,26,1.252525,2,0.026131298948792736,0.19432957211666294
validation_selected_rank,6,frozen_nn,fitting,23,25,26,1.252525,3,0.012713893200587911,0.09454889442919731
validation_selected_rank,6,frozen_nn,fitting,23,25,26,1.252525,4,0.010429020561013025,0.07755707464787827
validation_selected_rank,6,frozen_nn,fitting,23,25,26,1.252525,5,0.01940427381012328,0.1443029768303974
validation_selected_rank,6,frozen_nn,fitting,23,25,26,1.252525,6,0.006515503388467297,0.0484535800568771
validation_selected_rank,6,frozen_nn,fitting,24,26,27,1.262626,1,0.07068896222715537,0.5205965452756449
validation_selected_rank,6,frozen_nn,fitting,24,26,27,1.262626,2,0.11387528420797555,0.838646907284494
validation_selected_rank,6,frozen_nn,fitting,24,26,27,1.262626,3,0.016302423906574326,0.12006097271748284
validation_selected_rank,6,frozen_nn,fitting,24,26,27,1.262626,4,0.021916518338513255,0.16140658133919047
validation_selected_rank,6,frozen_nn,fitting,24,26,27,1.262626,5,0.07490352879975945,0.5516351788671426
validation_selected_rank,6,frozen_nn,fitting,24,26,27,1.262626,6,0.026299822523925098,0.19368790141975417
validation_selected_rank,6,frozen_nn,fitting,25,27,28,1.272727,1,0.046175227026120425,0.3413694235840126
validation_selected_rank,6,frozen_nn,fitting,25,27,28,1.272727,2,0.0599619925636663,0.44329377799980485
validation_selected_rank,6,frozen_nn,fitting,25,27,28,1.272727,3,0.011977231916691977,0.08854663027905209
validation_selected_rank,6,frozen_nn,fitting,25,27,28,1.272727,4,0.007159836208138787,0.05293204423111278
validation_selected_rank,6,frozen_nn,fitting,25,27,28,1.272727,5,0.059479272697423764,0.43972507215676593
validation_selected_rank,6,frozen_nn,fitting,25,27,28,1.272727,6,0.03837397754248749,0.28369546698480885
validation_selected_rank,6,frozen_nn,fitting,26,29,30,1.292929,1,0.02396102288744295,0.17505358462624704
validation_selected_rank,6,frozen_nn,fitting,26,29,30,1.292929,2,0.04749293494487428,0.3469721866873363
validation_selected_rank,6,frozen_nn,fitting,26,29,30,1.292929,3,0.005338734935342648,0.039003538880256865
validation_selected_rank,6,frozen_nn,fitting,26,29,30,1.292929,4,0.06292678288014272,0.4597282413155812
validation_selected_rank,6,frozen_nn,fitting,26,29,30,1.292929,5,0.007819319333693866,0.0571261037197942
validation_selected_rank,6,frozen_nn,fitting,26,29,30,1.292929,6,0.049746943419489924,0.36343944124123884
validation_selected_rank,6,frozen_nn,fitting,27,30,31,1.30303,1,0.04995729275165495,0.3630102689535134
validation_selected_rank,6,frozen_nn,fitting,27,30,31,1.30303,2,0.08632149955573953,0.6272475757638315
validation_selected_rank,6,frozen_nn,fitting,27,30,31,1.30303,3,0.01947135553534962,0.14148689051094737
validation_selected_rank,6,frozen_nn,fitting,27,30,31,1.30303,4,0.014977991157623056,0.10883625390873433
validation_selected_rank,6,frozen_nn,fitting,27,30,31,1.30303,5,0.019263224584750563,0.13997452528471097
validation_selected_rank,6,frozen_nn,fitting,27,30,31,1.30303,6,0.026341943174957264,0.19141141062698253
validation_selected_rank,6,frozen_nn,fitting,28,32,33,1.323232,1,0.049108023516820865,0.35441520150691397
validation_selected_rank,6,frozen_nn,fitting,28,32,33,1.323232,2,0.08089548093797128,0.5838269619588605
validation_selected_rank,6,frozen_nn,fitting,28,32,33,1.323232,3,0.03145601465227699,0.22701972046935504
validation_selected_rank,6,frozen_nn,fitting,28,32,33,1.323232,4,0.00019893782952323802,0.001435744831263185
validation_selected_rank,6,frozen_nn,fitting,28,32,33,1.323232,5,0.05500778361995967,0.39699408202488423
validation_selected_rank,6,frozen_nn,fitting,28,32,33,1.323232,6,0.04670909038673826,0.3371019743026341
validation_selected_rank,6,frozen_nn,fitting,29,33,34,1.333333,1,0.044584132082203354,0.32269033723873813
validation_selected_rank,6,frozen_nn,fitting,29,33,34,1.333333,2,0.09813907493698326,0.7103094690578052
validation_selected_rank,6,frozen_nn,fitting,29,33,34,1.333333,3,0.024792535714184383,0.17944302909974336
validation_selected_rank,6,frozen_nn,fitting,29,33,34,1.333333,4,0.0017359636008921382,0.012564530330504397
validation_selected_rank,6,frozen_nn,fitting,29,33,34,1.333333,5,0.03433881321794866,0.24853692783000292
validation_selected_rank,6,frozen_nn,fitting,29,33,34,1.333333,6,0.017775989182960368,0.12865877782762394
validation_selected_rank,6,frozen_nn,fitting,30,34,35,1.343434,1,0.05397918274252156,0.389629318778971
validation_selected_rank,6,frozen_nn,fitting,30,34,35,1.343434,2,0.08677348852241079,0.6263432216514216
validation_selected_rank,6,frozen_nn,fitting,30,34,35,1.343434,3,0.03998139078394913,0.28859129137415745
validation_selected_rank,6,frozen_nn,fitting,30,34,35,1.343434,4,0.042668071756559185,0.3079841317979874
validation_selected_rank,6,frozen_nn,fitting,30,34,35,1.343434,5,0.038751613561207425,0.2797145867409601
validation_selected_rank,6,frozen_nn,fitting,30,34,35,1.343434,6,0.0018101150087031087,0.013065664241652383
validation_selected_rank,6,frozen_nn,fitting,31,35,36,1.353535,1,0.023845215275864362,0.17065193101833212
validation_selected_rank,6,frozen_nn,fitting,31,35,36,1.353535,2,0.029540537167359937,0.21141137341843722
validation_selected_rank,6,frozen_nn,fitting,31,35,36,1.353535,3,0.050811013917214765,0.3636367942858815
validation_selected_rank,6,frozen_nn,fitting,31,35,36,1.353535,4,0.012908951726727708,0.09238488787384881
validation_selected_rank,6,frozen_nn,fitting,31,35,36,1.353535,5,0.08801746591947084,0.6299104599697712
validation_selected_rank,6,frozen_nn,fitting,31,35,36,1.353535,6,0.018523004427608084,0.13256271487856605
validation_selected_rank,6,frozen_nn,fitting,32,36,37,1.363636,1,0.0019051528071916124,0.01361566253777579
validation_selected_rank,6,frozen_nn,fitting,32,36,37,1.363636,2,0.0068633282505696225,0.049050533370859614
validation_selected_rank,6,frozen_nn,fitting,32,36,37,1.363636,3,0.0025834183797781574,0.018463061188670908
validation_selected_rank,6,frozen_nn,fitting,32,36,37,1.363636,4,0.02906762875874161,0.20773925454083897
validation_selected_rank,6,frozen_nn,fitting,32,36,37,1.363636,5,0.01727007548006424,0.12342501811447672
validation_selected_rank,6,frozen_nn,fitting,32,36,37,1.363636,6,0.02610765323604695,0.18658503127593656
validation_selected_rank,6,frozen_nn,fitting,33,38,39,1.383838,1,0.009488005462047866,0.06746048164880615
validation_selected_rank,6,frozen_nn,fitting,33,38,39,1.383838,2,0.011062879287821195,0.07865796116625953
validation_selected_rank,6,frozen_nn,fitting,33,38,39,1.383838,3,0.004274076626453904,0.03038902843994066
validation_selected_rank,6,frozen_nn,fitting,33,38,39,1.383838,4,0.04044457360081659,0.2875641699517724
validation_selected_rank,6,frozen_nn,fitting,33,38,39,1.383838,5,0.038037032417527844,0.270446358577859
validation_selected_rank,6,frozen_nn,fitting,33,38,39,1.383838,6,0.022305900548081764,0.15859674623956002
validation_selected_rank,6,frozen_nn,fitting,34,39,40,1.393939,1,0.013369550716815226,0.0946341826151371
validation_selected_rank,6,frozen_nn,fitting,34,39,40,1.393939,2,0.034120730295377516,0.24151802032310754
validation_selected_rank,6,frozen_nn,fitting,34,39,40,1.393939,3,0.00929752140921919,0.06581098778447124
validation_selected_rank,6,frozen_nn,fitting,34,39,40,1.393939,4,0.025872689148176933,0.1831356072806385
validation_selected_rank,6,frozen_nn,fitting,34,39,40,1.393939,5,0.0386734554035412,0.27374374192051315
validation_selected_rank,6,frozen_nn,fitting,34,39,40,1.393939,6,0.011010721403062917,0.0779375943180586
validation_selected_rank,6,frozen_nn,fitting,35,41,42,1.414141,1,0.009098354019913657,0.06415955537089521
validation_selected_rank,6,frozen_nn,fitting,35,41,42,1.414141,2,0.012920616282169547,0.09111329301624761
validation_selected_rank,6,frozen_nn,fitting,35,41,42,1.414141,3,0.011552953231520058,0.081468839411253
validation_selected_rank,6,frozen_nn,fitting,35,41,42,1.414141,4,0.011904481080560074,0.08394773509343142
validation_selected_rank,6,frozen_nn,fitting,35,41,42,1.414141,5,0.026071492933536937,0.18385033059936268
validation_selected_rank,6,frozen_nn,fitting,35,41,42,1.414141,6,0.03149286240578635,0.22208061423963021
validation_selected_rank,6,frozen_nn,fitting,36,43,44,1.434343,1,0.007826079234549255,0.05483645993269859
validation_selected_rank,6,frozen_nn,fitting,36,43,44,1.434343,2,0.012419057231893182,0.08701894191054974
validation_selected_rank,6,frozen_nn,fitting,36,43,44,1.434343,3,0.047045516157483036,0.32964265815173893
validation_selected_rank,6,frozen_nn,fitting,36,43,44,1.434343,4,0.01394295130098614,0.09769669683188821
validation_selected_rank,6,frozen_nn,fitting,36,43,44,1.434343,5,0.061528466243223986,0.43112306593727917
validation_selected_rank,6,frozen_nn,fitting,36,43,44,1.434343,6,0.05245707985702159,0.36756087838556256
validation_selected_rank,6,frozen_nn,fitting,37,44,45,1.444444,1,0.01536122510298732,0.10733406091316622
validation_selected_rank,6,frozen_nn,fitting,37,44,45,1.444444,2,0.03639512463781147,0.254305011392447
validation_selected_rank,6,frozen_nn,fitting,37,44,45,1.444444,3,0.04905109906105398,0.34273657336438973
validation_selected_rank,6,frozen_nn,fitting,37,44,45,1.444444,4,0.03501018987561107,0.24462800509052965
validation_selected_rank,6,frozen_nn,fitting,37,44,45,1.444444,5,0.03740212615888317,0.26134127066719337
validation_selected_rank,6,frozen_nn,fitting,37,44,45,1.444444,6,0.03741750956293857,0.26144875969992765
validation_selected_rank,6,frozen_nn,fitting,38,45,46,1.454545,1,0.001307737510916951,0.009126867748143544
validation_selected_rank,6,frozen_nn,fitting,38,45,46,1.454545,2,0.01299499600453774,0.09069374314873634
validation_selected_rank,6,frozen_nn,fitting,38,45,46,1.454545,3,0.0033599773850611636,0.023449712938725893
validation_selected_rank,6,frozen_nn,fitting,38,45,46,1.454545,4,0.004664807012718181,0.03255628619679104
validation_selected_rank,6,frozen_nn,fitting,38,45,46,1.454545,5,0.01706757986934846,0.11911682806987482
validation_selected_rank,6,frozen_nn,fitting,38,45,46,1.454545,6,0.006392755680548655,0.04461586148251602
validation_selected_rank,6,frozen_nn,fitting,39,46,47,1.464646,1,0.028510915223041167,0.19891916449824928
validation_selected_rank,6,frozen_nn,fitting,39,46,47,1.464646,2,0.05690058323899716,0.3969923935734352
validation_selected_rank,6,frozen_nn,fitting,39,46,47,1.464646,3,0.013571678601469739,0.09468889185505298
validation_selected_rank,6,frozen_nn,fitting,39,46,47,1.464646,4,0.05964541762507655,0.41614295954066605
validation_selected_rank,6,frozen_nn,fitting,39,46,47,1.464646,5,0.05050886266985358,0.35239769342530375
validation_selected_rank,6,frozen_nn,fitting,39,46,47,1.464646,6,0.02590883511634315,0.18076458767275397
validation_selected_rank,6,frozen_nn,fitting,40,47,48,1.474747,1,0.042324766235177336,0.29311381637933764
validation_selected_rank,6,frozen_nn,fitting,40,47,48,1.474747,2,0.0797355386850237,0.5521965063000114
validation_selected_rank,6,frozen_nn,fitting,40,47,48,1.474747,3,0.01935158430945283,0.1340164928120946
validation_selected_rank,6,frozen_nn,fitting,40,47,48,1.474747,4,0.039884450631044344,0.27621377691017757
validation_selected_rank,6,frozen_nn,fitting,40,47,48,1.474747,5,0.018144467923881115,0.1256567894501683
validation_selected_rank,6,frozen_nn,fitting,40,47,48,1.474747,6,0.008013730196566034,0.0554978857602654
validation_selected_rank,6,frozen_nn,fitting,41,48,49,1.484848,1,0.03387821507879352,0.23430225387610143
validation_selected_rank,6,frozen_nn,fitting,41,48,49,1.484848,2,0.06160334768943354,0.42604969525039765
validation_selected_rank,6,frozen_nn,fitting,41,48,49,1.484848,3,0.07051964192039994,0.48771492258540006
validation_selected_rank,6,frozen_nn,fitting,41,48,49,1.484848,4,0.011927127344714752,0.08248819522027392
validation_selected_rank,6,frozen_nn,fitting,41,48,49,1.484848,5,0.01674233106189149,0.11579021780862778
validation_selected_rank,6,frozen_nn,fitting,41,48,49,1.484848,6,0.03078841577721641,0.21293315462749657
validation_selected_rank,6,frozen_nn,fitting,42,49,50,1.494949,1,0.04000805370196581,0.27598379583406846
validation_selected_rank,6,frozen_nn,fitting,42,49,50,1.494949,2,0.07492570801597054,0.5168529681009354
validation_selected_rank,6,frozen_nn,fitting,42,49,50,1.494949,3,0.021504501881312255,0.14834248376430795
validation_selected_rank,6,frozen_nn,fitting,42,49,50,1.494949,4,0.01721271999083754,0.11873688820475868
validation_selected_rank,6,frozen_nn,fitting,42,49,50,1.494949,5,0.01070697078535248,0.07385889004345299
validation_selected_rank,6,frozen_nn,fitting,42,49,50,1.494949,6,0.003097409287839586,0.02136656731361229
validation_selected_rank,6,frozen_nn,fitting,43,50,51,1.505051,1,0.04162782490603689,0.2883377167578408
validation_selected_rank,6,frozen_nn,fitting,43,50,51,1.505051,2,0.08240249760357854,0.5707660217124059
validation_selected_rank,6,frozen_nn,fitting,43,50,51,1.505051,3,0.01756493099096018,0.12166458632836281
validation_selected_rank,6,frozen_nn,fitting,43,50,51,1.505051,4,0.032273139238932325,0.2235419050062385
validation_selected_rank,6,frozen_nn,fitting,43,50,51,1.505051,5,0.030953000514537813,0.2143978820731469
validation_selected_rank,6,frozen_nn,fitting,43,50,51,1.505051,6,0.03111350818081737,0.21550964840063677
validation_selected_rank,6,frozen_nn,fitting,44,52,53,1.525253,1,0.04418312895987242,0.3049081209999516
validation_selected_rank,6,frozen_nn,fitting,44,52,53,1.525253,2,0.06626458760735443,0.4572924410705534
validation_selected_rank,6,frozen_nn,fitting,44,52,53,1.525253,3,0.02330926312138626,0.1608574084169134
validation_selected_rank,6,frozen_nn,fitting,44,52,53,1.525253,4,0.023433531602089858,0.1617149861811606
validation_selected_rank,6,frozen_nn,fitting,44,52,53,1.525253,5,0.030357831935521273,0.209499637327606
validation_selected_rank,6,frozen_nn,fitting,44,52,53,1.525253,6,4.499149830952502e-05,0.0003104866842497473
validation_selected_rank,6,frozen_nn,fitting,45,54,55,1.545455,1,0.02005993100342529,0.13771067369384155
validation_selected_rank,6,frozen_nn,fitting,45,54,55,1.545455,2,0.048895437846068646,0.3356653462660324
validation_selected_rank,6,frozen_nn,fitting,45,54,55,1.545455,3,0.012009441215101446,0.08244436334979473
validation_selected_rank,6,frozen_nn,fitting,45,54,55,1.545455,4,0.06696564462670909,0.4597166378245182
validation_selected_rank,6,frozen_nn,fitting,45,54,55,1.545455,5,0.04297159239856451,0.29499836953043473
validation_selected_rank,6,frozen_nn,fitting,45,54,55,1.545455,6,0.052025952545293755,0.3571562122199159
validation_selected_rank,6,frozen_nn,fitting,46,55,56,1.555556,1,0.00020059761970614431,0.0013723983745064074
validation_selected_rank,6,frozen_nn,fitting,46,55,56,1.555556,2,0.017306592137802945,0.11840389209483038
validation_selected_rank,6,frozen_nn,fitting,46,55,56,1.555556,3,0.04044291992785917,0.27669220427737024
validation_selected_rank,6,frozen_nn,fitting,46,55,56,1.555556,4,0.049566894802149236,0.3391143222708743
validation_selected_rank,6,frozen_nn,fitting,46,55,56,1.555556,5,0.05128356451723502,0.3508590016444349
validation_selected_rank,6,frozen_nn,fitting,46,55,56,1.555556,6,0.005108085934652659,0.03494721843572118
validation_selected_rank,6,frozen_nn,fitting,47,56,57,1.565657,1,0.05914183982633325,0.4057818937818181
validation_selected_rank,6,frozen_nn,fitting,47,56,57,1.565657,2,0.12356809706813732,0.8478210449076764
validation_selected_rank,6,frozen_nn,fitting,47,56,57,1.565657,3,0.09083023121141554,0.6232011608336487
validation_selected_rank,6,frozen_nn,fitting,47,56,57,1.565657,4,0.01393906615705491,0.09563822632790883
validation_selected_rank,6,frozen_nn,fitting,47,56,57,1.565657,5,0.08339992401639751,0.572220600644302
validation_selected_rank,6,frozen_nn,fitting,47,56,57,1.565657,6,0.021999385176758153,0.15094140130361322
validation_selected_rank,6,frozen_nn,fitting,48,57,58,1.575758,1,0.003054795828715484,0.020828533076235556
validation_selected_rank,6,frozen_nn,fitting,48,57,58,1.575758,2,0.007156168663242535,0.048792948550064906
validation_selected_rank,6,frozen_nn,fitting,48,57,58,1.575758,3,0.01816404510550748,0.12384801979953661
validation_selected_rank,6,frozen_nn,fitting,48,57,58,1.575758,4,0.008665675252081256,0.05908522655400712
validation_selected_rank,6,frozen_nn,fitting,48,57,58,1.575758,5,0.04777390176873938,0.3257370865238581
validation_selected_rank,6,frozen_nn,fitting,48,57,58,1.575758,6,0.004184869144855741,0.028533718877047642
validation_selected_rank,6,frozen_nn,fitting,49,58,59,1.585859,1,0.017093554077673545,0.11653459621253559
validation_selected_rank,6,frozen_nn,fitting,49,58,59,1.585859,2,0.01340059687069406,0.0913580135668217
validation_selected_rank,6,frozen_nn,fitting,49,58,59,1.585859,3,0.023272163740760354,0.1586570114206833
validation_selected_rank,6,frozen_nn,fitting,49,58,59,1.585859,4,0.01854853516017735,0.1264538694178616
validation_selected_rank,6,frozen_nn,fitting,49,58,59,1.585859,5,0.014433211912825615,0.0983978238035334
validation_selected_rank,6,frozen_nn,fitting,49,58,59,1.585859,6,0.0036809237303935,0.025094544918006195
validation_selected_rank,6,frozen_nn,fitting,50,59,60,1.59596,1,1.1179859136234427e-05,7.59956976184313e-05
validation_selected_rank,6,frozen_nn,fitting,50,59,60,1.59596,2,0.02196583744059999,0.14931396896237698
validation_selected_rank,6,frozen_nn,fitting,50,59,60,1.59596,3,0.00451295271257586,0.030677040339410846
validation_selected_rank,6,frozen_nn,fitting,50,59,60,1.59596,4,0.052439099114196586,0.35645761463571535
validation_selected_rank,6,frozen_nn,fitting,50,59,60,1.59596,5,0.017319582121199505,0.11773079693771443
validation_selected_rank,6,frozen_nn,fitting,50,59,60,1.59596,6,0.015834149708109535,0.10763348970671972
validation_selected_rank,6,frozen_nn,fitting,51,60,61,1.606061,1,0.0026910495283125613,0.018271399200922345
validation_selected_rank,6,frozen_nn,fitting,51,60,61,1.606061,2,0.012694398339512247,0.08619106309135684
validation_selected_rank,6,frozen_nn,fitting,51,60,61,1.606061,3,0.01337840804577417,0.09083527876592083
validation_selected_rank,6,frozen_nn,fitting,51,60,61,1.606061,4,0.02667599379163689,0.18112179895624428
validation_selected_rank,6,frozen_nn,fitting,51,60,61,1.606061,5,0.048939947385232926,0.3322872010120307
validation_selected_rank,6,frozen_nn,fitting,51,60,61,1.606061,6,0.05826864058923859,0.3956261606855821
validation_selected_rank,6,frozen_nn,fitting,52,61,62,1.616162,1,0.022435341228529637,0.1517947969589129
validation_selected_rank,6,frozen_nn,fitting,52,61,62,1.616162,2,0.06148763066989593,0.41601784960384913
validation_selected_rank,6,frozen_nn,fitting,52,61,62,1.616162,3,0.037047887027002034,0.2506615090778845
validation_selected_rank,6,frozen_nn,fitting,52,61,62,1.616162,4,0.002530831221631072,0.017123297012137467
validation_selected_rank,6,frozen_nn,fitting,52,61,62,1.616162,5,0.034560063473603936,0.23382919673144037
validation_selected_rank,6,frozen_nn,fitting,52,61,62,1.616162,6,0.013696049080465945,0.09266580651177758
validation_selected_rank,6,frozen_nn,fitting,53,62,63,1.626263,1,0.01573190716035633,0.10660822954102499
validation_selected_rank,6,frozen_nn,fitting,53,62,63,1.626263,2,0.030578086685267847,0.20721427167350243
validation_selected_rank,6,frozen_nn,fitting,53,62,63,1.626263,3,0.025807983191415362,0.17488937406105345
validation_selected_rank,6,frozen_nn,fitting,53,62,63,1.626263,4,0.024690876744307644,0.16731923400612572
validation_selected_rank,6,frozen_nn,fitting,53,62,63,1.626263,5,0.006842379225773267,0.04636780065332238
validation_selected_rank,6,frozen_nn,fitting,53,62,63,1.626263,6,0.047847923141423734,0.32424437300116166
validation_selected_rank,6,frozen_nn,fitting,54,63,64,1.636364,1,0.011052206164677614,0.07464186848882243
validation_selected_rank,6,frozen_nn,fitting,54,63,64,1.636364,2,0.009950858124948558,0.06720383536520882
validation_selected_rank,6,frozen_nn,fitting,54,63,64,1.636364,3,0.013502761007678235,0.09119186670551194
validation_selected_rank,6,frozen_nn,fitting,54,63,64,1.636364,4,0.018254639555796356,0.12328401992620201
validation_selected_rank,6,frozen_nn,fitting,54,63,64,1.636364,5,0.03279898546322226,0.2215103050951861
validation_selected_rank,6,frozen_nn,fitting,54,63,64,1.636364,6,0.02138747311637355,0.14444183648714498
validation_selected_rank,6,frozen_nn,fitting,55,64,65,1.646465,1,0.020006892252578012,0.13482622895595786
validation_selected_rank,6,frozen_nn,fitting,55,64,65,1.646465,2,0.04543086136111407,0.3061580798362457
validation_selected_rank,6,frozen_nn,fitting,55,64,65,1.646465,3,0.059265999682234616,0.39939292627674594
validation_selected_rank,6,frozen_nn,fitting,55,64,65,1.646465,4,0.03822588839170486,0.2576038454788392
validation_selected_rank,6,frozen_nn,fitting,55,64,65,1.646465,5,0.01659347664367667,0.11182325834975235
validation_selected_rank,6,frozen_nn,fitting,55,64,65,1.646465,6,0.050056406634267615,0.3373295790461736
validation_selected_rank,6,frozen_nn,fitting,56,66,67,1.666667,1,0.023939702916445427,0.16085516360640723
validation_selected_rank,6,frozen_nn,fitting,56,66,67,1.666667,2,0.05280740342025658,0.35482242809954484
validation_selected_rank,6,frozen_nn,fitting,56,66,67,1.666667,3,0.043660583434489614,0.29336330179275266
validation_selected_rank,6,frozen_nn,fitting,56,66,67,1.666667,4,0.050248858035744526,0.337631102131277
validation_selected_rank,6,frozen_nn,fitting,56,66,67,1.666667,5,0.03020579521050731,0.20295816315707293
validation_selected_rank,6,frozen_nn,fitting,56,66,67,1.666667,6,0.050256755982711586,0.33768416985546623
validation_selected_rank,6,frozen_nn,fitting,57,67,68,1.676768,1,0.015330383678383797,0.10294743061058068
validation_selected_rank,6,frozen_nn,fitting,57,67,68,1.676768,2,0.03365351852753129,0.2259919475009622
validation_selected_rank,6,frozen_nn,fitting,57,67,68,1.676768,3,0.015804093524911786,0.10612851287036469
validation_selected_rank,6,frozen_nn,fitting,57,67,68,1.676768,4,0.030423642022327724,0.20430250421135737
validation_selected_rank,6,frozen_nn,fitting,57,67,68,1.676768,5,0.0045965738744881,0.030867164183079287
validation_selected_rank,6,frozen_nn,fitting,57,67,68,1.676768,6,0.047727344132441694,0.3205012706387686
validation_selected_rank,6,frozen_nn,fitting,58,68,69,1.686869,1,0.023516500356445036,0.15821932813846917
validation_selected_rank,6,frozen_nn,fitting,58,68,69,1.686869,2,0.054864822619012044,0.36913125854788625
validation_selected_rank,6,frozen_nn,fitting,58,68,69,1.686869,3,0.0005004224189267686,0.0033668487108168468
validation_selected_rank,6,frozen_nn,fitting,58,68,69,1.686869,4,0.006635714491428642,0.04464517562728263
validation_selected_rank,6,frozen_nn,fitting,58,68,69,1.686869,5,0.0030749343727309655,0.02068819948330629
validation_selected_rank,6,frozen_nn,fitting,58,68,69,1.686869,6,0.004466137323715445,0.03004823149796337
validation_selected_rank,6,frozen_nn,fitting,59,69,70,1.69697,1,0.010890880865625618,0.07310883117430705
validation_selected_rank,6,frozen_nn,fitting,59,69,70,1.69697,2,0.017612488664192405,0.11822996470137886
validation_selected_rank,6,frozen_nn,fitting,59,69,70,1.69697,3,0.010970759954683162,0.07364504738200588
validation_selected_rank,6,frozen_nn,fitting,59,69,70,1.69697,4,0.02379188228699594,0.1597112967169579
validation_selected_rank,6,frozen_nn,fitting,59,69,70,1.69697,5,0.002523904043595194,0.01694258498463084
validation_selected_rank,6,frozen_nn,fitting,59,69,70,1.69697,6,0.04765474880075417,0.31989909978032005
validation_selected_rank,6,frozen_nn,fitting,60,70,71,1.707071,1,0.018325125695417555,0.12259729134494635
validation_selected_rank,6,frozen_nn,fitting,60,70,71,1.707071,2,0.02761780586534579,0.18476643752728245
validation_selected_rank,6,frozen_nn,fitting,60,70,71,1.707071,3,0.011794806532545166,0.07890867199832145
validation_selected_rank,6,frozen_nn,fitting,60,70,71,1.707071,4,0.01857462860609166,0.12426649577714155
validation_selected_rank,6,frozen_nn,fitting,60,70,71,1.707071,5,0.042246577184175835,0.28263467424238875
validation_selected_rank,6,frozen_nn,fitting,60,70,71,1.707071,6,0.04363007873465857,0.2918904657430785
validation_selected_rank,6,frozen_nn,fitting,61,71,72,1.717172,1,0.013281801582628816,0.08896788874727345
validation_selected_rank,6,frozen_nn,fitting,61,71,72,1.717172,2,0.014665028387872425,0.09823340651273328
validation_selected_rank,6,frozen_nn,fitting,61,71,72,1.717172,3,0.037234758027592754,0.24941630012476437
validation_selected_rank,6,frozen_nn,fitting,61,71,72,1.717172,4,0.03309762570846557,0.2217038000086464
validation_selected_rank,6,frozen_nn,fitting,61,71,72,1.717172,5,0.02293485157701631,0.15362865578476398
validation_selected_rank,6,frozen_nn,fitting,61,71,72,1.717172,6,0.014914859312169342,0.09990689408444547
validation_selected_rank,6,frozen_nn,fitting,62,72,73,1.727273,1,0.005267995948164739,0.03523075659853048
validation_selected_rank,6,frozen_nn,fitting,62,72,73,1.727273,2,0.019120466563553373,0.12787187199442848
validation_selected_rank,6,frozen_nn,fitting,62,72,73,1.727273,3,0.007457716112748397,0.049874939869821125
validation_selected_rank,6,frozen_nn,fitting,62,72,73,1.727273,4,0.007560024663795052,0.05055914838010457
validation_selected_rank,6,frozen_nn,fitting,62,72,73,1.727273,5,0.022469811006263322,0.15027127016914874
validation_selected_rank,6,frozen_nn,fitting,62,72,73,1.727273,6,0.022808094999299148,0.15253361075123975
validation_selected_rank,6,frozen_nn,fitting,63,73,74,1.737374,1,0.04448517738763158,0.29599346610527594
validation_selected_rank,6,frozen_nn,fitting,63,73,74,1.737374,2,0.08577085888875602,0.5706982708439877
validation_selected_rank,6,frozen_nn,fitting,63,73,74,1.737374,3,0.044043352778021766,0.29305367345323224
validation_selected_rank,6,frozen_nn,fitting,63,73,74,1.737374,4,0.0002074884734089219,0.0013805774423701575
validation_selected_rank,6,frozen_nn,fitting,63,73,74,1.737374,5,0.03795755206803636,0.2525602472839265
validation_selected_rank,6,frozen_nn,fitting,63,73,74,1.737374,6,0.029543282419209296,0.19657375955120118
validation_selected_rank,6,frozen_nn,fitting,64,74,75,1.747475,1,0.00821423048263803,0.05482910784014833
validation_selected_rank,6,frozen_nn,fitting,64,74,75,1.747475,2,0.017267838939120317,0.11526097366764883
validation_selected_rank,6,frozen_nn,fitting,64,74,75,1.747475,3,0.00824380979880937,0.05502654660445184
validation_selected_rank,6,frozen_nn,fitting,64,74,75,1.747475,4,0.003827447773923104,0.025547803557804435
validation_selected_rank,6,frozen_nn,fitting,64,74,75,1.747475,5,0.0005577597730134221,0.0037229866885386226
validation_selected_rank,6,frozen_nn,fitting,64,74,75,1.747475,6,0.014414221605524725,0.09621338389658837
validation_selected_rank,6,frozen_nn,fitting,65,75,76,1.757576,1,0.04261627994074324,0.2830207353714724
validation_selected_rank,6,frozen_nn,fitting,65,75,76,1.757576,2,0.08349455206824152,0.5544991153315876
validation_selected_rank,6,frozen_nn,fitting,65,75,76,1.757576,3,0.019551075992272765,0.12984145759157206
validation_selected_rank,6,frozen_nn,fitting,65,75,76,1.757576,4,0.0450943103005987,0.2994776850558256
validation_selected_rank,6,frozen_nn,fitting,65,75,76,1.757576,5,0.04597480014743592,0.30532514251305765
validation_selected_rank,6,frozen_nn,fitting,65,75,76,1.757576,6,0.042078627976869794,0.2794501127267703
validation_selected_rank,6,frozen_nn,fitting,66,76,77,1.767677,1,0.01955969315821804,0.13042198652138248
validation_selected_rank,6,frozen_nn,fitting,66,76,77,1.767677,2,0.04350402138064369,0.2900802606787497
validation_selected_rank,6,frozen_nn,fitting,66,76,77,1.767677,3,0.008092629204260099,0.053960804418708624
validation_selected_rank,6,frozen_nn,fitting,66,76,77,1.767677,4,0.02324332784409159,0.15498407701352523
validation_selected_rank,6,frozen_nn,fitting,66,76,77,1.767677,5,0.006076980733275228,0.040520671407001205
validation_selected_rank,6,frozen_nn,fitting,66,76,77,1.767677,6,0.0386074420150788,0.25743038203030755
validation_selected_rank,6,frozen_nn,fitting,67,77,78,1.777778,1,0.024379251467541607,0.16183277908178034
validation_selected_rank,6,frozen_nn,fitting,67,77,78,1.777778,2,0.046225012621330164,0.3068479057103136
validation_selected_rank,6,frozen_nn,fitting,67,77,78,1.777778,3,0.01612790809335446,0.10705924220019881
validation_selected_rank,6,frozen_nn,fitting,67,77,78,1.777778,4,0.00690942357719204,0.04586569119396018
validation_selected_rank,6,frozen_nn,fitting,67,77,78,1.777778,5,0.04023855623385683,0.26710899595229476
validation_selected_rank,6,frozen_nn,fitting,67,77,78,1.777778,6,0.010626550606269365,0.07054048476243743
validation_selected_rank,6,frozen_nn,fitting,68,78,79,1.787879,1,0.027531179725947652,0.18334824559043025
validation_selected_rank,6,frozen_nn,fitting,68,78,79,1.787879,2,0.04978751123749103,0.3315678052511642
validation_selected_rank,6,frozen_nn,fitting,68,78,79,1.787879,3,0.06832349517347258,0.4550111218392852
validation_selected_rank,6,frozen_nn,fitting,68,78,79,1.787879,4,0.04859518999784972,0.3236273533836983
validation_selected_rank,6,frozen_nn,fitting,68,78,79,1.787879,5,0.03233494195196291,0.2153396598756443
validation_selected_rank,6,frozen_nn,fitting,68,78,79,1.787879,6,0.02870246924273747,0.19114863337328555
validation_selected_rank,6,frozen_nn,fitting,69,79,80,1.79798,1,0.014593822548594204,0.09678471964031674
validation_selected_rank,6,frozen_nn,fitting,69,79,80,1.79798,2,0.01843190767346181,0.12223850267276593
validation_selected_rank,6,frozen_nn,fitting,69,79,80,1.79798,3,0.006840445133698803,0.045365123652526644
validation_selected_rank,6,frozen_nn,fitting,69,79,80,1.79798,4,0.01034764606233639,0.06862451696570253
validation_selected_rank,6,frozen_nn,fitting,69,79,80,1.79798,5,0.06261570703148933,0.4152608838392842
validation_selected_rank,6,frozen_nn,fitting,69,79,80,1.79798,6,0.023658471197682437,0.15690053064313664
validation_selected_rank,6,frozen_nn,fitting,70,80,81,1.808081,1,0.044342123537115086,0.2931185871757478
validation_selected_rank,6,frozen_nn,fitting,70,80,81,1.808081,2,0.07575153562132586,0.5007469495485731
validation_selected_rank,6,frozen_nn,fitting,70,80,81,1.808081,3,0.012352771315191247,0.0816565961840612
validation_selected_rank,6,frozen_nn,fitting,70,80,81,1.808081,4,0.0004799692343814919,0.0031727822812087506
validation_selected_rank,6,frozen_nn,fitting,70,80,81,1.808081,5,0.03880806955281145,0.2565363498844812
validation_selected_rank,6,frozen_nn,fitting,70,80,81,1.808081,6,0.025388251839370567,0.16782616429701427
validation_selected_rank,6,frozen_nn,fitting,71,81,82,1.818182,1,0.0017072844024266232,0.011317947234039833
validation_selected_rank,6,frozen_nn,fitting,71,81,82,1.818182,2,0.006831043266583903,0.0452844219362348
validation_selected_rank,6,frozen_nn,fitting,71,81,82,1.818182,3,0.03607410216890561,0.23914280730423476
validation_selected_rank,6,frozen_nn,fitting,71,81,82,1.818182,4,0.008745876798685118,0.05797825598490795
validation_selected_rank,6,frozen_nn,fitting,71,81,82,1.818182,5,0.03635139406492116,0.240981033579289
validation_selected_rank,6,frozen_nn,fitting,71,81,82,1.818182,6,0.01857137145885316,0.12311352574667893
validation_selected_rank,6,frozen_nn,fitting,72,82,83,1.828283,1,0.019459999066569367,0.12908784395627412
validation_selected_rank,6,frozen_nn,fitting,72,82,83,1.828283,2,0.0432099301167288,0.28663293853143695
validation_selected_rank,6,frozen_nn,fitting,72,82,83,1.828283,3,0.06459982955588583,0.4285227706736062
validation_selected_rank,6,frozen_nn,fitting,72,82,83,1.828283,4,0.01335050365785245,0.08856052495311566
validation_selected_rank,6,frozen_nn,fitting,72,82,83,1.828283,5,0.053526925609438586,0.35507069640103633
validation_selected_rank,6,frozen_nn,fitting,72,82,83,1.828283,6,0.021976566075204217,0.1457814834680171
validation_selected_rank,6,frozen_nn,fitting,73,83,84,1.838384,1,0.006027465996449877,0.03990586957300669
validation_selected_rank,6,frozen_nn,fitting,73,83,84,1.838384,2,0.024785344477702642,0.16409561242349652
validation_selected_rank,6,frozen_nn,fitting,73,83,84,1.838384,3,0.03199826126066624,0.211849961689246
validation_selected_rank,6,frozen_nn,fitting,73,83,84,1.838384,4,0.020511513089771033,0.13579998071951446
validation_selected_rank,6,frozen_nn,fitting,73,83,84,1.838384,5,0.03617349457910984,0.2394928080098752
validation_selected_rank,6,frozen_nn,fitting,73,83,84,1.838384,6,0.0015239681375814069,0.010089691715815764
validation_selected_rank,6,frozen_nn,fitting,74,84,85,1.848485,1,0.00013612975842924868,0.0009002358595580239
validation_selected_rank,6,frozen_nn,fitting,74,84,85,1.848485,2,0.014232684675934415,0.09412176493148905
validation_selected_rank,6,frozen_nn,fitting,74,84,85,1.848485,3,0.02349645065876982,0.15538371403453233
validation_selected_rank,6,frozen_nn,fitting,74,84,85,1.848485,4,0.00662199265588001,0.04379171254940105
validation_selected_rank,6,frozen_nn,fitting,74,84,85,1.848485,5,0.03588447608789304,0.23730661501587474
validation_selected_rank,6,frozen_nn,fitting,74,84,85,1.848485,6,0.048821824986924944,0.3228622315166946
validation_selected_rank,6,frozen_nn,fitting,75,85,86,1.858586,1,0.029160297773250576,0.19316104855644758
validation_selected_rank,6,frozen_nn,fitting,75,85,86,1.858586,2,0.07635938507787943,0.5058130408496362
validation_selected_rank,6,frozen_nn,fitting,75,85,86,1.858586,3,0.05422809115193861,0.3592128938316884
validation_selected_rank,6,frozen_nn,fitting,75,85,86,1.858586,4,0.0029461466975038222,0.019515602677177894
validation_selected_rank,6,frozen_nn,fitting,75,85,86,1.858586,5,0.049901055957455524,0.3305501325044115
validation_selected_rank,6,frozen_nn,fitting,75,85,86,1.858586,6,0.01530091435716742,0.10135495474309074
validation_selected_rank,6,frozen_nn,fitting,76,86,87,1.868687,1,0.0005372745963043712,0.0035471669579926384
validation_selected_rank,6,frozen_nn,fitting,76,86,87,1.868687,2,0.005969770599154378,0.039413315205619824
validation_selected_rank,6,frozen_nn,fitting,76,86,87,1.868687,3,0.0027141670834758824,0.01791933559338206
validation_selected_rank,6,frozen_nn,fitting,76,86,87,1.868687,4,0.008808408752854102,0.05815442735527492
validation_selected_rank,6,frozen_nn,fitting,76,86,87,1.868687,5,0.012891581850090258,0.08511214468251553
validation_selected_rank,6,frozen_nn,fitting,76,86,87,1.868687,6,0.04691307257559057,0.30972709687500927
validation_selected_rank,6,frozen_nn,fitting,77,87,88,1.878788,1,0.026827091214943977,0.17662014577473464
validation_selected_rank,6,frozen_nn,fitting,77,87,88,1.878788,2,0.0524136173271863,0.3450728466510764
validation_selected_rank,6,frozen_nn,fitting,77,87,88,1.878788,3,0.03186551637394941,0.20979136731823617
validation_selected_rank,6,frozen_nn,fitting,77,87,88,1.878788,4,0.0013709261023436697,0.00902569593185891
validation_selected_rank,6,frozen_nn,fitting,77,87,88,1.878788,5,0.04326194317983728,0.28482143851155894
validation_selected_rank,6,frozen_nn,fitting,77,87,88,1.878788,6,0.022546821749483074,0.1484403550218806
validation_selected_rank,6,frozen_nn,fitting,78,88,89,1.888889,1,0.029919612388944472,0.19777131385143565
validation_selected_rank,6,frozen_nn,fitting,78,88,89,1.888889,2,0.06876147659667553,0.4545195102164564
validation_selected_rank,6,frozen_nn,fitting,78,88,89,1.888889,3,0.02076432943284834,0.13725407467831596
validation_selected_rank,6,frozen_nn,fitting,78,88,89,1.888889,4,0.010369532011216223,0.06854353402788524
validation_selected_rank,6,frozen_nn,fitting,78,88,89,1.888889,5,0.0066091306936485565,0.04368694499470546
validation_selected_rank,6,frozen_nn,fitting,78,88,89,1.888889,6,0.012225905223095383,0.08081432698934791
validation_selected_rank,6,frozen_nn,fitting,79,89,90,1.89899,1,0.00280051382852875,0.018459872004960996
validation_selected_rank,6,frozen_nn,fitting,79,89,90,1.89899,2,0.02384627663627481,0.1571851601003461
validation_selected_rank,6,frozen_nn,fitting,79,89,90,1.89899,3,0.0067407881495099575,0.044432591328386034
validation_selected_rank,6,frozen_nn,fitting,79,89,90,1.89899,4,0.018889127974550488,0.12450961003778185
validation_selected_rank,6,frozen_nn,fitting,79,89,90,1.89899,5,0.047231444181827544,0.3113308726863319
validation_selected_rank,6,frozen_nn,fitting,79,89,90,1.89899,6,0.03569632084054798,0.23529593285769154
validation_selected_rank,6,frozen_nn,fitting,80,90,91,1.909091,1,0.0040494138096978105,0.026677558237976486
validation_selected_rank,6,frozen_nn,fitting,80,90,91,1.909091,2,0.012855317974804992,0.08469089849974083
validation_selected_rank,6,frozen_nn,fitting,80,90,91,1.909091,3,0.02716498788422328,0.17896307474917536
validation_selected_rank,6,frozen_nn,fitting,80,90,91,1.909091,4,0.028536195991891958,0.18799660055508613
validation_selected_rank,6,frozen_nn,fitting,80,90,91,1.909091,5,0.010047772387584284,0.06619477426331866
validation_selected_rank,6,frozen_nn,fitting,80,90,91,1.909091,6,0.05102252668866595,0.3361366585765589
validation_selected_rank,6,frozen_nn,fitting,81,91,92,1.919192,1,0.0030837589018357647,0.020289309176684492
validation_selected_rank,6,frozen_nn,fitting,81,91,92,1.919192,2,0.014814702191469298,0.09747197582284732
validation_selected_rank,6,frozen_nn,fitting,81,91,92,1.919192,3,0.013328326684137248,0.08769250434634557
validation_selected_rank,6,frozen_nn,fitting,81,91,92,1.919192,4,0.024561714862113698,0.16160155271877086
validation_selected_rank,6,frozen_nn,fitting,81,91,92,1.919192,5,0.06510630390634328,0.42836096185100925
validation_selected_rank,6,frozen_nn,fitting,81,91,92,1.919192,6,0.011438666831273992,0.07525966046523445
validation_selected_rank,6,frozen_nn,fitting,82,92,93,1.929293,1,0.020291819716295123,0.1336746129808162
validation_selected_rank,6,frozen_nn,fitting,82,92,93,1.929293,2,0.022830951728389115,0.15040142672987095
validation_selected_rank,6,frozen_nn,fitting,82,92,93,1.929293,3,0.03055819123243475,0.20130547400385135
validation_selected_rank,6,frozen_nn,fitting,82,92,93,1.929293,4,0.003925124873453173,0.02585719544604873
validation_selected_rank,6,frozen_nn,fitting,82,92,93,1.929293,5,0.03430328017057274,0.22597666275792408
validation_selected_rank,6,frozen_nn,fitting,82,92,93,1.929293,6,0.03802244541531992,0.2504770763065446
validation_selected_rank,6,frozen_nn,fitting,83,93,94,1.939394,1,0.005697384682108009,0.03746815343469119
validation_selected_rank,6,frozen_nn,fitting,83,93,94,1.939394,2,0.015016119865170818,0.098751675460637
validation_selected_rank,6,frozen_nn,fitting,83,93,94,1.939394,3,0.022815696160968457,0.15004463489415734
validation_selected_rank,6,frozen_nn,fitting,83,93,94,1.939394,4,0.02355075247149549,0.15487864280527047
validation_selected_rank,6,frozen_nn,fitting,83,93,94,1.939394,5,0.020726295193169687,0.13630394501342574
validation_selected_rank,6,frozen_nn,fitting,83,93,94,1.939394,6,0.021378368682697886,0.14059222655303516
validation_selected_rank,6,frozen_nn,fitting,84,94,95,1.949495,1,0.002715176160574373,0.01784127315366157
validation_selected_rank,6,frozen_nn,fitting,84,94,95,1.949495,2,0.0027560137697855147,0.018109614836775176
validation_selected_rank,6,frozen_nn,fitting,84,94,95,1.949495,3,0.012212971181953802,0.08025076164079936
validation_selected_rank,6,frozen_nn,fitting,84,94,95,1.949495,4,0.023446891506130427,0.15406823396558095
validation_selected_rank,6,frozen_nn,fitting,84,94,95,1.949495,5,0.02503246379960814,0.16448694226288324
validation_selected_rank,6,frozen_nn,fitting,84,94,95,1.949495,6,0.027460982740812646,0.1804446066008409
validation_selected_rank,6,frozen_nn,fitting,85,95,96,1.959596,1,0.023038360561963955,0.15100007490196185
validation_selected_rank,6,frozen_nn,fitting,85,95,96,1.959596,2,0.03799967698823781,0.24906086767942834
validation_selected_rank,6,frozen_nn,fitting,85,95,96,1.959596,3,0.022639773425455367,0.14838761958831756
validation_selected_rank,6,frozen_nn,fitting,85,95,96,1.959596,4,0.0032950445300373443,0.021596674359823622
validation_selected_rank,6,frozen_nn,fitting,85,95,96,1.959596,5,0.021429803059336408,0.14045712403844057
validation_selected_rank,6,frozen_nn,fitting,85,95,96,1.959596,6,0.016609187779624543,0.10886141798321852
validation_selected_rank,6,frozen_nn,fitting,86,96,97,1.969697,1,0.01428637619280515,0.09386017807526939
validation_selected_rank,6,frozen_nn,fitting,86,96,97,1.969697,2,0.01435213934037094,0.09429223590841142
validation_selected_rank,6,frozen_nn,fitting,86,96,97,1.969697,3,0.009171363480011963,0.06025501483437563
validation_selected_rank,6,frozen_nn,fitting,86,96,97,1.969697,4,0.026929022205685313,0.1769211999955194
validation_selected_rank,6,frozen_nn,fitting,86,96,97,1.969697,5,0.0435378365008423,0.28603958287469944
validation_selected_rank,6,frozen_nn,fitting,86,96,97,1.969697,6,0.0003438357018866432,0.002258968948610531
validation_selected_rank,6,frozen_nn,fitting,87,97,98,1.979798,1,0.0020356041232716393,0.013353874035316307
validation_selected_rank,6,frozen_nn,fitting,87,97,98,1.979798,2,0.007348716949072465,0.048208705876163264
validation_selected_rank,6,frozen_nn,fitting,87,97,98,1.979798,3,0.03141832238301123,0.20610899472407068
validation_selected_rank,6,frozen_nn,fitting,87,97,98,1.979798,4,0.029163236894875155,0.19131528940427633
validation_selected_rank,6,frozen_nn,fitting,87,97,98,1.979798,5,0.013890850050707886,0.09112609848838807
validation_selected_rank,6,frozen_nn,fitting,87,97,98,1.979798,6,0.008806595907927898,0.05777261457173217
validation_selected_rank,6,frozen_nn,fitting,88,98,99,1.989899,1,0.010044780465204184,0.06590670549137596
validation_selected_rank,6,frozen_nn,fitting,88,98,99,1.989899,2,0.02586633629325852,0.16971650242890848
validation_selected_rank,6,frozen_nn,fitting,88,98,99,1.989899,3,0.018096072879058678,0.11873356017306971
validation_selected_rank,6,frozen_nn,fitting,88,98,99,1.989899,4,0.02165503664456425,0.14208494924127135
validation_selected_rank,6,frozen_nn,fitting,88,98,99,1.989899,5,0.04319865044848903,0.28343882104700524
validation_selected_rank,6,frozen_nn,fitting,88,98,99,1.989899,6,0.05237567039061683,0.3436518991435813
validation_selected_rank,6,frozen_nn,fitting,89,99,100,2.0,1,0.019677935620249443,0.12868960754552222
validation_selected_rank,6,frozen_nn,fitting,89,99,100,2.0,2,0.08406514844957846,0.5497685921433655
validation_selected_rank,6,frozen_nn,fitting,89,99,100,2.0,3,0.03825227448347179,0.25016192175849683
validation_selected_rank,6,frozen_nn,fitting,89,99,100,2.0,4,0.001263847167081722,0.008265297695247014
validation_selected_rank,6,frozen_nn,fitting,89,99,100,2.0,5,0.08686622919633066,0.5680870778300408
validation_selected_rank,6,frozen_nn,fitting,89,99,100,2.0,6,0.023717134610491998,0.1551051291166816
validation_selected_rank,6,frozen_nn,internal_validation,0,5,6,1.050505,1,0.013423199976728029,0.10639435165459254
validation_selected_rank,6,frozen_nn,internal_validation,0,5,6,1.050505,2,0.018680365167647484,0.14806345313551286
validation_selected_rank,6,frozen_nn,internal_validation,0,5,6,1.050505,3,0.0982883065579514,0.7790482649138109
validation_selected_rank,6,frozen_nn,internal_validation,0,5,6,1.050505,4,0.1375445474448174,1.0901992799322648
validation_selected_rank,6,frozen_nn,internal_validation,0,5,6,1.050505,5,0.009392404933891893,0.07444564896234289
validation_selected_rank,6,frozen_nn,internal_validation,0,5,6,1.050505,6,0.10961966031366453,0.8688623210478236
validation_selected_rank,6,frozen_nn,internal_validation,1,8,9,1.080808,1,0.024808909520052325,0.19575384165511375
validation_selected_rank,6,frozen_nn,internal_validation,1,8,9,1.080808,2,0.026565133590035206,0.20961126687682513
validation_selected_rank,6,frozen_nn,internal_validation,1,8,9,1.080808,3,0.03253142212660892,0.2566880600149182
validation_selected_rank,6,frozen_nn,internal_validation,1,8,9,1.080808,4,0.0659358477876926,0.5202645241942273
validation_selected_rank,6,frozen_nn,internal_validation,1,8,9,1.080808,5,0.0713070799683053,0.5626460457571426
validation_selected_rank,6,frozen_nn,internal_validation,1,8,9,1.080808,6,0.05730158463928207,0.4521361697497723
validation_selected_rank,6,frozen_nn,internal_validation,2,28,29,1.282828,1,0.04684464223999818,0.3450852794156704
validation_selected_rank,6,frozen_nn,internal_validation,2,28,29,1.282828,2,0.06014955248889198,0.4430971000058945
validation_selected_rank,6,frozen_nn,internal_validation,2,28,29,1.282828,3,0.018741898945053626,0.13806388788495827
validation_selected_rank,6,frozen_nn,internal_validation,2,28,29,1.282828,4,0.044350487821524745,0.32671186608069075
validation_selected_rank,6,frozen_nn,internal_validation,2,28,29,1.282828,5,0.050375519434482145,0.37109580452542446
validation_selected_rank,6,frozen_nn,internal_validation,2,28,29,1.282828,6,0.002565173741049802,0.018896583576084664
validation_selected_rank,6,frozen_nn,internal_validation,3,31,32,1.313131,1,0.014269545232604486,0.10355131698467028
validation_selected_rank,6,frozen_nn,internal_validation,3,31,32,1.313131,2,0.01664823220219902,0.12081298611151678
validation_selected_rank,6,frozen_nn,internal_validation,3,31,32,1.313131,3,0.05363501950311356,0.3892189145142203
validation_selected_rank,6,frozen_nn,internal_validation,3,31,32,1.313131,4,0.0021678379835557565,0.015731579006012786
validation_selected_rank,6,frozen_nn,internal_validation,3,31,32,1.313131,5,0.09186400241113749,0.6666392150620739
validation_selected_rank,6,frozen_nn,internal_validation,3,31,32,1.313131,6,0.007667119177909014,0.05563879404767762
validation_selected_rank,6,frozen_nn,internal_validation,4,37,38,1.373737,1,0.02534297305023614,0.18029627282585484
validation_selected_rank,6,frozen_nn,internal_validation,4,37,38,1.373737,2,0.05583608163302811,0.3972319028110767
validation_selected_rank,6,frozen_nn,internal_validation,4,37,38,1.373737,3,0.043861998361955534,0.3120452682358294
validation_selected_rank,6,frozen_nn,internal_validation,4,37,38,1.373737,4,0.04981304513330155,0.35438250902281854
validation_selected_rank,6,frozen_nn,internal_validation,4,37,38,1.373737,5,0.02695543345864689,0.1917677209917599
validation_selected_rank,6,frozen_nn,internal_validation,4,37,38,1.373737,6,0.03836143671090899,0.2729128916923725
validation_selected_rank,6,frozen_nn,internal_validation,5,40,41,1.40404,1,0.018416286140576332,0.12997004581600932
validation_selected_rank,6,frozen_nn,internal_validation,5,40,41,1.40404,2,0.03623358401442042,0.25571282605435613
validation_selected_rank,6,frozen_nn,internal_validation,5,40,41,1.40404,3,0.06157796743998223,0.4345768298961041
validation_selected_rank,6,frozen_nn,internal_validation,5,40,41,1.40404,4,0.026286668589280332,0.18551403333007183
validation_selected_rank,6,frozen_nn,internal_validation,5,40,41,1.40404,5,0.06900912978029432,0.48702109050674747
validation_selected_rank,6,frozen_nn,internal_validation,5,40,41,1.40404,6,0.05754187133152644,0.40609271577398287
validation_selected_rank,6,frozen_nn,internal_validation,6,42,43,1.424242,1,0.08552608491086033,0.6047829735977143
validation_selected_rank,6,frozen_nn,internal_validation,6,42,43,1.424242,2,0.15908137157643512,1.12491650993114
validation_selected_rank,6,frozen_nn,internal_validation,6,42,43,1.424242,3,0.03341085015722706,0.23625907031258936
validation_selected_rank,6,frozen_nn,internal_validation,6,42,43,1.424242,4,0.05336915996447618,0.37739081936661173
validation_selected_rank,6,frozen_nn,internal_validation,6,42,43,1.424242,5,0.016997196036729348,0.12019274321548098
validation_selected_rank,6,frozen_nn,internal_validation,6,42,43,1.424242,6,0.03049408056886311,0.2156336367178133
validation_selected_rank,6,frozen_nn,internal_validation,7,51,52,1.515152,1,0.011193934679830875,0.07720215815197011
validation_selected_rank,6,frozen_nn,internal_validation,7,51,52,1.515152,2,0.0026705240504270034,0.01841802958357269
validation_selected_rank,6,frozen_nn,internal_validation,7,51,52,1.515152,3,0.021423583533349444,0.14775384450863843
validation_selected_rank,6,frozen_nn,internal_validation,7,51,52,1.515152,4,0.016929104631954017,0.11675639089821009
validation_selected_rank,6,frozen_nn,internal_validation,7,51,52,1.515152,5,0.022173794157977024,0.1529278857145553
validation_selected_rank,6,frozen_nn,internal_validation,7,51,52,1.515152,6,0.012105148735671737,0.08348660536927219
validation_selected_rank,6,frozen_nn,internal_validation,8,53,54,1.535354,1,0.01984011863276791,0.13642908258193717
validation_selected_rank,6,frozen_nn,internal_validation,8,53,54,1.535354,2,0.025442772921383416,0.17495531313366106
validation_selected_rank,6,frozen_nn,internal_validation,8,53,54,1.535354,3,0.020930166249857718,0.1439247129822803
validation_selected_rank,6,frozen_nn,internal_validation,8,53,54,1.535354,4,0.0011625794858672461,0.00799439033713685
validation_selected_rank,6,frozen_nn,internal_validation,8,53,54,1.535354,5,0.023751962879299846,0.16332858513210544
validation_selected_rank,6,frozen_nn,internal_validation,8,53,54,1.535354,6,0.016542781598245467,0.11375519262644232
validation_selected_rank,6,frozen_nn,internal_validation,9,65,66,1.656566,1,0.025630990814335064,0.17312198245774213
validation_selected_rank,6,frozen_nn,internal_validation,9,65,66,1.656566,2,0.05535679321423337,0.373901963180895
validation_selected_rank,6,frozen_nn,internal_validation,9,65,66,1.656566,3,0.019040241448580998,0.1286054202871021
validation_selected_rank,6,frozen_nn,internal_validation,9,65,66,1.656566,4,0.011558899875653963,0.07807344148336924
validation_selected_rank,6,frozen_nn,internal_validation,9,65,66,1.656566,5,0.016038100497023228,0.10832775732369564
validation_selected_rank,6,frozen_nn,internal_validation,9,65,66,1.656566,6,0.014591708349985442,0.09855824518425679
validation_selected_rank,6,frozen_nn,external,0,0,8,1.0625,1,0.032763092925712556,0.2589246528187464
validation_selected_rank,6,frozen_nn,external,0,0,8,1.0625,2,0.030301022994474902,0.23946706975091336
validation_selected_rank,6,frozen_nn,external,0,0,8,1.0625,3,0.09637896033091026,0.761676832504663
validation_selected_rank,6,frozen_nn,external,0,0,8,1.0625,4,0.0870596795288345,0.6880271452889558
validation_selected_rank,6,frozen_nn,external,0,0,8,1.0625,5,0.024608270611173943,0.19447760743819936
validation_selected_rank,6,frozen_nn,external,0,0,8,1.0625,6,0.022052890370351165,0.17428259889077197
validation_selected_rank,6,frozen_nn,external,1,1,4,1.125,1,0.051487930991639175,0.39966723329547255
validation_selected_rank,6,frozen_nn,external,1,1,4,1.125,2,0.08911650481870659,0.69175331453188
validation_selected_rank,6,frozen_nn,external,1,1,4,1.125,3,0.01901972968009669,0.14763775884695
validation_selected_rank,6,frozen_nn,external,1,1,4,1.125,4,0.01054986745088738,0.08189174151151658
validation_selected_rank,6,frozen_nn,external,1,1,4,1.125,5,0.07055057603477896,0.5476381161208572
validation_selected_rank,6,frozen_nn,external,1,1,4,1.125,6,0.04415684415208342,0.3427607867208397
validation_selected_rank,6,frozen_nn,external,2,2,2,1.25,1,0.05499166192637084,0.4102292343834678
validation_selected_rank,6,frozen_nn,external,2,2,2,1.25,2,0.07776367612031576,0.5801049140939536
validation_selected_rank,6,frozen_nn,external,2,2,2,1.25,3,0.044942886792324666,0.3352669367309473
validation_selected_rank,6,frozen_nn,external,2,2,2,1.25,4,0.026874365496036078,0.2004785815846307
validation_selected_rank,6,frozen_nn,external,2,2,2,1.25,5,0.029701524859095635,0.22156875017311278
validation_selected_rank,6,frozen_nn,external,2,2,2,1.25,6,0.008490782633351629,0.06333991621602468
validation_selected_rank,6,frozen_nn,external,3,3,10,1.3125,1,0.0316158589126907,0.22928048525570227
validation_selected_rank,6,frozen_nn,external,3,3,10,1.3125,2,0.056113481633438544,0.4069390091166363
validation_selected_rank,6,frozen_nn,external,3,3,10,1.3125,3,0.01772451258930452,0.12853944150684735
validation_selected_rank,6,frozen_nn,external,3,3,10,1.3125,4,0.0322840953099843,0.23412658372356643
validation_selected_rank,6,frozen_nn,external,3,3,10,1.3125,5,0.009764032680286975,0.07080946803220049
validation_selected_rank,6,frozen_nn,external,3,3,10,1.3125,6,0.01652058504993042,0.11980847230551418
validation_selected_rank,6,frozen_nn,external,4,4,6,1.375,1,0.045665456027892404,0.32635646320400874
validation_selected_rank,6,frozen_nn,external,4,4,6,1.375,2,0.06065738218286526,0.4334989823450451
validation_selected_rank,6,frozen_nn,external,4,4,6,1.375,3,0.02347523139530633,0.16776999853868477
validation_selected_rank,6,frozen_nn,external,4,4,6,1.375,4,0.003847121496693577,0.027494151474369392
validation_selected_rank,6,frozen_nn,external,4,4,6,1.375,5,0.06339819799550811,0.4530867196132636
validation_selected_rank,6,frozen_nn,external,4,4,6,1.375,6,0.021001993052892524,0.1500945521882157
validation_selected_rank,6,frozen_nn,external,5,5,1,1.5,1,0.035340742107692336,0.24484835070017258
validation_selected_rank,6,frozen_nn,external,5,5,1,1.5,2,0.05146591821760227,0.3565670792778018
validation_selected_rank,6,frozen_nn,external,5,5,1,1.5,3,0.0970896838556789,0.6726584543591073
validation_selected_rank,6,frozen_nn,external,5,5,1,1.5,4,0.04811834241062496,0.33337434572725794
validation_selected_rank,6,frozen_nn,external,5,5,1,1.5,5,0.04646724168751622,0.3219351606738958
validation_selected_rank,6,frozen_nn,external,5,5,1,1.5,6,0.039227440019794294,0.2717762394962833
validation_selected_rank,6,frozen_nn,external,6,6,9,1.5625,1,0.01663200849904456,0.11381394145004013
validation_selected_rank,6,frozen_nn,external,6,6,9,1.5625,2,0.03180567174231275,0.21764832922414204
validation_selected_rank,6,frozen_nn,external,6,6,9,1.5625,3,0.015976706521243333,0.10932966638862174
validation_selected_rank,6,frozen_nn,external,6,6,9,1.5625,4,0.012973507738247833,0.08877857717589575
validation_selected_rank,6,frozen_nn,external,6,6,9,1.5625,5,0.024058697974457748,0.16463527196889255
validation_selected_rank,6,frozen_nn,external,6,6,9,1.5625,6,0.019318262585844372,0.1321961570058179
validation_selected_rank,6,frozen_nn,external,7,7,5,1.625,1,0.017169612729446726,0.11637871073985673
validation_selected_rank,6,frozen_nn,external,7,7,5,1.625,2,0.024521981342646937,0.16621438225858187
validation_selected_rank,6,frozen_nn,external,7,7,5,1.625,3,0.04950762734973377,0.33557156667079635
validation_selected_rank,6,frozen_nn,external,7,7,5,1.625,4,0.024464345865687742,0.16582371867128473
validation_selected_rank,6,frozen_nn,external,7,7,5,1.625,5,0.016400760181320636,0.11116729044110364
validation_selected_rank,6,frozen_nn,external,7,7,5,1.625,6,0.023890058710672048,0.16193109746029133
validation_selected_rank,6,frozen_nn,external,8,8,3,1.75,1,0.008957940944441134,0.05969812051714984
validation_selected_rank,6,frozen_nn,external,8,8,3,1.75,2,0.016516581878152303,0.1100709305418204
validation_selected_rank,6,frozen_nn,external,8,8,3,1.75,3,0.017068306275917183,0.11374776987290114
validation_selected_rank,6,frozen_nn,external,8,8,3,1.75,4,0.016947332083625095,0.1129415654163514
validation_selected_rank,6,frozen_nn,external,8,8,3,1.75,5,0.017571159377095767,0.11709891777873885
validation_selected_rank,6,frozen_nn,external,8,8,3,1.75,6,0.00670151830485587,0.04466071498935638
validation_selected_rank,6,frozen_nn,external,9,9,7,1.875,1,0.004286143988027291,0.028297507004555782
validation_selected_rank,6,frozen_nn,external,9,9,7,1.875,2,0.0062194148615537515,0.04106113469371739
validation_selected_rank,6,frozen_nn,external,9,9,7,1.875,3,0.008637079675355097,0.05702277461862791
validation_selected_rank,6,frozen_nn,external,9,9,7,1.875,4,0.0016899581692754254,0.011157255394606477
validation_selected_rank,6,frozen_nn,external,9,9,7,1.875,5,0.01766844568088174,0.11664866294995337
validation_selected_rank,6,frozen_nn,external,9,9,7,1.875,6,0.01900956193924077,0.12550283276339094
validation_selected_rank,6,piecewise_linear,fitting,0,0,1,1.0,1,0.0,0.0
validation_selected_rank,6,piecewise_linear,fitting,0,0,1,1.0,2,0.0,0.0
validation_selected_rank,6,piecewise_linear,fitting,0,0,1,1.0,3,0.0,0.0
validation_selected_rank,6,piecewise_linear,fitting,0,0,1,1.0,4,0.0,0.0
validation_selected_rank,6,piecewise_linear,fitting,0,0,1,1.0,5,0.0,0.0
validation_selected_rank,6,piecewise_linear,fitting,0,0,1,1.0,6,0.0,0.0
validation_selected_rank,6,piecewise_linear,fitting,1,1,2,1.010101,1,0.0,0.0
validation_selected_rank,6,piecewise_linear,fitting,1,1,2,1.010101,2,0.0,0.0
validation_selected_rank,6,piecewise_linear,fitting,1,1,2,1.010101,3,0.0,0.0
validation_selected_rank,6,piecewise_linear,fitting,1,1,2,1.010101,4,0.0,0.0
validation_selected_rank,6,piecewise_linear,fitting,1,1,2,1.010101,5,0.0,0.0
validation_selected_rank,6,piecewise_linear,fitting,1,1,2,1.010101,6,1.3877787807814457e-17,1.1080427044448914e-16
validation_selected_rank,6,piecewise_linear,fitting,2,2,3,1.020202,1,0.0,0.0
validation_selected_rank,6,piecewise_linear,fitting,2,2,3,1.020202,2,0.0,0.0
validation_selected_rank,6,piecewise_linear,fitting,2,2,3,1.020202,3,0.0,0.0
validation_selected_rank,6,piecewise_linear,fitting,2,2,3,1.020202,4,0.0,0.0
validation_selected_rank,6,piecewise_linear,fitting,2,2,3,1.020202,5,0.0,0.0
validation_selected_rank,6,piecewise_linear,fitting,2,2,3,1.020202,6,0.0,0.0
validation_selected_rank,6,piecewise_linear,fitting,3,3,4,1.030303,1,0.0,0.0
validation_selected_rank,6,piecewise_linear,fitting,3,3,4,1.030303,2,0.0,0.0
validation_selected_rank,6,piecewise_linear,fitting,3,3,4,1.030303,3,0.0,0.0
validation_selected_rank,6,piecewise_linear,fitting,3,3,4,1.030303,4,0.0,0.0
validation_selected_rank,6,piecewise_linear,fitting,3,3,4,1.030303,5,1.734723475976807e-18,1.3833733465773095e-17
validation_selected_rank,6,piecewise_linear,fitting,3,3,4,1.030303,6,6.938893903907228e-18,5.533493386309238e-17
validation_selected_rank,6,piecewise_linear,fitting,4,4,5,1.040404,1,0.0,0.0
validation_selected_rank,6,piecewise_linear,fitting,4,4,5,1.040404,2,0.0,0.0
validation_selected_rank,6,piecewise_linear,fitting,4,4,5,1.040404,3,0.0,0.0
validation_selected_rank,6,piecewise_linear,fitting,4,4,5,1.040404,4,0.0,0.0
validation_selected_rank,6,piecewise_linear,fitting,4,4,5,1.040404,5,0.0,0.0
validation_selected_rank,6,piecewise_linear,fitting,4,4,5,1.040404,6,0.0,0.0
validation_selected_rank,6,piecewise_linear,fitting,5,6,7,1.060606,1,0.0,0.0
validation_selected_rank,6,piecewise_linear,fitting,5,6,7,1.060606,2,0.0,0.0
validation_selected_rank,6,piecewise_linear,fitting,5,6,7,1.060606,3,0.0,0.0
validation_selected_rank,6,piecewise_linear,fitting,5,6,7,1.060606,4,0.0,0.0
validation_selected_rank,6,piecewise_linear,fitting,5,6,7,1.060606,5,1.734723475976807e-18,1.3737490058506354e-17
validation_selected_rank,6,piecewise_linear,fitting,5,6,7,1.060606,6,0.0,0.0
validation_selected_rank,6,piecewise_linear,fitting,6,7,8,1.070707,1,0.0,0.0
validation_selected_rank,6,piecewise_linear,fitting,6,7,8,1.070707,2,0.0,0.0
validation_selected_rank,6,piecewise_linear,fitting,6,7,8,1.070707,3,0.0,0.0
validation_selected_rank,6,piecewise_linear,fitting,6,7,8,1.070707,4,0.0,0.0
validation_selected_rank,6,piecewise_linear,fitting,6,7,8,1.070707,5,4.336808689942018e-19,3.4221207243360074e-18
validation_selected_rank,6,piecewise_linear,fitting,6,7,8,1.070707,6,2.168404344971009e-18,1.7110603621680038e-17
validation_selected_rank,6,piecewise_linear,fitting,7,9,10,1.090909,1,0.0,0.0
validation_selected_rank,6,piecewise_linear,fitting,7,9,10,1.090909,2,0.0,0.0
validation_selected_rank,6,piecewise_linear,fitting,7,9,10,1.090909,3,2.7755575615628914e-17,2.1814127144392878e-16
validation_selected_rank,6,piecewise_linear,fitting,7,9,10,1.090909,4,2.0816681711721685e-17,1.636059535829466e-16
validation_selected_rank,6,piecewise_linear,fitting,7,9,10,1.090909,5,0.0,0.0
validation_selected_rank,6,piecewise_linear,fitting,7,9,10,1.090909,6,0.0,0.0
validation_selected_rank,6,piecewise_linear,fitting,8,10,11,1.10101,1,0.0,0.0
validation_selected_rank,6,piecewise_linear,fitting,8,10,11,1.10101,2,0.0,0.0
validation_selected_rank,6,piecewise_linear,fitting,8,10,11,1.10101,3,0.0,0.0
validation_selected_rank,6,piecewise_linear,fitting,8,10,11,1.10101,4,0.0,0.0
validation_selected_rank,6,piecewise_linear,fitting,8,10,11,1.10101,5,8.673617379884035e-19,6.79596036066858e-18
validation_selected_rank,6,piecewise_linear,fitting,8,10,11,1.10101,6,0.0,0.0
validation_selected_rank,6,piecewise_linear,fitting,9,11,12,1.111111,1,0.0,0.0
validation_selected_rank,6,piecewise_linear,fitting,9,11,12,1.111111,2,0.0,0.0
validation_selected_rank,6,piecewise_linear,fitting,9,11,12,1.111111,3,1.3877787807814457e-17,1.0822757815595627e-16
validation_selected_rank,6,piecewise_linear,fitting,9,11,12,1.111111,4,0.0,0.0
validation_selected_rank,6,piecewise_linear,fitting,9,11,12,1.111111,5,0.0,0.0
validation_selected_rank,6,piecewise_linear,fitting,9,11,12,1.111111,6,0.0,0.0
validation_selected_rank,6,piecewise_linear,fitting,10,12,13,1.121212,1,0.0,0.0
validation_selected_rank,6,piecewise_linear,fitting,10,12,13,1.121212,2,0.0,0.0
validation_selected_rank,6,piecewise_linear,fitting,10,12,13,1.121212,3,6.938893903907228e-18,5.396737017409272e-17
validation_selected_rank,6,piecewise_linear,fitting,10,12,13,1.121212,4,0.0,0.0
validation_selected_rank,6,piecewise_linear,fitting,10,12,13,1.121212,5,0.0,0.0
validation_selected_rank,6,piecewise_linear,fitting,10,12,13,1.121212,6,0.0,0.0
validation_selected_rank,6,piecewise_linear,fitting,11,13,14,1.131313,1,0.0,0.0
validation_selected_rank,6,piecewise_linear,fitting,11,13,14,1.131313,2,0.0,0.0
validation_selected_rank,6,piecewise_linear,fitting,11,13,14,1.131313,3,0.0,0.0
validation_selected_rank,6,piecewise_linear,fitting,11,13,14,1.131313,4,6.938893903907228e-18,5.394792545817161e-17
validation_selected_rank,6,piecewise_linear,fitting,11,13,14,1.131313,5,1.734723475976807e-18,1.3486981364542902e-17
validation_selected_rank,6,piecewise_linear,fitting,11,13,14,1.131313,6,8.673617379884035e-19,6.743490682271451e-18
validation_selected_rank,6,piecewise_linear,fitting,12,14,15,1.141414,1,0.0,0.0
validation_selected_rank,6,piecewise_linear,fitting,12,14,15,1.141414,2,0.0,0.0
validation_selected_rank,6,piecewise_linear,fitting,12,14,15,1.141414,3,0.0,0.0
validation_selected_rank,6,piecewise_linear,fitting,12,14,15,1.141414,4,1.734723475976807e-18,1.3468394661285113e-17
validation_selected_rank,6,piecewise_linear,fitting,12,14,15,1.141414,5,0.0,0.0
validation_selected_rank,6,piecewise_linear,fitting,12,14,15,1.141414,6,3.469446951953614e-18,2.6936789322570226e-17
validation_selected_rank,6,piecewise_linear,fitting,13,15,16,1.151515,1,0.0,0.0
validation_selected_rank,6,piecewise_linear,fitting,13,15,16,1.151515,2,0.0,0.0
validation_selected_rank,6,piecewise_linear,fitting,13,15,16,1.151515,3,0.0,0.0
validation_selected_rank,6,piecewise_linear,fitting,13,15,16,1.151515,4,0.0,0.0
validation_selected_rank,6,piecewise_linear,fitting,13,15,16,1.151515,5,3.469446951953614e-18,2.6706374055765975e-17
validation_selected_rank,6,piecewise_linear,fitting,13,15,16,1.151515,6,6.938893903907228e-18,5.341274811153195e-17
validation_selected_rank,6,piecewise_linear,fitting,14,16,17,1.161616,1,0.0,0.0
validation_selected_rank,6,piecewise_linear,fitting,14,16,17,1.161616,2,0.0,0.0
validation_selected_rank,6,piecewise_linear,fitting,14,16,17,1.161616,3,0.0,0.0
validation_selected_rank,6,piecewise_linear,fitting,14,16,17,1.161616,4,0.0,0.0
validation_selected_rank,6,piecewise_linear,fitting,14,16,17,1.161616,5,1.3877787807814457e-17,1.0687884417410383e-16
validation_selected_rank,6,piecewise_linear,fitting,14,16,17,1.161616,6,2.0816681711721685e-17,1.6031826626115575e-16
validation_selected_rank,6,piecewise_linear,fitting,15,17,18,1.171717,1,0.0,0.0
validation_selected_rank,6,piecewise_linear,fitting,15,17,18,1.171717,2,0.0,0.0
validation_selected_rank,6,piecewise_linear,fitting,15,17,18,1.171717,3,0.0,0.0
validation_selected_rank,6,piecewise_linear,fitting,15,17,18,1.171717,4,0.0,0.0
validation_selected_rank,6,piecewise_linear,fitting,15,17,18,1.171717,5,0.0,0.0
validation_selected_rank,6,piecewise_linear,fitting,15,17,18,1.171717,6,0.0,0.0
validation_selected_rank,6,piecewise_linear,fitting,16,18,19,1.181818,1,0.0,0.0
validation_selected_rank,6,piecewise_linear,fitting,16,18,19,1.181818,2,0.0,0.0
validation_selected_rank,6,piecewise_linear,fitting,16,18,19,1.181818,3,0.0,0.0
validation_selected_rank,6,piecewise_linear,fitting,16,18,19,1.181818,4,0.0,0.0
validation_selected_rank,6,piecewise_linear,fitting,16,18,19,1.181818,5,6.938893903907228e-18,5.2915633845296544e-17
validation_selected_rank,6,piecewise_linear,fitting,16,18,19,1.181818,6,0.0,0.0
validation_selected_rank,6,piecewise_linear,fitting,17,19,20,1.191919,1,0.0,0.0
validation_selected_rank,6,piecewise_linear,fitting,17,19,20,1.191919,2,0.0,0.0
validation_selected_rank,6,piecewise_linear,fitting,17,19,20,1.191919,3,0.0,0.0
validation_selected_rank,6,piecewise_linear,fitting,17,19,20,1.191919,4,0.0,0.0
validation_selected_rank,6,piecewise_linear,fitting,17,19,20,1.191919,5,0.0,0.0
validation_selected_rank,6,piecewise_linear,fitting,17,19,20,1.191919,6,0.0,0.0
validation_selected_rank,6,piecewise_linear,fitting,18,20,21,1.20202,1,0.0,0.0
validation_selected_rank,6,piecewise_linear,fitting,18,20,21,1.20202,2,0.0,0.0
validation_selected_rank,6,piecewise_linear,fitting,18,20,21,1.20202,3,0.0,0.0
validation_selected_rank,6,piecewise_linear,fitting,18,20,21,1.20202,4,0.0,0.0
validation_selected_rank,6,piecewise_linear,fitting,18,20,21,1.20202,5,4.7704895589362195e-18,3.6167022945047624e-17
validation_selected_rank,6,piecewise_linear,fitting,18,20,21,1.20202,6,1.3877787807814457e-17,1.0521315765832036e-16
validation_selected_rank,6,piecewise_linear,fitting,19,21,22,1.212121,1,0.0,0.0
validation_selected_rank,6,piecewise_linear,fitting,19,21,22,1.212121,2,0.0,0.0
validation_selected_rank,6,piecewise_linear,fitting,19,21,22,1.212121,3,0.0,0.0
validation_selected_rank,6,piecewise_linear,fitting,19,21,22,1.212121,4,0.0,0.0
validation_selected_rank,6,piecewise_linear,fitting,19,21,22,1.212121,5,3.469446951953614e-18,2.626958224552583e-17
validation_selected_rank,6,piecewise_linear,fitting,19,21,22,1.212121,6,0.0,0.0
validation_selected_rank,6,piecewise_linear,fitting,20,22,23,1.222222,1,0.0,0.0
validation_selected_rank,6,piecewise_linear,fitting,20,22,23,1.222222,2,0.0,0.0
validation_selected_rank,6,piecewise_linear,fitting,20,22,23,1.222222,3,3.885780586188048e-16,2.9126711609546466e-15
validation_selected_rank,6,piecewise_linear,fitting,20,22,23,1.222222,4,1.0408340855860843e-17,7.801797752557089e-17
validation_selected_rank,6,piecewise_linear,fitting,20,22,23,1.222222,5,0.0,0.0
validation_selected_rank,6,piecewise_linear,fitting,20,22,23,1.222222,6,2.7755575615628914e-17,2.0804794006818906e-16
validation_selected_rank,6,piecewise_linear,fitting,21,23,24,1.232323,1,0.0,0.0
validation_selected_rank,6,piecewise_linear,fitting,21,23,24,1.232323,2,0.0,0.0
validation_selected_rank,6,piecewise_linear,fitting,21,23,24,1.232323,3,1.1102230246251565e-16,8.332439705491041e-16
validation_selected_rank,6,piecewise_linear,fitting,21,23,24,1.232323,4,0.0,0.0
validation_selected_rank,6,piecewise_linear,fitting,21,23,24,1.232323,5,0.0,0.0
validation_selected_rank,6,piecewise_linear,fitting,21,23,24,1.232323,6,7.494005416219807e-16,5.6243968012064525e-15
validation_selected_rank,6,piecewise_linear,fitting,22,24,25,1.242424,1,0.0,0.0
validation_selected_rank,6,piecewise_linear,fitting,22,24,25,1.242424,2,0.0,0.0
validation_selected_rank,6,piecewise_linear,fitting,22,24,25,1.242424,3,0.0,0.0
validation_selected_rank,6,piecewise_linear,fitting,22,24,25,1.242424,4,0.0,0.0
validation_selected_rank,6,piecewise_linear,fitting,22,24,25,1.242424,5,3.469446951953614e-18,2.582518217201603e-17
validation_selected_rank,6,piecewise_linear,fitting,22,24,25,1.242424,6,0.0,0.0
validation_selected_rank,6,piecewise_linear,fitting,23,25,26,1.252525,1,0.0,0.0
validation_selected_rank,6,piecewise_linear,fitting,23,25,26,1.252525,2,0.0,0.0
validation_selected_rank,6,piecewise_linear,fitting,23,25,26,1.252525,3,0.0,0.0
validation_selected_rank,6,piecewise_linear,fitting,23,25,26,1.252525,4,0.0,0.0
validation_selected_rank,6,piecewise_linear,fitting,23,25,26,1.252525,5,0.0,0.0
validation_selected_rank,6,piecewise_linear,fitting,23,25,26,1.252525,6,0.0,0.0
validation_selected_rank,6,piecewise_linear,fitting,24,26,27,1.262626,1,0.0,0.0
validation_selected_rank,6,piecewise_linear,fitting,24,26,27,1.262626,2,0.0,0.0
validation_selected_rank,6,piecewise_linear,fitting,24,26,27,1.262626,3,0.0,0.0
validation_selected_rank,6,piecewise_linear,fitting,24,26,27,1.262626,4,0.0,0.0
validation_selected_rank,6,piecewise_linear,fitting,24,26,27,1.262626,5,0.0,0.0
validation_selected_rank,6,piecewise_linear,fitting,24,26,27,1.262626,6,0.0,0.0
validation_selected_rank,6,piecewise_linear,fitting,25,27,28,1.272727,1,0.0,0.0
validation_selected_rank,6,piecewise_linear,fitting,25,27,28,1.272727,2,0.0,0.0
validation_selected_rank,6,piecewise_linear,fitting,25,27,28,1.272727,3,0.0,0.0
validation_selected_rank,6,piecewise_linear,fitting,25,27,28,1.272727,4,0.0,0.0
validation_selected_rank,6,piecewise_linear,fitting,25,27,28,1.272727,5,6.938893903907228e-18,5.129863705808068e-17
validation_selected_rank,6,piecewise_linear,fitting,25,27,28,1.272727,6,0.0,0.0
validation_selected_rank,6,piecewise_linear,fitting,26,29,30,1.292929,1,0.0,0.0
validation_selected_rank,6,piecewise_linear,fitting,26,29,30,1.292929,2,0.0,0.0
validation_selected_rank,6,piecewise_linear,fitting,26,29,30,1.292929,3,0.0,0.0
validation_selected_rank,6,piecewise_linear,fitting,26,29,30,1.292929,4,6.938893903907228e-18,5.069392308192067e-17
validation_selected_rank,6,piecewise_linear,fitting,26,29,30,1.292929,5,3.469446951953614e-18,2.5346961540960335e-17
validation_selected_rank,6,piecewise_linear,fitting,26,29,30,1.292929,6,1.3877787807814457e-17,1.0138784616384134e-16
validation_selected_rank,6,piecewise_linear,fitting,27,30,31,1.30303,1,0.0,0.0
validation_selected_rank,6,piecewise_linear,fitting,27,30,31,1.30303,2,0.0,0.0
validation_selected_rank,6,piecewise_linear,fitting,27,30,31,1.30303,3,0.0,0.0
validation_selected_rank,6,piecewise_linear,fitting,27,30,31,1.30303,4,0.0,0.0
validation_selected_rank,6,piecewise_linear,fitting,27,30,31,1.30303,5,1.734723475976807e-18,1.2605215392770726e-17
validation_selected_rank,6,piecewise_linear,fitting,27,30,31,1.30303,6,0.0,0.0
validation_selected_rank,6,piecewise_linear,fitting,28,32,33,1.323232,1,0.0,0.0
validation_selected_rank,6,piecewise_linear,fitting,28,32,33,1.323232,2,0.0,0.0
validation_selected_rank,6,piecewise_linear,fitting,28,32,33,1.323232,3,0.0,0.0
validation_selected_rank,6,piecewise_linear,fitting,28,32,33,1.323232,4,0.0,0.0
validation_selected_rank,6,piecewise_linear,fitting,28,32,33,1.323232,5,0.0,0.0
validation_selected_rank,6,piecewise_linear,fitting,28,32,33,1.323232,6,0.0,0.0
validation_selected_rank,6,piecewise_linear,fitting,29,33,34,1.333333,1,0.0,0.0
validation_selected_rank,6,piecewise_linear,fitting,29,33,34,1.333333,2,0.0,0.0
validation_selected_rank,6,piecewise_linear,fitting,29,33,34,1.333333,3,0.0,0.0
validation_selected_rank,6,piecewise_linear,fitting,29,33,34,1.333333,4,0.0,0.0
validation_selected_rank,6,piecewise_linear,fitting,29,33,34,1.333333,5,5.204170427930421e-18,3.766666372108376e-17
validation_selected_rank,6,piecewise_linear,fitting,29,33,34,1.333333,6,6.938893903907228e-18,5.022221829477835e-17
validation_selected_rank,6,piecewise_linear,fitting,30,34,35,1.343434,1,0.0,0.0
validation_selected_rank,6,piecewise_linear,fitting,30,34,35,1.343434,2,0.0,0.0
validation_selected_rank,6,piecewise_linear,fitting,30,34,35,1.343434,3,0.0,0.0
validation_selected_rank,6,piecewise_linear,fitting,30,34,35,1.343434,4,6.938893903907228e-18,5.008591029906789e-17
validation_selected_rank,6,piecewise_linear,fitting,30,34,35,1.343434,5,0.0,0.0
validation_selected_rank,6,piecewise_linear,fitting,30,34,35,1.343434,6,0.0,0.0
validation_selected_rank,6,piecewise_linear,fitting,31,35,36,1.353535,1,0.0,0.0
validation_selected_rank,6,piecewise_linear,fitting,31,35,36,1.353535,2,0.0,0.0
validation_selected_rank,6,piecewise_linear,fitting,31,35,36,1.353535,3,0.0,0.0
validation_selected_rank,6,piecewise_linear,fitting,31,35,36,1.353535,4,0.0,0.0
validation_selected_rank,6,piecewise_linear,fitting,31,35,36,1.353535,5,0.0,0.0
validation_selected_rank,6,piecewise_linear,fitting,31,35,36,1.353535,6,0.0,0.0
validation_selected_rank,6,piecewise_linear,fitting,32,36,37,1.363636,1,0.0,0.0
validation_selected_rank,6,piecewise_linear,fitting,32,36,37,1.363636,2,0.0,0.0
validation_selected_rank,6,piecewise_linear,fitting,32,36,37,1.363636,3,0.0,0.0
validation_selected_rank,6,piecewise_linear,fitting,32,36,37,1.363636,4,0.0,0.0
validation_selected_rank,6,piecewise_linear,fitting,32,36,37,1.363636,5,6.938893903907228e-18,4.959058266843174e-17
validation_selected_rank,6,piecewise_linear,fitting,32,36,37,1.363636,6,3.469446951953614e-18,2.479529133421587e-17
validation_selected_rank,6,piecewise_linear,fitting,33,38,39,1.383838,1,0.0,0.0
validation_selected_rank,6,piecewise_linear,fitting,33,38,39,1.383838,2,1.3877787807814457e-17,9.867218705553163e-17
validation_selected_rank,6,piecewise_linear,fitting,33,38,39,1.383838,3,0.0,0.0
validation_selected_rank,6,piecewise_linear,fitting,33,38,39,1.383838,4,0.0,0.0
validation_selected_rank,6,piecewise_linear,fitting,33,38,39,1.383838,5,4.336808689942018e-19,3.0835058454853634e-18
validation_selected_rank,6,piecewise_linear,fitting,33,38,39,1.383838,6,0.0,0.0
validation_selected_rank,6,piecewise_linear,fitting,34,39,40,1.393939,1,0.0,0.0
validation_selected_rank,6,piecewise_linear,fitting,34,39,40,1.393939,2,1.734723475976807e-18,1.227895698887481e-17
validation_selected_rank,6,piecewise_linear,fitting,34,39,40,1.393939,3,0.0,0.0
validation_selected_rank,6,piecewise_linear,fitting,34,39,40,1.393939,4,0.0,0.0
validation_selected_rank,6,piecewise_linear,fitting,34,39,40,1.393939,5,0.0,0.0
validation_selected_rank,6,piecewise_linear,fitting,34,39,40,1.393939,6,0.0,0.0
validation_selected_rank,6,piecewise_linear,fitting,35,41,42,1.414141,1,0.0,0.0
validation_selected_rank,6,piecewise_linear,fitting,35,41,42,1.414141,2,1.3877787807814457e-17,9.786305229849212e-17
validation_selected_rank,6,piecewise_linear,fitting,35,41,42,1.414141,3,0.0,0.0
validation_selected_rank,6,piecewise_linear,fitting,35,41,42,1.414141,4,0.0,0.0
validation_selected_rank,6,piecewise_linear,fitting,35,41,42,1.414141,5,0.0,0.0
validation_selected_rank,6,piecewise_linear,fitting,35,41,42,1.414141,6,0.0,0.0
validation_selected_rank,6,piecewise_linear,fitting,36,43,44,1.434343,1,0.0,0.0
validation_selected_rank,6,piecewise_linear,fitting,36,43,44,1.434343,2,0.0,0.0
validation_selected_rank,6,piecewise_linear,fitting,36,43,44,1.434343,3,0.0,0.0
validation_selected_rank,6,piecewise_linear,fitting,36,43,44,1.434343,4,0.0,0.0
validation_selected_rank,6,piecewise_linear,fitting,36,43,44,1.434343,5,1.3877787807814457e-17,9.724010353973128e-17
validation_selected_rank,6,piecewise_linear,fitting,36,43,44,1.434343,6,0.0,0.0
validation_selected_rank,6,piecewise_linear,fitting,37,44,45,1.444444,1,0.0,0.0
validation_selected_rank,6,piecewise_linear,fitting,37,44,45,1.444444,2,0.0,0.0
validation_selected_rank,6,piecewise_linear,fitting,37,44,45,1.444444,3,0.0,0.0
validation_selected_rank,6,piecewise_linear,fitting,37,44,45,1.444444,4,0.0,0.0
validation_selected_rank,6,piecewise_linear,fitting,37,44,45,1.444444,5,4.824699667560495e-18,3.3711803878517674e-17
validation_selected_rank,6,piecewise_linear,fitting,37,44,45,1.444444,6,6.938893903907228e-18,4.848439209494677e-17
validation_selected_rank,6,piecewise_linear,fitting,38,45,46,1.454545,1,0.0,0.0
validation_selected_rank,6,piecewise_linear,fitting,38,45,46,1.454545,2,0.0,0.0
validation_selected_rank,6,piecewise_linear,fitting,38,45,46,1.454545,3,0.0,0.0
validation_selected_rank,6,piecewise_linear,fitting,38,45,46,1.454545,4,0.0,0.0
validation_selected_rank,6,piecewise_linear,fitting,38,45,46,1.454545,5,0.0,0.0
validation_selected_rank,6,piecewise_linear,fitting,38,45,46,1.454545,6,2.6020852139652106e-18,1.816028631052128e-17
validation_selected_rank,6,piecewise_linear,fitting,39,46,47,1.464646,1,0.0,0.0
validation_selected_rank,6,piecewise_linear,fitting,39,46,47,1.464646,2,0.0,0.0
validation_selected_rank,6,piecewise_linear,fitting,39,46,47,1.464646,3,0.0,0.0
validation_selected_rank,6,piecewise_linear,fitting,39,46,47,1.464646,4,3.469446951953614e-18,2.420614994484192e-17
validation_selected_rank,6,piecewise_linear,fitting,39,46,47,1.464646,5,0.0,0.0
validation_selected_rank,6,piecewise_linear,fitting,39,46,47,1.464646,6,0.0,0.0
validation_selected_rank,6,piecewise_linear,fitting,40,47,48,1.474747,1,0.0,0.0
validation_selected_rank,6,piecewise_linear,fitting,40,47,48,1.474747,2,0.0,0.0
validation_selected_rank,6,piecewise_linear,fitting,40,47,48,1.474747,3,0.0,0.0
validation_selected_rank,6,piecewise_linear,fitting,40,47,48,1.474747,4,0.0,0.0
validation_selected_rank,6,piecewise_linear,fitting,40,47,48,1.474747,5,0.0,0.0
validation_selected_rank,6,piecewise_linear,fitting,40,47,48,1.474747,6,2.6020852139652106e-18,1.802035062335868e-17
validation_selected_rank,6,piecewise_linear,fitting,41,48,49,1.484848,1,0.0,0.0
validation_selected_rank,6,piecewise_linear,fitting,41,48,49,1.484848,2,0.0,0.0
validation_selected_rank,6,piecewise_linear,fitting,41,48,49,1.484848,3,0.0,0.0
validation_selected_rank,6,piecewise_linear,fitting,41,48,49,1.484848,4,0.0,0.0
validation_selected_rank,6,piecewise_linear,fitting,41,48,49,1.484848,5,0.0,0.0
validation_selected_rank,6,piecewise_linear,fitting,41,48,49,1.484848,6,0.0,0.0
validation_selected_rank,6,piecewise_linear,fitting,42,49,50,1.494949,1,0.0,0.0
validation_selected_rank,6,piecewise_linear,fitting,42,49,50,1.494949,2,0.0,0.0
validation_selected_rank,6,piecewise_linear,fitting,42,49,50,1.494949,3,8.326672684688674e-16,5.743910341920281e-15
validation_selected_rank,6,piecewise_linear,fitting,42,49,50,1.494949,4,0.0,0.0
validation_selected_rank,6,piecewise_linear,fitting,42,49,50,1.494949,5,0.0,0.0
validation_selected_rank,6,piecewise_linear,fitting,42,49,50,1.494949,6,2.5847379792054426e-16,1.783005501971087e-15
validation_selected_rank,6,piecewise_linear,fitting,43,50,51,1.505051,1,0.0,0.0
validation_selected_rank,6,piecewise_linear,fitting,43,50,51,1.505051,2,0.0,0.0
validation_selected_rank,6,piecewise_linear,fitting,43,50,51,1.505051,3,1.6653345369377348e-16,1.1535043185717032e-15
validation_selected_rank,6,piecewise_linear,fitting,43,50,51,1.505051,4,0.0,0.0
validation_selected_rank,6,piecewise_linear,fitting,43,50,51,1.505051,5,0.0,0.0
validation_selected_rank,6,piecewise_linear,fitting,43,50,51,1.505051,6,1.0408340855860843e-17,7.209401991073145e-17
validation_selected_rank,6,piecewise_linear,fitting,44,52,53,1.525253,1,0.0,0.0
validation_selected_rank,6,piecewise_linear,fitting,44,52,53,1.525253,2,0.0,0.0
validation_selected_rank,6,piecewise_linear,fitting,44,52,53,1.525253,3,3.885780586188048e-16,2.681580243510462e-15
validation_selected_rank,6,piecewise_linear,fitting,44,52,53,1.525253,4,0.0,0.0
validation_selected_rank,6,piecewise_linear,fitting,44,52,53,1.525253,5,0.0,0.0
validation_selected_rank,6,piecewise_linear,fitting,44,52,53,1.525253,6,7.199102425303749e-16,4.968106254718043e-15
validation_selected_rank,6,piecewise_linear,fitting,45,54,55,1.545455,1,0.0,0.0
validation_selected_rank,6,piecewise_linear,fitting,45,54,55,1.545455,2,0.0,0.0
validation_selected_rank,6,piecewise_linear,fitting,45,54,55,1.545455,3,1.6930901125533637e-15,1.1623000098270206e-14
validation_selected_rank,6,piecewise_linear,fitting,45,54,55,1.545455,4,3.469446951953614e-18,2.3817623152193044e-17
validation_selected_rank,6,piecewise_linear,fitting,45,54,55,1.545455,5,6.938893903907228e-18,4.763524630438609e-17
validation_selected_rank,6,piecewise_linear,fitting,45,54,55,1.545455,6,1.942890293094024e-16,1.3337868965228105e-15
validation_selected_rank,6,piecewise_linear,fitting,46,55,56,1.555556,1,0.0,0.0
validation_selected_rank,6,piecewise_linear,fitting,46,55,56,1.555556,2,0.0,0.0
validation_selected_rank,6,piecewise_linear,fitting,46,55,56,1.555556,3,0.0,0.0
validation_selected_rank,6,piecewise_linear,fitting,46,55,56,1.555556,4,0.0,0.0
validation_selected_rank,6,piecewise_linear,fitting,46,55,56,1.555556,5,6.938893903907228e-18,4.747278022812457e-17
validation_selected_rank,6,piecewise_linear,fitting,46,55,56,1.555556,6,0.0,0.0
validation_selected_rank,6,piecewise_linear,fitting,47,56,57,1.565657,1,0.0,0.0
validation_selected_rank,6,piecewise_linear,fitting,47,56,57,1.565657,2,0.0,0.0
validation_selected_rank,6,piecewise_linear,fitting,47,56,57,1.565657,3,0.0,0.0
validation_selected_rank,6,piecewise_linear,fitting,47,56,57,1.565657,4,0.0,0.0
validation_selected_rank,6,piecewise_linear,fitting,47,56,57,1.565657,5,1.3877787807814457e-17,9.521778549151226e-17
validation_selected_rank,6,piecewise_linear,fitting,47,56,57,1.565657,6,1.734723475976807e-18,1.1902223186439033e-17
validation_selected_rank,6,piecewise_linear,fitting,48,57,58,1.575758,1,0.0,0.0
validation_selected_rank,6,piecewise_linear,fitting,48,57,58,1.575758,2,0.0,0.0
validation_selected_rank,6,piecewise_linear,fitting,48,57,58,1.575758,3,0.0,0.0
validation_selected_rank,6,piecewise_linear,fitting,48,57,58,1.575758,4,0.0,0.0
validation_selected_rank,6,piecewise_linear,fitting,48,57,58,1.575758,5,6.938893903907228e-18,4.7311502730050975e-17
validation_selected_rank,6,piecewise_linear,fitting,48,57,58,1.575758,6,0.0,0.0
validation_selected_rank,6,piecewise_linear,fitting,49,58,59,1.585859,1,0.0,0.0
validation_selected_rank,6,piecewise_linear,fitting,49,58,59,1.585859,2,0.0,0.0
validation_selected_rank,6,piecewise_linear,fitting,49,58,59,1.585859,3,0.0,0.0
validation_selected_rank,6,piecewise_linear,fitting,49,58,59,1.585859,4,0.0,0.0
validation_selected_rank,6,piecewise_linear,fitting,49,58,59,1.585859,5,0.0,0.0
validation_selected_rank,6,piecewise_linear,fitting,49,58,59,1.585859,6,0.0,0.0
validation_selected_rank,6,piecewise_linear,fitting,50,59,60,1.59596,1,0.0,0.0
validation_selected_rank,6,piecewise_linear,fitting,50,59,60,1.59596,2,0.0,0.0
validation_selected_rank,6,piecewise_linear,fitting,50,59,60,1.59596,3,0.0,0.0
validation_selected_rank,6,piecewise_linear,fitting,50,59,60,1.59596,4,0.0,0.0
validation_selected_rank,6,piecewise_linear,fitting,50,59,60,1.59596,5,0.0,0.0
validation_selected_rank,6,piecewise_linear,fitting,50,59,60,1.59596,6,8.673617379884035e-19,5.895938362257876e-18
validation_selected_rank,6,piecewise_linear,fitting,51,60,61,1.606061,1,0.0,0.0
validation_selected_rank,6,piecewise_linear,fitting,51,60,61,1.606061,2,0.0,0.0
validation_selected_rank,6,piecewise_linear,fitting,51,60,61,1.606061,3,0.0,0.0
validation_selected_rank,6,piecewise_linear,fitting,51,60,61,1.606061,4,0.0,0.0
validation_selected_rank,6,piecewise_linear,fitting,51,60,61,1.606061,5,0.0,0.0
validation_selected_rank,6,piecewise_linear,fitting,51,60,61,1.606061,6,0.0,0.0
validation_selected_rank,6,piecewise_linear,fitting,52,61,62,1.616162,1,0.0,0.0
validation_selected_rank,6,piecewise_linear,fitting,52,61,62,1.616162,2,0.0,0.0
validation_selected_rank,6,piecewise_linear,fitting,52,61,62,1.616162,3,6.938893903907228e-18,4.6947714346489854e-17
validation_selected_rank,6,piecewise_linear,fitting,52,61,62,1.616162,4,0.0,0.0
validation_selected_rank,6,piecewise_linear,fitting,52,61,62,1.616162,5,1.3877787807814457e-17,9.389542869297971e-17
validation_selected_rank,6,piecewise_linear,fitting,52,61,62,1.616162,6,3.469446951953614e-18,2.3473857173244927e-17
validation_selected_rank,6,piecewise_linear,fitting,53,62,63,1.626263,1,0.0,0.0
validation_selected_rank,6,piecewise_linear,fitting,53,62,63,1.626263,2,0.0,0.0
validation_selected_rank,6,piecewise_linear,fitting,53,62,63,1.626263,3,0.0,0.0
validation_selected_rank,6,piecewise_linear,fitting,53,62,63,1.626263,4,0.0,0.0
validation_selected_rank,6,piecewise_linear,fitting,53,62,63,1.626263,5,0.0,0.0
validation_selected_rank,6,piecewise_linear,fitting,53,62,63,1.626263,6,1.3877787807814457e-17,9.404367652673149e-17
validation_selected_rank,6,piecewise_linear,fitting,54,63,64,1.636364,1,0.0,0.0
validation_selected_rank,6,piecewise_linear,fitting,54,63,64,1.636364,2,0.0,0.0
validation_selected_rank,6,piecewise_linear,fitting,54,63,64,1.636364,3,0.0,0.0
validation_selected_rank,6,piecewise_linear,fitting,54,63,64,1.636364,4,0.0,0.0
validation_selected_rank,6,piecewise_linear,fitting,54,63,64,1.636364,5,1.734723475976807e-18,1.1715579643470277e-17
validation_selected_rank,6,piecewise_linear,fitting,54,63,64,1.636364,6,3.469446951953614e-18,2.3431159286940554e-17
validation_selected_rank,6,piecewise_linear,fitting,55,64,65,1.646465,1,0.0,0.0
validation_selected_rank,6,piecewise_linear,fitting,55,64,65,1.646465,2,0.0,0.0
validation_selected_rank,6,piecewise_linear,fitting,55,64,65,1.646465,3,0.0,0.0
validation_selected_rank,6,piecewise_linear,fitting,55,64,65,1.646465,4,0.0,0.0
validation_selected_rank,6,piecewise_linear,fitting,55,64,65,1.646465,5,0.0,0.0
validation_selected_rank,6,piecewise_linear,fitting,55,64,65,1.646465,6,6.938893903907228e-18,4.67611304333758e-17
validation_selected_rank,6,piecewise_linear,fitting,56,66,67,1.666667,1,0.0,0.0
validation_selected_rank,6,piecewise_linear,fitting,56,66,67,1.666667,2,0.0,0.0
validation_selected_rank,6,piecewise_linear,fitting,56,66,67,1.666667,3,0.0,0.0
validation_selected_rank,6,piecewise_linear,fitting,56,66,67,1.666667,4,0.0,0.0
validation_selected_rank,6,piecewise_linear,fitting,56,66,67,1.666667,5,3.0357660829594124e-18,2.039785755276716e-17
validation_selected_rank,6,piecewise_linear,fitting,56,66,67,1.666667,6,0.0,0.0
validation_selected_rank,6,piecewise_linear,fitting,57,67,68,1.676768,1,0.0,0.0
validation_selected_rank,6,piecewise_linear,fitting,57,67,68,1.676768,2,0.0,0.0
validation_selected_rank,6,piecewise_linear,fitting,57,67,68,1.676768,3,0.0,0.0
validation_selected_rank,6,piecewise_linear,fitting,57,67,68,1.676768,4,0.0,0.0
validation_selected_rank,6,piecewise_linear,fitting,57,67,68,1.676768,5,0.0,0.0
validation_selected_rank,6,piecewise_linear,fitting,57,67,68,1.676768,6,0.0,0.0
validation_selected_rank,6,piecewise_linear,fitting,58,68,69,1.686869,1,0.0,0.0
validation_selected_rank,6,piecewise_linear,fitting,58,68,69,1.686869,2,0.0,0.0
validation_selected_rank,6,piecewise_linear,fitting,58,68,69,1.686869,3,0.0,0.0
validation_selected_rank,6,piecewise_linear,fitting,58,68,69,1.686869,4,0.0,0.0
validation_selected_rank,6,piecewise_linear,fitting,58,68,69,1.686869,5,0.0,0.0
validation_selected_rank,6,piecewise_linear,fitting,58,68,69,1.686869,6,6.7220534694101275e-18,4.5226065423014886e-17
validation_selected_rank,6,piecewise_linear,fitting,59,69,70,1.69697,1,0.0,0.0
validation_selected_rank,6,piecewise_linear,fitting,59,69,70,1.69697,2,0.0,0.0
validation_selected_rank,6,piecewise_linear,fitting,59,69,70,1.69697,3,0.0,0.0
validation_selected_rank,6,piecewise_linear,fitting,59,69,70,1.69697,4,0.0,0.0
validation_selected_rank,6,piecewise_linear,fitting,59,69,70,1.69697,5,0.0,0.0
validation_selected_rank,6,piecewise_linear,fitting,59,69,70,1.69697,6,0.0,0.0
validation_selected_rank,6,piecewise_linear,fitting,60,70,71,1.707071,1,0.0,0.0
validation_selected_rank,6,piecewise_linear,fitting,60,70,71,1.707071,2,0.0,0.0
validation_selected_rank,6,piecewise_linear,fitting,60,70,71,1.707071,3,0.0,0.0
validation_selected_rank,6,piecewise_linear,fitting,60,70,71,1.707071,4,0.0,0.0
validation_selected_rank,6,piecewise_linear,fitting,60,70,71,1.707071,5,0.0,0.0
validation_selected_rank,6,piecewise_linear,fitting,60,70,71,1.707071,6,0.0,0.0
validation_selected_rank,6,piecewise_linear,fitting,61,71,72,1.717172,1,0.0,0.0
validation_selected_rank,6,piecewise_linear,fitting,61,71,72,1.717172,2,0.0,0.0
validation_selected_rank,6,piecewise_linear,fitting,61,71,72,1.717172,3,0.0,0.0
validation_selected_rank,6,piecewise_linear,fitting,61,71,72,1.717172,4,0.0,0.0
validation_selected_rank,6,piecewise_linear,fitting,61,71,72,1.717172,5,6.938893903907228e-18,4.6480045423910385e-17
validation_selected_rank,6,piecewise_linear,fitting,61,71,72,1.717172,6,0.0,0.0
validation_selected_rank,6,piecewise_linear,fitting,62,72,73,1.727273,1,0.0,0.0
validation_selected_rank,6,piecewise_linear,fitting,62,72,73,1.727273,2,0.0,0.0
validation_selected_rank,6,piecewise_linear,fitting,62,72,73,1.727273,3,0.0,0.0
validation_selected_rank,6,piecewise_linear,fitting,62,72,73,1.727273,4,0.0,0.0
validation_selected_rank,6,piecewise_linear,fitting,62,72,73,1.727273,5,0.0,0.0
validation_selected_rank,6,piecewise_linear,fitting,62,72,73,1.727273,6,3.469446951953614e-18,2.3202607272007127e-17
validation_selected_rank,6,piecewise_linear,fitting,63,73,74,1.737374,1,0.0,0.0
validation_selected_rank,6,piecewise_linear,fitting,63,73,74,1.737374,2,0.0,0.0
validation_selected_rank,6,piecewise_linear,fitting,63,73,74,1.737374,3,0.0,0.0
validation_selected_rank,6,piecewise_linear,fitting,63,73,74,1.737374,4,0.0,0.0
validation_selected_rank,6,piecewise_linear,fitting,63,73,74,1.737374,5,0.0,0.0
validation_selected_rank,6,piecewise_linear,fitting,63,73,74,1.737374,6,0.0,0.0
validation_selected_rank,6,piecewise_linear,fitting,64,74,75,1.747475,1,0.0,0.0
validation_selected_rank,6,piecewise_linear,fitting,64,74,75,1.747475,2,0.0,0.0
validation_selected_rank,6,piecewise_linear,fitting,64,74,75,1.747475,3,4.440892098500626e-16,2.9642478658202406e-15
validation_selected_rank,6,piecewise_linear,fitting,64,74,75,1.747475,4,0.0,0.0
validation_selected_rank,6,piecewise_linear,fitting,64,74,75,1.747475,5,0.0,0.0
validation_selected_rank,6,piecewise_linear,fitting,64,74,75,1.747475,6,7.979727989493313e-17,5.326382883895744e-16
validation_selected_rank,6,piecewise_linear,fitting,65,75,76,1.757576,1,0.0,0.0
validation_selected_rank,6,piecewise_linear,fitting,65,75,76,1.757576,2,0.0,0.0
validation_selected_rank,6,piecewise_linear,fitting,65,75,76,1.757576,3,0.0,0.0
validation_selected_rank,6,piecewise_linear,fitting,65,75,76,1.757576,4,0.0,0.0
validation_selected_rank,6,piecewise_linear,fitting,65,75,76,1.757576,5,0.0,0.0
validation_selected_rank,6,piecewise_linear,fitting,65,75,76,1.757576,6,6.938893903907228e-18,4.608217465436051e-17
validation_selected_rank,6,piecewise_linear,fitting,66,76,77,1.767677,1,0.0,0.0
validation_selected_rank,6,piecewise_linear,fitting,66,76,77,1.767677,2,0.0,0.0
validation_selected_rank,6,piecewise_linear,fitting,66,76,77,1.767677,3,8.881784197001252e-16,5.922280730362223e-15
validation_selected_rank,6,piecewise_linear,fitting,66,76,77,1.767677,4,6.071532165918825e-18,4.0484340930210514e-17
validation_selected_rank,6,piecewise_linear,fitting,66,76,77,1.767677,5,6.938893903907228e-18,4.626781820595487e-17
validation_selected_rank,6,piecewise_linear,fitting,66,76,77,1.767677,6,9.71445146547012e-17,6.477494548833682e-16
validation_selected_rank,6,piecewise_linear,fitting,67,77,78,1.777778,1,0.0,0.0
validation_selected_rank,6,piecewise_linear,fitting,67,77,78,1.777778,2,0.0,0.0
validation_selected_rank,6,piecewise_linear,fitting,67,77,78,1.777778,3,1.9984014443252818e-15,1.3265659935736177e-14
validation_selected_rank,6,piecewise_linear,fitting,67,77,78,1.777778,4,4.336808689942018e-19,2.8788324513316355e-18
validation_selected_rank,6,piecewise_linear,fitting,67,77,78,1.777778,5,0.0,0.0
validation_selected_rank,6,piecewise_linear,fitting,67,77,78,1.777778,6,8.153200337090993e-17,5.412205008503474e-16
validation_selected_rank,6,piecewise_linear,fitting,68,78,79,1.787879,1,0.0,0.0
validation_selected_rank,6,piecewise_linear,fitting,68,78,79,1.787879,2,0.0,0.0
validation_selected_rank,6,piecewise_linear,fitting,68,78,79,1.787879,3,0.0,0.0
validation_selected_rank,6,piecewise_linear,fitting,68,78,79,1.787879,4,0.0,0.0
validation_selected_rank,6,piecewise_linear,fitting,68,78,79,1.787879,5,0.0,0.0
validation_selected_rank,6,piecewise_linear,fitting,68,78,79,1.787879,6,0.0,0.0
validation_selected_rank,6,piecewise_linear,fitting,69,79,80,1.79798,1,0.0,0.0
validation_selected_rank,6,piecewise_linear,fitting,69,79,80,1.79798,2,0.0,0.0
validation_selected_rank,6,piecewise_linear,fitting,69,79,80,1.79798,3,0.0,0.0
validation_selected_rank,6,piecewise_linear,fitting,69,79,80,1.79798,4,5.204170427930421e-18,3.4513519275057375e-17
validation_selected_rank,6,piecewise_linear,fitting,69,79,80,1.79798,5,0.0,0.0
validation_selected_rank,6,piecewise_linear,fitting,69,79,80,1.79798,6,3.469446951953614e-18,2.300901285003825e-17
validation_selected_rank,6,piecewise_linear,fitting,70,80,81,1.808081,1,0.0,0.0
validation_selected_rank,6,piecewise_linear,fitting,70,80,81,1.808081,2,0.0,0.0
validation_selected_rank,6,piecewise_linear,fitting,70,80,81,1.808081,3,0.0,0.0
validation_selected_rank,6,piecewise_linear,fitting,70,80,81,1.808081,4,0.0,0.0
validation_selected_rank,6,piecewise_linear,fitting,70,80,81,1.808081,5,3.469446951953614e-18,2.2934386261105337e-17
validation_selected_rank,6,piecewise_linear,fitting,70,80,81,1.808081,6,0.0,0.0
validation_selected_rank,6,piecewise_linear,fitting,71,81,82,1.818182,1,0.0,0.0
validation_selected_rank,6,piecewise_linear,fitting,71,81,82,1.818182,2,0.0,0.0
validation_selected_rank,6,piecewise_linear,fitting,71,81,82,1.818182,3,0.0,0.0
validation_selected_rank,6,piecewise_linear,fitting,71,81,82,1.818182,4,0.0,0.0
validation_selected_rank,6,piecewise_linear,fitting,71,81,82,1.818182,5,0.0,0.0
validation_selected_rank,6,piecewise_linear,fitting,71,81,82,1.818182,6,0.0,0.0
validation_selected_rank,6,piecewise_linear,fitting,72,82,83,1.828283,1,0.0,0.0
validation_selected_rank,6,piecewise_linear,fitting,72,82,83,1.828283,2,0.0,0.0
validation_selected_rank,6,piecewise_linear,fitting,72,82,83,1.828283,3,0.0,0.0
validation_selected_rank,6,piecewise_linear,fitting,72,82,83,1.828283,4,0.0,0.0
validation_selected_rank,6,piecewise_linear,fitting,72,82,83,1.828283,5,0.0,0.0
validation_selected_rank,6,piecewise_linear,fitting,72,82,83,1.828283,6,3.469446951953614e-18,2.3014565685039036e-17
validation_selected_rank,6,piecewise_linear,fitting,73,83,84,1.838384,1,0.0,0.0
validation_selected_rank,6,piecewise_linear,fitting,73,83,84,1.838384,2,0.0,0.0
validation_selected_rank,6,piecewise_linear,fitting,73,83,84,1.838384,3,0.0,0.0
validation_selected_rank,6,piecewise_linear,fitting,73,83,84,1.838384,4,0.0,0.0
validation_selected_rank,6,piecewise_linear,fitting,73,83,84,1.838384,5,6.938893903907228e-18,4.5940133925823255e-17
validation_selected_rank,6,piecewise_linear,fitting,73,83,84,1.838384,6,1.734723475976807e-18,1.1485033481455814e-17
validation_selected_rank,6,piecewise_linear,fitting,74,84,85,1.848485,1,0.0,0.0
validation_selected_rank,6,piecewise_linear,fitting,74,84,85,1.848485,2,0.0,0.0
validation_selected_rank,6,piecewise_linear,fitting,74,84,85,1.848485,3,0.0,0.0
validation_selected_rank,6,piecewise_linear,fitting,74,84,85,1.848485,4,0.0,0.0
validation_selected_rank,6,piecewise_linear,fitting,74,84,85,1.848485,5,6.938893903907228e-18,4.5887403239699794e-17
validation_selected_rank,6,piecewise_linear,fitting,74,84,85,1.848485,6,0.0,0.0
validation_selected_rank,6,piecewise_linear,fitting,75,85,86,1.858586,1,0.0,0.0
validation_selected_rank,6,piecewise_linear,fitting,75,85,86,1.858586,2,0.0,0.0
validation_selected_rank,6,piecewise_linear,fitting,75,85,86,1.858586,3,0.0,0.0
validation_selected_rank,6,piecewise_linear,fitting,75,85,86,1.858586,4,0.0,0.0
validation_selected_rank,6,piecewise_linear,fitting,75,85,86,1.858586,5,0.0,0.0
validation_selected_rank,6,piecewise_linear,fitting,75,85,86,1.858586,6,0.0,0.0
validation_selected_rank,6,piecewise_linear,fitting,76,86,87,1.868687,1,0.0,0.0
validation_selected_rank,6,piecewise_linear,fitting,76,86,87,1.868687,2,0.0,0.0
validation_selected_rank,6,piecewise_linear,fitting,76,86,87,1.868687,3,0.0,0.0
validation_selected_rank,6,piecewise_linear,fitting,76,86,87,1.868687,4,0.0,0.0
validation_selected_rank,6,piecewise_linear,fitting,76,86,87,1.868687,5,3.469446951953614e-18,2.290580584887037e-17
validation_selected_rank,6,piecewise_linear,fitting,76,86,87,1.868687,6,0.0,0.0
validation_selected_rank,6,piecewise_linear,fitting,77,87,88,1.878788,1,0.0,0.0
validation_selected_rank,6,piecewise_linear,fitting,77,87,88,1.878788,2,0.0,0.0
validation_selected_rank,6,piecewise_linear,fitting,77,87,88,1.878788,3,0.0,0.0
validation_selected_rank,6,piecewise_linear,fitting,77,87,88,1.878788,4,0.0,0.0
validation_selected_rank,6,piecewise_linear,fitting,77,87,88,1.878788,5,0.0,0.0
validation_selected_rank,6,piecewise_linear,fitting,77,87,88,1.878788,6,0.0,0.0
validation_selected_rank,6,piecewise_linear,fitting,78,88,89,1.888889,1,0.0,0.0
validation_selected_rank,6,piecewise_linear,fitting,78,88,89,1.888889,2,0.0,0.0
validation_selected_rank,6,piecewise_linear,fitting,78,88,89,1.888889,3,0.0,0.0
validation_selected_rank,6,piecewise_linear,fitting,78,88,89,1.888889,4,0.0,0.0
validation_selected_rank,6,piecewise_linear,fitting,78,88,89,1.888889,5,3.469446951953614e-18,2.293335465399496e-17
validation_selected_rank,6,piecewise_linear,fitting,78,88,89,1.888889,6,2.168404344971009e-18,1.433334665874685e-17
validation_selected_rank,6,piecewise_linear,fitting,79,89,90,1.89899,1,0.0,0.0
validation_selected_rank,6,piecewise_linear,fitting,79,89,90,1.89899,2,0.0,0.0
validation_selected_rank,6,piecewise_linear,fitting,79,89,90,1.89899,3,0.0,0.0
validation_selected_rank,6,piecewise_linear,fitting,79,89,90,1.89899,4,0.0,0.0
validation_selected_rank,6,piecewise_linear,fitting,79,89,90,1.89899,5,6.938893903907228e-18,4.573842557650366e-17
validation_selected_rank,6,piecewise_linear,fitting,79,89,90,1.89899,6,0.0,0.0
validation_selected_rank,6,piecewise_linear,fitting,80,90,91,1.909091,1,0.0,0.0
validation_selected_rank,6,piecewise_linear,fitting,80,90,91,1.909091,2,0.0,0.0
validation_selected_rank,6,piecewise_linear,fitting,80,90,91,1.909091,3,0.0,0.0
validation_selected_rank,6,piecewise_linear,fitting,80,90,91,1.909091,4,6.938893903907228e-18,4.57134674123214e-17
validation_selected_rank,6,piecewise_linear,fitting,80,90,91,1.909091,5,3.469446951953614e-18,2.28567337061607e-17
validation_selected_rank,6,piecewise_linear,fitting,80,90,91,1.909091,6,0.0,0.0
validation_selected_rank,6,piecewise_linear,fitting,81,91,92,1.919192,1,0.0,0.0
validation_selected_rank,6,piecewise_linear,fitting,81,91,92,1.919192,2,0.0,0.0
validation_selected_rank,6,piecewise_linear,fitting,81,91,92,1.919192,3,0.0,0.0
validation_selected_rank,6,piecewise_linear,fitting,81,91,92,1.919192,4,0.0,0.0
validation_selected_rank,6,piecewise_linear,fitting,81,91,92,1.919192,5,0.0,0.0
validation_selected_rank,6,piecewise_linear,fitting,81,91,92,1.919192,6,2.3852447794681098e-18,1.5693499502795606e-17
validation_selected_rank,6,piecewise_linear,fitting,82,92,93,1.929293,1,0.0,0.0
validation_selected_rank,6,piecewise_linear,fitting,82,92,93,1.929293,2,0.0,0.0
validation_selected_rank,6,piecewise_linear,fitting,82,92,93,1.929293,3,0.0,0.0
validation_selected_rank,6,piecewise_linear,fitting,82,92,93,1.929293,4,0.0,0.0
validation_selected_rank,6,piecewise_linear,fitting,82,92,93,1.929293,5,3.469446951953614e-18,2.285536659816866e-17
validation_selected_rank,6,piecewise_linear,fitting,82,92,93,1.929293,6,0.0,0.0
validation_selected_rank,6,piecewise_linear,fitting,83,93,94,1.939394,1,0.0,0.0
validation_selected_rank,6,piecewise_linear,fitting,83,93,94,1.939394,2,0.0,0.0
validation_selected_rank,6,piecewise_linear,fitting,83,93,94,1.939394,3,0.0,0.0
validation_selected_rank,6,piecewise_linear,fitting,83,93,94,1.939394,4,0.0,0.0
validation_selected_rank,6,piecewise_linear,fitting,83,93,94,1.939394,5,6.938893903907228e-18,4.563278696541253e-17
validation_selected_rank,6,piecewise_linear,fitting,83,93,94,1.939394,6,1.734723475976807e-18,1.1408196741353133e-17
validation_selected_rank,6,piecewise_linear,fitting,84,94,95,1.949495,1,0.0,0.0
validation_selected_rank,6,piecewise_linear,fitting,84,94,95,1.949495,2,0.0,0.0
validation_selected_rank,6,piecewise_linear,fitting,84,94,95,1.949495,3,0.0,0.0
validation_selected_rank,6,piecewise_linear,fitting,84,94,95,1.949495,4,0.0,0.0
validation_selected_rank,6,piecewise_linear,fitting,84,94,95,1.949495,5,0.0,0.0
validation_selected_rank,6,piecewise_linear,fitting,84,94,95,1.949495,6,0.0,0.0
validation_selected_rank,6,piecewise_linear,fitting,85,95,96,1.959596,1,0.0,0.0
validation_selected_rank,6,piecewise_linear,fitting,85,95,96,1.959596,2,0.0,0.0
validation_selected_rank,6,piecewise_linear,fitting,85,95,96,1.959596,3,0.0,0.0
validation_selected_rank,6,piecewise_linear,fitting,85,95,96,1.959596,4,0.0,0.0
validation_selected_rank,6,piecewise_linear,fitting,85,95,96,1.959596,5,0.0,0.0
validation_selected_rank,6,piecewise_linear,fitting,85,95,96,1.959596,6,6.938893903907228e-18,4.547951649635256e-17
validation_selected_rank,6,piecewise_linear,fitting,86,96,97,1.969697,1,0.0,0.0
validation_selected_rank,6,piecewise_linear,fitting,86,96,97,1.969697,2,0.0,0.0
validation_selected_rank,6,piecewise_linear,fitting,86,96,97,1.969697,3,0.0,0.0
validation_selected_rank,6,piecewise_linear,fitting,86,96,97,1.969697,4,0.0,0.0
validation_selected_rank,6,piecewise_linear,fitting,86,96,97,1.969697,5,0.0,0.0
validation_selected_rank,6,piecewise_linear,fitting,86,96,97,1.969697,6,0.0,0.0
validation_selected_rank,6,piecewise_linear,fitting,87,97,98,1.979798,1,0.0,0.0
validation_selected_rank,6,piecewise_linear,fitting,87,97,98,1.979798,2,0.0,0.0
validation_selected_rank,6,piecewise_linear,fitting,87,97,98,1.979798,3,0.0,0.0
validation_selected_rank,6,piecewise_linear,fitting,87,97,98,1.979798,4,0.0,0.0
validation_selected_rank,6,piecewise_linear,fitting,87,97,98,1.979798,5,0.0,0.0
validation_selected_rank,6,piecewise_linear,fitting,87,97,98,1.979798,6,0.0,0.0
validation_selected_rank,6,piecewise_linear,fitting,88,98,99,1.989899,1,0.0,0.0
validation_selected_rank,6,piecewise_linear,fitting,88,98,99,1.989899,2,0.0,0.0
validation_selected_rank,6,piecewise_linear,fitting,88,98,99,1.989899,3,1.1102230246251565e-15,7.284493888859467e-15
validation_selected_rank,6,piecewise_linear,fitting,88,98,99,1.989899,4,0.0,0.0
validation_selected_rank,6,piecewise_linear,fitting,88,98,99,1.989899,5,0.0,0.0
validation_selected_rank,6,piecewise_linear,fitting,88,98,99,1.989899,6,9.159339953157541e-16,6.00970745830906e-15
validation_selected_rank,6,piecewise_linear,fitting,89,99,100,2.0,1,0.0,0.0
validation_selected_rank,6,piecewise_linear,fitting,89,99,100,2.0,2,0.0,0.0
validation_selected_rank,6,piecewise_linear,fitting,89,99,100,2.0,3,0.0,0.0
validation_selected_rank,6,piecewise_linear,fitting,89,99,100,2.0,4,0.0,0.0
validation_selected_rank,6,piecewise_linear,fitting,89,99,100,2.0,5,0.0,0.0
validation_selected_rank,6,piecewise_linear,fitting,89,99,100,2.0,6,6.938893903907228e-18,4.537892340571233e-17
validation_selected_rank,6,piecewise_linear,internal_validation,0,5,6,1.050505,1,0.009749087688437186,0.07727277144297444
validation_selected_rank,6,piecewise_linear,internal_validation,0,5,6,1.050505,2,0.021832258850198016,0.17304584819932475
validation_selected_rank,6,piecewise_linear,internal_validation,0,5,6,1.050505,3,0.11590279291242767,0.9186633983143626
validation_selected_rank,6,piecewise_linear,internal_validation,0,5,6,1.050505,4,0.15801710625066656,1.2524679360377502
validation_selected_rank,6,piecewise_linear,internal_validation,0,5,6,1.050505,5,0.021395595393551844,0.16958478634807703
validation_selected_rank,6,piecewise_linear,internal_validation,0,5,6,1.050505,6,0.11265692715917841,0.892936166136229
validation_selected_rank,6,piecewise_linear,internal_validation,1,8,9,1.080808,1,0.034631853272573565,0.27326143925282054
validation_selected_rank,6,piecewise_linear,internal_validation,1,8,9,1.080808,2,0.033645448382394694,0.2654782456173311
validation_selected_rank,6,piecewise_linear,internal_validation,1,8,9,1.080808,3,0.01987850842882788,0.15685068254093942
validation_selected_rank,6,piecewise_linear,internal_validation,1,8,9,1.080808,4,0.06446573652806199,0.5086646621970474
validation_selected_rank,6,piecewise_linear,internal_validation,1,8,9,1.080808,5,0.0796839905068015,0.6287437683429106
validation_selected_rank,6,piecewise_linear,internal_validation,1,8,9,1.080808,6,0.034981987853242344,0.27602416403952734
validation_selected_rank,6,piecewise_linear,internal_validation,2,28,29,1.282828,1,0.034962926437414055,0.25755754899420974
validation_selected_rank,6,piecewise_linear,internal_validation,2,28,29,1.282828,2,0.05251700636349388,0.38687126101150326
validation_selected_rank,6,piecewise_linear,internal_validation,2,28,29,1.282828,3,0.008499415286545964,0.06261170880547744
validation_selected_rank,6,piecewise_linear,internal_validation,2,28,29,1.282828,4,0.016128250532262658,0.11881021127021442
validation_selected_rank,6,piecewise_linear,internal_validation,2,28,29,1.282828,5,0.024510740568958675,0.18056057968358263
validation_selected_rank,6,piecewise_linear,internal_validation,2,28,29,1.282828,6,0.0029871389205479056,0.022005028104805056
validation_selected_rank,6,piecewise_linear,internal_validation,3,31,32,1.313131,1,0.03444880394248884,0.24998827633558227
validation_selected_rank,6,piecewise_linear,internal_validation,3,31,32,1.313131,2,0.06547970824066518,0.47517351909716493
validation_selected_rank,6,piecewise_linear,internal_validation,3,31,32,1.313131,3,0.06081365794889382,0.4413128988073451
validation_selected_rank,6,piecewise_linear,internal_validation,3,31,32,1.313131,4,0.005375104857537109,0.03900609149455532
validation_selected_rank,6,piecewise_linear,internal_validation,3,31,32,1.313131,5,0.07410694147359734,0.537779674278817
validation_selected_rank,6,piecewise_linear,internal_validation,3,31,32,1.313131,6,0.01792206871839775,0.13005697018566564
validation_selected_rank,6,piecewise_linear,internal_validation,4,37,38,1.373737,1,0.02993188081044451,0.21294291471223373
validation_selected_rank,6,piecewise_linear,internal_validation,4,37,38,1.373737,2,0.059394942156902386,0.42255053005696813
validation_selected_rank,6,piecewise_linear,internal_validation,4,37,38,1.373737,3,0.03997896459590111,0.28442039115890605
validation_selected_rank,6,piecewise_linear,internal_validation,4,37,38,1.373737,4,0.08440250503234989,0.6004606106920967
validation_selected_rank,6,piecewise_linear,internal_validation,4,37,38,1.373737,5,0.0009158394806344523,0.00651551199371298
validation_selected_rank,6,piecewise_linear,internal_validation,4,37,38,1.373737,6,0.06261811605942211,0.44548099840185934
validation_selected_rank,6,piecewise_linear,internal_validation,5,40,41,1.40404,1,0.017020326637503302,0.12011828096033916
validation_selected_rank,6,piecewise_linear,internal_validation,5,40,41,1.40404,2,0.026995131909049452,0.1905139018934994
validation_selected_rank,6,piecewise_linear,internal_validation,5,40,41,1.40404,3,0.060208495271794726,0.4249119952446205
validation_selected_rank,6,piecewise_linear,internal_validation,5,40,41,1.40404,4,0.033019027301377055,0.2330265971326691
validation_selected_rank,6,piecewise_linear,internal_validation,5,40,41,1.40404,5,0.03640564508530196,0.25692712002736046
validation_selected_rank,6,piecewise_linear,internal_validation,5,40,41,1.40404,6,0.036370426532746074,0.25667857062634
validation_selected_rank,6,piecewise_linear,internal_validation,6,42,43,1.424242,1,0.08420292315578415,0.5954264632228996
validation_selected_rank,6,piecewise_linear,internal_validation,6,42,43,1.424242,2,0.14513847893428125,1.0263217469244594
validation_selected_rank,6,piecewise_linear,internal_validation,6,42,43,1.424242,3,0.015832376331671727,0.11195592136558352
validation_selected_rank,6,piecewise_linear,internal_validation,6,42,43,1.424242,4,0.04016831036145736,0.2840432858597185
validation_selected_rank,6,piecewise_linear,internal_validation,6,42,43,1.424242,5,0.0005062351784119595,0.003579754841565032
validation_selected_rank,6,piecewise_linear,internal_validation,6,42,43,1.424242,6,0.041062774676553865,0.29036833615080715
validation_selected_rank,6,piecewise_linear,internal_validation,7,51,52,1.515152,1,0.03213089923054291,0.22159989627515556
validation_selected_rank,6,piecewise_linear,internal_validation,7,51,52,1.515152,2,0.07247107885640447,0.49981743250627647
validation_selected_rank,6,piecewise_linear,internal_validation,7,51,52,1.515152,3,0.01874248789820887,0.12926290498067913
validation_selected_rank,6,piecewise_linear,internal_validation,7,51,52,1.515152,4,0.045008481769442554,0.3104138113299288
validation_selected_rank,6,piecewise_linear,internal_validation,7,51,52,1.515152,5,0.008566603897418893,0.05908202324116199
validation_selected_rank,6,piecewise_linear,internal_validation,7,51,52,1.515152,6,0.0034679020358998613,0.02391737392513758
validation_selected_rank,6,piecewise_linear,internal_validation,8,53,54,1.535354,1,0.012654330676191705,0.08701655251143248
validation_selected_rank,6,piecewise_linear,internal_validation,8,53,54,1.535354,2,0.032858156372255864,0.22594663934100176
validation_selected_rank,6,piecewise_linear,internal_validation,8,53,54,1.535354,3,0.02638028618753621,0.18140205254974373
validation_selected_rank,6,piecewise_linear,internal_validation,8,53,54,1.535354,4,0.04424676579942264,0.30425955494354323
validation_selected_rank,6,piecewise_linear,internal_validation,8,53,54,1.535354,5,0.030018333032284402,0.2064188078729382
validation_selected_rank,6,piecewise_linear,internal_validation,8,53,54,1.535354,6,0.009465863909712678,0.0650913007604029
validation_selected_rank,6,piecewise_linear,internal_validation,9,65,66,1.656566,1,0.04735661690843962,0.31986556669107014
validation_selected_rank,6,piecewise_linear,internal_validation,9,65,66,1.656566,2,0.10401383910955864,0.7025511483393887
validation_selected_rank,6,piecewise_linear,internal_validation,9,65,66,1.656566,3,0.07047487957733099,0.47601557638866115
validation_selected_rank,6,piecewise_linear,internal_validation,9,65,66,1.656566,4,0.05596196418327332,0.37798953040156896
validation_selected_rank,6,piecewise_linear,internal_validation,9,65,66,1.656566,5,0.009078641321494779,0.061320781353521245
validation_selected_rank,6,piecewise_linear,internal_validation,9,65,66,1.656566,6,0.06473905751838867,0.43727353582292644
validation_selected_rank,6,piecewise_linear,external,0,0,8,1.0625,1,0.026339399410430175,0.20815860893425103
validation_selected_rank,6,piecewise_linear,external,0,0,8,1.0625,2,0.00852937344518434,0.06740709929502967
validation_selected_rank,6,piecewise_linear,external,0,0,8,1.0625,3,0.13728334974001039,1.0849416369151796
validation_selected_rank,6,piecewise_linear,external,0,0,8,1.0625,4,0.14492464940006253,1.1453303452111006
validation_selected_rank,6,piecewise_linear,external,0,0,8,1.0625,5,0.034643647260567956,0.2737865548791921
validation_selected_rank,6,piecewise_linear,external,0,0,8,1.0625,6,0.04465250646812041,0.3528859366531695
validation_selected_rank,6,piecewise_linear,external,1,1,4,1.125,1,0.03524746541242685,0.2736030893210692
validation_selected_rank,6,piecewise_linear,external,1,1,4,1.125,2,0.04883356189310417,0.3790630968828296
validation_selected_rank,6,piecewise_linear,external,1,1,4,1.125,3,0.03774848156608779,0.29301684682325485
validation_selected_rank,6,piecewise_linear,external,1,1,4,1.125,4,0.030663960336859808,0.23802432829753725
validation_selected_rank,6,piecewise_linear,external,1,1,4,1.125,5,0.053714006723696285,0.41694680759186314
validation_selected_rank,6,piecewise_linear,external,1,1,4,1.125,6,0.06720481728959836,0.5216671727326367
validation_selected_rank,6,piecewise_linear,external,2,2,2,1.25,1,0.04458805743385241,0.3326199649726152
validation_selected_rank,6,piecewise_linear,external,2,2,2,1.25,2,0.06640737485599368,0.495388675124336
validation_selected_rank,6,piecewise_linear,external,2,2,2,1.25,3,0.033648551496948176,0.25101295424000125
validation_selected_rank,6,piecewise_linear,external,2,2,2,1.25,4,0.035069903527114955,0.2616160190447238
validation_selected_rank,6,piecewise_linear,external,2,2,2,1.25,5,0.011574501869354291,0.0863439815038262
validation_selected_rank,6,piecewise_linear,external,2,2,2,1.25,6,0.001277276199565103,0.009528281544670846
validation_selected_rank,6,piecewise_linear,external,3,3,10,1.3125,1,0.017132369422235172,0.12424517662347227
validation_selected_rank,6,piecewise_linear,external,3,3,10,1.3125,2,0.026190080752469758,0.1899323513681901
validation_selected_rank,6,piecewise_linear,external,3,3,10,1.3125,3,0.012138329049762309,0.08802803625890905
validation_selected_rank,6,piecewise_linear,external,3,3,10,1.3125,4,0.024266405376358647,0.17598171903119678
validation_selected_rank,6,piecewise_linear,external,3,3,10,1.3125,5,0.025202226465775895,0.1827683609531083
validation_selected_rank,6,piecewise_linear,external,3,3,10,1.3125,6,0.024494013177138726,0.1776323471907845
validation_selected_rank,6,piecewise_linear,external,4,4,6,1.375,1,0.04037731982497661,0.28856383879507813
validation_selected_rank,6,piecewise_linear,external,4,4,6,1.375,2,0.05600160259587855,0.40022560917346595
validation_selected_rank,6,piecewise_linear,external,4,4,6,1.375,3,0.01949734898817812,0.13934134050362937
validation_selected_rank,6,piecewise_linear,external,4,4,6,1.375,4,0.039148898812399004,0.27978470524727245
validation_selected_rank,6,piecewise_linear,external,4,4,6,1.375,5,0.034231646309256285,0.24464266846072377
validation_selected_rank,6,piecewise_linear,external,4,4,6,1.375,6,0.0450208005199567,0.32174931570445514
validation_selected_rank,6,piecewise_linear,external,5,5,1,1.5,1,0.03441602416718048,0.23844170360976227
validation_selected_rank,6,piecewise_linear,external,5,5,1,1.5,2,0.0475073376077767,0.3291411715117477
validation_selected_rank,6,piecewise_linear,external,5,5,1,1.5,3,0.11666866795411673,0.8083059161548789
validation_selected_rank,6,piecewise_linear,external,5,5,1,1.5,4,0.05570864684221183,0.3859616263147173
validation_selected_rank,6,piecewise_linear,external,5,5,1,1.5,5,0.06732650916627798,0.4664527042904145
validation_selected_rank,6,piecewise_linear,external,5,5,1,1.5,6,0.025207099708363184,0.17464027129707996
validation_selected_rank,6,piecewise_linear,external,6,6,9,1.5625,1,0.02415815437776203,0.16531585875810417
validation_selected_rank,6,piecewise_linear,external,6,6,9,1.5625,2,0.0478679557308751,0.32756360791902545
validation_selected_rank,6,piecewise_linear,external,6,6,9,1.5625,3,0.059064823340982064,0.40418451841662245
validation_selected_rank,6,piecewise_linear,external,6,6,9,1.5625,4,0.01884091175229642,0.12892961347178378
validation_selected_rank,6,piecewise_linear,external,6,6,9,1.5625,5,0.017250204490137595,0.1180442977740496
validation_selected_rank,6,piecewise_linear,external,6,6,9,1.5625,6,0.032848773926273084,0.2247863469144583
validation_selected_rank,6,piecewise_linear,external,7,7,5,1.625,1,0.006181141518119659,0.0418968844617934
validation_selected_rank,6,piecewise_linear,external,7,7,5,1.625,2,0.005401308529260573,0.03661103676878291
validation_selected_rank,6,piecewise_linear,external,7,7,5,1.625,3,0.0315662887067554,0.2139619594467506
validation_selected_rank,6,piecewise_linear,external,7,7,5,1.625,4,0.0031966291635196764,0.021667325094981017
validation_selected_rank,6,piecewise_linear,external,7,7,5,1.625,5,0.02669555053632063,0.18094722361322582
validation_selected_rank,6,piecewise_linear,external,7,7,5,1.625,6,0.0162634246066408,0.1102364053144668
validation_selected_rank,6,piecewise_linear,external,8,8,3,1.75,1,0.004504299531136624,0.03001785989915472
validation_selected_rank,6,piecewise_linear,external,8,8,3,1.75,2,0.008674459139248247,0.05780892175196642
validation_selected_rank,6,piecewise_linear,external,8,8,3,1.75,3,0.028095187319487597,0.1872338619949798
validation_selected_rank,6,piecewise_linear,external,8,8,3,1.75,4,0.00856244718192934,0.05706244403249278
validation_selected_rank,6,piecewise_linear,external,8,8,3,1.75,5,0.028619114423431548,0.19072545270621982
validation_selected_rank,6,piecewise_linear,external,8,8,3,1.75,6,0.006991754382378628,0.04659492603649779
validation_selected_rank,6,piecewise_linear,external,9,9,7,1.875,1,0.021224014945161684,0.14012285010796638
validation_selected_rank,6,piecewise_linear,external,9,9,7,1.875,2,0.04114140070906869,0.27161921717845344
validation_selected_rank,6,piecewise_linear,external,9,9,7,1.875,3,0.029510738590685648,0.19483254279655912
validation_selected_rank,6,piecewise_linear,external,9,9,7,1.875,4,0.004132275319942452,0.02728165225840751
validation_selected_rank,6,piecewise_linear,external,9,9,7,1.875,5,0.014193678610298837,0.09370793912133675
validation_selected_rank,6,piecewise_linear,external,9,9,7,1.875,6,0.01550867603145193,0.10238967002911686
validation_selected_rank,6,pchip,fitting,0,0,1,1.0,1,0.0,0.0
validation_selected_rank,6,pchip,fitting,0,0,1,1.0,2,0.0,0.0
validation_selected_rank,6,pchip,fitting,0,0,1,1.0,3,0.0,0.0
validation_selected_rank,6,pchip,fitting,0,0,1,1.0,4,0.0,0.0
validation_selected_rank,6,pchip,fitting,0,0,1,1.0,5,0.0,0.0
validation_selected_rank,6,pchip,fitting,0,0,1,1.0,6,0.0,0.0
validation_selected_rank,6,pchip,fitting,1,1,2,1.010101,1,0.0,0.0
validation_selected_rank,6,pchip,fitting,1,1,2,1.010101,2,0.0,0.0
validation_selected_rank,6,pchip,fitting,1,1,2,1.010101,3,0.0,0.0
validation_selected_rank,6,pchip,fitting,1,1,2,1.010101,4,0.0,0.0
validation_selected_rank,6,pchip,fitting,1,1,2,1.010101,5,0.0,0.0
validation_selected_rank,6,pchip,fitting,1,1,2,1.010101,6,0.0,0.0
validation_selected_rank,6,pchip,fitting,2,2,3,1.020202,1,0.0,0.0
validation_selected_rank,6,pchip,fitting,2,2,3,1.020202,2,0.0,0.0
validation_selected_rank,6,pchip,fitting,2,2,3,1.020202,3,0.0,0.0
validation_selected_rank,6,pchip,fitting,2,2,3,1.020202,4,0.0,0.0
validation_selected_rank,6,pchip,fitting,2,2,3,1.020202,5,0.0,0.0
validation_selected_rank,6,pchip,fitting,2,2,3,1.020202,6,0.0,0.0
validation_selected_rank,6,pchip,fitting,3,3,4,1.030303,1,0.0,0.0
validation_selected_rank,6,pchip,fitting,3,3,4,1.030303,2,0.0,0.0
validation_selected_rank,6,pchip,fitting,3,3,4,1.030303,3,0.0,0.0
validation_selected_rank,6,pchip,fitting,3,3,4,1.030303,4,0.0,0.0
validation_selected_rank,6,pchip,fitting,3,3,4,1.030303,5,0.0,0.0
validation_selected_rank,6,pchip,fitting,3,3,4,1.030303,6,0.0,0.0
validation_selected_rank,6,pchip,fitting,4,4,5,1.040404,1,0.0,0.0
validation_selected_rank,6,pchip,fitting,4,4,5,1.040404,2,0.0,0.0
validation_selected_rank,6,pchip,fitting,4,4,5,1.040404,3,0.0,0.0
validation_selected_rank,6,pchip,fitting,4,4,5,1.040404,4,0.0,0.0
validation_selected_rank,6,pchip,fitting,4,4,5,1.040404,5,0.0,0.0
validation_selected_rank,6,pchip,fitting,4,4,5,1.040404,6,0.0,0.0
validation_selected_rank,6,pchip,fitting,5,6,7,1.060606,1,0.0,0.0
validation_selected_rank,6,pchip,fitting,5,6,7,1.060606,2,0.0,0.0
validation_selected_rank,6,pchip,fitting,5,6,7,1.060606,3,0.0,0.0
validation_selected_rank,6,pchip,fitting,5,6,7,1.060606,4,0.0,0.0
validation_selected_rank,6,pchip,fitting,5,6,7,1.060606,5,0.0,0.0
validation_selected_rank,6,pchip,fitting,5,6,7,1.060606,6,0.0,0.0
validation_selected_rank,6,pchip,fitting,6,7,8,1.070707,1,0.0,0.0
validation_selected_rank,6,pchip,fitting,6,7,8,1.070707,2,0.0,0.0
validation_selected_rank,6,pchip,fitting,6,7,8,1.070707,3,0.0,0.0
validation_selected_rank,6,pchip,fitting,6,7,8,1.070707,4,0.0,0.0
validation_selected_rank,6,pchip,fitting,6,7,8,1.070707,5,0.0,0.0
validation_selected_rank,6,pchip,fitting,6,7,8,1.070707,6,0.0,0.0
validation_selected_rank,6,pchip,fitting,7,9,10,1.090909,1,0.0,0.0
validation_selected_rank,6,pchip,fitting,7,9,10,1.090909,2,0.0,0.0
validation_selected_rank,6,pchip,fitting,7,9,10,1.090909,3,0.0,0.0
validation_selected_rank,6,pchip,fitting,7,9,10,1.090909,4,0.0,0.0
validation_selected_rank,6,pchip,fitting,7,9,10,1.090909,5,0.0,0.0
validation_selected_rank,6,pchip,fitting,7,9,10,1.090909,6,0.0,0.0
validation_selected_rank,6,pchip,fitting,8,10,11,1.10101,1,0.0,0.0
validation_selected_rank,6,pchip,fitting,8,10,11,1.10101,2,0.0,0.0
validation_selected_rank,6,pchip,fitting,8,10,11,1.10101,3,0.0,0.0
validation_selected_rank,6,pchip,fitting,8,10,11,1.10101,4,0.0,0.0
validation_selected_rank,6,pchip,fitting,8,10,11,1.10101,5,0.0,0.0
validation_selected_rank,6,pchip,fitting,8,10,11,1.10101,6,0.0,0.0
validation_selected_rank,6,pchip,fitting,9,11,12,1.111111,1,0.0,0.0
validation_selected_rank,6,pchip,fitting,9,11,12,1.111111,2,0.0,0.0
validation_selected_rank,6,pchip,fitting,9,11,12,1.111111,3,0.0,0.0
validation_selected_rank,6,pchip,fitting,9,11,12,1.111111,4,0.0,0.0
validation_selected_rank,6,pchip,fitting,9,11,12,1.111111,5,0.0,0.0
validation_selected_rank,6,pchip,fitting,9,11,12,1.111111,6,0.0,0.0
validation_selected_rank,6,pchip,fitting,10,12,13,1.121212,1,0.0,0.0
validation_selected_rank,6,pchip,fitting,10,12,13,1.121212,2,0.0,0.0
validation_selected_rank,6,pchip,fitting,10,12,13,1.121212,3,0.0,0.0
validation_selected_rank,6,pchip,fitting,10,12,13,1.121212,4,0.0,0.0
validation_selected_rank,6,pchip,fitting,10,12,13,1.121212,5,0.0,0.0
validation_selected_rank,6,pchip,fitting,10,12,13,1.121212,6,0.0,0.0
validation_selected_rank,6,pchip,fitting,11,13,14,1.131313,1,0.0,0.0
validation_selected_rank,6,pchip,fitting,11,13,14,1.131313,2,0.0,0.0
validation_selected_rank,6,pchip,fitting,11,13,14,1.131313,3,0.0,0.0
validation_selected_rank,6,pchip,fitting,11,13,14,1.131313,4,0.0,0.0
validation_selected_rank,6,pchip,fitting,11,13,14,1.131313,5,0.0,0.0
validation_selected_rank,6,pchip,fitting,11,13,14,1.131313,6,0.0,0.0
validation_selected_rank,6,pchip,fitting,12,14,15,1.141414,1,0.0,0.0
validation_selected_rank,6,pchip,fitting,12,14,15,1.141414,2,0.0,0.0
validation_selected_rank,6,pchip,fitting,12,14,15,1.141414,3,0.0,0.0
validation_selected_rank,6,pchip,fitting,12,14,15,1.141414,4,0.0,0.0
validation_selected_rank,6,pchip,fitting,12,14,15,1.141414,5,0.0,0.0
validation_selected_rank,6,pchip,fitting,12,14,15,1.141414,6,0.0,0.0
validation_selected_rank,6,pchip,fitting,13,15,16,1.151515,1,0.0,0.0
validation_selected_rank,6,pchip,fitting,13,15,16,1.151515,2,0.0,0.0
validation_selected_rank,6,pchip,fitting,13,15,16,1.151515,3,0.0,0.0
validation_selected_rank,6,pchip,fitting,13,15,16,1.151515,4,0.0,0.0
validation_selected_rank,6,pchip,fitting,13,15,16,1.151515,5,0.0,0.0
validation_selected_rank,6,pchip,fitting,13,15,16,1.151515,6,0.0,0.0
validation_selected_rank,6,pchip,fitting,14,16,17,1.161616,1,0.0,0.0
validation_selected_rank,6,pchip,fitting,14,16,17,1.161616,2,0.0,0.0
validation_selected_rank,6,pchip,fitting,14,16,17,1.161616,3,0.0,0.0
validation_selected_rank,6,pchip,fitting,14,16,17,1.161616,4,0.0,0.0
validation_selected_rank,6,pchip,fitting,14,16,17,1.161616,5,0.0,0.0
validation_selected_rank,6,pchip,fitting,14,16,17,1.161616,6,0.0,0.0
validation_selected_rank,6,pchip,fitting,15,17,18,1.171717,1,0.0,0.0
validation_selected_rank,6,pchip,fitting,15,17,18,1.171717,2,0.0,0.0
validation_selected_rank,6,pchip,fitting,15,17,18,1.171717,3,0.0,0.0
validation_selected_rank,6,pchip,fitting,15,17,18,1.171717,4,0.0,0.0
validation_selected_rank,6,pchip,fitting,15,17,18,1.171717,5,0.0,0.0
validation_selected_rank,6,pchip,fitting,15,17,18,1.171717,6,0.0,0.0
validation_selected_rank,6,pchip,fitting,16,18,19,1.181818,1,0.0,0.0
validation_selected_rank,6,pchip,fitting,16,18,19,1.181818,2,0.0,0.0
validation_selected_rank,6,pchip,fitting,16,18,19,1.181818,3,0.0,0.0
validation_selected_rank,6,pchip,fitting,16,18,19,1.181818,4,0.0,0.0
validation_selected_rank,6,pchip,fitting,16,18,19,1.181818,5,0.0,0.0
validation_selected_rank,6,pchip,fitting,16,18,19,1.181818,6,0.0,0.0
validation_selected_rank,6,pchip,fitting,17,19,20,1.191919,1,0.0,0.0
validation_selected_rank,6,pchip,fitting,17,19,20,1.191919,2,0.0,0.0
validation_selected_rank,6,pchip,fitting,17,19,20,1.191919,3,0.0,0.0
validation_selected_rank,6,pchip,fitting,17,19,20,1.191919,4,0.0,0.0
validation_selected_rank,6,pchip,fitting,17,19,20,1.191919,5,0.0,0.0
validation_selected_rank,6,pchip,fitting,17,19,20,1.191919,6,0.0,0.0
validation_selected_rank,6,pchip,fitting,18,20,21,1.20202,1,0.0,0.0
validation_selected_rank,6,pchip,fitting,18,20,21,1.20202,2,0.0,0.0
validation_selected_rank,6,pchip,fitting,18,20,21,1.20202,3,0.0,0.0
validation_selected_rank,6,pchip,fitting,18,20,21,1.20202,4,0.0,0.0
validation_selected_rank,6,pchip,fitting,18,20,21,1.20202,5,0.0,0.0
validation_selected_rank,6,pchip,fitting,18,20,21,1.20202,6,0.0,0.0
validation_selected_rank,6,pchip,fitting,19,21,22,1.212121,1,0.0,0.0
validation_selected_rank,6,pchip,fitting,19,21,22,1.212121,2,0.0,0.0
validation_selected_rank,6,pchip,fitting,19,21,22,1.212121,3,0.0,0.0
validation_selected_rank,6,pchip,fitting,19,21,22,1.212121,4,0.0,0.0
validation_selected_rank,6,pchip,fitting,19,21,22,1.212121,5,0.0,0.0
validation_selected_rank,6,pchip,fitting,19,21,22,1.212121,6,0.0,0.0
validation_selected_rank,6,pchip,fitting,20,22,23,1.222222,1,0.0,0.0
validation_selected_rank,6,pchip,fitting,20,22,23,1.222222,2,0.0,0.0
validation_selected_rank,6,pchip,fitting,20,22,23,1.222222,3,3.885780586188048e-16,2.9126711609546466e-15
validation_selected_rank,6,pchip,fitting,20,22,23,1.222222,4,0.0,0.0
validation_selected_rank,6,pchip,fitting,20,22,23,1.222222,5,0.0,0.0
validation_selected_rank,6,pchip,fitting,20,22,23,1.222222,6,2.7755575615628914e-17,2.0804794006818906e-16
validation_selected_rank,6,pchip,fitting,21,23,24,1.232323,1,0.0,0.0
validation_selected_rank,6,pchip,fitting,21,23,24,1.232323,2,0.0,0.0
validation_selected_rank,6,pchip,fitting,21,23,24,1.232323,3,1.1102230246251565e-16,8.332439705491041e-16
validation_selected_rank,6,pchip,fitting,21,23,24,1.232323,4,0.0,0.0
validation_selected_rank,6,pchip,fitting,21,23,24,1.232323,5,0.0,0.0
validation_selected_rank,6,pchip,fitting,21,23,24,1.232323,6,7.494005416219807e-16,5.6243968012064525e-15
validation_selected_rank,6,pchip,fitting,22,24,25,1.242424,1,0.0,0.0
validation_selected_rank,6,pchip,fitting,22,24,25,1.242424,2,0.0,0.0
validation_selected_rank,6,pchip,fitting,22,24,25,1.242424,3,0.0,0.0
validation_selected_rank,6,pchip,fitting,22,24,25,1.242424,4,0.0,0.0
validation_selected_rank,6,pchip,fitting,22,24,25,1.242424,5,0.0,0.0
validation_selected_rank,6,pchip,fitting,22,24,25,1.242424,6,0.0,0.0
validation_selected_rank,6,pchip,fitting,23,25,26,1.252525,1,0.0,0.0
validation_selected_rank,6,pchip,fitting,23,25,26,1.252525,2,0.0,0.0
validation_selected_rank,6,pchip,fitting,23,25,26,1.252525,3,0.0,0.0
validation_selected_rank,6,pchip,fitting,23,25,26,1.252525,4,0.0,0.0
validation_selected_rank,6,pchip,fitting,23,25,26,1.252525,5,0.0,0.0
validation_selected_rank,6,pchip,fitting,23,25,26,1.252525,6,0.0,0.0
validation_selected_rank,6,pchip,fitting,24,26,27,1.262626,1,0.0,0.0
validation_selected_rank,6,pchip,fitting,24,26,27,1.262626,2,0.0,0.0
validation_selected_rank,6,pchip,fitting,24,26,27,1.262626,3,0.0,0.0
validation_selected_rank,6,pchip,fitting,24,26,27,1.262626,4,0.0,0.0
validation_selected_rank,6,pchip,fitting,24,26,27,1.262626,5,0.0,0.0
validation_selected_rank,6,pchip,fitting,24,26,27,1.262626,6,0.0,0.0
validation_selected_rank,6,pchip,fitting,25,27,28,1.272727,1,0.0,0.0
validation_selected_rank,6,pchip,fitting,25,27,28,1.272727,2,0.0,0.0
validation_selected_rank,6,pchip,fitting,25,27,28,1.272727,3,0.0,0.0
validation_selected_rank,6,pchip,fitting,25,27,28,1.272727,4,0.0,0.0
validation_selected_rank,6,pchip,fitting,25,27,28,1.272727,5,0.0,0.0
validation_selected_rank,6,pchip,fitting,25,27,28,1.272727,6,0.0,0.0
validation_selected_rank,6,pchip,fitting,26,29,30,1.292929,1,0.0,0.0
validation_selected_rank,6,pchip,fitting,26,29,30,1.292929,2,0.0,0.0
validation_selected_rank,6,pchip,fitting,26,29,30,1.292929,3,0.0,0.0
validation_selected_rank,6,pchip,fitting,26,29,30,1.292929,4,0.0,0.0
validation_selected_rank,6,pchip,fitting,26,29,30,1.292929,5,0.0,0.0
validation_selected_rank,6,pchip,fitting,26,29,30,1.292929,6,0.0,0.0
validation_selected_rank,6,pchip,fitting,27,30,31,1.30303,1,0.0,0.0
validation_selected_rank,6,pchip,fitting,27,30,31,1.30303,2,0.0,0.0
validation_selected_rank,6,pchip,fitting,27,30,31,1.30303,3,0.0,0.0
validation_selected_rank,6,pchip,fitting,27,30,31,1.30303,4,0.0,0.0
validation_selected_rank,6,pchip,fitting,27,30,31,1.30303,5,0.0,0.0
validation_selected_rank,6,pchip,fitting,27,30,31,1.30303,6,0.0,0.0
validation_selected_rank,6,pchip,fitting,28,32,33,1.323232,1,0.0,0.0
validation_selected_rank,6,pchip,fitting,28,32,33,1.323232,2,0.0,0.0
validation_selected_rank,6,pchip,fitting,28,32,33,1.323232,3,0.0,0.0
validation_selected_rank,6,pchip,fitting,28,32,33,1.323232,4,0.0,0.0
validation_selected_rank,6,pchip,fitting,28,32,33,1.323232,5,0.0,0.0
validation_selected_rank,6,pchip,fitting,28,32,33,1.323232,6,0.0,0.0
validation_selected_rank,6,pchip,fitting,29,33,34,1.333333,1,0.0,0.0
validation_selected_rank,6,pchip,fitting,29,33,34,1.333333,2,0.0,0.0
validation_selected_rank,6,pchip,fitting,29,33,34,1.333333,3,0.0,0.0
validation_selected_rank,6,pchip,fitting,29,33,34,1.333333,4,0.0,0.0
validation_selected_rank,6,pchip,fitting,29,33,34,1.333333,5,0.0,0.0
validation_selected_rank,6,pchip,fitting,29,33,34,1.333333,6,0.0,0.0
validation_selected_rank,6,pchip,fitting,30,34,35,1.343434,1,0.0,0.0
validation_selected_rank,6,pchip,fitting,30,34,35,1.343434,2,0.0,0.0
validation_selected_rank,6,pchip,fitting,30,34,35,1.343434,3,0.0,0.0
validation_selected_rank,6,pchip,fitting,30,34,35,1.343434,4,0.0,0.0
validation_selected_rank,6,pchip,fitting,30,34,35,1.343434,5,0.0,0.0
validation_selected_rank,6,pchip,fitting,30,34,35,1.343434,6,0.0,0.0
validation_selected_rank,6,pchip,fitting,31,35,36,1.353535,1,0.0,0.0
validation_selected_rank,6,pchip,fitting,31,35,36,1.353535,2,0.0,0.0
validation_selected_rank,6,pchip,fitting,31,35,36,1.353535,3,0.0,0.0
validation_selected_rank,6,pchip,fitting,31,35,36,1.353535,4,0.0,0.0
validation_selected_rank,6,pchip,fitting,31,35,36,1.353535,5,0.0,0.0
validation_selected_rank,6,pchip,fitting,31,35,36,1.353535,6,0.0,0.0
validation_selected_rank,6,pchip,fitting,32,36,37,1.363636,1,0.0,0.0
validation_selected_rank,6,pchip,fitting,32,36,37,1.363636,2,0.0,0.0
validation_selected_rank,6,pchip,fitting,32,36,37,1.363636,3,0.0,0.0
validation_selected_rank,6,pchip,fitting,32,36,37,1.363636,4,0.0,0.0
validation_selected_rank,6,pchip,fitting,32,36,37,1.363636,5,0.0,0.0
validation_selected_rank,6,pchip,fitting,32,36,37,1.363636,6,0.0,0.0
validation_selected_rank,6,pchip,fitting,33,38,39,1.383838,1,0.0,0.0
validation_selected_rank,6,pchip,fitting,33,38,39,1.383838,2,0.0,0.0
validation_selected_rank,6,pchip,fitting,33,38,39,1.383838,3,0.0,0.0
validation_selected_rank,6,pchip,fitting,33,38,39,1.383838,4,0.0,0.0
validation_selected_rank,6,pchip,fitting,33,38,39,1.383838,5,0.0,0.0
validation_selected_rank,6,pchip,fitting,33,38,39,1.383838,6,0.0,0.0
validation_selected_rank,6,pchip,fitting,34,39,40,1.393939,1,0.0,0.0
validation_selected_rank,6,pchip,fitting,34,39,40,1.393939,2,0.0,0.0
validation_selected_rank,6,pchip,fitting,34,39,40,1.393939,3,0.0,0.0
validation_selected_rank,6,pchip,fitting,34,39,40,1.393939,4,0.0,0.0
validation_selected_rank,6,pchip,fitting,34,39,40,1.393939,5,0.0,0.0
validation_selected_rank,6,pchip,fitting,34,39,40,1.393939,6,0.0,0.0
validation_selected_rank,6,pchip,fitting,35,41,42,1.414141,1,0.0,0.0
validation_selected_rank,6,pchip,fitting,35,41,42,1.414141,2,0.0,0.0
validation_selected_rank,6,pchip,fitting,35,41,42,1.414141,3,0.0,0.0
validation_selected_rank,6,pchip,fitting,35,41,42,1.414141,4,0.0,0.0
validation_selected_rank,6,pchip,fitting,35,41,42,1.414141,5,0.0,0.0
validation_selected_rank,6,pchip,fitting,35,41,42,1.414141,6,0.0,0.0
validation_selected_rank,6,pchip,fitting,36,43,44,1.434343,1,0.0,0.0
validation_selected_rank,6,pchip,fitting,36,43,44,1.434343,2,0.0,0.0
validation_selected_rank,6,pchip,fitting,36,43,44,1.434343,3,0.0,0.0
validation_selected_rank,6,pchip,fitting,36,43,44,1.434343,4,0.0,0.0
validation_selected_rank,6,pchip,fitting,36,43,44,1.434343,5,0.0,0.0
validation_selected_rank,6,pchip,fitting,36,43,44,1.434343,6,0.0,0.0
validation_selected_rank,6,pchip,fitting,37,44,45,1.444444,1,0.0,0.0
validation_selected_rank,6,pchip,fitting,37,44,45,1.444444,2,0.0,0.0
validation_selected_rank,6,pchip,fitting,37,44,45,1.444444,3,0.0,0.0
validation_selected_rank,6,pchip,fitting,37,44,45,1.444444,4,0.0,0.0
validation_selected_rank,6,pchip,fitting,37,44,45,1.444444,5,0.0,0.0
validation_selected_rank,6,pchip,fitting,37,44,45,1.444444,6,0.0,0.0
validation_selected_rank,6,pchip,fitting,38,45,46,1.454545,1,0.0,0.0
validation_selected_rank,6,pchip,fitting,38,45,46,1.454545,2,0.0,0.0
validation_selected_rank,6,pchip,fitting,38,45,46,1.454545,3,0.0,0.0
validation_selected_rank,6,pchip,fitting,38,45,46,1.454545,4,0.0,0.0
validation_selected_rank,6,pchip,fitting,38,45,46,1.454545,5,0.0,0.0
validation_selected_rank,6,pchip,fitting,38,45,46,1.454545,6,0.0,0.0
validation_selected_rank,6,pchip,fitting,39,46,47,1.464646,1,0.0,0.0
validation_selected_rank,6,pchip,fitting,39,46,47,1.464646,2,0.0,0.0
validation_selected_rank,6,pchip,fitting,39,46,47,1.464646,3,0.0,0.0
validation_selected_rank,6,pchip,fitting,39,46,47,1.464646,4,0.0,0.0
validation_selected_rank,6,pchip,fitting,39,46,47,1.464646,5,0.0,0.0
validation_selected_rank,6,pchip,fitting,39,46,47,1.464646,6,0.0,0.0
validation_selected_rank,6,pchip,fitting,40,47,48,1.474747,1,0.0,0.0
validation_selected_rank,6,pchip,fitting,40,47,48,1.474747,2,0.0,0.0
validation_selected_rank,6,pchip,fitting,40,47,48,1.474747,3,0.0,0.0
validation_selected_rank,6,pchip,fitting,40,47,48,1.474747,4,0.0,0.0
validation_selected_rank,6,pchip,fitting,40,47,48,1.474747,5,0.0,0.0
validation_selected_rank,6,pchip,fitting,40,47,48,1.474747,6,0.0,0.0
validation_selected_rank,6,pchip,fitting,41,48,49,1.484848,1,0.0,0.0
validation_selected_rank,6,pchip,fitting,41,48,49,1.484848,2,0.0,0.0
validation_selected_rank,6,pchip,fitting,41,48,49,1.484848,3,0.0,0.0
validation_selected_rank,6,pchip,fitting,41,48,49,1.484848,4,0.0,0.0
validation_selected_rank,6,pchip,fitting,41,48,49,1.484848,5,0.0,0.0
validation_selected_rank,6,pchip,fitting,41,48,49,1.484848,6,0.0,0.0
validation_selected_rank,6,pchip,fitting,42,49,50,1.494949,1,0.0,0.0
validation_selected_rank,6,pchip,fitting,42,49,50,1.494949,2,0.0,0.0
validation_selected_rank,6,pchip,fitting,42,49,50,1.494949,3,8.326672684688674e-16,5.743910341920281e-15
validation_selected_rank,6,pchip,fitting,42,49,50,1.494949,4,0.0,0.0
validation_selected_rank,6,pchip,fitting,42,49,50,1.494949,5,0.0,0.0
validation_selected_rank,6,pchip,fitting,42,49,50,1.494949,6,2.6020852139652106e-16,1.794971981850088e-15
validation_selected_rank,6,pchip,fitting,43,50,51,1.505051,1,0.0,0.0
validation_selected_rank,6,pchip,fitting,43,50,51,1.505051,2,0.0,0.0
validation_selected_rank,6,pchip,fitting,43,50,51,1.505051,3,1.6653345369377348e-16,1.1535043185717032e-15
validation_selected_rank,6,pchip,fitting,43,50,51,1.505051,4,0.0,0.0
validation_selected_rank,6,pchip,fitting,43,50,51,1.505051,5,0.0,0.0
validation_selected_rank,6,pchip,fitting,43,50,51,1.505051,6,1.0408340855860843e-17,7.209401991073145e-17
validation_selected_rank,6,pchip,fitting,44,52,53,1.525253,1,0.0,0.0
validation_selected_rank,6,pchip,fitting,44,52,53,1.525253,2,0.0,0.0
validation_selected_rank,6,pchip,fitting,44,52,53,1.525253,3,3.885780586188048e-16,2.681580243510462e-15
validation_selected_rank,6,pchip,fitting,44,52,53,1.525253,4,0.0,0.0
validation_selected_rank,6,pchip,fitting,44,52,53,1.525253,5,0.0,0.0
validation_selected_rank,6,pchip,fitting,44,52,53,1.525253,6,7.199102425303749e-16,4.968106254718043e-15
validation_selected_rank,6,pchip,fitting,45,54,55,1.545455,1,0.0,0.0
validation_selected_rank,6,pchip,fitting,45,54,55,1.545455,2,0.0,0.0
validation_selected_rank,6,pchip,fitting,45,54,55,1.545455,3,1.6930901125533637e-15,1.1623000098270206e-14
validation_selected_rank,6,pchip,fitting,45,54,55,1.545455,4,0.0,0.0
validation_selected_rank,6,pchip,fitting,45,54,55,1.545455,5,0.0,0.0
validation_selected_rank,6,pchip,fitting,45,54,55,1.545455,6,1.942890293094024e-16,1.3337868965228105e-15
validation_selected_rank,6,pchip,fitting,46,55,56,1.555556,1,0.0,0.0
validation_selected_rank,6,pchip,fitting,46,55,56,1.555556,2,0.0,0.0
validation_selected_rank,6,pchip,fitting,46,55,56,1.555556,3,0.0,0.0
validation_selected_rank,6,pchip,fitting,46,55,56,1.555556,4,0.0,0.0
validation_selected_rank,6,pchip,fitting,46,55,56,1.555556,5,0.0,0.0
validation_selected_rank,6,pchip,fitting,46,55,56,1.555556,6,0.0,0.0
validation_selected_rank,6,pchip,fitting,47,56,57,1.565657,1,0.0,0.0
validation_selected_rank,6,pchip,fitting,47,56,57,1.565657,2,0.0,0.0
validation_selected_rank,6,pchip,fitting,47,56,57,1.565657,3,0.0,0.0
validation_selected_rank,6,pchip,fitting,47,56,57,1.565657,4,0.0,0.0
validation_selected_rank,6,pchip,fitting,47,56,57,1.565657,5,0.0,0.0
validation_selected_rank,6,pchip,fitting,47,56,57,1.565657,6,0.0,0.0
validation_selected_rank,6,pchip,fitting,48,57,58,1.575758,1,0.0,0.0
validation_selected_rank,6,pchip,fitting,48,57,58,1.575758,2,0.0,0.0
validation_selected_rank,6,pchip,fitting,48,57,58,1.575758,3,0.0,0.0
validation_selected_rank,6,pchip,fitting,48,57,58,1.575758,4,0.0,0.0
validation_selected_rank,6,pchip,fitting,48,57,58,1.575758,5,0.0,0.0
validation_selected_rank,6,pchip,fitting,48,57,58,1.575758,6,0.0,0.0
validation_selected_rank,6,pchip,fitting,49,58,59,1.585859,1,0.0,0.0
validation_selected_rank,6,pchip,fitting,49,58,59,1.585859,2,0.0,0.0
validation_selected_rank,6,pchip,fitting,49,58,59,1.585859,3,0.0,0.0
validation_selected_rank,6,pchip,fitting,49,58,59,1.585859,4,0.0,0.0
validation_selected_rank,6,pchip,fitting,49,58,59,1.585859,5,0.0,0.0
validation_selected_rank,6,pchip,fitting,49,58,59,1.585859,6,0.0,0.0
validation_selected_rank,6,pchip,fitting,50,59,60,1.59596,1,0.0,0.0
validation_selected_rank,6,pchip,fitting,50,59,60,1.59596,2,0.0,0.0
validation_selected_rank,6,pchip,fitting,50,59,60,1.59596,3,0.0,0.0
validation_selected_rank,6,pchip,fitting,50,59,60,1.59596,4,0.0,0.0
validation_selected_rank,6,pchip,fitting,50,59,60,1.59596,5,0.0,0.0
validation_selected_rank,6,pchip,fitting,50,59,60,1.59596,6,0.0,0.0
validation_selected_rank,6,pchip,fitting,51,60,61,1.606061,1,0.0,0.0
validation_selected_rank,6,pchip,fitting,51,60,61,1.606061,2,0.0,0.0
validation_selected_rank,6,pchip,fitting,51,60,61,1.606061,3,0.0,0.0
validation_selected_rank,6,pchip,fitting,51,60,61,1.606061,4,0.0,0.0
validation_selected_rank,6,pchip,fitting,51,60,61,1.606061,5,0.0,0.0
validation_selected_rank,6,pchip,fitting,51,60,61,1.606061,6,0.0,0.0
validation_selected_rank,6,pchip,fitting,52,61,62,1.616162,1,0.0,0.0
validation_selected_rank,6,pchip,fitting,52,61,62,1.616162,2,0.0,0.0
validation_selected_rank,6,pchip,fitting,52,61,62,1.616162,3,0.0,0.0
validation_selected_rank,6,pchip,fitting,52,61,62,1.616162,4,0.0,0.0
validation_selected_rank,6,pchip,fitting,52,61,62,1.616162,5,0.0,0.0
validation_selected_rank,6,pchip,fitting,52,61,62,1.616162,6,0.0,0.0
validation_selected_rank,6,pchip,fitting,53,62,63,1.626263,1,0.0,0.0
validation_selected_rank,6,pchip,fitting,53,62,63,1.626263,2,0.0,0.0
validation_selected_rank,6,pchip,fitting,53,62,63,1.626263,3,0.0,0.0
validation_selected_rank,6,pchip,fitting,53,62,63,1.626263,4,0.0,0.0
validation_selected_rank,6,pchip,fitting,53,62,63,1.626263,5,0.0,0.0
validation_selected_rank,6,pchip,fitting,53,62,63,1.626263,6,0.0,0.0
validation_selected_rank,6,pchip,fitting,54,63,64,1.636364,1,0.0,0.0
validation_selected_rank,6,pchip,fitting,54,63,64,1.636364,2,0.0,0.0
validation_selected_rank,6,pchip,fitting,54,63,64,1.636364,3,0.0,0.0
validation_selected_rank,6,pchip,fitting,54,63,64,1.636364,4,0.0,0.0
validation_selected_rank,6,pchip,fitting,54,63,64,1.636364,5,0.0,0.0
validation_selected_rank,6,pchip,fitting,54,63,64,1.636364,6,0.0,0.0
validation_selected_rank,6,pchip,fitting,55,64,65,1.646465,1,0.0,0.0
validation_selected_rank,6,pchip,fitting,55,64,65,1.646465,2,0.0,0.0
validation_selected_rank,6,pchip,fitting,55,64,65,1.646465,3,0.0,0.0
validation_selected_rank,6,pchip,fitting,55,64,65,1.646465,4,0.0,0.0
validation_selected_rank,6,pchip,fitting,55,64,65,1.646465,5,0.0,0.0
validation_selected_rank,6,pchip,fitting,55,64,65,1.646465,6,0.0,0.0
validation_selected_rank,6,pchip,fitting,56,66,67,1.666667,1,0.0,0.0
validation_selected_rank,6,pchip,fitting,56,66,67,1.666667,2,0.0,0.0
validation_selected_rank,6,pchip,fitting,56,66,67,1.666667,3,0.0,0.0
validation_selected_rank,6,pchip,fitting,56,66,67,1.666667,4,0.0,0.0
validation_selected_rank,6,pchip,fitting,56,66,67,1.666667,5,0.0,0.0
validation_selected_rank,6,pchip,fitting,56,66,67,1.666667,6,0.0,0.0
validation_selected_rank,6,pchip,fitting,57,67,68,1.676768,1,0.0,0.0
validation_selected_rank,6,pchip,fitting,57,67,68,1.676768,2,0.0,0.0
validation_selected_rank,6,pchip,fitting,57,67,68,1.676768,3,0.0,0.0
validation_selected_rank,6,pchip,fitting,57,67,68,1.676768,4,0.0,0.0
validation_selected_rank,6,pchip,fitting,57,67,68,1.676768,5,0.0,0.0
validation_selected_rank,6,pchip,fitting,57,67,68,1.676768,6,0.0,0.0
validation_selected_rank,6,pchip,fitting,58,68,69,1.686869,1,0.0,0.0
validation_selected_rank,6,pchip,fitting,58,68,69,1.686869,2,0.0,0.0
validation_selected_rank,6,pchip,fitting,58,68,69,1.686869,3,0.0,0.0
validation_selected_rank,6,pchip,fitting,58,68,69,1.686869,4,0.0,0.0
validation_selected_rank,6,pchip,fitting,58,68,69,1.686869,5,0.0,0.0
validation_selected_rank,6,pchip,fitting,58,68,69,1.686869,6,0.0,0.0
validation_selected_rank,6,pchip,fitting,59,69,70,1.69697,1,0.0,0.0
validation_selected_rank,6,pchip,fitting,59,69,70,1.69697,2,0.0,0.0
validation_selected_rank,6,pchip,fitting,59,69,70,1.69697,3,0.0,0.0
validation_selected_rank,6,pchip,fitting,59,69,70,1.69697,4,0.0,0.0
validation_selected_rank,6,pchip,fitting,59,69,70,1.69697,5,0.0,0.0
validation_selected_rank,6,pchip,fitting,59,69,70,1.69697,6,0.0,0.0
validation_selected_rank,6,pchip,fitting,60,70,71,1.707071,1,0.0,0.0
validation_selected_rank,6,pchip,fitting,60,70,71,1.707071,2,0.0,0.0
validation_selected_rank,6,pchip,fitting,60,70,71,1.707071,3,0.0,0.0
validation_selected_rank,6,pchip,fitting,60,70,71,1.707071,4,0.0,0.0
validation_selected_rank,6,pchip,fitting,60,70,71,1.707071,5,0.0,0.0
validation_selected_rank,6,pchip,fitting,60,70,71,1.707071,6,0.0,0.0
validation_selected_rank,6,pchip,fitting,61,71,72,1.717172,1,0.0,0.0
validation_selected_rank,6,pchip,fitting,61,71,72,1.717172,2,0.0,0.0
validation_selected_rank,6,pchip,fitting,61,71,72,1.717172,3,0.0,0.0
validation_selected_rank,6,pchip,fitting,61,71,72,1.717172,4,0.0,0.0
validation_selected_rank,6,pchip,fitting,61,71,72,1.717172,5,0.0,0.0
validation_selected_rank,6,pchip,fitting,61,71,72,1.717172,6,0.0,0.0
validation_selected_rank,6,pchip,fitting,62,72,73,1.727273,1,0.0,0.0
validation_selected_rank,6,pchip,fitting,62,72,73,1.727273,2,0.0,0.0
validation_selected_rank,6,pchip,fitting,62,72,73,1.727273,3,0.0,0.0
validation_selected_rank,6,pchip,fitting,62,72,73,1.727273,4,0.0,0.0
validation_selected_rank,6,pchip,fitting,62,72,73,1.727273,5,0.0,0.0
validation_selected_rank,6,pchip,fitting,62,72,73,1.727273,6,0.0,0.0
validation_selected_rank,6,pchip,fitting,63,73,74,1.737374,1,0.0,0.0
validation_selected_rank,6,pchip,fitting,63,73,74,1.737374,2,0.0,0.0
validation_selected_rank,6,pchip,fitting,63,73,74,1.737374,3,0.0,0.0
validation_selected_rank,6,pchip,fitting,63,73,74,1.737374,4,0.0,0.0
validation_selected_rank,6,pchip,fitting,63,73,74,1.737374,5,0.0,0.0
validation_selected_rank,6,pchip,fitting,63,73,74,1.737374,6,0.0,0.0
validation_selected_rank,6,pchip,fitting,64,74,75,1.747475,1,0.0,0.0
validation_selected_rank,6,pchip,fitting,64,74,75,1.747475,2,0.0,0.0
validation_selected_rank,6,pchip,fitting,64,74,75,1.747475,3,4.440892098500626e-16,2.9642478658202406e-15
validation_selected_rank,6,pchip,fitting,64,74,75,1.747475,4,0.0,0.0
validation_selected_rank,6,pchip,fitting,64,74,75,1.747475,5,0.0,0.0
validation_selected_rank,6,pchip,fitting,64,74,75,1.747475,6,7.979727989493313e-17,5.326382883895744e-16
validation_selected_rank,6,pchip,fitting,65,75,76,1.757576,1,0.0,0.0
validation_selected_rank,6,pchip,fitting,65,75,76,1.757576,2,0.0,0.0
validation_selected_rank,6,pchip,fitting,65,75,76,1.757576,3,0.0,0.0
validation_selected_rank,6,pchip,fitting,65,75,76,1.757576,4,0.0,0.0
validation_selected_rank,6,pchip,fitting,65,75,76,1.757576,5,0.0,0.0
validation_selected_rank,6,pchip,fitting,65,75,76,1.757576,6,0.0,0.0
validation_selected_rank,6,pchip,fitting,66,76,77,1.767677,1,0.0,0.0
validation_selected_rank,6,pchip,fitting,66,76,77,1.767677,2,0.0,0.0
validation_selected_rank,6,pchip,fitting,66,76,77,1.767677,3,8.881784197001252e-16,5.922280730362223e-15
validation_selected_rank,6,pchip,fitting,66,76,77,1.767677,4,0.0,0.0
validation_selected_rank,6,pchip,fitting,66,76,77,1.767677,5,0.0,0.0
validation_selected_rank,6,pchip,fitting,66,76,77,1.767677,6,1.0408340855860843e-16,6.940172730893231e-16
validation_selected_rank,6,pchip,fitting,67,77,78,1.777778,1,0.0,0.0
validation_selected_rank,6,pchip,fitting,67,77,78,1.777778,2,0.0,0.0
validation_selected_rank,6,pchip,fitting,67,77,78,1.777778,3,1.9984014443252818e-15,1.3265659935736177e-14
validation_selected_rank,6,pchip,fitting,67,77,78,1.777778,4,0.0,0.0
validation_selected_rank,6,pchip,fitting,67,77,78,1.777778,5,0.0,0.0
validation_selected_rank,6,pchip,fitting,67,77,78,1.777778,6,7.806255641895632e-17,5.181898412396944e-16
validation_selected_rank,6,pchip,fitting,68,78,79,1.787879,1,0.0,0.0
validation_selected_rank,6,pchip,fitting,68,78,79,1.787879,2,0.0,0.0
validation_selected_rank,6,pchip,fitting,68,78,79,1.787879,3,0.0,0.0
validation_selected_rank,6,pchip,fitting,68,78,79,1.787879,4,0.0,0.0
validation_selected_rank,6,pchip,fitting,68,78,79,1.787879,5,0.0,0.0
validation_selected_rank,6,pchip,fitting,68,78,79,1.787879,6,0.0,0.0
validation_selected_rank,6,pchip,fitting,69,79,80,1.79798,1,0.0,0.0
validation_selected_rank,6,pchip,fitting,69,79,80,1.79798,2,0.0,0.0
validation_selected_rank,6,pchip,fitting,69,79,80,1.79798,3,0.0,0.0
validation_selected_rank,6,pchip,fitting,69,79,80,1.79798,4,0.0,0.0
validation_selected_rank,6,pchip,fitting,69,79,80,1.79798,5,0.0,0.0
validation_selected_rank,6,pchip,fitting,69,79,80,1.79798,6,0.0,0.0
validation_selected_rank,6,pchip,fitting,70,80,81,1.808081,1,0.0,0.0
validation_selected_rank,6,pchip,fitting,70,80,81,1.808081,2,0.0,0.0
validation_selected_rank,6,pchip,fitting,70,80,81,1.808081,3,0.0,0.0
validation_selected_rank,6,pchip,fitting,70,80,81,1.808081,4,0.0,0.0
validation_selected_rank,6,pchip,fitting,70,80,81,1.808081,5,0.0,0.0
validation_selected_rank,6,pchip,fitting,70,80,81,1.808081,6,0.0,0.0
validation_selected_rank,6,pchip,fitting,71,81,82,1.818182,1,0.0,0.0
validation_selected_rank,6,pchip,fitting,71,81,82,1.818182,2,0.0,0.0
validation_selected_rank,6,pchip,fitting,71,81,82,1.818182,3,0.0,0.0
validation_selected_rank,6,pchip,fitting,71,81,82,1.818182,4,0.0,0.0
validation_selected_rank,6,pchip,fitting,71,81,82,1.818182,5,0.0,0.0
validation_selected_rank,6,pchip,fitting,71,81,82,1.818182,6,0.0,0.0
validation_selected_rank,6,pchip,fitting,72,82,83,1.828283,1,0.0,0.0
validation_selected_rank,6,pchip,fitting,72,82,83,1.828283,2,0.0,0.0
validation_selected_rank,6,pchip,fitting,72,82,83,1.828283,3,0.0,0.0
validation_selected_rank,6,pchip,fitting,72,82,83,1.828283,4,0.0,0.0
validation_selected_rank,6,pchip,fitting,72,82,83,1.828283,5,0.0,0.0
validation_selected_rank,6,pchip,fitting,72,82,83,1.828283,6,0.0,0.0
validation_selected_rank,6,pchip,fitting,73,83,84,1.838384,1,0.0,0.0
validation_selected_rank,6,pchip,fitting,73,83,84,1.838384,2,0.0,0.0
validation_selected_rank,6,pchip,fitting,73,83,84,1.838384,3,0.0,0.0
validation_selected_rank,6,pchip,fitting,73,83,84,1.838384,4,0.0,0.0
validation_selected_rank,6,pchip,fitting,73,83,84,1.838384,5,0.0,0.0
validation_selected_rank,6,pchip,fitting,73,83,84,1.838384,6,0.0,0.0
validation_selected_rank,6,pchip,fitting,74,84,85,1.848485,1,0.0,0.0
validation_selected_rank,6,pchip,fitting,74,84,85,1.848485,2,0.0,0.0
validation_selected_rank,6,pchip,fitting,74,84,85,1.848485,3,0.0,0.0
validation_selected_rank,6,pchip,fitting,74,84,85,1.848485,4,0.0,0.0
validation_selected_rank,6,pchip,fitting,74,84,85,1.848485,5,0.0,0.0
validation_selected_rank,6,pchip,fitting,74,84,85,1.848485,6,0.0,0.0
validation_selected_rank,6,pchip,fitting,75,85,86,1.858586,1,0.0,0.0
validation_selected_rank,6,pchip,fitting,75,85,86,1.858586,2,0.0,0.0
validation_selected_rank,6,pchip,fitting,75,85,86,1.858586,3,0.0,0.0
validation_selected_rank,6,pchip,fitting,75,85,86,1.858586,4,0.0,0.0
validation_selected_rank,6,pchip,fitting,75,85,86,1.858586,5,0.0,0.0
validation_selected_rank,6,pchip,fitting,75,85,86,1.858586,6,0.0,0.0
validation_selected_rank,6,pchip,fitting,76,86,87,1.868687,1,0.0,0.0
validation_selected_rank,6,pchip,fitting,76,86,87,1.868687,2,0.0,0.0
validation_selected_rank,6,pchip,fitting,76,86,87,1.868687,3,0.0,0.0
validation_selected_rank,6,pchip,fitting,76,86,87,1.868687,4,0.0,0.0
validation_selected_rank,6,pchip,fitting,76,86,87,1.868687,5,0.0,0.0
validation_selected_rank,6,pchip,fitting,76,86,87,1.868687,6,0.0,0.0
validation_selected_rank,6,pchip,fitting,77,87,88,1.878788,1,0.0,0.0
validation_selected_rank,6,pchip,fitting,77,87,88,1.878788,2,0.0,0.0
validation_selected_rank,6,pchip,fitting,77,87,88,1.878788,3,0.0,0.0
validation_selected_rank,6,pchip,fitting,77,87,88,1.878788,4,0.0,0.0
validation_selected_rank,6,pchip,fitting,77,87,88,1.878788,5,0.0,0.0
validation_selected_rank,6,pchip,fitting,77,87,88,1.878788,6,0.0,0.0
validation_selected_rank,6,pchip,fitting,78,88,89,1.888889,1,0.0,0.0
validation_selected_rank,6,pchip,fitting,78,88,89,1.888889,2,0.0,0.0
validation_selected_rank,6,pchip,fitting,78,88,89,1.888889,3,0.0,0.0
validation_selected_rank,6,pchip,fitting,78,88,89,1.888889,4,0.0,0.0
validation_selected_rank,6,pchip,fitting,78,88,89,1.888889,5,0.0,0.0
validation_selected_rank,6,pchip,fitting,78,88,89,1.888889,6,0.0,0.0
validation_selected_rank,6,pchip,fitting,79,89,90,1.89899,1,0.0,0.0
validation_selected_rank,6,pchip,fitting,79,89,90,1.89899,2,0.0,0.0
validation_selected_rank,6,pchip,fitting,79,89,90,1.89899,3,0.0,0.0
validation_selected_rank,6,pchip,fitting,79,89,90,1.89899,4,0.0,0.0
validation_selected_rank,6,pchip,fitting,79,89,90,1.89899,5,0.0,0.0
validation_selected_rank,6,pchip,fitting,79,89,90,1.89899,6,0.0,0.0
validation_selected_rank,6,pchip,fitting,80,90,91,1.909091,1,0.0,0.0
validation_selected_rank,6,pchip,fitting,80,90,91,1.909091,2,0.0,0.0
validation_selected_rank,6,pchip,fitting,80,90,91,1.909091,3,0.0,0.0
validation_selected_rank,6,pchip,fitting,80,90,91,1.909091,4,0.0,0.0
validation_selected_rank,6,pchip,fitting,80,90,91,1.909091,5,0.0,0.0
validation_selected_rank,6,pchip,fitting,80,90,91,1.909091,6,0.0,0.0
validation_selected_rank,6,pchip,fitting,81,91,92,1.919192,1,0.0,0.0
validation_selected_rank,6,pchip,fitting,81,91,92,1.919192,2,0.0,0.0
validation_selected_rank,6,pchip,fitting,81,91,92,1.919192,3,0.0,0.0
validation_selected_rank,6,pchip,fitting,81,91,92,1.919192,4,0.0,0.0
validation_selected_rank,6,pchip,fitting,81,91,92,1.919192,5,0.0,0.0
validation_selected_rank,6,pchip,fitting,81,91,92,1.919192,6,0.0,0.0
validation_selected_rank,6,pchip,fitting,82,92,93,1.929293,1,0.0,0.0
validation_selected_rank,6,pchip,fitting,82,92,93,1.929293,2,0.0,0.0
validation_selected_rank,6,pchip,fitting,82,92,93,1.929293,3,0.0,0.0
validation_selected_rank,6,pchip,fitting,82,92,93,1.929293,4,0.0,0.0
validation_selected_rank,6,pchip,fitting,82,92,93,1.929293,5,0.0,0.0
validation_selected_rank,6,pchip,fitting,82,92,93,1.929293,6,0.0,0.0
validation_selected_rank,6,pchip,fitting,83,93,94,1.939394,1,0.0,0.0
validation_selected_rank,6,pchip,fitting,83,93,94,1.939394,2,0.0,0.0
validation_selected_rank,6,pchip,fitting,83,93,94,1.939394,3,0.0,0.0
validation_selected_rank,6,pchip,fitting,83,93,94,1.939394,4,0.0,0.0
validation_selected_rank,6,pchip,fitting,83,93,94,1.939394,5,0.0,0.0
validation_selected_rank,6,pchip,fitting,83,93,94,1.939394,6,0.0,0.0
validation_selected_rank,6,pchip,fitting,84,94,95,1.949495,1,0.0,0.0
validation_selected_rank,6,pchip,fitting,84,94,95,1.949495,2,0.0,0.0
validation_selected_rank,6,pchip,fitting,84,94,95,1.949495,3,0.0,0.0
validation_selected_rank,6,pchip,fitting,84,94,95,1.949495,4,0.0,0.0
validation_selected_rank,6,pchip,fitting,84,94,95,1.949495,5,0.0,0.0
validation_selected_rank,6,pchip,fitting,84,94,95,1.949495,6,0.0,0.0
validation_selected_rank,6,pchip,fitting,85,95,96,1.959596,1,0.0,0.0
validation_selected_rank,6,pchip,fitting,85,95,96,1.959596,2,0.0,0.0
validation_selected_rank,6,pchip,fitting,85,95,96,1.959596,3,0.0,0.0
validation_selected_rank,6,pchip,fitting,85,95,96,1.959596,4,0.0,0.0
validation_selected_rank,6,pchip,fitting,85,95,96,1.959596,5,0.0,0.0
validation_selected_rank,6,pchip,fitting,85,95,96,1.959596,6,0.0,0.0
validation_selected_rank,6,pchip,fitting,86,96,97,1.969697,1,0.0,0.0
validation_selected_rank,6,pchip,fitting,86,96,97,1.969697,2,0.0,0.0
validation_selected_rank,6,pchip,fitting,86,96,97,1.969697,3,0.0,0.0
validation_selected_rank,6,pchip,fitting,86,96,97,1.969697,4,0.0,0.0
validation_selected_rank,6,pchip,fitting,86,96,97,1.969697,5,0.0,0.0
validation_selected_rank,6,pchip,fitting,86,96,97,1.969697,6,0.0,0.0
validation_selected_rank,6,pchip,fitting,87,97,98,1.979798,1,0.0,0.0
validation_selected_rank,6,pchip,fitting,87,97,98,1.979798,2,0.0,0.0
validation_selected_rank,6,pchip,fitting,87,97,98,1.979798,3,0.0,0.0
validation_selected_rank,6,pchip,fitting,87,97,98,1.979798,4,0.0,0.0
validation_selected_rank,6,pchip,fitting,87,97,98,1.979798,5,0.0,0.0
validation_selected_rank,6,pchip,fitting,87,97,98,1.979798,6,0.0,0.0
validation_selected_rank,6,pchip,fitting,88,98,99,1.989899,1,0.0,0.0
validation_selected_rank,6,pchip,fitting,88,98,99,1.989899,2,0.0,0.0
validation_selected_rank,6,pchip,fitting,88,98,99,1.989899,3,1.1102230246251565e-15,7.284493888859467e-15
validation_selected_rank,6,pchip,fitting,88,98,99,1.989899,4,0.0,0.0
validation_selected_rank,6,pchip,fitting,88,98,99,1.989899,5,0.0,0.0
validation_selected_rank,6,pchip,fitting,88,98,99,1.989899,6,9.159339953157541e-16,6.00970745830906e-15
validation_selected_rank,6,pchip,fitting,89,99,100,2.0,1,0.0,0.0
validation_selected_rank,6,pchip,fitting,89,99,100,2.0,2,0.0,0.0
validation_selected_rank,6,pchip,fitting,89,99,100,2.0,3,0.0,0.0
validation_selected_rank,6,pchip,fitting,89,99,100,2.0,4,0.0,0.0
validation_selected_rank,6,pchip,fitting,89,99,100,2.0,5,2.0816681711721685e-17,1.36136770217137e-16
validation_selected_rank,6,pchip,fitting,89,99,100,2.0,6,2.6020852139652106e-18,1.7017096277142124e-17
validation_selected_rank,6,pchip,internal_validation,0,5,6,1.050505,1,0.0036131312263378845,0.02863823491683431
validation_selected_rank,6,pchip,internal_validation,0,5,6,1.050505,2,0.005722616964678018,0.04535834397014632
validation_selected_rank,6,pchip,internal_validation,0,5,6,1.050505,3,0.13136370199213587,1.041208946348962
validation_selected_rank,6,pchip,internal_validation,0,5,6,1.050505,4,0.15801710625066656,1.2524679360377502
validation_selected_rank,6,pchip,internal_validation,0,5,6,1.050505,5,0.02139559539355184,0.16958478634807697
validation_selected_rank,6,pchip,internal_validation,0,5,6,1.050505,6,0.11265692715917841,0.892936166136229
validation_selected_rank,6,pchip,internal_validation,1,8,9,1.080808,1,0.035895421360546464,0.28323157950479644
validation_selected_rank,6,pchip,internal_validation,1,8,9,1.080808,2,0.03308458227473299,0.26105275101265335
validation_selected_rank,6,pchip,internal_validation,1,8,9,1.080808,3,0.019878508428827935,0.15685068254093984
validation_selected_rank,6,pchip,internal_validation,1,8,9,1.080808,4,0.07651085304852331,0.6037062370860193
validation_selected_rank,6,pchip,internal_validation,1,8,9,1.080808,5,0.0796839905068015,0.6287437683429106
validation_selected_rank,6,pchip,internal_validation,1,8,9,1.080808,6,0.03028261258531904,0.23894390618573208
validation_selected_rank,6,pchip,internal_validation,2,28,29,1.282828,1,0.01345026104241498,0.09908256031193163
validation_selected_rank,6,pchip,internal_validation,2,28,29,1.282828,2,0.015519623186485143,0.114326703068751
validation_selected_rank,6,pchip,internal_validation,2,28,29,1.282828,3,0.005007499870375076,0.036888199147497296
validation_selected_rank,6,pchip,internal_validation,2,28,29,1.282828,4,0.009314013081756615,0.06861251688789322
validation_selected_rank,6,pchip,internal_validation,2,28,29,1.282828,5,0.02451074056895888,0.18056057968358413
validation_selected_rank,6,pchip,internal_validation,2,28,29,1.282828,6,0.0029871389205481415,0.022005028104806795
validation_selected_rank,6,pchip,internal_validation,3,31,32,1.313131,1,0.0507924649664524,0.3685910485890014
validation_selected_rank,6,pchip,internal_validation,3,31,32,1.313131,2,0.09425652805815676,0.684001308781947
validation_selected_rank,6,pchip,internal_validation,3,31,32,1.313131,3,0.06081365794889393,0.441312898807346
validation_selected_rank,6,pchip,internal_validation,3,31,32,1.313131,4,0.004720083149766401,0.034252726240964496
validation_selected_rank,6,pchip,internal_validation,3,31,32,1.313131,5,0.0741069414735971,0.5377796742788153
validation_selected_rank,6,pchip,internal_validation,3,31,32,1.313131,6,0.025305213828507846,0.1836350196033825
validation_selected_rank,6,pchip,internal_validation,4,37,38,1.373737,1,0.03500428042420367,0.24902923902908655
validation_selected_rank,6,pchip,internal_validation,4,37,38,1.373737,2,0.0660239081531829,0.46971065840692783
validation_selected_rank,6,pchip,internal_validation,4,37,38,1.373737,3,0.03407505262814936,0.2424184791982381
validation_selected_rank,6,pchip,internal_validation,4,37,38,1.373737,4,0.0904202463025088,0.6432723328878028
validation_selected_rank,6,pchip,internal_validation,4,37,38,1.373737,5,0.005260354885159097,0.03742348530519491
validation_selected_rank,6,pchip,internal_validation,4,37,38,1.373737,6,0.06449345699393132,0.4588226446285879
validation_selected_rank,6,pchip,internal_validation,5,40,41,1.40404,1,0.015458434186642833,0.10909547039753252
validation_selected_rank,6,pchip,internal_validation,5,40,41,1.40404,2,0.022937322344000505,0.1618765484631542
validation_selected_rank,6,pchip,internal_validation,5,40,41,1.40404,3,0.06020849527179489,0.4249119952446217
validation_selected_rank,6,pchip,internal_validation,5,40,41,1.40404,4,0.031043904841479994,0.21908748070900255
validation_selected_rank,6,pchip,internal_validation,5,40,41,1.40404,5,0.033699941577758505,0.237832042650975
validation_selected_rank,6,pchip,internal_validation,5,40,41,1.40404,6,0.03172160629529128,0.22387025223682766
validation_selected_rank,6,pchip,internal_validation,6,42,43,1.424242,1,0.08202032442647678,0.5799925923628354
validation_selected_rank,6,pchip,internal_validation,6,42,43,1.424242,2,0.13767122576249213,0.9735183527021183
validation_selected_rank,6,pchip,internal_validation,6,42,43,1.424242,3,0.01583237633167167,0.11195592136558313
validation_selected_rank,6,pchip,internal_validation,6,42,43,1.424242,4,0.04016831036145736,0.2840432858597185
validation_selected_rank,6,pchip,internal_validation,6,42,43,1.424242,5,0.0034463339628813122,0.024370156827060452
validation_selected_rank,6,pchip,internal_validation,6,42,43,1.424242,6,0.041062774676553865,0.29036833615080715
validation_selected_rank,6,pchip,internal_validation,7,51,52,1.515152,1,0.03942805824826934,0.2719268314109877
validation_selected_rank,6,pchip,internal_validation,7,51,52,1.515152,2,0.08580229055272237,0.5917599302225557
validation_selected_rank,6,pchip,internal_validation,7,51,52,1.515152,3,0.01874248789820887,0.12926290498067913
validation_selected_rank,6,pchip,internal_validation,7,51,52,1.515152,4,0.04500848176944253,0.31041381132992857
validation_selected_rank,6,pchip,internal_validation,7,51,52,1.515152,5,0.010072263390092956,0.06946623269039867
validation_selected_rank,6,pchip,internal_validation,7,51,52,1.515152,6,0.008308859318847917,0.05730441435860328
validation_selected_rank,6,pchip,internal_validation,8,53,54,1.535354,1,0.015270867722872339,0.10500897258853405
validation_selected_rank,6,pchip,internal_validation,8,53,54,1.535354,2,0.037788437110897743,0.2598493437801469
validation_selected_rank,6,pchip,internal_validation,8,53,54,1.535354,3,0.026380286187536017,0.18140205254974237
validation_selected_rank,6,pchip,internal_validation,8,53,54,1.535354,4,0.04424676579942275,0.30425955494354406
validation_selected_rank,6,pchip,internal_validation,8,53,54,1.535354,5,0.03001833303228459,0.20641880787293948
validation_selected_rank,6,pchip,internal_validation,8,53,54,1.535354,6,0.014306821192660857,0.09837977917908398
validation_selected_rank,6,pchip,internal_validation,9,65,66,1.656566,1,0.050400237261996494,0.34042339815663336
validation_selected_rank,6,pchip,internal_validation,9,65,66,1.656566,2,0.11215918916112466,0.757568106480184
validation_selected_rank,6,pchip,internal_validation,9,65,66,1.656566,3,0.07702534489392168,0.5202600439491822
validation_selected_rank,6,pchip,internal_validation,9,65,66,1.656566,4,0.0604620104457223,0.40838464605472596
validation_selected_rank,6,pchip,internal_validation,9,65,66,1.656566,5,0.009078641321494779,0.061320781353521245
validation_selected_rank,6,pchip,internal_validation,9,65,66,1.656566,6,0.06495838592998833,0.43875496780113166
validation_selected_rank,6,pchip,external,0,0,8,1.0625,1,0.02690691770026099,0.21264367011256885
validation_selected_rank,6,pchip,external,0,0,8,1.0625,2,0.007051942363894614,0.05573105483079208
validation_selected_rank,6,pchip,external,0,0,8,1.0625,3,0.13624601153155963,1.0767436186118484
validation_selected_rank,6,pchip,external,0,0,8,1.0625,4,0.15126338265982434,1.195424953565564
validation_selected_rank,6,pchip,external,0,0,8,1.0625,5,0.035710983936844035,0.2822216491778934
validation_selected_rank,6,pchip,external,0,0,8,1.0625,6,0.04912203593618627,0.3882083455724409
validation_selected_rank,6,pchip,external,1,1,4,1.125,1,0.03453457711284358,0.26806940232188825
validation_selected_rank,6,pchip,external,1,1,4,1.125,2,0.04737495994578689,0.36774092111199985
validation_selected_rank,6,pchip,external,1,1,4,1.125,3,0.037944934614965946,0.29454178373575857
validation_selected_rank,6,pchip,external,1,1,4,1.125,4,0.041745791970881574,0.32404536087184926
validation_selected_rank,6,pchip,external,1,1,4,1.125,5,0.050416137310743556,0.3913475978613612
validation_selected_rank,6,pchip,external,1,1,4,1.125,6,0.07168274427388323,0.5564263998804297
validation_selected_rank,6,pchip,external,2,2,2,1.25,1,0.0432423784384568,0.3225814092230874
validation_selected_rank,6,pchip,external,2,2,2,1.25,2,0.06314737825512662,0.471069608145473
validation_selected_rank,6,pchip,external,2,2,2,1.25,3,0.033091540581002,0.24685773954767604
validation_selected_rank,6,pchip,external,2,2,2,1.25,4,0.03477069945595549,0.2593840032674864
validation_selected_rank,6,pchip,external,2,2,2,1.25,5,0.011430470484696802,0.08526952980359676
validation_selected_rank,6,pchip,external,2,2,2,1.25,6,0.0017440535713119706,0.013010368048905395
validation_selected_rank,6,pchip,external,3,3,10,1.3125,1,0.03279596742223845,0.23783871713770507
validation_selected_rank,6,pchip,external,3,3,10,1.3125,2,0.053716501561188235,0.3895559370441203
validation_selected_rank,6,pchip,external,3,3,10,1.3125,3,0.013017166239493672,0.09440142683731531
validation_selected_rank,6,pchip,external,3,3,10,1.3125,4,0.024922630535684605,0.18074071113648044
validation_selected_rank,6,pchip,external,3,3,10,1.3125,5,0.023924045101990123,0.17349889767068072
validation_selected_rank,6,pchip,external,3,3,10,1.3125,6,0.03111520366054212,0.22564969731869117
validation_selected_rank,6,pchip,external,4,4,6,1.375,1,0.03532549992885947,0.25246009173004474
validation_selected_rank,6,pchip,external,4,4,6,1.375,2,0.04899810380451142,0.3501738349350117
validation_selected_rank,6,pchip,external,4,4,6,1.375,3,0.013600519461036242,0.09719857886298075
validation_selected_rank,6,pchip,external,4,4,6,1.375,4,0.04522309132997804,0.3231950236649081
validation_selected_rank,6,pchip,external,4,4,6,1.375,5,0.029965200409645426,0.2141517390939442
validation_selected_rank,6,pchip,external,4,4,6,1.375,6,0.046864758395128436,0.3349274950720422
validation_selected_rank,6,pchip,external,5,5,1,1.5,1,0.03441602416718048,0.23844170360976227
validation_selected_rank,6,pchip,external,5,5,1,1.5,2,0.0475073376077767,0.3291411715117477
validation_selected_rank,6,pchip,external,5,5,1,1.5,3,0.11666866795411673,0.8083059161548789
validation_selected_rank,6,pchip,external,5,5,1,1.5,4,0.05570864684221183,0.3859616263147173
validation_selected_rank,6,pchip,external,5,5,1,1.5,5,0.06987306357121542,0.4840957872827628
validation_selected_rank,6,pchip,external,5,5,1,1.5,6,0.02139587821408012,0.14823529954564807
validation_selected_rank,6,pchip,external,6,6,9,1.5625,1,0.027102021279370447,0.18546093595642443
validation_selected_rank,6,pchip,external,6,6,9,1.5625,2,0.05598818325858035,0.3831308655026385
validation_selected_rank,6,pchip,external,6,6,9,1.5625,3,0.06366659823578502,0.43567477038910396
validation_selected_rank,6,pchip,external,6,6,9,1.5625,4,0.013711711335598717,0.0938301535391431
validation_selected_rank,6,pchip,external,6,6,9,1.5625,5,0.027798015995441357,0.1902236741349783
validation_selected_rank,6,pchip,external,6,6,9,1.5625,6,0.03738690870575686,0.25584110534091226
validation_selected_rank,6,pchip,external,7,7,5,1.625,1,0.004600661793823235,0.03118410977301746
validation_selected_rank,6,pchip,external,7,7,5,1.625,2,0.0005894010021663121,0.003995065574382659
validation_selected_rank,6,pchip,external,7,7,5,1.625,3,0.02816758052709034,0.19092490658113415
validation_selected_rank,6,pchip,external,7,7,5,1.625,4,0.001159846797014405,0.007861649358042242
validation_selected_rank,6,pchip,external,7,7,5,1.625,5,0.027503320261870568,0.1864224315119435
validation_selected_rank,6,pchip,external,7,7,5,1.625,6,0.021348328643568205,0.14470279575544523
validation_selected_rank,6,pchip,external,8,8,3,1.75,1,0.010468445274279148,0.06976452641149816
validation_selected_rank,6,pchip,external,8,8,3,1.75,2,0.020160394973208984,0.13435427809231418
validation_selected_rank,6,pchip,external,8,8,3,1.75,3,0.02526912290595587,0.16840021093670407
validation_selected_rank,6,pchip,external,8,8,3,1.75,4,0.012575749956073023,0.08380816988273042
validation_selected_rank,6,pchip,external,8,8,3,1.75,5,0.02435680118957087,0.16232025438050882
validation_selected_rank,6,pchip,external,8,8,3,1.75,6,0.008870476542191093,0.059115234287058796
validation_selected_rank,6,pchip,external,9,9,7,1.875,1,0.026514050122882438,0.17504813677916778
validation_selected_rank,6,pchip,external,9,9,7,1.875,2,0.05104682764582513,0.3370157341664395
validation_selected_rank,6,pchip,external,9,9,7,1.875,3,0.03655064556019977,0.2413106399714827
validation_selected_rank,6,pchip,external,9,9,7,1.875,4,0.003938292164581969,0.026000958069665257
validation_selected_rank,6,pchip,external,9,9,7,1.875,5,0.01905566745528824,0.12580722551523185
validation_selected_rank,6,pchip,external,9,9,7,1.875,6,0.019630160200353942,0.1296000781405692
paper_rank15,15,frozen_nn,fitting,0,0,1,1.0,1,0.0023787072108714113,0.018977404186258047
paper_rank15,15,frozen_nn,fitting,0,0,1,1.0,2,0.012869612939431008,0.10267419435063942
paper_rank15,15,frozen_nn,fitting,0,0,1,1.0,3,0.02355148712981714,0.18789453717015506
paper_rank15,15,frozen_nn,fitting,0,0,1,1.0,4,0.05582888481108225,0.44540467506289677
paper_rank15,15,frozen_nn,fitting,0,0,1,1.0,5,0.060060837727332686,0.479167334301432
paper_rank15,15,frozen_nn,fitting,0,0,1,1.0,6,0.07627262185797776,0.6085054800898364
paper_rank15,15,frozen_nn,fitting,0,0,1,1.0,7,0.0023638094277439025,0.018858549183591963
paper_rank15,15,frozen_nn,fitting,0,0,1,1.0,8,0.04528239362572641,0.3612644223001431
paper_rank15,15,frozen_nn,fitting,0,0,1,1.0,9,0.0009881175284024886,0.007883234066941261
paper_rank15,15,frozen_nn,fitting,0,0,1,1.0,10,0.016106781833888483,0.1285004340192014
paper_rank15,15,frozen_nn,fitting,0,0,1,1.0,11,0.008415819601889238,0.06714168495128803
paper_rank15,15,frozen_nn,fitting,0,0,1,1.0,12,0.004996316501361701,0.03986077700335241
paper_rank15,15,frozen_nn,fitting,0,0,1,1.0,13,0.007899777234347073,0.06302468200896559
paper_rank15,15,frozen_nn,fitting,0,0,1,1.0,14,0.022020322004240204,0.17567885155270105
paper_rank15,15,frozen_nn,fitting,0,0,1,1.0,15,0.025215603278712948,0.20117091041447116
paper_rank15,15,frozen_nn,fitting,1,1,2,1.010101,1,0.010369340444258413,0.08279181227065709
paper_rank15,15,frozen_nn,fitting,1,1,2,1.010101,2,0.05326988309356384,0.4253221489322604
paper_rank15,15,frozen_nn,fitting,1,1,2,1.010101,3,0.002962777135798511,0.023655669301768035
paper_rank15,15,frozen_nn,fitting,1,1,2,1.010101,4,0.05490278675272711,0.43835972388046945
paper_rank15,15,frozen_nn,fitting,1,1,2,1.010101,5,0.08539046091160099,0.6817821294904695
paper_rank15,15,frozen_nn,fitting,1,1,2,1.010101,6,0.05803167900531068,0.4633417043047353
paper_rank15,15,frozen_nn,fitting,1,1,2,1.010101,7,0.026546865047754907,0.21195784623169228
paper_rank15,15,frozen_nn,fitting,1,1,2,1.010101,8,0.06454789272147196,0.5153690386953836
paper_rank15,15,frozen_nn,fitting,1,1,2,1.010101,9,0.011223593819914054,0.08961241821845563
paper_rank15,15,frozen_nn,fitting,1,1,2,1.010101,10,0.0284776815970558,0.22737404383250603
paper_rank15,15,frozen_nn,fitting,1,1,2,1.010101,11,0.02163987366625285,0.1727790082472572
paper_rank15,15,frozen_nn,fitting,1,1,2,1.010101,12,0.022462247820689445,0.1793450812753691
paper_rank15,15,frozen_nn,fitting,1,1,2,1.010101,13,0.013458710409393223,0.10745823532456232
paper_rank15,15,frozen_nn,fitting,1,1,2,1.010101,14,0.01588301327154242,0.12681457033248553
paper_rank15,15,frozen_nn,fitting,1,1,2,1.010101,15,0.0166226432713114,0.1327199901053049
paper_rank15,15,frozen_nn,fitting,2,2,3,1.020202,1,0.03352257624278465,0.2670165459505176
paper_rank15,15,frozen_nn,fitting,2,2,3,1.020202,2,0.07858926816993694,0.6259851505306732
paper_rank15,15,frozen_nn,fitting,2,2,3,1.020202,3,0.08092364908390925,0.6445791369852751
paper_rank15,15,frozen_nn,fitting,2,2,3,1.020202,4,0.014210449901689834,0.11319014450653382
paper_rank15,15,frozen_nn,fitting,2,2,3,1.020202,5,0.035063824602656835,0.279293013323563
paper_rank15,15,frozen_nn,fitting,2,2,3,1.020202,6,0.0625497387358724,0.498225884144415
paper_rank15,15,frozen_nn,fitting,2,2,3,1.020202,7,0.027767615177351133,0.22117669716793728
paper_rank15,15,frozen_nn,fitting,2,2,3,1.020202,8,0.005549031908214749,0.044199566368937036
paper_rank15,15,frozen_nn,fitting,2,2,3,1.020202,9,0.014581079107898937,0.11614230813959105
paper_rank15,15,frozen_nn,fitting,2,2,3,1.020202,10,0.005022150463601022,0.04000281065281102
paper_rank15,15,frozen_nn,fitting,2,2,3,1.020202,11,0.002646948093651919,0.021083670066359195
paper_rank15,15,frozen_nn,fitting,2,2,3,1.020202,12,0.01432987796540548,0.11414142190335304
paper_rank15,15,frozen_nn,fitting,2,2,3,1.020202,13,0.029724692738948892,0.23676535857839712
paper_rank15,15,frozen_nn,fitting,2,2,3,1.020202,14,0.012530045632682117,0.09980526201834732
paper_rank15,15,frozen_nn,fitting,2,2,3,1.020202,15,0.013037809986482707,0.10384974484468774
paper_rank15,15,frozen_nn,fitting,3,3,4,1.030303,1,0.07632472402371349,0.6086594800927554
paper_rank15,15,frozen_nn,fitting,3,3,4,1.030303,2,0.15448895495455428,1.2319883000624723
paper_rank15,15,frozen_nn,fitting,3,3,4,1.030303,3,0.013447981478102888,0.10724233227775601
paper_rank15,15,frozen_nn,fitting,3,3,4,1.030303,4,0.03303720234560535,0.2634586192168581
paper_rank15,15,frozen_nn,fitting,3,3,4,1.030303,5,0.04253505279314465,0.33920021919436893
paper_rank15,15,frozen_nn,fitting,3,3,4,1.030303,6,0.026666009105024046,0.21265087356188703
paper_rank15,15,frozen_nn,fitting,3,3,4,1.030303,7,0.010120386746329126,0.08070608068552565
paper_rank15,15,frozen_nn,fitting,3,3,4,1.030303,8,0.0072705468186312775,0.057979734656403714
paper_rank15,15,frozen_nn,fitting,3,3,4,1.030303,9,0.007780682679564447,0.06204786633803002
paper_rank15,15,frozen_nn,fitting,3,3,4,1.030303,10,0.0349628714772199,0.2788150687484021
paper_rank15,15,frozen_nn,fitting,3,3,4,1.030303,11,0.024666073461701056,0.19670217797923753
paper_rank15,15,frozen_nn,fitting,3,3,4,1.030303,12,0.01277597967592453,0.10188338374872896
paper_rank15,15,frozen_nn,fitting,3,3,4,1.030303,13,0.0143284836896495,0.11426398908890903
paper_rank15,15,frozen_nn,fitting,3,3,4,1.030303,14,0.0060313074844083716,0.04809729120801
paper_rank15,15,frozen_nn,fitting,3,3,4,1.030303,15,0.014455247939431178,0.11527488383308776
paper_rank15,15,frozen_nn,fitting,4,4,5,1.040404,1,0.012741523109930597,0.10119735193322496
paper_rank15,15,frozen_nn,fitting,4,4,5,1.040404,2,0.014338882586264923,0.11388410434860062
paper_rank15,15,frozen_nn,fitting,4,4,5,1.040404,3,0.07414771726517244,0.5889054687096815
paper_rank15,15,frozen_nn,fitting,4,4,5,1.040404,4,0.031851451744201224,0.25297466746576586
paper_rank15,15,frozen_nn,fitting,4,4,5,1.040404,5,0.029749416959007992,0.23627961836545155
paper_rank15,15,frozen_nn,fitting,4,4,5,1.040404,6,0.035457970924094306,0.28161882464797217
paper_rank15,15,frozen_nn,fitting,4,4,5,1.040404,7,0.031067792682812026,0.2467505903953209
paper_rank15,15,frozen_nn,fitting,4,4,5,1.040404,8,0.03155459404049374,0.25061692630272064
paper_rank15,15,frozen_nn,fitting,4,4,5,1.040404,9,0.0181943953674071,0.1445058503070724
paper_rank15,15,frozen_nn,fitting,4,4,5,1.040404,10,0.01506627440103148,0.11966128850760495
paper_rank15,15,frozen_nn,fitting,4,4,5,1.040404,11,0.005226631597118782,0.04151162091027469
paper_rank15,15,frozen_nn,fitting,4,4,5,1.040404,12,0.015679483787062326,0.12453159840003492
paper_rank15,15,frozen_nn,fitting,4,4,5,1.040404,13,0.03430002919609873,0.2724220719869967
paper_rank15,15,frozen_nn,fitting,4,4,5,1.040404,14,0.001468815334279388,0.011665812715289919
paper_rank15,15,frozen_nn,fitting,4,4,5,1.040404,15,0.028743496172487983,0.22829026583890216
paper_rank15,15,frozen_nn,fitting,5,6,7,1.060606,1,0.008196556336525163,0.06490954480430812
paper_rank15,15,frozen_nn,fitting,5,6,7,1.060606,2,0.026546512761268737,0.21022512244528885
paper_rank15,15,frozen_nn,fitting,5,6,7,1.060606,3,0.01249069258589297,0.0989153416085192
paper_rank15,15,frozen_nn,fitting,5,6,7,1.060606,4,0.056275332354974825,0.4456513268377211
paper_rank15,15,frozen_nn,fitting,5,6,7,1.060606,5,0.01936824757187268,0.15337955135441314
paper_rank15,15,frozen_nn,fitting,5,6,7,1.060606,6,0.03231775444754499,0.25592830014962836
paper_rank15,15,frozen_nn,fitting,5,6,7,1.060606,7,0.05705742665406721,0.4518448284576529
paper_rank15,15,frozen_nn,fitting,5,6,7,1.060606,8,0.027444384193700135,0.21733547752358034
paper_rank15,15,frozen_nn,fitting,5,6,7,1.060606,9,0.03531289930651603,0.279647223248154
paper_rank15,15,frozen_nn,fitting,5,6,7,1.060606,10,0.02847799607246264,0.22552077800834983
paper_rank15,15,frozen_nn,fitting,5,6,7,1.060606,11,0.0029346714750557563,0.023240026881436886
paper_rank15,15,frozen_nn,fitting,5,6,7,1.060606,12,0.005653056682620904,0.04476725602272063
paper_rank15,15,frozen_nn,fitting,5,6,7,1.060606,13,0.012253211299896333,0.09703469789173137
paper_rank15,15,frozen_nn,fitting,5,6,7,1.060606,14,0.03283883806180581,0.26005482582919104
paper_rank15,15,frozen_nn,fitting,5,6,7,1.060606,15,0.015604821877258387,0.12357651716386046
paper_rank15,15,frozen_nn,fitting,6,7,8,1.070707,1,0.01928484823585741,0.1521742911248517
paper_rank15,15,frozen_nn,fitting,6,7,8,1.070707,2,0.020934671524496462,0.16519283741359606
paper_rank15,15,frozen_nn,fitting,6,7,8,1.070707,3,0.10418280895633036,0.8220933297700153
paper_rank15,15,frozen_nn,fitting,6,7,8,1.070707,4,0.022394032492473202,0.17670846969034984
paper_rank15,15,frozen_nn,fitting,6,7,8,1.070707,5,0.001960378211893293,0.015469095793908528
paper_rank15,15,frozen_nn,fitting,6,7,8,1.070707,6,0.009055099654055428,0.07145264272075878
paper_rank15,15,frozen_nn,fitting,6,7,8,1.070707,7,0.025805764776261578,0.20363001635971542
paper_rank15,15,frozen_nn,fitting,6,7,8,1.070707,8,0.02861546023559709,0.22580096681635956
paper_rank15,15,frozen_nn,fitting,6,7,8,1.070707,9,0.0015735589307204105,0.01241675391462638
paper_rank15,15,frozen_nn,fitting,6,7,8,1.070707,10,0.011413753227868789,0.09006447887390899
paper_rank15,15,frozen_nn,fitting,6,7,8,1.070707,11,0.011615967018563694,0.0916601222452398
paper_rank15,15,frozen_nn,fitting,6,7,8,1.070707,12,0.008060723575275104,0.06360614722080714
paper_rank15,15,frozen_nn,fitting,6,7,8,1.070707,13,0.0010395507208904768,0.008202962870389609
paper_rank15,15,frozen_nn,fitting,6,7,8,1.070707,14,0.016312125452082465,0.12871691273125216
paper_rank15,15,frozen_nn,fitting,6,7,8,1.070707,15,0.004483399305789866,0.035377935197833915
paper_rank15,15,frozen_nn,fitting,7,9,10,1.090909,1,0.005414960425342841,0.042558164469761774
paper_rank15,15,frozen_nn,fitting,7,9,10,1.090909,2,0.019180216513897896,0.15074437204449673
paper_rank15,15,frozen_nn,fitting,7,9,10,1.090909,3,0.08908663207667031,0.7001645888734348
paper_rank15,15,frozen_nn,fitting,7,9,10,1.090909,4,0.03092629308883628,0.24306110559089084
paper_rank15,15,frozen_nn,fitting,7,9,10,1.090909,5,0.00969324305641135,0.07618276032257651
paper_rank15,15,frozen_nn,fitting,7,9,10,1.090909,6,0.029964620235762338,0.23550296513695856
paper_rank15,15,frozen_nn,fitting,7,9,10,1.090909,7,0.004195941829391668,0.03297744922475545
paper_rank15,15,frozen_nn,fitting,7,9,10,1.090909,8,0.00017221150203128657,0.0013534734977436482
paper_rank15,15,frozen_nn,fitting,7,9,10,1.090909,9,0.004460643969454091,0.03505784064544829
paper_rank15,15,frozen_nn,fitting,7,9,10,1.090909,10,0.006389135816928144,0.05021456696966684
paper_rank15,15,frozen_nn,fitting,7,9,10,1.090909,11,0.004651118741959937,0.0365548518992528
paper_rank15,15,frozen_nn,fitting,7,9,10,1.090909,12,0.004826908679446447,0.03793644963663725
paper_rank15,15,frozen_nn,fitting,7,9,10,1.090909,13,0.00376103718306159,0.029559373742512714
paper_rank15,15,frozen_nn,fitting,7,9,10,1.090909,14,0.0004492687067615508,0.0035309679132631325
paper_rank15,15,frozen_nn,fitting,7,9,10,1.090909,15,0.01760771916468041,0.13838553734220524
paper_rank15,15,frozen_nn,fitting,8,10,11,1.10101,1,0.004284637251158685,0.03357102768476942
paper_rank15,15,frozen_nn,fitting,8,10,11,1.10101,2,0.015697817274400006,0.12299567674412132
paper_rank15,15,frozen_nn,fitting,8,10,11,1.10101,3,0.010386932953280775,0.08138378894039033
paper_rank15,15,frozen_nn,fitting,8,10,11,1.10101,4,0.0136883099201476,0.10725076694945623
paper_rank15,15,frozen_nn,fitting,8,10,11,1.10101,5,0.02776074920676638,0.2175112677084315
paper_rank15,15,frozen_nn,fitting,8,10,11,1.10101,6,0.027025959569544962,0.2117540374441959
paper_rank15,15,frozen_nn,fitting,8,10,11,1.10101,7,0.022067611191386734,0.17290434237867622
paper_rank15,15,frozen_nn,fitting,8,10,11,1.10101,8,0.030335895810337472,0.2376880791520249
paper_rank15,15,frozen_nn,fitting,8,10,11,1.10101,9,0.0407797249631974,0.31951766169856316
paper_rank15,15,frozen_nn,fitting,8,10,11,1.10101,10,0.013851768040760814,0.10853149546175272
paper_rank15,15,frozen_nn,fitting,8,10,11,1.10101,11,0.014872200098619073,0.11652679374646091
paper_rank15,15,frozen_nn,fitting,8,10,11,1.10101,12,0.013786538364087154,0.10802040732217036
paper_rank15,15,frozen_nn,fitting,8,10,11,1.10101,13,0.021128569684112666,0.16554675605574534
paper_rank15,15,frozen_nn,fitting,8,10,11,1.10101,14,0.006399411313239258,0.050140724119616994
paper_rank15,15,frozen_nn,fitting,8,10,11,1.10101,15,0.0018352060347990914,0.014379222554916455
paper_rank15,15,frozen_nn,fitting,9,11,12,1.111111,1,0.03646141520531998,0.284348681393479
paper_rank15,15,frozen_nn,fitting,9,11,12,1.111111,2,0.06168138883873553,0.4810296441881892
paper_rank15,15,frozen_nn,fitting,9,11,12,1.111111,3,0.028260926612374032,0.22039619614144687
paper_rank15,15,frozen_nn,fitting,9,11,12,1.111111,4,0.015536654759531796,0.12116444930239553
paper_rank15,15,frozen_nn,fitting,9,11,12,1.111111,5,0.05090376866211711,0.3969790918845021
paper_rank15,15,frozen_nn,fitting,9,11,12,1.111111,6,0.016473370419311364,0.12846953774175154
paper_rank15,15,frozen_nn,fitting,9,11,12,1.111111,7,0.03126316815187764,0.24380953372517353
paper_rank15,15,frozen_nn,fitting,9,11,12,1.111111,8,0.008915405096244404,0.06952784659976426
paper_rank15,15,frozen_nn,fitting,9,11,12,1.111111,9,0.031159469219546276,0.24300082527257255
paper_rank15,15,frozen_nn,fitting,9,11,12,1.111111,10,0.005876162256798233,0.04582594997933361
paper_rank15,15,frozen_nn,fitting,9,11,12,1.111111,11,0.02193014454732396,0.1710248395374986
paper_rank15,15,frozen_nn,fitting,9,11,12,1.111111,12,0.023363592143417735,0.18220375103889436
paper_rank15,15,frozen_nn,fitting,9,11,12,1.111111,13,0.008724388348841393,0.06803817978507098
paper_rank15,15,frozen_nn,fitting,9,11,12,1.111111,14,0.012318467495369918,0.0960670333110327
paper_rank15,15,frozen_nn,fitting,9,11,12,1.111111,15,0.03770646277769715,0.2940583329109535
paper_rank15,15,frozen_nn,fitting,10,12,13,1.121212,1,0.028799632125316776,0.22398964868298166
paper_rank15,15,frozen_nn,fitting,10,12,13,1.121212,2,0.06323720861805482,0.49182850948984885
paper_rank15,15,frozen_nn,fitting,10,12,13,1.121212,3,0.07250917807093502,0.5639414160475791
paper_rank15,15,frozen_nn,fitting,10,12,13,1.121212,4,0.07915140646417962,0.6156014649607428
paper_rank15,15,frozen_nn,fitting,10,12,13,1.121212,5,0.034073989185747305,0.26501105409030656
paper_rank15,15,frozen_nn,fitting,10,12,13,1.121212,6,0.037933305903866704,0.29502695818541536
paper_rank15,15,frozen_nn,fitting,10,12,13,1.121212,7,0.0338113616563567,0.26296846383128136
paper_rank15,15,frozen_nn,fitting,10,12,13,1.121212,8,0.06911479715431794,0.5375415583792265
paper_rank15,15,frozen_nn,fitting,10,12,13,1.121212,9,0.019040299691908666,0.14808626791660437
paper_rank15,15,frozen_nn,fitting,10,12,13,1.121212,10,0.047696927178575405,0.3709636954909316
paper_rank15,15,frozen_nn,fitting,10,12,13,1.121212,11,0.0177427789504692,0.13799477738056992
paper_rank15,15,frozen_nn,fitting,10,12,13,1.121212,12,0.04055001920219461,0.315378492185786
paper_rank15,15,frozen_nn,fitting,10,12,13,1.121212,13,0.0014156376078123785,0.01101014655522526
paper_rank15,15,frozen_nn,fitting,10,12,13,1.121212,14,0.028827236693249797,0.2242043436987533
paper_rank15,15,frozen_nn,fitting,10,12,13,1.121212,15,0.0003164390313901543,0.002461110168430113
paper_rank15,15,frozen_nn,fitting,11,13,14,1.131313,1,0.03226583574660857,0.2508576908379432
paper_rank15,15,frozen_nn,fitting,11,13,14,1.131313,2,0.04073773914120338,0.3167243288280522
paper_rank15,15,frozen_nn,fitting,11,13,14,1.131313,3,0.009612306809063234,0.07473295000582442
paper_rank15,15,frozen_nn,fitting,11,13,14,1.131313,4,0.029566617593814314,0.2298720378334647
paper_rank15,15,frozen_nn,fitting,11,13,14,1.131313,5,0.02509658508895706,0.1951188071734809
paper_rank15,15,frozen_nn,fitting,11,13,14,1.131313,6,0.004756312746959723,0.03697897807376032
paper_rank15,15,frozen_nn,fitting,11,13,14,1.131313,7,0.0018139760040166292,0.014103147216661852
paper_rank15,15,frozen_nn,fitting,11,13,14,1.131313,8,0.010182814842462756,0.07916848761244423
paper_rank15,15,frozen_nn,fitting,11,13,14,1.131313,9,0.008028573342998703,0.06241987300017211
paper_rank15,15,frozen_nn,fitting,11,13,14,1.131313,10,0.03617213273518626,0.281228038284617
paper_rank15,15,frozen_nn,fitting,11,13,14,1.131313,11,0.017215984766319473,0.13384938229700283
paper_rank15,15,frozen_nn,fitting,11,13,14,1.131313,12,0.003621908299061666,0.028159306315965874
paper_rank15,15,frozen_nn,fitting,11,13,14,1.131313,13,0.010391208594908361,0.0807886897337872
paper_rank15,15,frozen_nn,fitting,11,13,14,1.131313,14,0.012305277696437971,0.09567003229948978
paper_rank15,15,frozen_nn,fitting,11,13,14,1.131313,15,0.0012273833734769415,0.009542556444572282
paper_rank15,15,frozen_nn,fitting,12,14,15,1.141414,1,0.06605033653399062,0.5128148735345632
paper_rank15,15,frozen_nn,fitting,12,14,15,1.141414,2,0.07903269817788061,0.6136099412654494
paper_rank15,15,frozen_nn,fitting,12,14,15,1.141414,3,0.045107272471419574,0.35021290491103196
paper_rank15,15,frozen_nn,fitting,12,14,15,1.141414,4,0.08504516096491374,0.6602907078680079
paper_rank15,15,frozen_nn,fitting,12,14,15,1.141414,5,0.07613036495100872,0.5910762234254573
paper_rank15,15,frozen_nn,fitting,12,14,15,1.141414,6,0.015421307510027911,0.11973104567639622
paper_rank15,15,frozen_nn,fitting,12,14,15,1.141414,7,0.027990626696911186,0.2173192513915938
paper_rank15,15,frozen_nn,fitting,12,14,15,1.141414,8,0.027767852680078232,0.21558963372022605
paper_rank15,15,frozen_nn,fitting,12,14,15,1.141414,9,0.0005027380950760503,0.0039032590320680315
paper_rank15,15,frozen_nn,fitting,12,14,15,1.141414,10,0.04376024346095918,0.3397545704362159
paper_rank15,15,frozen_nn,fitting,12,14,15,1.141414,11,0.013994546581627444,0.10865367251743868
paper_rank15,15,frozen_nn,fitting,12,14,15,1.141414,12,0.02786322463793095,0.21633010168861883
paper_rank15,15,frozen_nn,fitting,12,14,15,1.141414,13,0.0014324765113674217,0.011121748950364267
paper_rank15,15,frozen_nn,fitting,12,14,15,1.141414,14,0.015209203360645933,0.11808426886572093
paper_rank15,15,frozen_nn,fitting,12,14,15,1.141414,15,0.011562751319232439,0.08977321186595832
paper_rank15,15,frozen_nn,fitting,13,15,16,1.151515,1,0.028397348508940823,0.2185910959222706
paper_rank15,15,frozen_nn,fitting,13,15,16,1.151515,2,0.041966259271491335,0.32303898383418456
paper_rank15,15,frozen_nn,fitting,13,15,16,1.151515,3,0.00674603681285274,0.05192821363548012
paper_rank15,15,frozen_nn,fitting,13,15,16,1.151515,4,0.046605729428587914,0.35875171475408396
paper_rank15,15,frozen_nn,fitting,13,15,16,1.151515,5,0.06411521571463594,0.49353253047348655
paper_rank15,15,frozen_nn,fitting,13,15,16,1.151515,6,0.06243445112128912,0.4805946967059658
paper_rank15,15,frozen_nn,fitting,13,15,16,1.151515,7,0.010312090829675909,0.07937822909766194
paper_rank15,15,frozen_nn,fitting,13,15,16,1.151515,8,0.027359451656377213,0.210601793315912
paper_rank15,15,frozen_nn,fitting,13,15,16,1.151515,9,0.03927492960752292,0.3023222362635532
paper_rank15,15,frozen_nn,fitting,13,15,16,1.151515,10,0.003171568355865682,0.02441342727764873
paper_rank15,15,frozen_nn,fitting,13,15,16,1.151515,11,0.017459304757070075,0.13439453897208967
paper_rank15,15,frozen_nn,fitting,13,15,16,1.151515,12,0.014833049677590165,0.1141787087577231
paper_rank15,15,frozen_nn,fitting,13,15,16,1.151515,13,0.002381791717372265,0.01833405191315904
paper_rank15,15,frozen_nn,fitting,13,15,16,1.151515,14,0.0010433112877032127,0.008030980698614064
paper_rank15,15,frozen_nn,fitting,13,15,16,1.151515,15,0.0003610156753142942,0.002778950016661734
paper_rank15,15,frozen_nn,fitting,14,16,17,1.161616,1,0.038095599587324,0.29339068361601317
paper_rank15,15,frozen_nn,fitting,14,16,17,1.161616,2,0.03540742592685575,0.27268789598523996
paper_rank15,15,frozen_nn,fitting,14,16,17,1.161616,3,0.06123041206950908,0.47156187721851656
paper_rank15,15,frozen_nn,fitting,14,16,17,1.161616,4,0.037631218759516694,0.289814286079173
paper_rank15,15,frozen_nn,fitting,14,16,17,1.161616,5,0.07736396971903535,0.5958133802589853
paper_rank15,15,frozen_nn,fitting,14,16,17,1.161616,6,0.02293721041534688,0.17664937464961614
paper_rank15,15,frozen_nn,fitting,14,16,17,1.161616,7,0.021026147106530207,0.16193144983202726
paper_rank15,15,frozen_nn,fitting,14,16,17,1.161616,8,0.025643178032806226,0.19748920123665734
paper_rank15,15,frozen_nn,fitting,14,16,17,1.161616,9,0.0270520204455432,0.20833930579092902
paper_rank15,15,frozen_nn,fitting,14,16,17,1.161616,10,0.03721608093954503,0.2866171302366154
paper_rank15,15,frozen_nn,fitting,14,16,17,1.161616,11,0.002010566179779098,0.01548423944840348
paper_rank15,15,frozen_nn,fitting,14,16,17,1.161616,12,0.0017953829878173243,0.0138270206494809
paper_rank15,15,frozen_nn,fitting,14,16,17,1.161616,13,0.0032605087245269285,0.025110587416590564
paper_rank15,15,frozen_nn,fitting,14,16,17,1.161616,14,0.005138056853079552,0.03957039734018375
paper_rank15,15,frozen_nn,fitting,14,16,17,1.161616,15,0.007762170875980663,0.05977983400492385
paper_rank15,15,frozen_nn,fitting,15,17,18,1.171717,1,0.01235281516601816,0.09451628572265382
paper_rank15,15,frozen_nn,fitting,15,17,18,1.171717,2,0.023654471822096568,0.18098974098682438
paper_rank15,15,frozen_nn,fitting,15,17,18,1.171717,3,0.014579413785483913,0.11155287442561007
paper_rank15,15,frozen_nn,fitting,15,17,18,1.171717,4,0.0030781202697268695,0.02355191840824548
paper_rank15,15,frozen_nn,fitting,15,17,18,1.171717,5,0.08680282605699309,0.664162832429166
paper_rank15,15,frozen_nn,fitting,15,17,18,1.171717,6,0.027134932530172042,0.20762012558416548
paper_rank15,15,frozen_nn,fitting,15,17,18,1.171717,7,0.028555926001264553,0.21849270993993855
paper_rank15,15,frozen_nn,fitting,15,17,18,1.171717,8,0.005081443073891622,0.038880135337615945
paper_rank15,15,frozen_nn,fitting,15,17,18,1.171717,9,0.022460128525697714,0.17185134696600965
paper_rank15,15,frozen_nn,fitting,15,17,18,1.171717,10,0.01797687472466164,0.13754819488845052
paper_rank15,15,frozen_nn,fitting,15,17,18,1.171717,11,0.019078019428685238,0.14597348953333347
paper_rank15,15,frozen_nn,fitting,15,17,18,1.171717,12,0.009346109682470816,0.07151079015362759
paper_rank15,15,frozen_nn,fitting,15,17,18,1.171717,13,0.01300444639688212,0.0995021745888268
paper_rank15,15,frozen_nn,fitting,15,17,18,1.171717,14,0.016489558588014982,0.12616814952697503
paper_rank15,15,frozen_nn,fitting,15,17,18,1.171717,15,0.0065775411431960844,0.050327374747179
paper_rank15,15,frozen_nn,fitting,16,18,19,1.181818,1,0.005485737218192455,0.041833938669379685
paper_rank15,15,frozen_nn,fitting,16,18,19,1.181818,2,0.002891943185379997,0.02205380408148325
paper_rank15,15,frozen_nn,fitting,16,18,19,1.181818,3,0.016856503131285006,0.1285467914569079
paper_rank15,15,frozen_nn,fitting,16,18,19,1.181818,4,0.01579564944656782,0.12045677798771236
paper_rank15,15,frozen_nn,fitting,16,18,19,1.181818,5,0.020137864694573814,0.15357027926369624
paper_rank15,15,frozen_nn,fitting,16,18,19,1.181818,6,0.016166693007073022,0.12328633633811353
paper_rank15,15,frozen_nn,fitting,16,18,19,1.181818,7,0.05206741665806418,0.39706333506514646
paper_rank15,15,frozen_nn,fitting,16,18,19,1.181818,8,0.03994147669713604,0.3045915653726866
paper_rank15,15,frozen_nn,fitting,16,18,19,1.181818,9,0.016851874068351903,0.1285114904705249
paper_rank15,15,frozen_nn,fitting,16,18,19,1.181818,10,0.04352048684892748,0.33188490539827104
paper_rank15,15,frozen_nn,fitting,16,18,19,1.181818,11,0.010460159726472067,0.07976861870414807
paper_rank15,15,frozen_nn,fitting,16,18,19,1.181818,12,0.008769107018111889,0.06687274118132025
paper_rank15,15,frozen_nn,fitting,16,18,19,1.181818,13,0.00971137762041538,0.07405844640540538
paper_rank15,15,frozen_nn,fitting,16,18,19,1.181818,14,0.0016727523547267146,0.012756320004652984
paper_rank15,15,frozen_nn,fitting,16,18,19,1.181818,15,0.010020569354147614,0.07641632603243852
paper_rank15,15,frozen_nn,fitting,17,19,20,1.191919,1,0.05255748857130982,0.39835626418312536
paper_rank15,15,frozen_nn,fitting,17,19,20,1.191919,2,0.07705813723972432,0.5840574294960483
paper_rank15,15,frozen_nn,fitting,17,19,20,1.191919,3,0.07103452248911918,0.5384018105888827
paper_rank15,15,frozen_nn,fitting,17,19,20,1.191919,4,0.007952285920752852,0.06027386386259788
paper_rank15,15,frozen_nn,fitting,17,19,20,1.191919,5,0.0803155117706986,0.6087465001589968
paper_rank15,15,frozen_nn,fitting,17,19,20,1.191919,6,0.04942966497043645,0.37464911685668545
paper_rank15,15,frozen_nn,fitting,17,19,20,1.191919,7,0.03790409385920171,0.28729175684472463
paper_rank15,15,frozen_nn,fitting,17,19,20,1.191919,8,0.036195430149286445,0.2743410449532382
paper_rank15,15,frozen_nn,fitting,17,19,20,1.191919,9,0.032360669664982564,0.24527571283616564
paper_rank15,15,frozen_nn,fitting,17,19,20,1.191919,10,0.014413791699779813,0.10924845098805547
paper_rank15,15,frozen_nn,fitting,17,19,20,1.191919,11,0.0056926779745439535,0.04314730389105377
paper_rank15,15,frozen_nn,fitting,17,19,20,1.191919,12,0.04234307254687805,0.3209367238109838
paper_rank15,15,frozen_nn,fitting,17,19,20,1.191919,13,0.0003505919740514705,0.0026572903849132767
paper_rank15,15,frozen_nn,fitting,17,19,20,1.191919,14,0.021299365322041373,0.16143723434668977
paper_rank15,15,frozen_nn,fitting,17,19,20,1.191919,15,0.007293104520037116,0.055277638827000125
paper_rank15,15,frozen_nn,fitting,18,20,21,1.20202,1,0.022144571111383016,0.1678870064799436
paper_rank15,15,frozen_nn,fitting,18,20,21,1.20202,2,0.046762201585010654,0.3545232825251498
paper_rank15,15,frozen_nn,fitting,18,20,21,1.20202,3,0.05731402787786044,0.4345209722655619
paper_rank15,15,frozen_nn,fitting,18,20,21,1.20202,4,0.05517548679319493,0.41830782191223176
paper_rank15,15,frozen_nn,fitting,18,20,21,1.20202,5,0.02617698402761277,0.19845836999796984
paper_rank15,15,frozen_nn,fitting,18,20,21,1.20202,6,0.05048506617484613,0.3827478341939957
paper_rank15,15,frozen_nn,fitting,18,20,21,1.20202,7,0.04640885883280183,0.3518444473094508
paper_rank15,15,frozen_nn,fitting,18,20,21,1.20202,8,0.010153080412050635,0.07697463492770604
paper_rank15,15,frozen_nn,fitting,18,20,21,1.20202,9,0.01529883248827925,0.11598667574893928
paper_rank15,15,frozen_nn,fitting,18,20,21,1.20202,10,0.018990852435986257,0.14397738163197843
paper_rank15,15,frozen_nn,fitting,18,20,21,1.20202,11,0.006005446375071128,0.04552973319805027
paper_rank15,15,frozen_nn,fitting,18,20,21,1.20202,12,0.019172066585455932,0.1453512398536278
paper_rank15,15,frozen_nn,fitting,18,20,21,1.20202,13,0.00843697133577023,0.06396411356061217
paper_rank15,15,frozen_nn,fitting,18,20,21,1.20202,14,0.005178317185275493,0.03925893016698187
paper_rank15,15,frozen_nn,fitting,18,20,21,1.20202,15,0.007341267794075071,0.05565713905749732
paper_rank15,15,frozen_nn,fitting,19,21,22,1.212121,1,0.06680652540578258,0.5058384053679804
paper_rank15,15,frozen_nn,fitting,19,21,22,1.212121,2,0.13720265807276455,1.0388562097822889
paper_rank15,15,frozen_nn,fitting,19,21,22,1.212121,3,0.005822985945847348,0.04408985360990844
paper_rank15,15,frozen_nn,fitting,19,21,22,1.212121,4,0.06537546889599762,0.4950028868538198
paper_rank15,15,frozen_nn,fitting,19,21,22,1.212121,5,0.001402415184220504,0.010618655230773894
paper_rank15,15,frozen_nn,fitting,19,21,22,1.212121,6,0.0007632188632552689,0.005778857834483204
paper_rank15,15,frozen_nn,fitting,19,21,22,1.212121,7,0.04713088624882636,0.35686053419000935
paper_rank15,15,frozen_nn,fitting,19,21,22,1.212121,8,0.02886381580075901,0.21854791083368155
paper_rank15,15,frozen_nn,fitting,19,21,22,1.212121,9,0.024747083507048562,0.18737728362131179
paper_rank15,15,frozen_nn,fitting,19,21,22,1.212121,10,0.03753218363683486,0.284182118520887
paper_rank15,15,frozen_nn,fitting,19,21,22,1.212121,11,0.02122014699472766,0.1606724081560763
paper_rank15,15,frozen_nn,fitting,19,21,22,1.212121,12,0.0040261800053628,0.03048499321386476
paper_rank15,15,frozen_nn,fitting,19,21,22,1.212121,13,0.004310805330879908,0.03264008839225364
paper_rank15,15,frozen_nn,fitting,19,21,22,1.212121,14,0.017538296044733278,0.13279456834873113
paper_rank15,15,frozen_nn,fitting,19,21,22,1.212121,15,0.021133494228084783,0.16001630013319804
paper_rank15,15,frozen_nn,fitting,20,22,23,1.222222,1,0.04823668076838317,0.3615685082004938
paper_rank15,15,frozen_nn,fitting,20,22,23,1.222222,2,0.09592442903512532,0.719022373714976
paper_rank15,15,frozen_nn,fitting,20,22,23,1.222222,3,0.05573999218972592,0.41781120719973425
paper_rank15,15,frozen_nn,fitting,20,22,23,1.222222,4,0.06673894179870836,0.5002562207981582
paper_rank15,15,frozen_nn,fitting,20,22,23,1.222222,5,0.012785157684596093,0.09583392384157274
paper_rank15,15,frozen_nn,fitting,20,22,23,1.222222,6,0.04901541740702346,0.36740569766355474
paper_rank15,15,frozen_nn,fitting,20,22,23,1.222222,7,0.01931803371236948,0.1448025137609899
paper_rank15,15,frozen_nn,fitting,20,22,23,1.222222,8,0.0010830832590352888,0.008118485600340045
paper_rank15,15,frozen_nn,fitting,20,22,23,1.222222,9,0.04626683265626869,0.3468030842133271
paper_rank15,15,frozen_nn,fitting,20,22,23,1.222222,10,0.009340226259725878,0.07001169278624395
paper_rank15,15,frozen_nn,fitting,20,22,23,1.222222,11,0.03670389201409023,0.2751219874437361
paper_rank15,15,frozen_nn,fitting,20,22,23,1.222222,12,0.017763477276504964,0.1331499986526654
paper_rank15,15,frozen_nn,fitting,20,22,23,1.222222,13,0.0016418490348054544,0.01230683572643605
paper_rank15,15,frozen_nn,fitting,20,22,23,1.222222,14,0.01628114245445968,0.12203883632302483
paper_rank15,15,frozen_nn,fitting,20,22,23,1.222222,15,0.009519505439619448,0.07135551878324359
paper_rank15,15,frozen_nn,fitting,21,23,24,1.232323,1,0.04219801055174344,0.3167042754610421
paper_rank15,15,frozen_nn,fitting,21,23,24,1.232323,2,0.09903394897471363,0.7432690462414856
paper_rank15,15,frozen_nn,fitting,21,23,24,1.232323,3,0.0386380840504118,0.2899863347676931
paper_rank15,15,frozen_nn,fitting,21,23,24,1.232323,4,0.055578642783863,0.417128522501973
paper_rank15,15,frozen_nn,fitting,21,23,24,1.232323,5,0.05607957060294272,0.4208880831998734
paper_rank15,15,frozen_nn,fitting,21,23,24,1.232323,6,0.04064517709478625,0.3050499583862062
paper_rank15,15,frozen_nn,fitting,21,23,24,1.232323,7,0.03422507477446581,0.25686584195138923
paper_rank15,15,frozen_nn,fitting,21,23,24,1.232323,8,0.006662409996145139,0.05000268266358766
paper_rank15,15,frozen_nn,fitting,21,23,24,1.232323,9,0.03506017264880104,0.2631334139002158
paper_rank15,15,frozen_nn,fitting,21,23,24,1.232323,10,0.003109666380474137,0.023338650923981377
paper_rank15,15,frozen_nn,fitting,21,23,24,1.232323,11,0.023802605285043545,0.1786431815699291
paper_rank15,15,frozen_nn,fitting,21,23,24,1.232323,12,0.011762945720844908,0.0882831951814334
paper_rank15,15,frozen_nn,fitting,21,23,24,1.232323,13,0.010382754448573218,0.07792459127648224
paper_rank15,15,frozen_nn,fitting,21,23,24,1.232323,14,0.004377603995123541,0.03285476929844703
paper_rank15,15,frozen_nn,fitting,21,23,24,1.232323,15,0.004579223458260666,0.034367962578338504
paper_rank15,15,frozen_nn,fitting,22,24,25,1.242424,1,0.033306779704380673,0.2479224110760628
paper_rank15,15,frozen_nn,fitting,22,24,25,1.242424,2,0.048791444132971984,0.3631840897467023
paper_rank15,15,frozen_nn,fitting,22,24,25,1.242424,3,0.0011251208918965916,0.008374952089239815
paper_rank15,15,frozen_nn,fitting,22,24,25,1.242424,4,0.003493983554902047,0.026007822878100002
paper_rank15,15,frozen_nn,fitting,22,24,25,1.242424,5,0.01732667393029123,0.12897286422924806
paper_rank15,15,frozen_nn,fitting,22,24,25,1.242424,6,0.009913728372976962,0.07379384806326247
paper_rank15,15,frozen_nn,fitting,22,24,25,1.242424,7,0.032296864449281426,0.24040500389203018
paper_rank15,15,frozen_nn,fitting,22,24,25,1.242424,8,0.011286093249815325,0.08400918596628769
paper_rank15,15,frozen_nn,fitting,22,24,25,1.242424,9,0.03072240314924877,0.22868534065485724
paper_rank15,15,frozen_nn,fitting,22,24,25,1.242424,10,0.006871744620023485,0.0511505318021217
paper_rank15,15,frozen_nn,fitting,22,24,25,1.242424,11,0.01278318267327773,0.09515292375047386
paper_rank15,15,frozen_nn,fitting,22,24,25,1.242424,12,0.008294823407548342,0.06174336387072181
paper_rank15,15,frozen_nn,fitting,22,24,25,1.242424,13,0.007859049810418708,0.05849963866394482
paper_rank15,15,frozen_nn,fitting,22,24,25,1.242424,14,0.02266386154968961,0.16870076451594324
paper_rank15,15,frozen_nn,fitting,22,24,25,1.242424,15,0.0035027839138222607,0.026073329247109527
paper_rank15,15,frozen_nn,fitting,23,25,26,1.252525,1,0.013348597555369324,0.09926897458774422
paper_rank15,15,frozen_nn,fitting,23,25,26,1.252525,2,0.014163353585362248,0.10532803774408651
paper_rank15,15,frozen_nn,fitting,23,25,26,1.252525,3,0.005862931847610109,0.043600627719574805
paper_rank15,15,frozen_nn,fitting,23,25,26,1.252525,4,0.01368240725032245,0.10175140362105609
paper_rank15,15,frozen_nn,fitting,23,25,26,1.252525,5,0.023180804742073596,0.17238775139630746
paper_rank15,15,frozen_nn,fitting,23,25,26,1.252525,6,0.0071001139095915565,0.05280112943234454
paper_rank15,15,frozen_nn,fitting,23,25,26,1.252525,7,0.011510902435847,0.0856026617512692
paper_rank15,15,frozen_nn,fitting,23,25,26,1.252525,8,0.02097664782388547,0.15599618694982328
paper_rank15,15,frozen_nn,fitting,23,25,26,1.252525,9,0.011094554961570625,0.08250642735869149
paper_rank15,15,frozen_nn,fitting,23,25,26,1.252525,10,0.029056110152218984,0.21608039708704213
paper_rank15,15,frozen_nn,fitting,23,25,26,1.252525,11,0.024599212008226325,0.18293596324213918
paper_rank15,15,frozen_nn,fitting,23,25,26,1.252525,12,0.015252903827168481,0.11343065188143668
paper_rank15,15,frozen_nn,fitting,23,25,26,1.252525,13,0.014605080378262197,0.1086130094871647
paper_rank15,15,frozen_nn,fitting,23,25,26,1.252525,14,0.021177092007194934,0.15748682208633652
paper_rank15,15,frozen_nn,fitting,23,25,26,1.252525,15,0.002552391361990541,0.018981265425108296
paper_rank15,15,frozen_nn,fitting,24,26,27,1.262626,1,0.07657395820287505,0.5639372377599349
paper_rank15,15,frozen_nn,fitting,24,26,27,1.262626,2,0.12216058312915123,0.8996648916917276
paper_rank15,15,frozen_nn,fitting,24,26,27,1.262626,3,0.02293396047924523,0.1688996445670935
paper_rank15,15,frozen_nn,fitting,24,26,27,1.262626,4,0.0267451106325539,0.19696727409266956
paper_rank15,15,frozen_nn,fitting,24,26,27,1.262626,5,0.07052095812306124,0.5193592607912231
paper_rank15,15,frozen_nn,fitting,24,26,27,1.262626,6,0.02671615450987492,0.19675402358005326
paper_rank15,15,frozen_nn,fitting,24,26,27,1.262626,7,0.03701258555511448,0.27258320909837513
paper_rank15,15,frozen_nn,fitting,24,26,27,1.262626,8,0.007002458338895955,0.05157036551125732
paper_rank15,15,frozen_nn,fitting,24,26,27,1.262626,9,0.023446328898737268,0.1726730374801023
paper_rank15,15,frozen_nn,fitting,24,26,27,1.262626,10,0.002034351019839605,0.014982199192615054
paper_rank15,15,frozen_nn,fitting,24,26,27,1.262626,11,0.0021117780286721705,0.015552418814452646
paper_rank15,15,frozen_nn,fitting,24,26,27,1.262626,12,0.027484634803457794,0.202413580225772
paper_rank15,15,frozen_nn,fitting,24,26,27,1.262626,13,0.01627187890369618,0.11983602072394955
paper_rank15,15,frozen_nn,fitting,24,26,27,1.262626,14,0.021266390234169055,0.15661864225443511
paper_rank15,15,frozen_nn,fitting,24,26,27,1.262626,15,0.005041669757923491,0.03712992489494193
paper_rank15,15,frozen_nn,fitting,25,27,28,1.272727,1,0.04291193129990667,0.3172441630755673
paper_rank15,15,frozen_nn,fitting,25,27,28,1.272727,2,0.05585703398200481,0.412946177454921
paper_rank15,15,frozen_nn,fitting,25,27,28,1.272727,3,0.005895846812284056,0.0435874809388706
paper_rank15,15,frozen_nn,fitting,25,27,28,1.272727,4,0.013428265841987155,0.09927399745363379
paper_rank15,15,frozen_nn,fitting,25,27,28,1.272727,5,0.06426695898095419,0.47512001901832296
paper_rank15,15,frozen_nn,fitting,25,27,28,1.272727,6,0.03861311672771634,0.28546340211096954
paper_rank15,15,frozen_nn,fitting,25,27,28,1.272727,7,0.012534459289996415,0.09266616361935523
paper_rank15,15,frozen_nn,fitting,25,27,28,1.272727,8,0.06794481157412664,0.5023100622648463
paper_rank15,15,frozen_nn,fitting,25,27,28,1.272727,9,0.004382064480546014,0.03239622027165704
paper_rank15,15,frozen_nn,fitting,25,27,28,1.272727,10,0.005522422131029518,0.04082678486000141
paper_rank15,15,frozen_nn,fitting,25,27,28,1.272727,11,0.0027286856968998137,0.02017293521839543
paper_rank15,15,frozen_nn,fitting,25,27,28,1.272727,12,0.009123517204990968,0.06744936646580607
paper_rank15,15,frozen_nn,fitting,25,27,28,1.272727,13,0.014406500586444524,0.10650600154657226
paper_rank15,15,frozen_nn,fitting,25,27,28,1.272727,14,0.016356781643856583,0.1209242591984288
paper_rank15,15,frozen_nn,fitting,25,27,28,1.272727,15,0.00883750376266876,0.06533489404778026
paper_rank15,15,frozen_nn,fitting,26,29,30,1.292929,1,0.02160820293039123,0.1578644366755591
paper_rank15,15,frozen_nn,fitting,26,29,30,1.292929,2,0.04285600357235486,0.3130958591933705
paper_rank15,15,frozen_nn,fitting,26,29,30,1.292929,3,0.0012158177479194565,0.008882477848516616
paper_rank15,15,frozen_nn,fitting,26,29,30,1.292929,4,0.0544395366811447,0.39772242137545233
paper_rank15,15,frozen_nn,fitting,26,29,30,1.292929,5,0.002814306982999549,0.02056066337096697
paper_rank15,15,frozen_nn,fitting,26,29,30,1.292929,6,0.049859810718110506,0.36426402311753964
paper_rank15,15,frozen_nn,fitting,26,29,30,1.292929,7,0.029906987754818117,0.21849340224109629
paper_rank15,15,frozen_nn,fitting,26,29,30,1.292929,8,0.007259550842733635,0.05303656708508041
paper_rank15,15,frozen_nn,fitting,26,29,30,1.292929,9,0.019488755049532125,0.1423802500982271
paper_rank15,15,frozen_nn,fitting,26,29,30,1.292929,10,0.018021181038233927,0.13165850033867474
paper_rank15,15,frozen_nn,fitting,26,29,30,1.292929,11,0.022180948608529934,0.16204878158054703
paper_rank15,15,frozen_nn,fitting,26,29,30,1.292929,12,0.011552905247265611,0.08440280224602072
paper_rank15,15,frozen_nn,fitting,26,29,30,1.292929,13,0.0366723917889206,0.26791984923285483
paper_rank15,15,frozen_nn,fitting,26,29,30,1.292929,14,0.006091309490987113,0.044501671171308134
paper_rank15,15,frozen_nn,fitting,26,29,30,1.292929,15,0.01622453653634944,0.1185326391502219
paper_rank15,15,frozen_nn,fitting,27,30,31,1.30303,1,0.04494224568317762,0.3265688710140269
paper_rank15,15,frozen_nn,fitting,27,30,31,1.30303,2,0.07764775180549677,0.5642205514752454
paper_rank15,15,frozen_nn,fitting,27,30,31,1.30303,3,0.022263483903154246,0.16177564544384782
paper_rank15,15,frozen_nn,fitting,27,30,31,1.30303,4,0.005815023397853579,0.04225435549759394
paper_rank15,15,frozen_nn,fitting,27,30,31,1.30303,5,0.024106362963404286,0.17516676386645294
paper_rank15,15,frozen_nn,fitting,27,30,31,1.30303,6,0.02661414636160964,0.19338935111482872
paper_rank15,15,frozen_nn,fitting,27,30,31,1.30303,7,0.0006565045260686899,0.004770432332314468
paper_rank15,15,frozen_nn,fitting,27,30,31,1.30303,8,0.04868061799442961,0.353733424243565
paper_rank15,15,frozen_nn,fitting,27,30,31,1.30303,9,0.017874076488842372,0.12988040296269646
paper_rank15,15,frozen_nn,fitting,27,30,31,1.30303,10,0.03752057480903723,0.27263995309809536
paper_rank15,15,frozen_nn,fitting,27,30,31,1.30303,11,0.02337023077496841,0.1698177241369013
paper_rank15,15,frozen_nn,fitting,27,30,31,1.30303,12,0.01314290204553444,0.09550174045852572
paper_rank15,15,frozen_nn,fitting,27,30,31,1.30303,13,0.015605315350148672,0.1133946499167371
paper_rank15,15,frozen_nn,fitting,27,30,31,1.30303,14,0.003550121880015339,0.02579664804673445
paper_rank15,15,frozen_nn,fitting,27,30,31,1.30303,15,0.009838666799708913,0.07149180598838635
paper_rank15,15,frozen_nn,fitting,28,32,33,1.323232,1,0.03974712857485585,0.2868571279060655
paper_rank15,15,frozen_nn,fitting,28,32,33,1.323232,2,0.06588382856290453,0.47548707327165546
paper_rank15,15,frozen_nn,fitting,28,32,33,1.323232,3,0.031800377391385415,0.22950500456006542
paper_rank15,15,frozen_nn,fitting,28,32,33,1.323232,4,0.009689779542148183,0.06993165114478105
paper_rank15,15,frozen_nn,fitting,28,32,33,1.323232,5,0.050918700014108226,0.36748294949783283
paper_rank15,15,frozen_nn,fitting,28,32,33,1.323232,6,0.04618220453597001,0.33329941126714135
paper_rank15,15,frozen_nn,fitting,28,32,33,1.323232,7,0.020770606830847322,0.14990256740538838
paper_rank15,15,frozen_nn,fitting,28,32,33,1.323232,8,0.007785999086846091,0.056191966967516174
paper_rank15,15,frozen_nn,fitting,28,32,33,1.323232,9,0.042579769517845534,0.30730044732132455
paper_rank15,15,frozen_nn,fitting,28,32,33,1.323232,10,0.007172069682695511,0.051761206006254556
paper_rank15,15,frozen_nn,fitting,28,32,33,1.323232,11,0.024781843577524935,0.1788518750348989
paper_rank15,15,frozen_nn,fitting,28,32,33,1.323232,12,0.006807848525581918,0.04913260266311085
paper_rank15,15,frozen_nn,fitting,28,32,33,1.323232,13,0.006639381783556641,0.04791676928098235
paper_rank15,15,frozen_nn,fitting,28,32,33,1.323232,14,0.019288635902107602,0.13920710487762508
paper_rank15,15,frozen_nn,fitting,28,32,33,1.323232,15,0.004435368932386023,0.03201029203284179
paper_rank15,15,frozen_nn,fitting,29,33,34,1.333333,1,0.05543679481261243,0.4012395706287025
paper_rank15,15,frozen_nn,fitting,29,33,34,1.333333,2,0.11516255171513023,0.8335217243146219
paper_rank15,15,frozen_nn,fitting,29,33,34,1.333333,3,0.0268362230971394,0.19423479783038447
paper_rank15,15,frozen_nn,fitting,29,33,34,1.333333,4,0.010864107287657843,0.07863206662828655
paper_rank15,15,frozen_nn,fitting,29,33,34,1.333333,5,0.03789102820121656,0.27424709414616566
paper_rank15,15,frozen_nn,fitting,29,33,34,1.333333,6,0.018392327835418876,0.13311970413316246
paper_rank15,15,frozen_nn,fitting,29,33,34,1.333333,7,0.002062676010833622,0.014929204325945515
paper_rank15,15,frozen_nn,fitting,29,33,34,1.333333,8,0.04137432717262508,0.2994584612243608
paper_rank15,15,frozen_nn,fitting,29,33,34,1.333333,9,0.03890519641191377,0.2815874250361624
paper_rank15,15,frozen_nn,fitting,29,33,34,1.333333,10,0.00646162835249647,0.04676787311534969
paper_rank15,15,frozen_nn,fitting,29,33,34,1.333333,11,0.014404650179679608,0.10425775286410253
paper_rank15,15,frozen_nn,fitting,29,33,34,1.333333,12,0.00016896159712116634,0.0012229076177797487
paper_rank15,15,frozen_nn,fitting,29,33,34,1.333333,13,0.00022327540056346195,0.001616019218947577
paper_rank15,15,frozen_nn,fitting,29,33,34,1.333333,14,0.0004030163020836315,0.002916945118328053
paper_rank15,15,frozen_nn,fitting,29,33,34,1.333333,15,0.0049996940972708084,0.03618670811768135
paper_rank15,15,frozen_nn,fitting,30,34,35,1.343434,1,0.06579431690884441,0.47491261583193173
paper_rank15,15,frozen_nn,fitting,30,34,35,1.343434,2,0.10493130101094017,0.7574088612363811
paper_rank15,15,frozen_nn,fitting,30,34,35,1.343434,3,0.036229613752819856,0.2615104380788746
paper_rank15,15,frozen_nn,fitting,30,34,35,1.343434,4,0.05109947588523955,0.36884319042208386
paper_rank15,15,frozen_nn,fitting,30,34,35,1.343434,5,0.04169936330081192,0.3009918581744946
paper_rank15,15,frozen_nn,fitting,30,34,35,1.343434,6,0.0024910457544653894,0.017980717955461547
paper_rank15,15,frozen_nn,fitting,30,34,35,1.343434,7,0.05724792852698175,0.4132235847265655
paper_rank15,15,frozen_nn,fitting,30,34,35,1.343434,8,0.05176681203620144,0.3736601164421779
paper_rank15,15,frozen_nn,fitting,30,34,35,1.343434,9,0.019544851748696242,0.14107748368116108
paper_rank15,15,frozen_nn,fitting,30,34,35,1.343434,10,0.01742874992380207,0.12580316364498598
paper_rank15,15,frozen_nn,fitting,30,34,35,1.343434,11,0.020679350376651882,0.14926645404172612
paper_rank15,15,frozen_nn,fitting,30,34,35,1.343434,12,0.019656315050340326,0.1418820414399474
paper_rank15,15,frozen_nn,fitting,30,34,35,1.343434,13,0.02136002639615787,0.1541796691056582
paper_rank15,15,frozen_nn,fitting,30,34,35,1.343434,14,0.005381570842025673,0.038844933817189654
paper_rank15,15,frozen_nn,fitting,30,34,35,1.343434,15,0.013149940828393328,0.09491811892354947
paper_rank15,15,frozen_nn,fitting,31,35,36,1.353535,1,0.011613978283603998,0.08311721232007847
paper_rank15,15,frozen_nn,fitting,31,35,36,1.353535,2,0.011140913456071433,0.07973165151128178
paper_rank15,15,frozen_nn,fitting,31,35,36,1.353535,3,0.04540524356617115,0.32494957178129036
paper_rank15,15,frozen_nn,fitting,31,35,36,1.353535,4,0.02034078945599173,0.14557197152318396
paper_rank15,15,frozen_nn,fitting,31,35,36,1.353535,5,0.08571329584626756,0.6134203143435839
paper_rank15,15,frozen_nn,fitting,31,35,36,1.353535,6,0.0177989538474148,0.12738093613446752
paper_rank15,15,frozen_nn,fitting,31,35,36,1.353535,7,0.0137166113003555,0.0981650271701601
paper_rank15,15,frozen_nn,fitting,31,35,36,1.353535,8,0.04777257318398349,0.3418917283507668
paper_rank15,15,frozen_nn,fitting,31,35,36,1.353535,9,0.019144825157799646,0.13701287006176655
paper_rank15,15,frozen_nn,fitting,31,35,36,1.353535,10,0.026384693536566955,0.1888260956863533
paper_rank15,15,frozen_nn,fitting,31,35,36,1.353535,11,0.012014614209998878,0.0859844246175412
paper_rank15,15,frozen_nn,fitting,31,35,36,1.353535,12,0.007228852120628709,0.05173438608792502
paper_rank15,15,frozen_nn,fitting,31,35,36,1.353535,13,0.0036069780359147424,0.025813890117930553
paper_rank15,15,frozen_nn,fitting,31,35,36,1.353535,14,0.008071193919922393,0.05776273403798196
paper_rank15,15,frozen_nn,fitting,31,35,36,1.353535,15,0.003155871430488744,0.022585476684859503
paper_rank15,15,frozen_nn,fitting,32,36,37,1.363636,1,0.010207475169250912,0.07295033592193534
paper_rank15,15,frozen_nn,fitting,32,36,37,1.363636,2,0.01091757934814469,0.0780252773282021
paper_rank15,15,frozen_nn,fitting,32,36,37,1.363636,3,0.00952561661308271,0.06807725909353816
paper_rank15,15,frozen_nn,fitting,32,36,37,1.363636,4,0.022894863197435694,0.16362400431509033
paper_rank15,15,frozen_nn,fitting,32,36,37,1.363636,5,0.018917909312987827,0.13520168469089197
paper_rank15,15,frozen_nn,fitting,32,36,37,1.363636,6,0.026858688611801695,0.19195249796501657
paper_rank15,15,frozen_nn,fitting,32,36,37,1.363636,7,0.006667712557759934,0.04765251571561646
paper_rank15,15,frozen_nn,fitting,32,36,37,1.363636,8,0.019605203652869323,0.14011360973996162
paper_rank15,15,frozen_nn,fitting,32,36,37,1.363636,9,0.016063574629669748,0.11480245074428952
paper_rank15,15,frozen_nn,fitting,32,36,37,1.363636,10,0.016854101094932898,0.12045215062010702
paper_rank15,15,frozen_nn,fitting,32,36,37,1.363636,11,0.004058413122855377,0.029004488937102876
paper_rank15,15,frozen_nn,fitting,32,36,37,1.363636,12,0.005665646799734188,0.04049099609869325
paper_rank15,15,frozen_nn,fitting,32,36,37,1.363636,13,0.013593402732075021,0.09714873454840835
paper_rank15,15,frozen_nn,fitting,32,36,37,1.363636,14,0.015502512641455803,0.11079267753058306
paper_rank15,15,frozen_nn,fitting,32,36,37,1.363636,15,0.004084233415615727,0.02918902027313242
paper_rank15,15,frozen_nn,fitting,33,38,39,1.383838,1,0.019925658142968317,0.14167303137323148
paper_rank15,15,frozen_nn,fitting,33,38,39,1.383838,2,0.025348248683995392,0.18022808608364385
paper_rank15,15,frozen_nn,fitting,33,38,39,1.383838,3,0.013695923282389832,0.09737911565827628
paper_rank15,15,frozen_nn,fitting,33,38,39,1.383838,4,0.03735232518184886,0.2655780350833068
paper_rank15,15,frozen_nn,fitting,33,38,39,1.383838,5,0.0384232581348871,0.27319245447993573
paper_rank15,15,frozen_nn,fitting,33,38,39,1.383838,6,0.023089502095445275,0.1641682162410626
paper_rank15,15,frozen_nn,fitting,33,38,39,1.383838,7,0.03769711508353003,0.26802951900456884
paper_rank15,15,frozen_nn,fitting,33,38,39,1.383838,8,0.018309093023716385,0.13017912340726187
paper_rank15,15,frozen_nn,fitting,33,38,39,1.383838,9,0.0010586660436158312,0.007527200684404465
paper_rank15,15,frozen_nn,fitting,33,38,39,1.383838,10,0.031676825599296604,0.22522477675434974
paper_rank15,15,frozen_nn,fitting,33,38,39,1.383838,11,0.0061575686063645284,0.04378080784549442
paper_rank15,15,frozen_nn,fitting,33,38,39,1.383838,12,0.01800288957822265,0.1280019922917542
paper_rank15,15,frozen_nn,fitting,33,38,39,1.383838,13,0.01165799403847179,0.08288927488923173
paper_rank15,15,frozen_nn,fitting,33,38,39,1.383838,14,0.0005149657327340722,0.003661447761790468
paper_rank15,15,frozen_nn,fitting,33,38,39,1.383838,15,0.003938400159729901,0.028002341773923176
paper_rank15,15,frozen_nn,fitting,34,39,40,1.393939,1,0.004359643407864766,0.030859024295996084
paper_rank15,15,frozen_nn,fitting,34,39,40,1.393939,2,0.022476742746261463,0.1590979549498172
paper_rank15,15,frozen_nn,fitting,34,39,40,1.393939,3,0.0009626473653842615,0.006813942255754102
paper_rank15,15,frozen_nn,fitting,34,39,40,1.393939,4,0.02448200071963985,0.17329184622280341
paper_rank15,15,frozen_nn,fitting,34,39,40,1.393939,5,0.03848929937030602,0.2724402234965964
paper_rank15,15,frozen_nn,fitting,34,39,40,1.393939,6,0.010207487568390048,0.07225203472049598
paper_rank15,15,frozen_nn,fitting,34,39,40,1.393939,7,0.04819844038538627,0.3411647934779648
paper_rank15,15,frozen_nn,fitting,34,39,40,1.393939,8,0.006716073491927754,0.047538630037313054
paper_rank15,15,frozen_nn,fitting,34,39,40,1.393939,9,0.003802930964919739,0.026918426133372957
paper_rank15,15,frozen_nn,fitting,34,39,40,1.393939,10,0.002221100903197639,0.01572170022254281
paper_rank15,15,frozen_nn,fitting,34,39,40,1.393939,11,0.011660181832958132,0.08253469396828902
paper_rank15,15,frozen_nn,fitting,34,39,40,1.393939,12,0.009279747090887094,0.06568517517322295
paper_rank15,15,frozen_nn,fitting,34,39,40,1.393939,13,0.0009257186911381023,0.006552548662478709
paper_rank15,15,frozen_nn,fitting,34,39,40,1.393939,14,0.004128000133465574,0.029219375186210338
paper_rank15,15,frozen_nn,fitting,34,39,40,1.393939,15,0.0015444973993687175,0.010932472753675376
paper_rank15,15,frozen_nn,fitting,35,41,42,1.414141,1,0.01447660857614963,0.10208580227713135
paper_rank15,15,frozen_nn,fitting,35,41,42,1.414141,2,0.018214627244688017,0.1284454729622477
paper_rank15,15,frozen_nn,fitting,35,41,42,1.414141,3,0.022497799197526203,0.15864944254506624
paper_rank15,15,frozen_nn,fitting,35,41,42,1.414141,4,0.00987210887877333,0.06961590138709227
paper_rank15,15,frozen_nn,fitting,35,41,42,1.414141,5,0.024923114442560443,0.17575222261001777
paper_rank15,15,frozen_nn,fitting,35,41,42,1.414141,6,0.03061424090887735,0.21588477217219582
paper_rank15,15,frozen_nn,fitting,35,41,42,1.414141,7,0.028873638042620404,0.20361043049106048
paper_rank15,15,frozen_nn,fitting,35,41,42,1.414141,8,0.017323247428344644,0.12215966208282847
paper_rank15,15,frozen_nn,fitting,35,41,42,1.414141,9,0.006791447010652567,0.04789176367228226
paper_rank15,15,frozen_nn,fitting,35,41,42,1.414141,10,0.008489049694568832,0.05986287769555693
paper_rank15,15,frozen_nn,fitting,35,41,42,1.414141,11,0.020138930114092565,0.14201522593401714
paper_rank15,15,frozen_nn,fitting,35,41,42,1.414141,12,0.017030240256777747,0.12009344111505015
paper_rank15,15,frozen_nn,fitting,35,41,42,1.414141,13,0.008258494843929511,0.058237056511500365
paper_rank15,15,frozen_nn,fitting,35,41,42,1.414141,14,0.024879312065984784,0.17544333805802828
paper_rank15,15,frozen_nn,fitting,35,41,42,1.414141,15,0.006577411099964633,0.0463824303540704
paper_rank15,15,frozen_nn,fitting,36,43,44,1.434343,1,0.006535420581675666,0.045792959428302075
paper_rank15,15,frozen_nn,fitting,36,43,44,1.434343,2,0.010953522501626844,0.07675010433458353
paper_rank15,15,frozen_nn,fitting,36,43,44,1.434343,3,0.0368431887459616,0.25815609360836445
paper_rank15,15,frozen_nn,fitting,36,43,44,1.434343,4,0.008820739133019444,0.06180593034494954
paper_rank15,15,frozen_nn,fitting,36,43,44,1.434343,5,0.06337772354366919,0.4440806045491349
paper_rank15,15,frozen_nn,fitting,36,43,44,1.434343,6,0.05348025347859884,0.37473014125938087
paper_rank15,15,frozen_nn,fitting,36,43,44,1.434343,7,0.02502028223752674,0.17531431299161482
paper_rank15,15,frozen_nn,fitting,36,43,44,1.434343,8,0.007835847316107654,0.054904903785225896
paper_rank15,15,frozen_nn,fitting,36,43,44,1.434343,9,0.016276654749800085,0.11404869530140753
paper_rank15,15,frozen_nn,fitting,36,43,44,1.434343,10,0.003151958790593019,0.022085421927091706
paper_rank15,15,frozen_nn,fitting,36,43,44,1.434343,11,0.013562767748863874,0.09503279329881537
paper_rank15,15,frozen_nn,fitting,36,43,44,1.434343,12,0.008438373926239948,0.059126740202245925
paper_rank15,15,frozen_nn,fitting,36,43,44,1.434343,13,0.018783600502790793,0.13161458317670982
paper_rank15,15,frozen_nn,fitting,36,43,44,1.434343,14,0.006530837258474913,0.04576084459640168
paper_rank15,15,frozen_nn,fitting,36,43,44,1.434343,15,0.007926127658721326,0.05553748802595139
paper_rank15,15,frozen_nn,fitting,37,44,45,1.444444,1,0.016079556188852706,0.11235328249277202
paper_rank15,15,frozen_nn,fitting,37,44,45,1.444444,2,0.041038434863471696,0.2867493860603777
paper_rank15,15,frozen_nn,fitting,37,44,45,1.444444,3,0.05835947744560044,0.4077773527183367
paper_rank15,15,frozen_nn,fitting,37,44,45,1.444444,4,0.028577697460950374,0.19968201100283137
paper_rank15,15,frozen_nn,fitting,37,44,45,1.444444,5,0.03529932565596971,0.24664829430920365
paper_rank15,15,frozen_nn,fitting,37,44,45,1.444444,6,0.03629551249393514,0.2536089877454506
paper_rank15,15,frozen_nn,fitting,37,44,45,1.444444,7,0.025503185811083854,0.178199361116994
paper_rank15,15,frozen_nn,fitting,37,44,45,1.444444,8,0.0052870609421506315,0.036942478051835786
paper_rank15,15,frozen_nn,fitting,37,44,45,1.444444,9,0.0025251636840393533,0.01764417036149587
paper_rank15,15,frozen_nn,fitting,37,44,45,1.444444,10,0.022240659895096136,0.15540299213928085
paper_rank15,15,frozen_nn,fitting,37,44,45,1.444444,11,0.02844017442937794,0.19872109119670936
paper_rank15,15,frozen_nn,fitting,37,44,45,1.444444,12,5.910364383528155e-06,4.129770942795765e-05
paper_rank15,15,frozen_nn,fitting,37,44,45,1.444444,13,0.030132295716793357,0.21054451335986687
paper_rank15,15,frozen_nn,fitting,37,44,45,1.444444,14,0.010782675718925605,0.07534219208837764
paper_rank15,15,frozen_nn,fitting,37,44,45,1.444444,15,0.007289674618649508,0.05093541526210222
paper_rank15,15,frozen_nn,fitting,38,45,46,1.454545,1,0.0013011872717143547,0.009081152788970367
paper_rank15,15,frozen_nn,fitting,38,45,46,1.454545,2,0.005470166412410105,0.03817699269893806
paper_rank15,15,frozen_nn,fitting,38,45,46,1.454545,3,0.011459139091785697,0.07997480084896917
paper_rank15,15,frozen_nn,fitting,38,45,46,1.454545,4,0.012209119449524172,0.08520900991741207
paper_rank15,15,frozen_nn,fitting,38,45,46,1.454545,5,0.01476996717580139,0.10308149451447625
paper_rank15,15,frozen_nn,fitting,38,45,46,1.454545,6,0.007627837170311792,0.0532356535441082
paper_rank15,15,frozen_nn,fitting,38,45,46,1.454545,7,0.003816207932867963,0.026633804423244128
paper_rank15,15,frozen_nn,fitting,38,45,46,1.454545,8,0.06443922663323855,0.4497296241520498
paper_rank15,15,frozen_nn,fitting,38,45,46,1.454545,9,0.022366981316771277,0.15610203018511803
paper_rank15,15,frozen_nn,fitting,38,45,46,1.454545,10,0.0007074441186603306,0.004937343202526557
paper_rank15,15,frozen_nn,fitting,38,45,46,1.454545,11,0.002725465608214174,0.019021373900059434
paper_rank15,15,frozen_nn,fitting,38,45,46,1.454545,12,0.00613947419631885,0.04284817753193632
paper_rank15,15,frozen_nn,fitting,38,45,46,1.454545,13,0.009884685491397163,0.06898648731787006
paper_rank15,15,frozen_nn,fitting,38,45,46,1.454545,14,0.003617226275091802,0.025245085923033803
paper_rank15,15,frozen_nn,fitting,38,45,46,1.454545,15,0.009911201095257397,0.06917154311666322
paper_rank15,15,frozen_nn,fitting,39,46,47,1.464646,1,0.024188367939192545,0.168760978151693
paper_rank15,15,frozen_nn,fitting,39,46,47,1.464646,2,0.04688744081989604,0.3271312225648002
paper_rank15,15,frozen_nn,fitting,39,46,47,1.464646,3,0.006957702083000339,0.04854352357161992
paper_rank15,15,frozen_nn,fitting,39,46,47,1.464646,4,0.05120826345133679,0.3572773761016996
paper_rank15,15,frozen_nn,fitting,39,46,47,1.464646,5,0.052948799219826564,0.3694210031350226
paper_rank15,15,frozen_nn,fitting,39,46,47,1.464646,6,0.024550911003984044,0.17129042215511378
paper_rank15,15,frozen_nn,fitting,39,46,47,1.464646,7,0.061859514205690906,0.431590595594745
paper_rank15,15,frozen_nn,fitting,39,46,47,1.464646,8,0.016046564976170775,0.11195604466415594
paper_rank15,15,frozen_nn,fitting,39,46,47,1.464646,9,0.02466534104936689,0.1720887945974918
paper_rank15,15,frozen_nn,fitting,39,46,47,1.464646,10,0.009260346072222625,0.06460895026486219
paper_rank15,15,frozen_nn,fitting,39,46,47,1.464646,11,0.022191372240064677,0.15482804359419122
paper_rank15,15,frozen_nn,fitting,39,46,47,1.464646,12,0.008182579375725096,0.057089428386516164
paper_rank15,15,frozen_nn,fitting,39,46,47,1.464646,13,0.00041867201509814553,0.0029210527543786827
paper_rank15,15,frozen_nn,fitting,39,46,47,1.464646,14,0.0017052056442291713,0.011897130603988535
paper_rank15,15,frozen_nn,fitting,39,46,47,1.464646,15,4.7463032261761814e-05,0.00033114709395344475
paper_rank15,15,frozen_nn,fitting,40,47,48,1.474747,1,0.04813712881976251,0.33336646112831797
paper_rank15,15,frozen_nn,fitting,40,47,48,1.474747,2,0.09176900810425515,0.6355324927566464
paper_rank15,15,frozen_nn,fitting,40,47,48,1.474747,3,0.014450210640485517,0.10007276507525585
paper_rank15,15,frozen_nn,fitting,40,47,48,1.474747,4,0.04898357615283304,0.339228405097053
paper_rank15,15,frozen_nn,fitting,40,47,48,1.474747,5,0.020681127522198767,0.14322404479156214
paper_rank15,15,frozen_nn,fitting,40,47,48,1.474747,6,0.009498677369643747,0.06578166454368514
paper_rank15,15,frozen_nn,fitting,40,47,48,1.474747,7,0.014574102221116797,0.1009307576230309
paper_rank15,15,frozen_nn,fitting,40,47,48,1.474747,8,0.021761351291245488,0.15070497238203273
paper_rank15,15,frozen_nn,fitting,40,47,48,1.474747,9,0.05160319416207755,0.35737017646276276
paper_rank15,15,frozen_nn,fitting,40,47,48,1.474747,10,0.0035924062514030315,0.024878670338846845
paper_rank15,15,frozen_nn,fitting,40,47,48,1.474747,11,0.00808371767614335,0.05598257354622246
paper_rank15,15,frozen_nn,fitting,40,47,48,1.474747,12,0.01840725813287017,0.1274767036024616
paper_rank15,15,frozen_nn,fitting,40,47,48,1.474747,13,0.023765986278222087,0.16458777112486184
paper_rank15,15,frozen_nn,fitting,40,47,48,1.474747,14,0.010364095401862115,0.07177498724220942
paper_rank15,15,frozen_nn,fitting,40,47,48,1.474747,15,0.004609714569163796,0.03192388641390858
paper_rank15,15,frozen_nn,fitting,41,48,49,1.484848,1,0.040922024079828034,0.28301734470886003
paper_rank15,15,frozen_nn,fitting,41,48,49,1.484848,2,0.07513761513538386,0.5196528960026445
paper_rank15,15,frozen_nn,fitting,41,48,49,1.484848,3,0.07353654741004967,0.5085798871153225
paper_rank15,15,frozen_nn,fitting,41,48,49,1.484848,4,0.021453558520224125,0.14837313899981183
paper_rank15,15,frozen_nn,fitting,41,48,49,1.484848,5,0.019337012823053678,0.13373507657162856
paper_rank15,15,frozen_nn,fitting,41,48,49,1.484848,6,0.029178466752652427,0.20179872253880327
paper_rank15,15,frozen_nn,fitting,41,48,49,1.484848,7,0.003346601376562898,0.02314514632869126
paper_rank15,15,frozen_nn,fitting,41,48,49,1.484848,8,0.00442333996531336,0.030591886884321212
paper_rank15,15,frozen_nn,fitting,41,48,49,1.484848,9,0.053272983046694644,0.36843676591324154
paper_rank15,15,frozen_nn,fitting,41,48,49,1.484848,10,0.016317580054080526,0.11285263333923375
paper_rank15,15,frozen_nn,fitting,41,48,49,1.484848,11,0.009271681449491791,0.06412309077631989
paper_rank15,15,frozen_nn,fitting,41,48,49,1.484848,12,0.009832857166072684,0.06800419061908415
paper_rank15,15,frozen_nn,fitting,41,48,49,1.484848,13,0.013436066133817577,0.09292403897489884
paper_rank15,15,frozen_nn,fitting,41,48,49,1.484848,14,0.014401749449431941,0.09960271956219531
paper_rank15,15,frozen_nn,fitting,41,48,49,1.484848,15,0.0049234281054187385,0.034050504113442674
paper_rank15,15,frozen_nn,fitting,42,49,50,1.494949,1,0.04800265897868172,0.33113222986935675
paper_rank15,15,frozen_nn,fitting,42,49,50,1.494949,2,0.08941302675989526,0.6167894770896227
paper_rank15,15,frozen_nn,fitting,42,49,50,1.494949,3,0.02252523584554128,0.15538371691409347
paper_rank15,15,frozen_nn,fitting,42,49,50,1.494949,4,0.02693532521927787,0.18580542186375243
paper_rank15,15,frozen_nn,fitting,42,49,50,1.494949,5,0.008086597859898806,0.055783017823955484
paper_rank15,15,frozen_nn,fitting,42,49,50,1.494949,6,0.0013708454144880314,0.009456374054345573
paper_rank15,15,frozen_nn,fitting,42,49,50,1.494949,7,0.043620986322846306,0.30090654929343846
paper_rank15,15,frozen_nn,fitting,42,49,50,1.494949,8,0.01070711690351182,0.07385989799661549
paper_rank15,15,frozen_nn,fitting,42,49,50,1.494949,9,0.010567968442424941,0.07290002324836352
paper_rank15,15,frozen_nn,fitting,42,49,50,1.494949,10,0.017256442876333267,0.11903849767553723
paper_rank15,15,frozen_nn,fitting,42,49,50,1.494949,11,0.007952756670953761,0.054859753732201304
paper_rank15,15,frozen_nn,fitting,42,49,50,1.494949,12,0.0005580839248677666,0.00384977787538346
paper_rank15,15,frozen_nn,fitting,42,49,50,1.494949,13,0.0005866555501840391,0.004046870832383421
paper_rank15,15,frozen_nn,fitting,42,49,50,1.494949,14,0.020232924765848457,0.13957088288525316
paper_rank15,15,frozen_nn,fitting,42,49,50,1.494949,15,0.018901539639223766,0.13038671402515062
paper_rank15,15,frozen_nn,fitting,43,50,51,1.505051,1,0.03297347653163207,0.22839283479642622
paper_rank15,15,frozen_nn,fitting,43,50,51,1.505051,2,0.06751554137956906,0.4676505940677027
paper_rank15,15,frozen_nn,fitting,43,50,51,1.505051,3,0.01653995451853235,0.11456502308052453
paper_rank15,15,frozen_nn,fitting,43,50,51,1.505051,4,0.02257557620829216,0.1563711318831746
paper_rank15,15,frozen_nn,fitting,43,50,51,1.505051,5,0.02833385446192852,0.19625620413611022
paper_rank15,15,frozen_nn,fitting,43,50,51,1.505051,6,0.03294221252206306,0.2281762826908052
paper_rank15,15,frozen_nn,fitting,43,50,51,1.505051,7,0.06358579740518751,0.4404309781599848
paper_rank15,15,frozen_nn,fitting,43,50,51,1.505051,8,0.03290130476458915,0.2278929325658747
paper_rank15,15,frozen_nn,fitting,43,50,51,1.505051,9,0.02993851901997897,0.20737101294187604
paper_rank15,15,frozen_nn,fitting,43,50,51,1.505051,10,0.025226223707188054,0.17473100654601548
paper_rank15,15,frozen_nn,fitting,43,50,51,1.505051,11,0.014925717565505425,0.10338391048594314
paper_rank15,15,frozen_nn,fitting,43,50,51,1.505051,12,0.0072763095982011075,0.05039981072045422
paper_rank15,15,frozen_nn,fitting,43,50,51,1.505051,13,0.006765985208878298,0.046865017116529
paper_rank15,15,frozen_nn,fitting,43,50,51,1.505051,14,0.0006434141893396006,0.004456648376477465
paper_rank15,15,frozen_nn,fitting,43,50,51,1.505051,15,0.021759828892893338,0.15072080739698399
paper_rank15,15,frozen_nn,fitting,44,52,53,1.525253,1,0.03507079492153231,0.2420238320199299
paper_rank15,15,frozen_nn,fitting,44,52,53,1.525253,2,0.05215875492876021,0.3599479786383867
paper_rank15,15,frozen_nn,fitting,44,52,53,1.525253,3,0.028326413875088635,0.19548080529028186
paper_rank15,15,frozen_nn,fitting,44,52,53,1.525253,4,0.014384284179841403,0.09926605843574544
paper_rank15,15,frozen_nn,fitting,44,52,53,1.525253,5,0.02780661272857759,0.1918936534835312
paper_rank15,15,frozen_nn,fitting,44,52,53,1.525253,6,0.0019236783933838219,0.013275319746312521
paper_rank15,15,frozen_nn,fitting,44,52,53,1.525253,7,0.020782157239267643,0.14341783081740658
paper_rank15,15,frozen_nn,fitting,44,52,53,1.525253,8,0.03369431667946314,0.23252474482835045
paper_rank15,15,frozen_nn,fitting,44,52,53,1.525253,9,0.05271603322068877,0.3637937605208858
paper_rank15,15,frozen_nn,fitting,44,52,53,1.525253,10,0.026883295900540928,0.18552183677992065
paper_rank15,15,frozen_nn,fitting,44,52,53,1.525253,11,0.013713716734706158,0.0946384672145438
paper_rank15,15,frozen_nn,fitting,44,52,53,1.525253,12,0.01642015947158001,0.11331564986142341
paper_rank15,15,frozen_nn,fitting,44,52,53,1.525253,13,0.00822365554090795,0.05675151166877259
paper_rank15,15,frozen_nn,fitting,44,52,53,1.525253,14,0.010810781925263585,0.07460529122702217
paper_rank15,15,frozen_nn,fitting,44,52,53,1.525253,15,0.0038843284890393787,0.026805781501242913
paper_rank15,15,frozen_nn,fitting,45,54,55,1.545455,1,0.011528294696253383,0.0791413105504257
paper_rank15,15,frozen_nn,fitting,45,54,55,1.545455,2,0.03737323211215837,0.2565658362136355
paper_rank15,15,frozen_nn,fitting,45,54,55,1.545455,3,0.0035100744121257244,0.024096529141940253
paper_rank15,15,frozen_nn,fitting,45,54,55,1.545455,4,0.05921729302903732,0.40652449482313224
paper_rank15,15,frozen_nn,fitting,45,54,55,1.545455,5,0.045379209884652716,0.3115265732390949
paper_rank15,15,frozen_nn,fitting,45,54,55,1.545455,6,0.050027034569180694,0.34343371531290967
paper_rank15,15,frozen_nn,fitting,45,54,55,1.545455,7,0.025569909449496303,0.17553646899280945
paper_rank15,15,frozen_nn,fitting,45,54,55,1.545455,8,0.028544616141509466,0.19595771882306873
paper_rank15,15,frozen_nn,fitting,45,54,55,1.545455,9,0.005090666372808495,0.03494723364852741
paper_rank15,15,frozen_nn,fitting,45,54,55,1.545455,10,0.01240002930021844,0.08512573589933461
paper_rank15,15,frozen_nn,fitting,45,54,55,1.545455,11,0.018234143978230637,0.12517671426905097
paper_rank15,15,frozen_nn,fitting,45,54,55,1.545455,12,0.005067376893058757,0.03478735224386217
paper_rank15,15,frozen_nn,fitting,45,54,55,1.545455,13,0.004233004130733547,0.029059414536001832
paper_rank15,15,frozen_nn,fitting,45,54,55,1.545455,14,0.005286488233072888,0.03629154337204471
paper_rank15,15,frozen_nn,fitting,45,54,55,1.545455,15,0.009383633830951674,0.0644182941773841
paper_rank15,15,frozen_nn,fitting,46,55,56,1.555556,1,0.007718067214575797,0.05280353234067102
paper_rank15,15,frozen_nn,fitting,46,55,56,1.555556,2,0.027023638549789064,0.18488353786704087
paper_rank15,15,frozen_nn,fitting,46,55,56,1.555556,3,0.050371352163027155,0.34461805644302385
paper_rank15,15,frozen_nn,fitting,46,55,56,1.555556,4,0.05648239246700544,0.3864270359912794
paper_rank15,15,frozen_nn,fitting,46,55,56,1.555556,5,0.04897644756471904,0.3350747487701117
paper_rank15,15,frozen_nn,fitting,46,55,56,1.555556,6,0.003139406203645591,0.02147840027768071
paper_rank15,15,frozen_nn,fitting,46,55,56,1.555556,7,0.012300655405102967,0.08415553239393542
paper_rank15,15,frozen_nn,fitting,46,55,56,1.555556,8,0.0094232075078234,0.06446933261380713
paper_rank15,15,frozen_nn,fitting,46,55,56,1.555556,9,0.01107238003416651,0.07575222668677493
paper_rank15,15,frozen_nn,fitting,46,55,56,1.555556,10,0.003249611074678615,0.022232372264436934
paper_rank15,15,frozen_nn,fitting,46,55,56,1.555556,11,0.015682578209048097,0.10729312179125508
paper_rank15,15,frozen_nn,fitting,46,55,56,1.555556,12,0.013212028444505294,0.09039073538227081
paper_rank15,15,frozen_nn,fitting,46,55,56,1.555556,13,0.02703745605800023,0.184978071021704
paper_rank15,15,frozen_nn,fitting,46,55,56,1.555556,14,0.002001194046029814,0.013691266426124466
paper_rank15,15,frozen_nn,fitting,46,55,56,1.555556,15,0.00683315523110866,0.04674936395387465
paper_rank15,15,frozen_nn,fitting,47,56,57,1.565657,1,0.05200643026170937,0.3568246747547432
paper_rank15,15,frozen_nn,fitting,47,56,57,1.565657,2,0.11589521525850399,0.7951761403761342
paper_rank15,15,frozen_nn,fitting,47,56,57,1.565657,3,0.10192985909275323,0.6993575339730118
paper_rank15,15,frozen_nn,fitting,47,56,57,1.565657,4,0.007943324285286851,0.05450045485347974
paper_rank15,15,frozen_nn,fitting,47,56,57,1.565657,5,0.08558541111684032,0.587215587223305
paper_rank15,15,frozen_nn,fitting,47,56,57,1.565657,6,0.02390796188182346,0.1640364600992719
paper_rank15,15,frozen_nn,fitting,47,56,57,1.565657,7,0.026452233680511084,0.1814931275245461
paper_rank15,15,frozen_nn,fitting,47,56,57,1.565657,8,0.0058492275050771245,0.0401325122982406
paper_rank15,15,frozen_nn,fitting,47,56,57,1.565657,9,0.04492771479688662,0.3082564432744053
paper_rank15,15,frozen_nn,fitting,47,56,57,1.565657,10,0.0006079231173981925,0.0041710605313591805
paper_rank15,15,frozen_nn,fitting,47,56,57,1.565657,11,0.022425461030976677,0.15386477784257768
paper_rank15,15,frozen_nn,fitting,47,56,57,1.565657,12,0.020238960662429348,0.13886283906439434
paper_rank15,15,frozen_nn,fitting,47,56,57,1.565657,13,0.00945899136773677,0.06489969608211404
paper_rank15,15,frozen_nn,fitting,47,56,57,1.565657,14,0.01689351628472389,0.11590919475584151
paper_rank15,15,frozen_nn,fitting,47,56,57,1.565657,15,0.008393143266004438,0.05758673688986166
paper_rank15,15,frozen_nn,fitting,48,57,58,1.575758,1,0.009273096987520546,0.0632268138865856
paper_rank15,15,frozen_nn,fitting,48,57,58,1.575758,2,0.012627679927341928,0.08609938725540069
paper_rank15,15,frozen_nn,fitting,48,57,58,1.575758,3,0.006177995557919702,0.04212346488540123
paper_rank15,15,frozen_nn,fitting,48,57,58,1.575758,4,0.003651147577236183,0.024894641849324085
paper_rank15,15,frozen_nn,fitting,48,57,58,1.575758,5,0.04573322741558023,0.31182314410484097
paper_rank15,15,frozen_nn,fitting,48,57,58,1.575758,6,0.002364464246569317,0.01612164102893708
paper_rank15,15,frozen_nn,fitting,48,57,58,1.575758,7,0.017668071176869332,0.12046631772947254
paper_rank15,15,frozen_nn,fitting,48,57,58,1.575758,8,0.028970615429636287,0.19753052431291637
paper_rank15,15,frozen_nn,fitting,48,57,58,1.575758,9,0.01696383040259903,0.115664588552472
paper_rank15,15,frozen_nn,fitting,48,57,58,1.575758,10,0.018951983103681715,0.12922042227001393
paper_rank15,15,frozen_nn,fitting,48,57,58,1.575758,11,0.0083880536399343,0.05719231741850127
paper_rank15,15,frozen_nn,fitting,48,57,58,1.575758,12,0.0021558707472755173,0.014699386697342182
paper_rank15,15,frozen_nn,fitting,48,57,58,1.575758,13,0.007577103300569863,0.051663009761387206
paper_rank15,15,frozen_nn,fitting,48,57,58,1.575758,14,0.0064698953094810985,0.04411372674617443
paper_rank15,15,frozen_nn,fitting,48,57,58,1.575758,15,0.007387535191449649,0.050370476363935865
paper_rank15,15,frozen_nn,fitting,49,58,59,1.585859,1,0.01188935597538432,0.08105519142026665
paper_rank15,15,frozen_nn,fitting,49,58,59,1.585859,2,0.010206231673944077,0.06958056127883619
paper_rank15,15,frozen_nn,fitting,49,58,59,1.585859,3,0.010702566352939286,0.07296430237446545
paper_rank15,15,frozen_nn,fitting,49,58,59,1.585859,4,0.014552541717472209,0.09921134979920535
paper_rank15,15,frozen_nn,fitting,49,58,59,1.585859,5,0.012562585222907527,0.0856449039026496
paper_rank15,15,frozen_nn,fitting,49,58,59,1.585859,6,0.001973934913106398,0.01345721942923108
paper_rank15,15,frozen_nn,fitting,49,58,59,1.585859,7,0.006663753574838347,0.04542986371207115
paper_rank15,15,frozen_nn,fitting,49,58,59,1.585859,8,0.04905633383717852,0.33443952202133287
paper_rank15,15,frozen_nn,fitting,49,58,59,1.585859,9,0.02397667616174534,0.16345999564111732
paper_rank15,15,frozen_nn,fitting,49,58,59,1.585859,10,0.006519139733970387,0.04444396484775579
paper_rank15,15,frozen_nn,fitting,49,58,59,1.585859,11,0.011528181924678678,0.07859290230413708
paper_rank15,15,frozen_nn,fitting,49,58,59,1.585859,12,0.003354449425375394,0.022868819879423043
paper_rank15,15,frozen_nn,fitting,49,58,59,1.585859,13,0.008339290897810655,0.056852769942358494
paper_rank15,15,frozen_nn,fitting,49,58,59,1.585859,14,0.0030697926297493733,0.02092818397733407
paper_rank15,15,frozen_nn,fitting,49,58,59,1.585859,15,0.009253896134136692,0.06308805322076912
paper_rank15,15,frozen_nn,fitting,50,59,60,1.59596,1,0.004117853912090297,0.027991334857327375
paper_rank15,15,frozen_nn,fitting,50,59,60,1.59596,2,0.02288544269974313,0.15556503548750497
paper_rank15,15,frozen_nn,fitting,50,59,60,1.59596,3,0.017353936478531284,0.11796432254119897
paper_rank15,15,frozen_nn,fitting,50,59,60,1.59596,4,0.05540153115860737,0.376594906807182
paper_rank15,15,frozen_nn,fitting,50,59,60,1.59596,5,0.015645931382606195,0.1063540654512888
paper_rank15,15,frozen_nn,fitting,50,59,60,1.59596,6,0.017406133551387294,0.11831913496924436
paper_rank15,15,frozen_nn,fitting,50,59,60,1.59596,7,0.027395943289929232,0.18622540739224375
paper_rank15,15,frozen_nn,fitting,50,59,60,1.59596,8,0.041858851235343233,0.2845378069949003
paper_rank15,15,frozen_nn,fitting,50,59,60,1.59596,9,0.003794893420254956,0.025795993432973334
paper_rank15,15,frozen_nn,fitting,50,59,60,1.59596,10,0.011602888617336344,0.0788712634138275
paper_rank15,15,frozen_nn,fitting,50,59,60,1.59596,11,0.005116234410469823,0.034777880335085914
paper_rank15,15,frozen_nn,fitting,50,59,60,1.59596,12,0.008431506117805184,0.05731361921367598
paper_rank15,15,frozen_nn,fitting,50,59,60,1.59596,13,0.02499583303064212,0.1699105279923309
paper_rank15,15,frozen_nn,fitting,50,59,60,1.59596,14,0.007370674007075041,0.05010255552060301
paper_rank15,15,frozen_nn,fitting,50,59,60,1.59596,15,0.006415575197529108,0.04361021966542839
paper_rank15,15,frozen_nn,fitting,51,60,61,1.606061,1,0.0003356150132614033,0.002278722788490315
paper_rank15,15,frozen_nn,fitting,51,60,61,1.606061,2,0.013974781350864163,0.09488447021164849
paper_rank15,15,frozen_nn,fitting,51,60,61,1.606061,3,0.026177884307912833,0.17773978865612372
paper_rank15,15,frozen_nn,fitting,51,60,61,1.606061,4,0.028609886458290018,0.19425233577929282
paper_rank15,15,frozen_nn,fitting,51,60,61,1.606061,5,0.05038867081458738,0.34212358783099156
paper_rank15,15,frozen_nn,fitting,51,60,61,1.606061,6,0.059688297967909816,0.40526519795387883
paper_rank15,15,frozen_nn,fitting,51,60,61,1.606061,7,0.017023044324893665,0.115581238919138
paper_rank15,15,frozen_nn,fitting,51,60,61,1.606061,8,0.003468808864252471,0.02355214604697289
paper_rank15,15,frozen_nn,fitting,51,60,61,1.606061,9,0.018320243726753758,0.12438882416244852
paper_rank15,15,frozen_nn,fitting,51,60,61,1.606061,10,0.017374955634504367,0.11797060855115978
paper_rank15,15,frozen_nn,fitting,51,60,61,1.606061,11,0.02029856473985473,0.13782101580278858
paper_rank15,15,frozen_nn,fitting,51,60,61,1.606061,12,0.002937052854272477,0.01994168617486249
paper_rank15,15,frozen_nn,fitting,51,60,61,1.606061,13,0.0015911545632193323,0.010803450441575414
paper_rank15,15,frozen_nn,fitting,51,60,61,1.606061,14,0.001981486666229244,0.01345368545211487
paper_rank15,15,frozen_nn,fitting,51,60,61,1.606061,15,0.005860531486408444,0.039791207553466594
paper_rank15,15,frozen_nn,fitting,52,61,62,1.616162,1,0.02436328748189176,0.16483904741607341
paper_rank15,15,frozen_nn,fitting,52,61,62,1.616162,2,0.058146594534706386,0.39341280443838605
paper_rank15,15,frozen_nn,fitting,52,61,62,1.616162,3,0.024595478246379775,0.16641002195986035
paper_rank15,15,frozen_nn,fitting,52,61,62,1.616162,4,0.0016029074872706828,0.010845077598586663
paper_rank15,15,frozen_nn,fitting,52,61,62,1.616162,5,0.03336432676789676,0.22573898724408345
paper_rank15,15,frozen_nn,fitting,52,61,62,1.616162,6,0.012441385725130627,0.08417690646185422
paper_rank15,15,frozen_nn,fitting,52,61,62,1.616162,7,0.012201434830392852,0.0825534278182349
paper_rank15,15,frozen_nn,fitting,52,61,62,1.616162,8,0.02794837342156832,0.18909530395125082
paper_rank15,15,frozen_nn,fitting,52,61,62,1.616162,9,0.011111064128142452,0.07517611192755548
paper_rank15,15,frozen_nn,fitting,52,61,62,1.616162,10,0.012286763187208448,0.08313074912864983
paper_rank15,15,frozen_nn,fitting,52,61,62,1.616162,11,0.008568757345286226,0.057975172660351855
paper_rank15,15,frozen_nn,fitting,52,61,62,1.616162,12,0.019677549003683154,0.13313590933329883
paper_rank15,15,frozen_nn,fitting,52,61,62,1.616162,13,0.03575134038154759,0.24188923176817959
paper_rank15,15,frozen_nn,fitting,52,61,62,1.616162,14,0.00029605024907455434,0.002003040069244035
paper_rank15,15,frozen_nn,fitting,52,61,62,1.616162,15,0.000296147699278566,0.00200369940550199
paper_rank15,15,frozen_nn,fitting,53,62,63,1.626263,1,0.01487185475916597,0.10078003192526085
paper_rank15,15,frozen_nn,fitting,53,62,63,1.626263,2,0.03578524349553236,0.24250088777327714
paper_rank15,15,frozen_nn,fitting,53,62,63,1.626263,3,0.03762248110846919,0.2549510406482537
paper_rank15,15,frozen_nn,fitting,53,62,63,1.626263,4,0.024650326555978777,0.16704444317871797
paper_rank15,15,frozen_nn,fitting,53,62,63,1.626263,5,0.005926717775667761,0.04016276492181832
paper_rank15,15,frozen_nn,fitting,53,62,63,1.626263,6,0.048929745923736064,0.33157541114700656
paper_rank15,15,frozen_nn,fitting,53,62,63,1.626263,7,0.04339873284431397,0.2940941632630032
paper_rank15,15,frozen_nn,fitting,53,62,63,1.626263,8,0.03051228656837121,0.2067683731632684
paper_rank15,15,frozen_nn,fitting,53,62,63,1.626263,9,0.016051574844227832,0.10877447712128652
paper_rank15,15,frozen_nn,fitting,53,62,63,1.626263,10,0.0032323229770392604,0.021904034035700834
paper_rank15,15,frozen_nn,fitting,53,62,63,1.626263,11,0.01458046197754867,0.09880539094673176
paper_rank15,15,frozen_nn,fitting,53,62,63,1.626263,12,0.0004178005680334359,0.002831251062269192
paper_rank15,15,frozen_nn,fitting,53,62,63,1.626263,13,0.0047907591086100215,0.03246487164718847
paper_rank15,15,frozen_nn,fitting,53,62,63,1.626263,14,0.004145675829201078,0.028093425412264963
paper_rank15,15,frozen_nn,fitting,53,62,63,1.626263,15,0.008464252087160432,0.05735852113817462
paper_rank15,15,frozen_nn,fitting,54,63,64,1.636364,1,0.010898239901266038,0.07360204626563488
paper_rank15,15,frozen_nn,fitting,54,63,64,1.636364,2,0.003116913614764849,0.02105030006297248
paper_rank15,15,frozen_nn,fitting,54,63,64,1.636364,3,0.024409765628324184,0.16485310613326748
paper_rank15,15,frozen_nn,fitting,54,63,64,1.636364,4,0.017295409414428226,0.11680579024104275
paper_rank15,15,frozen_nn,fitting,54,63,64,1.636364,5,0.03340961032270381,0.22563420396011072
paper_rank15,15,frozen_nn,fitting,54,63,64,1.636364,6,0.022293393743343506,0.1505600365362639
paper_rank15,15,frozen_nn,fitting,54,63,64,1.636364,7,0.026460319817963533,0.17870167119545646
paper_rank15,15,frozen_nn,fitting,54,63,64,1.636364,8,0.009484232304492562,0.06405244435738633
paper_rank15,15,frozen_nn,fitting,54,63,64,1.636364,9,0.03083462426857034,0.20824385061803766
paper_rank15,15,frozen_nn,fitting,54,63,64,1.636364,10,0.0265725192383989,0.17945941804344995
paper_rank15,15,frozen_nn,fitting,54,63,64,1.636364,11,0.012049245240554101,0.08137544352994279
paper_rank15,15,frozen_nn,fitting,54,63,64,1.636364,12,0.008013382300801508,0.05411895316961188
paper_rank15,15,frozen_nn,fitting,54,63,64,1.636364,13,0.004001634241498173,0.02702532438716844
paper_rank15,15,frozen_nn,fitting,54,63,64,1.636364,14,0.012861815154297353,0.08686319282957476
paper_rank15,15,frozen_nn,fitting,54,63,64,1.636364,15,0.002565374304559957,0.017325439700676636
paper_rank15,15,frozen_nn,fitting,55,64,65,1.646465,1,0.018911498801019277,0.12744438441797448
paper_rank15,15,frozen_nn,fitting,55,64,65,1.646465,2,0.03724333368884958,0.25098242003922105
paper_rank15,15,frozen_nn,fitting,55,64,65,1.646465,3,0.049509217046824976,0.3336420743769089
paper_rank15,15,frozen_nn,fitting,55,64,65,1.646465,4,0.04004422873638688,0.26985762125455287
paper_rank15,15,frozen_nn,fitting,55,64,65,1.646465,5,0.01630957348839549,0.10991003807885662
paper_rank15,15,frozen_nn,fitting,55,64,65,1.646465,6,0.049324879914376125,0.3323998284493121
paper_rank15,15,frozen_nn,fitting,55,64,65,1.646465,7,0.0317288537333852,0.2138203996883254
paper_rank15,15,frozen_nn,fitting,55,64,65,1.646465,8,0.04091719944691185,0.27574056136355046
paper_rank15,15,frozen_nn,fitting,55,64,65,1.646465,9,0.03028422726795838,0.20408507767406428
paper_rank15,15,frozen_nn,fitting,55,64,65,1.646465,10,0.0020841878001292727,0.014045318882108462
paper_rank15,15,frozen_nn,fitting,55,64,65,1.646465,11,0.01485413886492953,0.10010188000530251
paper_rank15,15,frozen_nn,fitting,55,64,65,1.646465,12,0.013370365978490744,0.09010275068626196
paper_rank15,15,frozen_nn,fitting,55,64,65,1.646465,13,0.01380413323346737,0.09302590349254251
paper_rank15,15,frozen_nn,fitting,55,64,65,1.646465,14,0.016120765670896528,0.10863766425340605
paper_rank15,15,frozen_nn,fitting,55,64,65,1.646465,15,0.022918268318717024,0.15444596055218188
paper_rank15,15,frozen_nn,fitting,56,66,67,1.666667,1,0.021232560810393153,0.14266538957726949
paper_rank15,15,frozen_nn,fitting,56,66,67,1.666667,2,0.04281313701987011,0.2876691571265863
paper_rank15,15,frozen_nn,fitting,56,66,67,1.666667,3,0.03680322402793178,0.24728747231819137
paper_rank15,15,frozen_nn,fitting,56,66,67,1.666667,4,0.05357904397044093,0.36000721954739423
paper_rank15,15,frozen_nn,fitting,56,66,67,1.666667,5,0.02978948537135725,0.20016090257613908
paper_rank15,15,frozen_nn,fitting,56,66,67,1.666667,6,0.049853156785517855,0.33497231436074265
paper_rank15,15,frozen_nn,fitting,56,66,67,1.666667,7,0.05035810856855109,0.3383651760832396
paper_rank15,15,frozen_nn,fitting,56,66,67,1.666667,8,0.011997259327128007,0.08061174019699201
paper_rank15,15,frozen_nn,fitting,56,66,67,1.666667,9,0.01769515251491024,0.11889690790067846
paper_rank15,15,frozen_nn,fitting,56,66,67,1.666667,10,0.020050663227475042,0.1347240074419168
paper_rank15,15,frozen_nn,fitting,56,66,67,1.666667,11,0.004882636069963249,0.032807308704108994
paper_rank15,15,frozen_nn,fitting,56,66,67,1.666667,12,0.02086441851317608,0.14019177536175592
paper_rank15,15,frozen_nn,fitting,56,66,67,1.666667,13,0.022657311917452842,0.15223854815924426
paper_rank15,15,frozen_nn,fitting,56,66,67,1.666667,14,0.004723143196070013,0.03173564743856636
paper_rank15,15,frozen_nn,fitting,56,66,67,1.666667,15,0.012586212119981068,0.08456901979154163
paper_rank15,15,frozen_nn,fitting,57,67,68,1.676768,1,0.011969465061515194,0.08037800616846744
paper_rank15,15,frozen_nn,fitting,57,67,68,1.676768,2,0.02322049988189412,0.1559315703040714
paper_rank15,15,frozen_nn,fitting,57,67,68,1.676768,3,0.010623597216360095,0.07134016083420615
paper_rank15,15,frozen_nn,fitting,57,67,68,1.676768,4,0.02644961679559875,0.17761591274331465
paper_rank15,15,frozen_nn,fitting,57,67,68,1.676768,5,0.003818019985898327,0.025638976545792235
paper_rank15,15,frozen_nn,fitting,57,67,68,1.676768,6,0.04798428338079746,0.322226683126555
paper_rank15,15,frozen_nn,fitting,57,67,68,1.676768,7,0.02686304207961545,0.1803921688130816
paper_rank15,15,frozen_nn,fitting,57,67,68,1.676768,8,0.02136939567621683,0.14350093413965367
paper_rank15,15,frozen_nn,fitting,57,67,68,1.676768,9,0.00249722094379111,0.016769474608304583
paper_rank15,15,frozen_nn,fitting,57,67,68,1.676768,10,0.012895473582464654,0.08659638921452706
paper_rank15,15,frozen_nn,fitting,57,67,68,1.676768,11,0.013385167168537125,0.08988480635595354
paper_rank15,15,frozen_nn,fitting,57,67,68,1.676768,12,0.006750165217189286,0.04532907850743435
paper_rank15,15,frozen_nn,fitting,57,67,68,1.676768,13,0.008702545000114519,0.05843980596506479
paper_rank15,15,frozen_nn,fitting,57,67,68,1.676768,14,0.015365438961373247,0.10318283576343275
paper_rank15,15,frozen_nn,fitting,57,67,68,1.676768,15,0.014423938496597824,0.09686042036922679
paper_rank15,15,frozen_nn,fitting,58,68,69,1.686869,1,0.02742479465408465,0.18451438431465217
paper_rank15,15,frozen_nn,fitting,58,68,69,1.686869,2,0.06543298506444684,0.4402339964736267
paper_rank15,15,frozen_nn,fitting,58,68,69,1.686869,3,0.0029030947850928746,0.0195320604451165
paper_rank15,15,frozen_nn,fitting,58,68,69,1.686869,4,0.011175625513185482,0.07518975754990435
paper_rank15,15,frozen_nn,fitting,58,68,69,1.686869,5,0.004215338068543913,0.028360850763185237
paper_rank15,15,frozen_nn,fitting,58,68,69,1.686869,6,0.004591531724204133,0.030891886697373548
paper_rank15,15,frozen_nn,fitting,58,68,69,1.686869,7,0.04276987188471248,0.2877562686453476
paper_rank15,15,frozen_nn,fitting,58,68,69,1.686869,8,0.00025828618156358485,0.0017377528754290677
paper_rank15,15,frozen_nn,fitting,58,68,69,1.686869,9,0.0066581898071998115,0.04479638985164063
paper_rank15,15,frozen_nn,fitting,58,68,69,1.686869,10,0.002728746702629248,0.018359044220273957
paper_rank15,15,frozen_nn,fitting,58,68,69,1.686869,11,0.02362474963419928,0.15894763072338405
paper_rank15,15,frozen_nn,fitting,58,68,69,1.686869,12,0.01770561861982157,0.11912363828984367
paper_rank15,15,frozen_nn,fitting,58,68,69,1.686869,13,0.012116278863996244,0.08151848584368254
paper_rank15,15,frozen_nn,fitting,58,68,69,1.686869,14,0.0033000807043847818,0.022202987006414293
paper_rank15,15,frozen_nn,fitting,58,68,69,1.686869,15,0.010406016609695418,0.07001181857965236
paper_rank15,15,frozen_nn,fitting,59,69,70,1.69697,1,0.015240236489500347,0.10230539570808084
paper_rank15,15,frozen_nn,fitting,59,69,70,1.69697,2,0.028027013208621554,0.18814108815168668
paper_rank15,15,frozen_nn,fitting,59,69,70,1.69697,3,0.009404984336343958,0.06313423317419374
paper_rank15,15,frozen_nn,fitting,59,69,70,1.69697,4,0.02881887044876695,0.1934567056851282
paper_rank15,15,frozen_nn,fitting,59,69,70,1.69697,5,0.0010288051857483722,0.0069062131487937
paper_rank15,15,frozen_nn,fitting,59,69,70,1.69697,6,0.04764390539213627,0.3198263096231435
paper_rank15,15,frozen_nn,fitting,59,69,70,1.69697,7,0.03053285814553129,0.20496244509258846
paper_rank15,15,frozen_nn,fitting,59,69,70,1.69697,8,0.009194835131018403,0.06172353343712722
paper_rank15,15,frozen_nn,fitting,59,69,70,1.69697,9,0.0077249039647529875,0.051856108497098985
paper_rank15,15,frozen_nn,fitting,59,69,70,1.69697,10,0.0031259152646458586,0.02098379499031051
paper_rank15,15,frozen_nn,fitting,59,69,70,1.69697,11,0.012081317951498376,0.08110005475011522
paper_rank15,15,frozen_nn,fitting,59,69,70,1.69697,12,0.0009624145570323039,0.006460542929254454
paper_rank15,15,frozen_nn,fitting,59,69,70,1.69697,13,0.004720363998039616,0.031687087469956576
paper_rank15,15,frozen_nn,fitting,59,69,70,1.69697,14,0.011036370210195223,0.07408547907460422
paper_rank15,15,frozen_nn,fitting,59,69,70,1.69697,15,0.016906994423803366,0.11349408888458969
paper_rank15,15,frozen_nn,fitting,60,70,71,1.707071,1,0.013638471307078959,0.09124301072334616
paper_rank15,15,frozen_nn,fitting,60,70,71,1.707071,2,0.017624145700464,0.11790765100650163
paper_rank15,15,frozen_nn,fitting,60,70,71,1.707071,3,0.012088541197402838,0.08087379217726086
paper_rank15,15,frozen_nn,fitting,60,70,71,1.707071,4,0.013139321308689458,0.08790363729723702
paper_rank15,15,frozen_nn,fitting,60,70,71,1.707071,5,0.040410737948471095,0.2703526893118047
paper_rank15,15,frozen_nn,fitting,60,70,71,1.707071,6,0.043544593443627315,0.2913185588811852
paper_rank15,15,frozen_nn,fitting,60,70,71,1.707071,7,0.011551497985117894,0.07728090860005367
paper_rank15,15,frozen_nn,fitting,60,70,71,1.707071,8,0.018770242214919585,0.12557517430907167
paper_rank15,15,frozen_nn,fitting,60,70,71,1.707071,9,0.005137619753437416,0.03437129306508511
paper_rank15,15,frozen_nn,fitting,60,70,71,1.707071,10,0.014660962974303448,0.09808360275572973
paper_rank15,15,frozen_nn,fitting,60,70,71,1.707071,11,0.01205376369740667,0.08064112652627735
paper_rank15,15,frozen_nn,fitting,60,70,71,1.707071,12,0.009531117973257055,0.06376432371771651
paper_rank15,15,frozen_nn,fitting,60,70,71,1.707071,13,0.007328512508706735,0.04902862867563709
paper_rank15,15,frozen_nn,fitting,60,70,71,1.707071,14,0.005694346619137621,0.038095862647212146
paper_rank15,15,frozen_nn,fitting,60,70,71,1.707071,15,0.01183503719317959,0.07917781994877897
paper_rank15,15,frozen_nn,fitting,61,71,72,1.717172,1,0.01820649573825328,0.1219558564582943
paper_rank15,15,frozen_nn,fitting,61,71,72,1.717172,2,0.023997604899119285,0.1607474881764717
paper_rank15,15,frozen_nn,fitting,61,71,72,1.717172,3,0.035097618588266835,0.23510071329021645
paper_rank15,15,frozen_nn,fitting,61,71,72,1.717172,4,0.0273320609490027,0.18308327696484658
paper_rank15,15,frozen_nn,fitting,61,71,72,1.717172,5,0.02509085037336744,0.16807057165436226
paper_rank15,15,frozen_nn,fitting,61,71,72,1.717172,6,0.015077852099425554,0.10099869808957265
paper_rank15,15,frozen_nn,fitting,61,71,72,1.717172,7,0.0009309154321287226,0.0062357188581306615
paper_rank15,15,frozen_nn,fitting,61,71,72,1.717172,8,0.048607785942284744,0.3255983057012762
paper_rank15,15,frozen_nn,fitting,61,71,72,1.717172,9,0.00571659318327444,0.03829248789623299
paper_rank15,15,frozen_nn,fitting,61,71,72,1.717172,10,0.0012532793375351985,0.008395067188544691
paper_rank15,15,frozen_nn,fitting,61,71,72,1.717172,11,0.015635428640733015,0.10473361367211016
paper_rank15,15,frozen_nn,fitting,61,71,72,1.717172,12,0.0068025728030033684,0.04556690118939759
paper_rank15,15,frozen_nn,fitting,61,71,72,1.717172,13,0.021458061659551553,0.1437364073376904
paper_rank15,15,frozen_nn,fitting,61,71,72,1.717172,14,0.016143147888794406,0.10813456114865233
paper_rank15,15,frozen_nn,fitting,61,71,72,1.717172,15,0.005307248095908105,0.03555049781563409
paper_rank15,15,frozen_nn,fitting,62,72,73,1.727273,1,0.01033743258386366,0.06913360883329776
paper_rank15,15,frozen_nn,fitting,62,72,73,1.727273,2,0.027582930369147496,0.18446625921346688
paper_rank15,15,frozen_nn,fitting,62,72,73,1.727273,3,0.0035293840865490145,0.023603448620580975
paper_rank15,15,frozen_nn,fitting,62,72,73,1.727273,4,0.0015411465584643166,0.010306720016144808
paper_rank15,15,frozen_nn,fitting,62,72,73,1.727273,5,0.02491912441265002,0.1666515341828273
paper_rank15,15,frozen_nn,fitting,62,72,73,1.727273,6,0.022586423336762453,0.1510511380112327
paper_rank15,15,frozen_nn,fitting,62,72,73,1.727273,7,0.026696356593875786,0.17853712312631415
paper_rank15,15,frozen_nn,fitting,62,72,73,1.727273,8,0.02784047498006296,0.18618863933480825
paper_rank15,15,frozen_nn,fitting,62,72,73,1.727273,9,0.020038654287509755,0.13401243256675305
paper_rank15,15,frozen_nn,fitting,62,72,73,1.727273,10,0.0006720905296812016,0.004494737295996754
paper_rank15,15,frozen_nn,fitting,62,72,73,1.727273,11,0.0054572148758908,0.03649619530656028
paper_rank15,15,frozen_nn,fitting,62,72,73,1.727273,12,0.017195237478685607,0.1149965247176301
paper_rank15,15,frozen_nn,fitting,62,72,73,1.727273,13,0.015911041059263803,0.10640820917552801
paper_rank15,15,frozen_nn,fitting,62,72,73,1.727273,14,0.015379327694421397,0.10285227171443818
paper_rank15,15,frozen_nn,fitting,62,72,73,1.727273,15,0.020066232230293673,0.13419686547051163
paper_rank15,15,frozen_nn,fitting,63,73,74,1.737374,1,0.039357331455422084,0.2618740362128702
paper_rank15,15,frozen_nn,fitting,63,73,74,1.737374,2,0.07835337969454303,0.5213441824624204
paper_rank15,15,frozen_nn,fitting,63,73,74,1.737374,3,0.0496768577279946,0.33053763450240875
paper_rank15,15,frozen_nn,fitting,63,73,74,1.737374,4,0.006404090040602363,0.04261124535596894
paper_rank15,15,frozen_nn,fitting,63,73,74,1.737374,5,0.040667588273130634,0.2705921639070053
paper_rank15,15,frozen_nn,fitting,63,73,74,1.737374,6,0.02980533727027061,0.19831740829512876
paper_rank15,15,frozen_nn,fitting,63,73,74,1.737374,7,0.009290318752198795,0.06181550372890552
paper_rank15,15,frozen_nn,fitting,63,73,74,1.737374,8,0.0189419568079694,0.12603513753698434
paper_rank15,15,frozen_nn,fitting,63,73,74,1.737374,9,0.03422043341672184,0.22769437582273253
paper_rank15,15,frozen_nn,fitting,63,73,74,1.737374,10,0.01700645615905781,0.11315679065014835
paper_rank15,15,frozen_nn,fitting,63,73,74,1.737374,11,0.002677525019855156,0.01781559516565795
paper_rank15,15,frozen_nn,fitting,63,73,74,1.737374,12,0.012581205588663052,0.0837122580746825
paper_rank15,15,frozen_nn,fitting,63,73,74,1.737374,13,0.002313435317367175,0.01539303153117822
paper_rank15,15,frozen_nn,fitting,63,73,74,1.737374,14,0.021341690621200744,0.14200237810610625
paper_rank15,15,frozen_nn,fitting,63,73,74,1.737374,15,0.00483990803011187,0.03220356167135073
paper_rank15,15,frozen_nn,fitting,64,74,75,1.747475,1,0.01332171352563094,0.08892100958893537
paper_rank15,15,frozen_nn,fitting,64,74,75,1.747475,2,0.02350145702430373,0.1568697060923391
paper_rank15,15,frozen_nn,fitting,64,74,75,1.747475,3,0.015465375533217862,0.1032297236717992
paper_rank15,15,frozen_nn,fitting,64,74,75,1.747475,4,0.010127630210991376,0.06760084589509317
paper_rank15,15,frozen_nn,fitting,64,74,75,1.747475,5,0.0023752975100418405,0.015854856228564734
paper_rank15,15,frozen_nn,fitting,64,74,75,1.747475,6,0.014699376893072005,0.0981167648700301
paper_rank15,15,frozen_nn,fitting,64,74,75,1.747475,7,0.0002391711504154126,0.0015964417879552283
paper_rank15,15,frozen_nn,fitting,64,74,75,1.747475,8,0.01079920104006985,0.07208350918140702
paper_rank15,15,frozen_nn,fitting,64,74,75,1.747475,9,0.005610027053396836,0.03744632914148035
paper_rank15,15,frozen_nn,fitting,64,74,75,1.747475,10,0.019179205427587973,0.12801914006433635
paper_rank15,15,frozen_nn,fitting,64,74,75,1.747475,11,0.0009965067888183382,0.006651575981833605
paper_rank15,15,frozen_nn,fitting,64,74,75,1.747475,12,0.006452538269445493,0.043070001184638176
paper_rank15,15,frozen_nn,fitting,64,74,75,1.747475,13,0.005847922200533804,0.03903425374434976
paper_rank15,15,frozen_nn,fitting,64,74,75,1.747475,14,0.00617012615551707,0.04118493060101208
paper_rank15,15,frozen_nn,fitting,64,74,75,1.747475,15,0.009808209604605867,0.06546874759192357
paper_rank15,15,frozen_nn,fitting,65,75,76,1.757576,1,0.03760012205797025,0.24970772225310914
paper_rank15,15,frozen_nn,fitting,65,75,76,1.757576,2,0.0785468549148125,0.521640759588057
paper_rank15,15,frozen_nn,fitting,65,75,76,1.757576,3,0.028215517200119722,0.1873832356547318
paper_rank15,15,frozen_nn,fitting,65,75,76,1.757576,4,0.03876325348495205,0.2574322423720822
paper_rank15,15,frozen_nn,fitting,65,75,76,1.757576,5,0.04908878725157516,0.32600557077606473
paper_rank15,15,frozen_nn,fitting,65,75,76,1.757576,6,0.04178622809106422,0.2775082437786055
paper_rank15,15,frozen_nn,fitting,65,75,76,1.757576,7,0.002603384878424933,0.017289446750662244
paper_rank15,15,frozen_nn,fitting,65,75,76,1.757576,8,0.017944719116879265,0.1191734146564533
paper_rank15,15,frozen_nn,fitting,65,75,76,1.757576,9,0.008029726184652771,0.05332654592967647
paper_rank15,15,frozen_nn,fitting,65,75,76,1.757576,10,0.0010276202232040038,0.00682457107138858
paper_rank15,15,frozen_nn,fitting,65,75,76,1.757576,11,0.010049150672220604,0.06673782923017374
paper_rank15,15,frozen_nn,fitting,65,75,76,1.757576,12,0.0014881475022964523,0.009882997789267298
paper_rank15,15,frozen_nn,fitting,65,75,76,1.757576,13,0.015500646224665703,0.10294198131178817
paper_rank15,15,frozen_nn,fitting,65,75,76,1.757576,14,0.014514631767199127,0.09639372000819428
paper_rank15,15,frozen_nn,fitting,65,75,76,1.757576,15,0.008151976889820783,0.054138430132719094
paper_rank15,15,frozen_nn,fitting,66,76,77,1.767677,1,0.02442133485356557,0.1628389044419994
paper_rank15,15,frozen_nn,fitting,66,76,77,1.767677,2,0.04710048528886124,0.3140611055502917
paper_rank15,15,frozen_nn,fitting,66,76,77,1.767677,3,0.0018446486426490494,0.012299924056179763
paper_rank15,15,frozen_nn,fitting,66,76,77,1.767677,4,0.029533909039431865,0.19692901394243742
paper_rank15,15,frozen_nn,fitting,66,76,77,1.767677,5,0.009326186037873704,0.06218603225973524
paper_rank15,15,frozen_nn,fitting,66,76,77,1.767677,6,0.03889300295350455,0.2593344724759569
paper_rank15,15,frozen_nn,fitting,66,76,77,1.767677,7,0.0018899157091630389,0.012601760117256701
paper_rank15,15,frozen_nn,fitting,66,76,77,1.767677,8,0.04247649731294635,0.28322883775388075
paper_rank15,15,frozen_nn,fitting,66,76,77,1.767677,9,0.03632608214501618,0.24221851322352528
paper_rank15,15,frozen_nn,fitting,66,76,77,1.767677,10,0.0021029326341872596,0.014022134675262615
paper_rank15,15,frozen_nn,fitting,66,76,77,1.767677,11,0.0006899068983688395,0.004600226980670436
paper_rank15,15,frozen_nn,fitting,66,76,77,1.767677,12,0.011465125552790043,0.07644825704659308
paper_rank15,15,frozen_nn,fitting,66,76,77,1.767677,13,0.003976973852824344,0.026518045351392478
paper_rank15,15,frozen_nn,fitting,66,76,77,1.767677,14,0.004203236086205752,0.028026738239039815
paper_rank15,15,frozen_nn,fitting,66,76,77,1.767677,15,0.0023393936720858995,0.015598832123846626
paper_rank15,15,frozen_nn,fitting,67,77,78,1.777778,1,0.01972781231738452,0.1309558948836773
paper_rank15,15,frozen_nn,fitting,67,77,78,1.777778,2,0.04400917293898621,0.2921388612480239
paper_rank15,15,frozen_nn,fitting,67,77,78,1.777778,3,0.027146456061385993,0.18020185863723498
paper_rank15,15,frozen_nn,fitting,67,77,78,1.777778,4,0.013089418617813165,0.08688933679140184
paper_rank15,15,frozen_nn,fitting,67,77,78,1.777778,5,0.043574434365352965,0.28925300760978623
paper_rank15,15,frozen_nn,fitting,67,77,78,1.777778,6,0.010893238145607708,0.07231079283342423
paper_rank15,15,frozen_nn,fitting,67,77,78,1.777778,7,0.006480032948499524,0.04301533793986209
paper_rank15,15,frozen_nn,fitting,67,77,78,1.777778,8,0.006729589981258488,0.04467193138386329
paper_rank15,15,frozen_nn,fitting,67,77,78,1.777778,9,0.03574659528697263,0.23729074970593453
paper_rank15,15,frozen_nn,fitting,67,77,78,1.777778,10,0.006062599075609074,0.04024435525310185
paper_rank15,15,frozen_nn,fitting,67,77,78,1.777778,11,0.016082736002014784,0.10675938372881923
paper_rank15,15,frozen_nn,fitting,67,77,78,1.777778,12,0.010541467924735272,0.06997569437817462
paper_rank15,15,frozen_nn,fitting,67,77,78,1.777778,13,0.0014120518160459197,0.00937339154577536
paper_rank15,15,frozen_nn,fitting,67,77,78,1.777778,14,0.0006213093239778567,0.004124335593429851
paper_rank15,15,frozen_nn,fitting,67,77,78,1.777778,15,0.015283878692426627,0.10145646051673579
paper_rank15,15,frozen_nn,fitting,68,78,79,1.787879,1,0.03192379643340182,0.2126015712698917
paper_rank15,15,frozen_nn,fitting,68,78,79,1.787879,2,0.050627807559033844,0.337163891501902
paper_rank15,15,frozen_nn,fitting,68,78,79,1.787879,3,0.05643342212554128,0.3758272998970083
paper_rank15,15,frozen_nn,fitting,68,78,79,1.787879,4,0.04259478118060089,0.28366668186801175
paper_rank15,15,frozen_nn,fitting,68,78,79,1.787879,5,0.0357068908054825,0.2377956865576683
paper_rank15,15,frozen_nn,fitting,68,78,79,1.787879,6,0.02846443010897171,0.18956337411479166
paper_rank15,15,frozen_nn,fitting,68,78,79,1.787879,7,0.03166555825915414,0.21088179330672063
paper_rank15,15,frozen_nn,fitting,68,78,79,1.787879,8,0.039753657735340925,0.26474577094521173
paper_rank15,15,frozen_nn,fitting,68,78,79,1.787879,9,0.007082073885370795,0.047164191108045296
paper_rank15,15,frozen_nn,fitting,68,78,79,1.787879,10,0.006824503585672383,0.04544886096106302
paper_rank15,15,frozen_nn,fitting,68,78,79,1.787879,11,0.015499442955059077,0.10322099168023277
paper_rank15,15,frozen_nn,fitting,68,78,79,1.787879,12,0.00793290055360642,0.05283040586801535
paper_rank15,15,frozen_nn,fitting,68,78,79,1.787879,13,0.017548821004717302,0.11686914892219198
paper_rank15,15,frozen_nn,fitting,68,78,79,1.787879,14,0.02292424469695271,0.15266763315306237
paper_rank15,15,frozen_nn,fitting,68,78,79,1.787879,15,0.0006119631120245343,0.004075465129814598
paper_rank15,15,frozen_nn,fitting,69,79,80,1.79798,1,0.010502140600349819,0.06964910874059911
paper_rank15,15,frozen_nn,fitting,69,79,80,1.79798,2,0.01892954593364604,0.12553878807323937
paper_rank15,15,frozen_nn,fitting,69,79,80,1.79798,3,0.005696531070651989,0.03777880406312843
paper_rank15,15,frozen_nn,fitting,69,79,80,1.79798,4,0.01610045778038506,0.1067765684533029
paper_rank15,15,frozen_nn,fitting,69,79,80,1.79798,5,0.05925960098714123,0.3930035361496145
paper_rank15,15,frozen_nn,fitting,69,79,80,1.79798,6,0.023860494018746597,0.15824032506865704
paper_rank15,15,frozen_nn,fitting,69,79,80,1.79798,7,0.02861067731154511,0.18974304868358183
paper_rank15,15,frozen_nn,fitting,69,79,80,1.79798,8,0.014889230719133268,0.09874383603150763
paper_rank15,15,frozen_nn,fitting,69,79,80,1.79798,9,0.017614631996104843,0.11681841502688294
paper_rank15,15,frozen_nn,fitting,69,79,80,1.79798,10,0.004303703348912324,0.028541714869603878
paper_rank15,15,frozen_nn,fitting,69,79,80,1.79798,11,0.004144738268459738,0.027487474920270934
paper_rank15,15,frozen_nn,fitting,69,79,80,1.79798,12,0.009269015670045453,0.06147115191923912
paper_rank15,15,frozen_nn,fitting,69,79,80,1.79798,13,0.0167266923963658,0.11092969156652012
paper_rank15,15,frozen_nn,fitting,69,79,80,1.79798,14,0.014191417887539045,0.0941160136057945
paper_rank15,15,frozen_nn,fitting,69,79,80,1.79798,15,0.019160999952276707,0.12707376715279187
paper_rank15,15,frozen_nn,fitting,70,80,81,1.808081,1,0.04058761612444428,0.2682998410139455
paper_rank15,15,frozen_nn,fitting,70,80,81,1.808081,2,0.0775192898469883,0.5124324887101432
paper_rank15,15,frozen_nn,fitting,70,80,81,1.808081,3,0.025300347323333083,0.16724508144639916
paper_rank15,15,frozen_nn,fitting,70,80,81,1.808081,4,0.0059180627649399,0.03912068385774568
paper_rank15,15,frozen_nn,fitting,70,80,81,1.808081,5,0.035520334769651954,0.23480315134152815
paper_rank15,15,frozen_nn,fitting,70,80,81,1.808081,6,0.025549387432812043,0.1688913328935015
paper_rank15,15,frozen_nn,fitting,70,80,81,1.808081,7,0.004121621603032181,0.02724551295209428
paper_rank15,15,frozen_nn,fitting,70,80,81,1.808081,8,0.03447362493285028,0.22788399447504523
paper_rank15,15,frozen_nn,fitting,70,80,81,1.808081,9,0.061154349927684135,0.40425390623094876
paper_rank15,15,frozen_nn,fitting,70,80,81,1.808081,10,0.010615074328553534,0.07016974699794891
paper_rank15,15,frozen_nn,fitting,70,80,81,1.808081,11,0.0064413829335217285,0.04258003258124301
paper_rank15,15,frozen_nn,fitting,70,80,81,1.808081,12,0.006373762582955109,0.04213303590987642
paper_rank15,15,frozen_nn,fitting,70,80,81,1.808081,13,0.0011272659911523454,0.00745166420415737
paper_rank15,15,frozen_nn,fitting,70,80,81,1.808081,14,0.002589188184207969,0.017115535340835337
paper_rank15,15,frozen_nn,fitting,70,80,81,1.808081,15,0.005997833207967073,0.039647997339675285
paper_rank15,15,frozen_nn,fitting,71,81,82,1.818182,1,0.005093576358950358,0.033766388529769605
paper_rank15,15,frozen_nn,fitting,71,81,82,1.818182,2,0.0038886185388300465,0.02577846981629593
paper_rank15,15,frozen_nn,fitting,71,81,82,1.818182,3,0.022960868721539962,0.15221242592548886
paper_rank15,15,frozen_nn,fitting,71,81,82,1.818182,4,0.0036888012175089052,0.024453838784731723
paper_rank15,15,frozen_nn,fitting,71,81,82,1.818182,5,0.033184538433170846,0.21998728181360308
paper_rank15,15,frozen_nn,fitting,71,81,82,1.818182,6,0.018689283758034664,0.1238951911672051
paper_rank15,15,frozen_nn,fitting,71,81,82,1.818182,7,0.021826914104448373,0.14469520237222677
paper_rank15,15,frozen_nn,fitting,71,81,82,1.818182,8,0.007212526537791051,0.04781335474207233
paper_rank15,15,frozen_nn,fitting,71,81,82,1.818182,9,0.025859035111612045,0.17142498022029876
paper_rank15,15,frozen_nn,fitting,71,81,82,1.818182,10,0.012521196561995301,0.0830056443989533
paper_rank15,15,frozen_nn,fitting,71,81,82,1.818182,11,0.0024367465678893302,0.01615370528712155
paper_rank15,15,frozen_nn,fitting,71,81,82,1.818182,12,0.022979910399829443,0.15233865721409057
paper_rank15,15,frozen_nn,fitting,71,81,82,1.818182,13,0.021328272418774965,0.1413896018061331
paper_rank15,15,frozen_nn,fitting,71,81,82,1.818182,14,0.017245152944318085,0.11432174439672907
paper_rank15,15,frozen_nn,fitting,71,81,82,1.818182,15,0.00023237826614605907,0.0015404843802477115
paper_rank15,15,frozen_nn,fitting,72,82,83,1.828283,1,0.022451551660966018,0.14893229889028667
paper_rank15,15,frozen_nn,fitting,72,82,83,1.828283,2,0.03921315600269759,0.26012034973862097
paper_rank15,15,frozen_nn,fitting,72,82,83,1.828283,3,0.05157166641195848,0.3421004905282116
paper_rank15,15,frozen_nn,fitting,72,82,83,1.828283,4,0.008739957290236824,0.0579764798038856
paper_rank15,15,frozen_nn,fitting,72,82,83,1.828283,5,0.050532869782413406,0.3352096362810814
paper_rank15,15,frozen_nn,fitting,72,82,83,1.828283,6,0.021901686296323924,0.14528476868511736
paper_rank15,15,frozen_nn,fitting,72,82,83,1.828283,7,0.009250978989999799,0.06136634067754814
paper_rank15,15,frozen_nn,fitting,72,82,83,1.828283,8,0.03462616321200636,0.2296925471694767
paper_rank15,15,frozen_nn,fitting,72,82,83,1.828283,9,0.008691280629178977,0.05765358332246991
paper_rank15,15,frozen_nn,fitting,72,82,83,1.828283,10,0.029825124176668192,0.19784486949479466
paper_rank15,15,frozen_nn,fitting,72,82,83,1.828283,11,0.0030290813687793602,0.02009340194345551
paper_rank15,15,frozen_nn,fitting,72,82,83,1.828283,12,0.014809891796929583,0.09824137168514163
paper_rank15,15,frozen_nn,fitting,72,82,83,1.828283,13,0.010686419608742661,0.07088833160709049
paper_rank15,15,frozen_nn,fitting,72,82,83,1.828283,14,0.011684334472430783,0.07750799678614585
paper_rank15,15,frozen_nn,fitting,72,82,83,1.828283,15,0.0007448981012473479,0.004941279263591159
paper_rank15,15,frozen_nn,fitting,73,83,84,1.838384,1,0.008601606120203442,0.05694840454568943
paper_rank15,15,frozen_nn,fitting,73,83,84,1.838384,2,0.019876581926260295,0.1315963103522622
paper_rank15,15,frozen_nn,fitting,73,83,84,1.838384,3,0.04468748020588725,0.2958611060921452
paper_rank15,15,frozen_nn,fitting,73,83,84,1.838384,4,0.02461081135572407,0.1629400860371264
paper_rank15,15,frozen_nn,fitting,73,83,84,1.838384,5,0.03894391113668463,0.2578348246839791
paper_rank15,15,frozen_nn,fitting,73,83,84,1.838384,6,0.001489450798091767,0.009861163765846065
paper_rank15,15,frozen_nn,fitting,73,83,84,1.838384,7,0.032534378545630196,0.21539941787235964
paper_rank15,15,frozen_nn,fitting,73,83,84,1.838384,8,0.022832807496280937,0.15116850737421386
paper_rank15,15,frozen_nn,fitting,73,83,84,1.838384,9,0.019794900757000675,0.1310555262003541
paper_rank15,15,frozen_nn,fitting,73,83,84,1.838384,10,0.016775766120073844,0.11106682894092347
paper_rank15,15,frozen_nn,fitting,73,83,84,1.838384,11,0.010996321779306793,0.07280302916122454
paper_rank15,15,frozen_nn,fitting,73,83,84,1.838384,12,0.004086476755779229,0.027055218316502948
paper_rank15,15,frozen_nn,fitting,73,83,84,1.838384,13,0.015308138089604108,0.10135014654070597
paper_rank15,15,frozen_nn,fitting,73,83,84,1.838384,14,0.005116297497861204,0.033873322680974746
paper_rank15,15,frozen_nn,fitting,73,83,84,1.838384,15,0.025548606706462383,0.1691489205580971
paper_rank15,15,frozen_nn,fitting,74,84,85,1.848485,1,0.0020011426432731128,0.013233699878351643
paper_rank15,15,frozen_nn,fitting,74,84,85,1.848485,2,0.008573484531932296,0.05669706834176809
paper_rank15,15,frozen_nn,fitting,74,84,85,1.848485,3,0.011400787781908117,0.07539422758778282
paper_rank15,15,frozen_nn,fitting,74,84,85,1.848485,4,0.010146155152479741,0.06709725199173766
paper_rank15,15,frozen_nn,fitting,74,84,85,1.848485,5,0.03338703654032169,0.22079086810098833
paper_rank15,15,frozen_nn,fitting,74,84,85,1.848485,6,0.04882260148452998,0.32286736655106896
paper_rank15,15,frozen_nn,fitting,74,84,85,1.848485,7,0.03906141512231101,0.2583159407901443
paper_rank15,15,frozen_nn,fitting,74,84,85,1.848485,8,0.006417684553803857,0.042440608411632476
paper_rank15,15,frozen_nn,fitting,74,84,85,1.848485,9,0.018384250447870856,0.12157636724868423
paper_rank15,15,frozen_nn,fitting,74,84,85,1.848485,10,0.00043014370791915127,0.002844571202506981
paper_rank15,15,frozen_nn,fitting,74,84,85,1.848485,11,0.027750834685709137,0.18351826084908648
paper_rank15,15,frozen_nn,fitting,74,84,85,1.848485,12,0.004304760344639854,0.02846768901791801
paper_rank15,15,frozen_nn,fitting,74,84,85,1.848485,13,0.01494629417307412,0.09884091573627224
paper_rank15,15,frozen_nn,fitting,74,84,85,1.848485,14,0.004633021979017879,0.030638506758241934
paper_rank15,15,frozen_nn,fitting,74,84,85,1.848485,15,0.0021954868268682865,0.014518911908312263
paper_rank15,15,frozen_nn,fitting,75,85,86,1.858586,1,0.030843877650859497,0.2043132685034534
paper_rank15,15,frozen_nn,fitting,75,85,86,1.858586,2,0.07012768200426978,0.46453354811773817
paper_rank15,15,frozen_nn,fitting,75,85,86,1.858586,3,0.04297916592155754,0.28469876473981415
paper_rank15,15,frozen_nn,fitting,75,85,86,1.858586,4,6.010639826501546e-05,0.00039815145250238665
paper_rank15,15,frozen_nn,fitting,75,85,86,1.858586,5,0.047724080448282656,0.3161296051386287
paper_rank15,15,frozen_nn,fitting,75,85,86,1.858586,6,0.015272203141779746,0.10116476846609393
paper_rank15,15,frozen_nn,fitting,75,85,86,1.858586,7,0.04375719469656753,0.28985251368835474
paper_rank15,15,frozen_nn,fitting,75,85,86,1.858586,8,0.02155809435625276,0.14280320945667851
paper_rank15,15,frozen_nn,fitting,75,85,86,1.858586,9,0.044294853726450825,0.29341402676979406
paper_rank15,15,frozen_nn,fitting,75,85,86,1.858586,10,0.0007187667197833112,0.004761190518026255
paper_rank15,15,frozen_nn,fitting,75,85,86,1.858586,11,0.011027124091845995,0.07304489373551411
paper_rank15,15,frozen_nn,fitting,75,85,86,1.858586,12,0.019390453674712423,0.12844451702507959
paper_rank15,15,frozen_nn,fitting,75,85,86,1.858586,13,0.0001497849859050248,0.0009921923692414378
paper_rank15,15,frozen_nn,fitting,75,85,86,1.858586,14,0.017734309350618472,0.11747403322925734
paper_rank15,15,frozen_nn,fitting,75,85,86,1.858586,15,0.0031848527439232847,0.021096818019410924
paper_rank15,15,frozen_nn,fitting,76,86,87,1.868687,1,0.0006778841917949308,0.00447549246329583
paper_rank15,15,frozen_nn,fitting,76,86,87,1.868687,2,0.012582374013462072,0.08307070846203483
paper_rank15,15,frozen_nn,fitting,76,86,87,1.868687,3,0.012866529422911999,0.08494674482457419
paper_rank15,15,frozen_nn,fitting,76,86,87,1.868687,4,0.010994337714361875,0.07258625614099123
paper_rank15,15,frozen_nn,fitting,76,86,87,1.868687,5,0.01470273824013647,0.09706966909688339
paper_rank15,15,frozen_nn,fitting,76,86,87,1.868687,6,0.04686594671758208,0.30941596493699364
paper_rank15,15,frozen_nn,fitting,76,86,87,1.868687,7,0.018103987690346976,0.1195252248753712
paper_rank15,15,frozen_nn,fitting,76,86,87,1.868687,8,0.013139141026002981,0.08674656725709047
paper_rank15,15,frozen_nn,fitting,76,86,87,1.868687,9,0.009230871446206974,0.060943589018889
paper_rank15,15,frozen_nn,fitting,76,86,87,1.868687,10,0.01357151659492762,0.08960117520260347
paper_rank15,15,frozen_nn,fitting,76,86,87,1.868687,11,0.005526363705892417,0.03648587681276871
paper_rank15,15,frozen_nn,fitting,76,86,87,1.868687,12,0.0005227168713927443,0.0034510546885027638
paper_rank15,15,frozen_nn,fitting,76,86,87,1.868687,13,0.009155307779006923,0.06044470642633678
paper_rank15,15,frozen_nn,fitting,76,86,87,1.868687,14,0.016031660629657486,0.10584341276961623
paper_rank15,15,frozen_nn,fitting,76,86,87,1.868687,15,0.006445051420122843,0.04255119001954807
paper_rank15,15,frozen_nn,fitting,77,87,88,1.878788,1,0.026093462980490756,0.17179019515968583
paper_rank15,15,frozen_nn,fitting,77,87,88,1.878788,2,0.059204440506511746,0.3897812412456714
paper_rank15,15,frozen_nn,fitting,77,87,88,1.878788,3,0.040676533793372494,0.2678000112138275
paper_rank15,15,frozen_nn,fitting,77,87,88,1.878788,4,5.401584403354198e-05,0.0003556213445174078
paper_rank15,15,frozen_nn,fitting,77,87,88,1.878788,5,0.04466427594509066,0.2940539048806958
paper_rank15,15,frozen_nn,fitting,77,87,88,1.878788,6,0.02260082713575598,0.14879590751617516
paper_rank15,15,frozen_nn,fitting,77,87,88,1.878788,7,0.0068304549565500975,0.04496931629552206
paper_rank15,15,frozen_nn,fitting,77,87,88,1.878788,8,0.02576404389710685,0.16962141562029864
paper_rank15,15,frozen_nn,fitting,77,87,88,1.878788,9,0.01909582032681082,0.12572017378949787
paper_rank15,15,frozen_nn,fitting,77,87,88,1.878788,10,0.0187586252130691,0.12350019959749842
paper_rank15,15,frozen_nn,fitting,77,87,88,1.878788,11,0.003969918480082351,0.026136548873229082
paper_rank15,15,frozen_nn,fitting,77,87,88,1.878788,12,0.010040103064742774,0.06610051207864176
paper_rank15,15,frozen_nn,fitting,77,87,88,1.878788,13,0.01215497898398435,0.08002411229899845
paper_rank15,15,frozen_nn,fitting,77,87,88,1.878788,14,0.007036509478639133,0.046325906894082225
paper_rank15,15,frozen_nn,fitting,77,87,88,1.878788,15,0.0037406453946405207,0.024627095408874287
paper_rank15,15,frozen_nn,fitting,78,88,89,1.888889,1,0.030159800529904857,0.1993589789452128
paper_rank15,15,frozen_nn,fitting,78,88,89,1.888889,2,0.06200375463798147,0.40985036367004385
paper_rank15,15,frozen_nn,fitting,78,88,89,1.888889,3,0.013532940687399797,0.0894539483074844
paper_rank15,15,frozen_nn,fitting,78,88,89,1.888889,4,0.010973854869124264,0.07253816216829159
paper_rank15,15,frozen_nn,fitting,78,88,89,1.888889,5,0.005656113473175028,0.03738741593109574
paper_rank15,15,frozen_nn,fitting,78,88,89,1.888889,6,0.01217841287588075,0.08050039832662241
paper_rank15,15,frozen_nn,fitting,78,88,89,1.888889,7,0.06434209535606349,0.4253070049538819
paper_rank15,15,frozen_nn,fitting,78,88,89,1.888889,8,0.014901408808233065,0.09849964497971153
paper_rank15,15,frozen_nn,fitting,78,88,89,1.888889,9,0.026562999578513977,0.175583802964607
paper_rank15,15,frozen_nn,fitting,78,88,89,1.888889,10,0.01876492639207625,0.12403784175552034
paper_rank15,15,frozen_nn,fitting,78,88,89,1.888889,11,0.008311277674909533,0.054938288778043645
paper_rank15,15,frozen_nn,fitting,78,88,89,1.888889,12,0.02159410318127264,0.1427389533689885
paper_rank15,15,frozen_nn,fitting,78,88,89,1.888889,13,0.00899810191775009,0.05947825845164095
paper_rank15,15,frozen_nn,fitting,78,88,89,1.888889,14,0.010876161159835075,0.07189239801232669
paper_rank15,15,frozen_nn,fitting,78,88,89,1.888889,15,0.014128438824101062,0.09339024425144551
paper_rank15,15,frozen_nn,fitting,79,89,90,1.89899,1,0.0025361896337035006,0.016717552165443593
paper_rank15,15,frozen_nn,fitting,79,89,90,1.89899,2,0.01733935036534162,0.11429409315273233
paper_rank15,15,frozen_nn,fitting,79,89,90,1.89899,3,0.012161996594543256,0.08016703869589024
paper_rank15,15,frozen_nn,fitting,79,89,90,1.89899,4,0.01861458134762256,0.1226999079963726
paper_rank15,15,frozen_nn,fitting,79,89,90,1.89899,5,0.046765610027520894,0.30826027943432227
paper_rank15,15,frozen_nn,fitting,79,89,90,1.89899,6,0.03572221523982729,0.23546661842670105
paper_rank15,15,frozen_nn,fitting,79,89,90,1.89899,7,0.008762881047488997,0.05776142252306853
paper_rank15,15,frozen_nn,fitting,79,89,90,1.89899,8,0.018925318407079842,0.124748162958139
paper_rank15,15,frozen_nn,fitting,79,89,90,1.89899,9,0.038495251476640624,0.2537453690885342
paper_rank15,15,frozen_nn,fitting,79,89,90,1.89899,10,0.02035630295185552,0.13418064326533818
paper_rank15,15,frozen_nn,fitting,79,89,90,1.89899,11,0.01303669570495183,0.08593270693023645
paper_rank15,15,frozen_nn,fitting,79,89,90,1.89899,12,0.01824562611591812,0.12026790202538162
paper_rank15,15,frozen_nn,fitting,79,89,90,1.89899,13,0.0030947045182381757,0.020399059886043597
paper_rank15,15,frozen_nn,fitting,79,89,90,1.89899,14,0.00887560892976514,0.058504479835269387
paper_rank15,15,frozen_nn,fitting,79,89,90,1.89899,15,0.011667264370951527,0.07690596087824171
paper_rank15,15,frozen_nn,fitting,80,90,91,1.909091,1,0.0032700331905370916,0.021542994858107473
paper_rank15,15,frozen_nn,fitting,80,90,91,1.909091,2,0.00682117043242747,0.044937904599042906
paper_rank15,15,frozen_nn,fitting,80,90,91,1.909091,3,0.02377575358583167,0.15663478240203266
paper_rank15,15,frozen_nn,fitting,80,90,91,1.909091,4,0.029746340437562732,0.19596903815788946
paper_rank15,15,frozen_nn,fitting,80,90,91,1.909091,5,0.010104296295641618,0.06656715404960434
paper_rank15,15,frozen_nn,fitting,80,90,91,1.909091,6,0.051010214926490355,0.33605554862635695
paper_rank15,15,frozen_nn,fitting,80,90,91,1.909091,7,0.03224993698840148,0.21246274463694698
paper_rank15,15,frozen_nn,fitting,80,90,91,1.909091,8,0.010847208215453362,0.07146146145750637
paper_rank15,15,frozen_nn,fitting,80,90,91,1.909091,9,0.019683948631413,0.12967795109264105
paper_rank15,15,frozen_nn,fitting,80,90,91,1.909091,10,0.0003345638198693191,0.002204108102636637
paper_rank15,15,frozen_nn,fitting,80,90,91,1.909091,11,0.0034697744201396884,0.022858891068192746
paper_rank15,15,frozen_nn,fitting,80,90,91,1.909091,12,0.010150875989654345,0.06687402130450323
paper_rank15,15,frozen_nn,fitting,80,90,91,1.909091,13,0.008889418348124373,0.058563532113188
paper_rank15,15,frozen_nn,fitting,80,90,91,1.909091,14,0.0009724309751724027,0.006406380081592595
paper_rank15,15,frozen_nn,fitting,80,90,91,1.909091,15,0.007674844734316762,0.05056191512875832
paper_rank15,15,frozen_nn,fitting,81,91,92,1.919192,1,0.004388471730447208,0.028873547701533334
paper_rank15,15,frozen_nn,fitting,81,91,92,1.919192,2,0.02015169667372918,0.13258624207121336
paper_rank15,15,frozen_nn,fitting,81,91,92,1.919192,3,0.012183270509088795,0.08015871214670262
paper_rank15,15,frozen_nn,fitting,81,91,92,1.919192,4,0.026762525708003748,0.1760815860524669
paper_rank15,15,frozen_nn,fitting,81,91,92,1.919192,5,0.06449497025232494,0.42433874808160377
paper_rank15,15,frozen_nn,fitting,81,91,92,1.919192,6,0.011507146379907665,0.0757102153817298
paper_rank15,15,frozen_nn,fitting,81,91,92,1.919192,7,0.03416931011161465,0.22481384546497976
paper_rank15,15,frozen_nn,fitting,81,91,92,1.919192,8,0.023848723241603236,0.15691048967220445
paper_rank15,15,frozen_nn,fitting,81,91,92,1.919192,9,0.002048638722516245,0.013478830789176183
paper_rank15,15,frozen_nn,fitting,81,91,92,1.919192,10,0.005756249426445795,0.03787271574368091
paper_rank15,15,frozen_nn,fitting,81,91,92,1.919192,11,0.015319958885234646,0.10079626595048731
paper_rank15,15,frozen_nn,fitting,81,91,92,1.919192,12,0.010109397284904446,0.06651385326565487
paper_rank15,15,frozen_nn,fitting,81,91,92,1.919192,13,0.0025071530137819754,0.016495583561865618
paper_rank15,15,frozen_nn,fitting,81,91,92,1.919192,14,0.0022279088536451687,0.014658322193142373
paper_rank15,15,frozen_nn,fitting,81,91,92,1.919192,15,0.001334249691095524,0.008778573605549211
paper_rank15,15,frozen_nn,fitting,82,92,93,1.929293,1,0.018451551774234076,0.12155164380528836
paper_rank15,15,frozen_nn,fitting,82,92,93,1.929293,2,0.01841616716190475,0.12131854374700231
paper_rank15,15,frozen_nn,fitting,82,92,93,1.929293,3,0.03185927314290071,0.2098764953942204
paper_rank15,15,frozen_nn,fitting,82,92,93,1.929293,4,0.007169880232492709,0.04723238125497487
paper_rank15,15,frozen_nn,fitting,82,92,93,1.929293,5,0.03310740784547542,0.21809872118014229
paper_rank15,15,frozen_nn,fitting,82,92,93,1.929293,6,0.03816623960378297,0.2514243364714993
paper_rank15,15,frozen_nn,fitting,82,92,93,1.929293,7,0.006525010216336636,0.04298422849993282
paper_rank15,15,frozen_nn,fitting,82,92,93,1.929293,8,0.011636765712173489,0.07665848478212448
paper_rank15,15,frozen_nn,fitting,82,92,93,1.929293,9,0.029036133145384887,0.19127874754139784
paper_rank15,15,frozen_nn,fitting,82,92,93,1.929293,10,0.011624925270745481,0.07658048456097427
paper_rank15,15,frozen_nn,fitting,82,92,93,1.929293,11,0.0057371002861802516,0.0377937844466172
paper_rank15,15,frozen_nn,fitting,82,92,93,1.929293,12,0.001508306922900395,0.00993613914345422
paper_rank15,15,frozen_nn,fitting,82,92,93,1.929293,13,0.007565818445609131,0.04984066814804989
paper_rank15,15,frozen_nn,fitting,82,92,93,1.929293,14,0.015392342602400274,0.10139876408381848
paper_rank15,15,frozen_nn,fitting,82,92,93,1.929293,15,0.0019749250308506556,0.013010037682972696
paper_rank15,15,frozen_nn,fitting,83,93,94,1.939394,1,0.0033112154249490544,0.02177580320088265
paper_rank15,15,frozen_nn,fitting,83,93,94,1.939394,2,0.011747761472207685,0.07725771628816386
paper_rank15,15,frozen_nn,fitting,83,93,94,1.939394,3,0.018877252485870466,0.12414394183127261
paper_rank15,15,frozen_nn,fitting,83,93,94,1.939394,4,0.01921068520336859,0.12633672131105725
paper_rank15,15,frozen_nn,fitting,83,93,94,1.939394,5,0.022533738727563465,0.14819037632354576
paper_rank15,15,frozen_nn,fitting,83,93,94,1.939394,6,0.02161764521909923,0.1421657994254026
paper_rank15,15,frozen_nn,fitting,83,93,94,1.939394,7,0.01801493437364053,0.11847301224843987
paper_rank15,15,frozen_nn,fitting,83,93,94,1.939394,8,0.0014137612418314359,0.009297427869897795
paper_rank15,15,frozen_nn,fitting,83,93,94,1.939394,9,0.003900616567680874,0.025651927718121185
paper_rank15,15,frozen_nn,fitting,83,93,94,1.939394,10,0.0005301071563778782,0.003486184869062636
paper_rank15,15,frozen_nn,fitting,83,93,94,1.939394,11,5.62204591597759e-05,0.0003697269725497779
paper_rank15,15,frozen_nn,fitting,83,93,94,1.939394,12,0.002900567859717342,0.019075229720211282
paper_rank15,15,frozen_nn,fitting,83,93,94,1.939394,13,0.011444379399850465,0.07526256120023163
paper_rank15,15,frozen_nn,fitting,83,93,94,1.939394,14,0.007523875378889197,0.049479846078325854
paper_rank15,15,frozen_nn,fitting,83,93,94,1.939394,15,0.014708759281752165,0.09673035618137686
paper_rank15,15,frozen_nn,fitting,84,94,95,1.949495,1,0.00022750607231891706,0.001494929883112938
paper_rank15,15,frozen_nn,fitting,84,94,95,1.949495,2,0.0008561139371328075,0.005625477574836966
paper_rank15,15,frozen_nn,fitting,84,94,95,1.949495,3,0.005457024824026602,0.035857809856129116
paper_rank15,15,frozen_nn,fitting,84,94,95,1.949495,4,0.017962162725944836,0.11802838293788931
paper_rank15,15,frozen_nn,fitting,84,94,95,1.949495,5,0.027475861906304567,0.18054237677859017
paper_rank15,15,frozen_nn,fitting,84,94,95,1.949495,6,0.027816771298441248,0.1827824736364208
paper_rank15,15,frozen_nn,fitting,84,94,95,1.949495,7,0.011024258037864831,0.07243979297770062
paper_rank15,15,frozen_nn,fitting,84,94,95,1.949495,8,0.00525992023031338,0.034562646416149895
paper_rank15,15,frozen_nn,fitting,84,94,95,1.949495,9,0.012526265330698606,0.08230940025377889
paper_rank15,15,frozen_nn,fitting,84,94,95,1.949495,10,0.0013484945191214466,0.008860883286766845
paper_rank15,15,frozen_nn,fitting,84,94,95,1.949495,11,0.016766520538426914,0.11017188391167654
paper_rank15,15,frozen_nn,fitting,84,94,95,1.949495,12,0.0034996844269820013,0.022996233806131035
paper_rank15,15,frozen_nn,fitting,84,94,95,1.949495,13,0.0011263059242615416,0.007400894255452858
paper_rank15,15,frozen_nn,fitting,84,94,95,1.949495,14,0.020724080681786276,0.13617679385637121
paper_rank15,15,frozen_nn,fitting,84,94,95,1.949495,15,0.004023880605530272,0.02644069805246076
paper_rank15,15,frozen_nn,fitting,85,95,96,1.959596,1,0.026548546095348513,0.17400684558927965
paper_rank15,15,frozen_nn,fitting,85,95,96,1.959596,2,0.038312441161224564,0.2511108144810086
paper_rank15,15,frozen_nn,fitting,85,95,96,1.959596,3,0.01289748268022195,0.08453382980625812
paper_rank15,15,frozen_nn,fitting,85,95,96,1.959596,4,0.009971674677671558,0.06535723838406854
paper_rank15,15,frozen_nn,fitting,85,95,96,1.959596,5,0.024530953579844212,0.16078296101019326
paper_rank15,15,frozen_nn,fitting,85,95,96,1.959596,6,0.01611514767342936,0.10562333631332706
paper_rank15,15,frozen_nn,fitting,85,95,96,1.959596,7,0.01478267193168354,0.09688990511853748
paper_rank15,15,frozen_nn,fitting,85,95,96,1.959596,8,0.007000850757692035,0.04588559962614095
paper_rank15,15,frozen_nn,fitting,85,95,96,1.959596,9,0.025087178893645902,0.16442862250683157
paper_rank15,15,frozen_nn,fitting,85,95,96,1.959596,10,0.007636087143506148,0.05004912252875349
paper_rank15,15,frozen_nn,fitting,85,95,96,1.959596,11,0.0028225647440873265,0.01849990526133558
paper_rank15,15,frozen_nn,fitting,85,95,96,1.959596,12,0.0020436699063589555,0.013394803337029675
paper_rank15,15,frozen_nn,fitting,85,95,96,1.959596,13,0.0006364793432776287,0.004171669605134457
paper_rank15,15,frozen_nn,fitting,85,95,96,1.959596,14,0.009699123487707594,0.06357085909772625
paper_rank15,15,frozen_nn,fitting,85,95,96,1.959596,15,0.0024579001167071147,0.016109787878616142
paper_rank15,15,frozen_nn,fitting,86,96,97,1.969697,1,0.010197229370547234,0.06699485941550024
paper_rank15,15,frozen_nn,fitting,86,96,97,1.969697,2,0.015840823510321567,0.10407275403306851
paper_rank15,15,frozen_nn,fitting,86,96,97,1.969697,3,0.022057439487438046,0.1449153494374632
paper_rank15,15,frozen_nn,fitting,86,96,97,1.969697,4,0.0348426082477004,0.228912732704253
paper_rank15,15,frozen_nn,fitting,86,96,97,1.969697,5,0.03975964496822898,0.26121721187818636
paper_rank15,15,frozen_nn,fitting,86,96,97,1.969697,6,0.0003107609612533306,0.0020416709435923308
paper_rank15,15,frozen_nn,fitting,86,96,97,1.969697,7,0.02119412457257138,0.13924344982129394
paper_rank15,15,frozen_nn,fitting,86,96,97,1.969697,8,0.02324496756720264,0.1527172997383535
paper_rank15,15,frozen_nn,fitting,86,96,97,1.969697,9,0.018673830818409284,0.12268535157614367
paper_rank15,15,frozen_nn,fitting,86,96,97,1.969697,10,0.0006675722456436915,0.0043858882762572195
paper_rank15,15,frozen_nn,fitting,86,96,97,1.969697,11,0.006538142047434481,0.0429549921247812
paper_rank15,15,frozen_nn,fitting,86,96,97,1.969697,12,0.01713119937659603,0.1125504048353445
paper_rank15,15,frozen_nn,fitting,86,96,97,1.969697,13,0.00650217665377081,0.04271870279512464
paper_rank15,15,frozen_nn,fitting,86,96,97,1.969697,14,0.0023055066094262223,0.015146966452096922
paper_rank15,15,frozen_nn,fitting,86,96,97,1.969697,15,0.00963649035515416,0.06331085563957763
paper_rank15,15,frozen_nn,fitting,87,97,98,1.979798,1,0.002644498777577553,0.017348315990616665
paper_rank15,15,frozen_nn,fitting,87,97,98,1.979798,2,0.010847940263954303,0.071164145410876
paper_rank15,15,frozen_nn,fitting,87,97,98,1.979798,3,0.015242422270479117,0.09999261873469696
paper_rank15,15,frozen_nn,fitting,87,97,98,1.979798,4,0.01996988433493252,0.13100549210910542
paper_rank15,15,frozen_nn,fitting,87,97,98,1.979798,5,0.018362947595128007,0.1204637415984106
paper_rank15,15,frozen_nn,fitting,87,97,98,1.979798,6,0.009644483652085818,0.06326928618056987
paper_rank15,15,frozen_nn,fitting,87,97,98,1.979798,7,0.01671840360454868,0.10967528177723634
paper_rank15,15,frozen_nn,fitting,87,97,98,1.979798,8,0.014204977775222744,0.09318682435164187
paper_rank15,15,frozen_nn,fitting,87,97,98,1.979798,9,0.00043716996686413243,0.0028679017706764553
paper_rank15,15,frozen_nn,fitting,87,97,98,1.979798,10,0.013610749993237905,0.08928859931947926
paper_rank15,15,frozen_nn,fitting,87,97,98,1.979798,11,0.00712559925323312,0.046745019704954316
paper_rank15,15,frozen_nn,fitting,87,97,98,1.979798,12,0.012493614616010187,0.08196002057602592
paper_rank15,15,frozen_nn,fitting,87,97,98,1.979798,13,0.01185841258357273,0.07779299820110867
paper_rank15,15,frozen_nn,fitting,87,97,98,1.979798,14,0.00273230768416673,0.017924355832728073
paper_rank15,15,frozen_nn,fitting,87,97,98,1.979798,15,0.012236786085400275,0.08027518617859505
paper_rank15,15,frozen_nn,fitting,88,98,99,1.989899,1,0.004761136736544103,0.031239193109951605
paper_rank15,15,frozen_nn,fitting,88,98,99,1.989899,2,0.031579250621753596,0.20720058318606155
paper_rank15,15,frozen_nn,fitting,88,98,99,1.989899,3,0.0015043738307501942,0.009870631155717418
paper_rank15,15,frozen_nn,fitting,88,98,99,1.989899,4,0.011141392318226778,0.07310189255254415
paper_rank15,15,frozen_nn,fitting,88,98,99,1.989899,5,0.04837918768073636,0.31742982192906305
paper_rank15,15,frozen_nn,fitting,88,98,99,1.989899,6,0.05133145466140211,0.3368004981823341
paper_rank15,15,frozen_nn,fitting,88,98,99,1.989899,7,0.0510923996329106,0.3352319891030565
paper_rank15,15,frozen_nn,fitting,88,98,99,1.989899,8,0.0028218946178671994,0.01851526553036437
paper_rank15,15,frozen_nn,fitting,88,98,99,1.989899,9,0.007248219953301436,0.04755766434654896
paper_rank15,15,frozen_nn,fitting,88,98,99,1.989899,10,0.009844828439427513,0.06459476250557182
paper_rank15,15,frozen_nn,fitting,88,98,99,1.989899,11,0.011629884534033682,0.07630703105343431
paper_rank15,15,frozen_nn,fitting,88,98,99,1.989899,12,0.018190675768339194,0.11935427705026207
paper_rank15,15,frozen_nn,fitting,88,98,99,1.989899,13,0.00025255339842723736,0.0016570757826564124
paper_rank15,15,frozen_nn,fitting,88,98,99,1.989899,14,0.01361229948932375,0.08931422808204013
paper_rank15,15,frozen_nn,fitting,88,98,99,1.989899,15,0.004580108560678727,0.030051414968484996
paper_rank15,15,frozen_nn,fitting,89,99,100,2.0,1,0.025578335460782142,0.1672769956991069
paper_rank15,15,frozen_nn,fitting,89,99,100,2.0,2,0.07594191833838582,0.496644356187658
paper_rank15,15,frozen_nn,fitting,89,99,100,2.0,3,0.01510371502623542,0.09877515592669697
paper_rank15,15,frozen_nn,fitting,89,99,100,2.0,4,0.01060830408124333,0.06937610302647493
paper_rank15,15,frozen_nn,fitting,89,99,100,2.0,5,0.0809649532794024,0.5294939603189818
paper_rank15,15,frozen_nn,fitting,89,99,100,2.0,6,0.02499089951659095,0.16343528676301783
paper_rank15,15,frozen_nn,fitting,89,99,100,2.0,7,0.03331014015348422,0.21784139080255244
paper_rank15,15,frozen_nn,fitting,89,99,100,2.0,8,0.0034173227590156723,0.022348580318636766
paper_rank15,15,frozen_nn,fitting,89,99,100,2.0,9,0.04879110277044639,0.31908366753577144
paper_rank15,15,frozen_nn,fitting,89,99,100,2.0,10,0.0006573229832360824,0.00429875564061994
paper_rank15,15,frozen_nn,fitting,89,99,100,2.0,11,0.013348382840645578,0.08729564839933587
paper_rank15,15,frozen_nn,fitting,89,99,100,2.0,12,0.013966091996579187,0.09133533784585333
paper_rank15,15,frozen_nn,fitting,89,99,100,2.0,13,0.015510618073218114,0.10143621725120883
paper_rank15,15,frozen_nn,fitting,89,99,100,2.0,14,0.0014528934158842695,0.009501620856164269
paper_rank15,15,frozen_nn,fitting,89,99,100,2.0,15,0.0002634954484932858,0.0017232054475134252
paper_rank15,15,frozen_nn,internal_validation,0,5,6,1.050505,1,0.02106733977872821,0.16698298175776405
paper_rank15,15,frozen_nn,internal_validation,0,5,6,1.050505,2,0.028561994412306113,0.22638676937897598
paper_rank15,15,frozen_nn,internal_validation,0,5,6,1.050505,3,0.08443721230138268,0.6692623572547418
paper_rank15,15,frozen_nn,internal_validation,0,5,6,1.050505,4,0.145847457923732,1.1560094279433033
paper_rank15,15,frozen_nn,internal_validation,0,5,6,1.050505,5,0.015963845800792065,0.1265319019931021
paper_rank15,15,frozen_nn,internal_validation,0,5,6,1.050505,6,0.1107335306090137,0.8776910286664574
paper_rank15,15,frozen_nn,internal_validation,0,5,6,1.050505,7,0.06564391896566185,0.5203038180558064
paper_rank15,15,frozen_nn,internal_validation,0,5,6,1.050505,8,0.07042561325590609,0.5582042639035193
paper_rank15,15,frozen_nn,internal_validation,0,5,6,1.050505,9,0.0010437867846040802,0.008273214911952214
paper_rank15,15,frozen_nn,internal_validation,0,5,6,1.050505,10,0.06603382315649078,0.523394258760152
paper_rank15,15,frozen_nn,internal_validation,0,5,6,1.050505,11,0.030907000518866974,0.24497364916666867
paper_rank15,15,frozen_nn,internal_validation,0,5,6,1.050505,12,0.03214148965158708,0.254758400278781
paper_rank15,15,frozen_nn,internal_validation,0,5,6,1.050505,13,0.02146081411842371,0.17010172001221907
paper_rank15,15,frozen_nn,internal_validation,0,5,6,1.050505,14,0.0025181261276489997,0.019959055754230858
paper_rank15,15,frozen_nn,internal_validation,0,5,6,1.050505,15,0.02277761677225377,0.18053890077792248
paper_rank15,15,frozen_nn,internal_validation,1,8,9,1.080808,1,0.02795269013810575,0.22055973378057903
paper_rank15,15,frozen_nn,internal_validation,1,8,9,1.080808,2,0.03355355937415183,0.26475319857909346
paper_rank15,15,frozen_nn,internal_validation,1,8,9,1.080808,3,0.02830361347264637,0.22332868220240407
paper_rank15,15,frozen_nn,internal_validation,1,8,9,1.080808,4,0.06058074986211652,0.4780103094120922
paper_rank15,15,frozen_nn,internal_validation,1,8,9,1.080808,5,0.07331498260784312,0.5784893320185269
paper_rank15,15,frozen_nn,internal_validation,1,8,9,1.080808,6,0.05473151262772717,0.43185710552143475
paper_rank15,15,frozen_nn,internal_validation,1,8,9,1.080808,7,0.041204216238846875,0.3251204416954674
paper_rank15,15,frozen_nn,internal_validation,1,8,9,1.080808,8,0.004774016033151347,0.037669208227678365
paper_rank15,15,frozen_nn,internal_validation,1,8,9,1.080808,9,0.004188562589895208,0.03304970810273447
paper_rank15,15,frozen_nn,internal_validation,1,8,9,1.080808,10,0.0008311636169504449,0.006558267743711206
paper_rank15,15,frozen_nn,internal_validation,1,8,9,1.080808,11,0.010396415112693359,0.08203255351090961
paper_rank15,15,frozen_nn,internal_validation,1,8,9,1.080808,12,0.01382053160770478,0.10905042616796283
paper_rank15,15,frozen_nn,internal_validation,1,8,9,1.080808,13,0.014654296840370512,0.11562922187040459
paper_rank15,15,frozen_nn,internal_validation,1,8,9,1.080808,14,0.014932179428503584,0.11782184481145515
paper_rank15,15,frozen_nn,internal_validation,1,8,9,1.080808,15,0.0070522783935184855,0.05564575850610325
paper_rank15,15,frozen_nn,internal_validation,2,28,29,1.282828,1,0.04638476173378514,0.34169752821519606
paper_rank15,15,frozen_nn,internal_validation,2,28,29,1.282828,2,0.06044319793802466,0.4452602656747438
paper_rank15,15,frozen_nn,internal_validation,2,28,29,1.282828,3,0.013508938928557646,0.099514816249149
paper_rank15,15,frozen_nn,internal_validation,2,28,29,1.282828,4,0.03684335886830507,0.27140992398966324
paper_rank15,15,frozen_nn,internal_validation,2,28,29,1.282828,5,0.05536761643228584,0.40787053702378256
paper_rank15,15,frozen_nn,internal_validation,2,28,29,1.282828,6,0.0025050640430158803,0.018453780067513602
paper_rank15,15,frozen_nn,internal_validation,2,28,29,1.282828,7,0.03913618446078726,0.2883002303811492
paper_rank15,15,frozen_nn,internal_validation,2,28,29,1.282828,8,0.01159771815751293,0.08543563617083778
paper_rank15,15,frozen_nn,internal_validation,2,28,29,1.282828,9,0.002298088342566428,0.016929074914340973
paper_rank15,15,frozen_nn,internal_validation,2,28,29,1.282828,10,0.03130451416265818,0.2306075252202231
paper_rank15,15,frozen_nn,internal_validation,2,28,29,1.282828,11,0.026162644164506872,0.1927294764149738
paper_rank15,15,frozen_nn,internal_validation,2,28,29,1.282828,12,0.004666315063411432,0.03437483051421311
paper_rank15,15,frozen_nn,internal_validation,2,28,29,1.282828,13,0.0034862948605860096,0.025682105328653813
paper_rank15,15,frozen_nn,internal_validation,2,28,29,1.282828,14,0.007224578737756043,0.05322051046107321
paper_rank15,15,frozen_nn,internal_validation,2,28,29,1.282828,15,0.012819436481114489,0.09443553432156607
paper_rank15,15,frozen_nn,internal_validation,3,31,32,1.313131,1,0.006881352592589707,0.04993663862323944
paper_rank15,15,frozen_nn,internal_validation,3,31,32,1.313131,2,0.00445954318603603,0.032362038350661364
paper_rank15,15,frozen_nn,internal_validation,3,31,32,1.313131,3,0.054921168953789734,0.39855225116129994
paper_rank15,15,frozen_nn,internal_validation,3,31,32,1.313131,4,0.0073348838029878155,0.05322782648976431
paper_rank15,15,frozen_nn,internal_validation,3,31,32,1.313131,5,0.08733501718076711,0.6337732492892197
paper_rank15,15,frozen_nn,internal_validation,3,31,32,1.313131,6,0.008078732378755591,0.05862579106413117
paper_rank15,15,frozen_nn,internal_validation,3,31,32,1.313131,7,0.00774462415666993,0.056201232618265255
paper_rank15,15,frozen_nn,internal_validation,3,31,32,1.313131,8,0.009775960714474584,0.07094224730170139
paper_rank15,15,frozen_nn,internal_validation,3,31,32,1.313131,9,0.023062571420430708,0.1673605994241436
paper_rank15,15,frozen_nn,internal_validation,3,31,32,1.313131,10,0.03522868638366138,0.2556477316693173
paper_rank15,15,frozen_nn,internal_validation,3,31,32,1.313131,11,0.04040979590620253,0.2932460367137611
paper_rank15,15,frozen_nn,internal_validation,3,31,32,1.313131,12,0.0008496198657394014,0.006165526272878686
paper_rank15,15,frozen_nn,internal_validation,3,31,32,1.313131,13,0.020938079479454006,0.1519435742263965
paper_rank15,15,frozen_nn,internal_validation,3,31,32,1.313131,14,0.0010196967146648668,0.007399740917266498
paper_rank15,15,frozen_nn,internal_validation,3,31,32,1.313131,15,0.01878779268915465,0.13633936081940787
paper_rank15,15,frozen_nn,internal_validation,4,37,38,1.373737,1,0.01384712352926698,0.09851191321306994
paper_rank15,15,frozen_nn,internal_validation,4,37,38,1.373737,2,0.03946176827584358,0.28074092669194006
paper_rank15,15,frozen_nn,internal_validation,4,37,38,1.373737,3,0.05216167974990166,0.3710912853279267
paper_rank15,15,frozen_nn,internal_validation,4,37,38,1.373737,4,0.054519764381322444,0.3878672914109674
paper_rank15,15,frozen_nn,internal_validation,4,37,38,1.373737,5,0.027957447144631265,0.1988962979170231
paper_rank15,15,frozen_nn,internal_validation,4,37,38,1.373737,6,0.037592932056495304,0.2674455566419247
paper_rank15,15,frozen_nn,internal_validation,4,37,38,1.373737,7,0.044756777409796125,0.3184109510232648
paper_rank15,15,frozen_nn,internal_validation,4,37,38,1.373737,8,0.02155862286436457,0.15337345551361695
paper_rank15,15,frozen_nn,internal_validation,4,37,38,1.373737,9,0.018491078820383113,0.13155017705442873
paper_rank15,15,frozen_nn,internal_validation,4,37,38,1.373737,10,0.04067530067298449,0.28937430083175486
paper_rank15,15,frozen_nn,internal_validation,4,37,38,1.373737,11,0.014856948087960533,0.1056960586477653
paper_rank15,15,frozen_nn,internal_validation,4,37,38,1.373737,12,0.003909061899220523,0.027810047750828137
paper_rank15,15,frozen_nn,internal_validation,4,37,38,1.373737,13,0.010268493161409795,0.07305263833371414
paper_rank15,15,frozen_nn,internal_validation,4,37,38,1.373737,14,0.013174779727032727,0.09372869060694126
paper_rank15,15,frozen_nn,internal_validation,4,37,38,1.373737,15,0.011412599686621004,0.08119209939072689
paper_rank15,15,frozen_nn,internal_validation,5,40,41,1.40404,1,0.01112182281644536,0.07849051703351219
paper_rank15,15,frozen_nn,internal_validation,5,40,41,1.40404,2,0.02763775451886627,0.19504910999152486
paper_rank15,15,frozen_nn,internal_validation,5,40,41,1.40404,3,0.0723544350346138,0.5106300567148949
paper_rank15,15,frozen_nn,internal_validation,5,40,41,1.40404,4,0.02594977926855309,0.18313648988208142
paper_rank15,15,frozen_nn,internal_validation,5,40,41,1.40404,5,0.06831111299105785,0.4820949466911645
paper_rank15,15,frozen_nn,internal_validation,5,40,41,1.40404,6,0.05670847692887966,0.4002111657226858
paper_rank15,15,frozen_nn,internal_validation,5,40,41,1.40404,7,0.020433651579313247,0.14420728542549688
paper_rank15,15,frozen_nn,internal_validation,5,40,41,1.40404,8,0.056410671855667116,0.39810945321049834
paper_rank15,15,frozen_nn,internal_validation,5,40,41,1.40404,9,0.032596662173387976,0.2300458216051388
paper_rank15,15,frozen_nn,internal_validation,5,40,41,1.40404,10,0.01665036585980939,0.11750734090109118
paper_rank15,15,frozen_nn,internal_validation,5,40,41,1.40404,11,0.019982621883784347,0.14102421421641556
paper_rank15,15,frozen_nn,internal_validation,5,40,41,1.40404,12,0.007673334431253948,0.05415335209167352
paper_rank15,15,frozen_nn,internal_validation,5,40,41,1.40404,13,0.013981303894842702,0.0986708554542142
paper_rank15,15,frozen_nn,internal_validation,5,40,41,1.40404,14,0.011951636633172542,0.08434679766227388
paper_rank15,15,frozen_nn,internal_validation,5,40,41,1.40404,15,0.01066422553969581,0.07526109615188384
paper_rank15,15,frozen_nn,internal_validation,6,42,43,1.424242,1,0.08887494424874554,0.6284638554086565
paper_rank15,15,frozen_nn,internal_validation,6,42,43,1.424242,2,0.16097287308685707,1.1382919369629028
paper_rank15,15,frozen_nn,internal_validation,6,42,43,1.424242,3,0.022657923222233756,0.16022160018400625
paper_rank15,15,frozen_nn,internal_validation,6,42,43,1.424242,4,0.04972632925778256,0.35163116967139374
paper_rank15,15,frozen_nn,internal_validation,6,42,43,1.424242,5,0.018529269732851433,0.13102653838659487
paper_rank15,15,frozen_nn,internal_validation,6,42,43,1.424242,6,0.02955244412848477,0.20897501687038864
paper_rank15,15,frozen_nn,internal_validation,6,42,43,1.424242,7,0.033171232522765076,0.2345646554957834
paper_rank15,15,frozen_nn,internal_validation,6,42,43,1.424242,8,0.015188830540916232,0.10740519818697607
paper_rank15,15,frozen_nn,internal_validation,6,42,43,1.424242,9,0.092348791630215,0.6530285686347959
paper_rank15,15,frozen_nn,internal_validation,6,42,43,1.424242,10,0.021660890009195986,0.15317125160339332
paper_rank15,15,frozen_nn,internal_validation,6,42,43,1.424242,11,0.021980625170754203,0.15543220370908675
paper_rank15,15,frozen_nn,internal_validation,6,42,43,1.424242,12,0.01130875014387819,0.07996787818379085
paper_rank15,15,frozen_nn,internal_validation,6,42,43,1.424242,13,0.019734742147818708,0.13955082887029677
paper_rank15,15,frozen_nn,internal_validation,6,42,43,1.424242,14,0.0038684433843831226,0.027355030873213115
paper_rank15,15,frozen_nn,internal_validation,6,42,43,1.424242,15,0.016079671834544947,0.11370462890598931
paper_rank15,15,frozen_nn,internal_validation,7,51,52,1.515152,1,0.0021704928471706353,0.014969421999299981
paper_rank15,15,frozen_nn,internal_validation,7,51,52,1.515152,2,0.01207788400093135,0.08329856636211312
paper_rank15,15,frozen_nn,internal_validation,7,51,52,1.515152,3,0.024481134151243145,0.168841113026079
paper_rank15,15,frozen_nn,internal_validation,7,51,52,1.515152,4,0.026395697677588273,0.18204544558478242
paper_rank15,15,frozen_nn,internal_validation,7,51,52,1.515152,5,0.019578624476416034,0.1350295589940981
paper_rank15,15,frozen_nn,internal_validation,7,51,52,1.515152,6,0.01401605006556055,0.09666568054725198
paper_rank15,15,frozen_nn,internal_validation,7,51,52,1.515152,7,0.016874787749854177,0.11638177905330185
paper_rank15,15,frozen_nn,internal_validation,7,51,52,1.515152,8,0.031779142610224555,0.21917390657541663
paper_rank15,15,frozen_nn,internal_validation,7,51,52,1.515152,9,0.003951691888726927,0.027253968411218483
paper_rank15,15,frozen_nn,internal_validation,7,51,52,1.515152,10,0.022986049736956712,0.15852983761634695
paper_rank15,15,frozen_nn,internal_validation,7,51,52,1.515152,11,0.010164936716186164,0.07010538067385154
paper_rank15,15,frozen_nn,internal_validation,7,51,52,1.515152,12,0.0020796080503769345,0.014342609117470394
paper_rank15,15,frozen_nn,internal_validation,7,51,52,1.515152,13,0.01277084526687744,0.08807777106331188
paper_rank15,15,frozen_nn,internal_validation,7,51,52,1.515152,14,0.01156457013471307,0.07975835111029592
paper_rank15,15,frozen_nn,internal_validation,7,51,52,1.515152,15,0.014166218679645796,0.09770136115694503
paper_rank15,15,frozen_nn,internal_validation,8,53,54,1.535354,1,0.010900283976816638,0.07495498239529502
paper_rank15,15,frozen_nn,internal_validation,8,53,54,1.535354,2,0.012433383916981677,0.08549722875050036
paper_rank15,15,frozen_nn,internal_validation,8,53,54,1.535354,3,0.01408232633620124,0.09683605719445004
paper_rank15,15,frozen_nn,internal_validation,8,53,54,1.535354,4,0.007305653346309587,0.05023677540176207
paper_rank15,15,frozen_nn,internal_validation,8,53,54,1.535354,5,0.021263293715179887,0.14621543892590882
paper_rank15,15,frozen_nn,internal_validation,8,53,54,1.535354,6,0.014544096975224106,0.1000113882401584
paper_rank15,15,frozen_nn,internal_validation,8,53,54,1.535354,7,0.0004903938724079423,0.00337215655585449
paper_rank15,15,frozen_nn,internal_validation,8,53,54,1.535354,8,0.01654599910257034,0.11377731755277824
paper_rank15,15,frozen_nn,internal_validation,8,53,54,1.535354,9,0.025606003778720517,0.17607775783914703
paper_rank15,15,frozen_nn,internal_validation,8,53,54,1.535354,10,0.014788797723820357,0.10169405452134496
paper_rank15,15,frozen_nn,internal_validation,8,53,54,1.535354,11,0.011109785025168756,0.07639560058693363
paper_rank15,15,frozen_nn,internal_validation,8,53,54,1.535354,12,0.004612599375142198,0.03171819245220277
paper_rank15,15,frozen_nn,internal_validation,8,53,54,1.535354,13,0.015633964037020873,0.10750577706561779
paper_rank15,15,frozen_nn,internal_validation,8,53,54,1.535354,14,0.015077397041507139,0.10367858600901216
paper_rank15,15,frozen_nn,internal_validation,8,53,54,1.535354,15,0.008982310834123477,0.061766184429024124
paper_rank15,15,frozen_nn,internal_validation,9,65,66,1.656566,1,0.027580844236787527,0.18629207379140175
paper_rank15,15,frozen_nn,internal_validation,9,65,66,1.656566,2,0.06460182884356813,0.4363466383648035
paper_rank15,15,frozen_nn,internal_validation,9,65,66,1.656566,3,0.027435496587534615,0.18531033752663886
paper_rank15,15,frozen_nn,internal_validation,9,65,66,1.656566,4,0.008948457816271377,0.060441469793900686
paper_rank15,15,frozen_nn,internal_validation,9,65,66,1.656566,5,0.01597793852958332,0.10792139928833125
paper_rank15,15,frozen_nn,internal_validation,9,65,66,1.656566,6,0.015154554124711731,0.10235993108256712
paper_rank15,15,frozen_nn,internal_validation,9,65,66,1.656566,7,0.043276253523956656,0.29230515736523976
paper_rank15,15,frozen_nn,internal_validation,9,65,66,1.656566,8,0.028431374547424518,0.19203689632223903
paper_rank15,15,frozen_nn,internal_validation,9,65,66,1.656566,9,0.0430468331829333,0.29075556045180784
paper_rank15,15,frozen_nn,internal_validation,9,65,66,1.656566,10,0.005276764395396982,0.03564138115888337
paper_rank15,15,frozen_nn,internal_validation,9,65,66,1.656566,11,0.011472730680484352,0.07749142021066026
paper_rank15,15,frozen_nn,internal_validation,9,65,66,1.656566,12,0.00034124889476211005,0.002304931775781706
paper_rank15,15,frozen_nn,internal_validation,9,65,66,1.656566,13,0.002739960345067173,0.018506790089766335
paper_rank15,15,frozen_nn,internal_validation,9,65,66,1.656566,14,0.009683098711649529,0.06540352877646896
paper_rank15,15,frozen_nn,internal_validation,9,65,66,1.656566,15,0.0056375354819233085,0.038078173640504476
paper_rank15,15,frozen_nn,external,0,0,8,1.0625,1,0.03666088314425231,0.2897286425819858
paper_rank15,15,frozen_nn,external,0,0,8,1.0625,2,0.03401019173336817,0.2687803958810714
paper_rank15,15,frozen_nn,external,0,0,8,1.0625,3,0.10758465730193995,0.8502347474852382
paper_rank15,15,frozen_nn,external,0,0,8,1.0625,4,0.09497790403926828,0.7506043731762514
paper_rank15,15,frozen_nn,external,0,0,8,1.0625,5,0.019334498689367294,0.1527993212338043
paper_rank15,15,frozen_nn,external,0,0,8,1.0625,6,0.020138552511773454,0.15915370777741153
paper_rank15,15,frozen_nn,external,0,0,8,1.0625,7,0.046689599065542826,0.3689849507097236
paper_rank15,15,frozen_nn,external,0,0,8,1.0625,8,0.018672842571031766,0.14757029474616842
paper_rank15,15,frozen_nn,external,0,0,8,1.0625,9,0.0024648797335196045,0.019479788757692428
paper_rank15,15,frozen_nn,external,0,0,8,1.0625,10,0.002972598540963855,0.023492258405937376
paper_rank15,15,frozen_nn,external,0,0,8,1.0625,11,0.02288469953156656,0.1808563341228972
paper_rank15,15,frozen_nn,external,0,0,8,1.0625,12,0.038042679736949955,0.3006488937268213
paper_rank15,15,frozen_nn,external,0,0,8,1.0625,13,0.02548605180045916,0.20141465670280442
paper_rank15,15,frozen_nn,external,0,0,8,1.0625,14,0.009151050654842903,0.07232017499399221
paper_rank15,15,frozen_nn,external,0,0,8,1.0625,15,0.02389368206418221,0.18883025931213526
paper_rank15,15,frozen_nn,external,1,1,4,1.125,1,0.04095620419753132,0.3179163058731143
paper_rank15,15,frozen_nn,external,1,1,4,1.125,2,0.07276719999725234,0.5648443224934155
paper_rank15,15,frozen_nn,external,1,1,4,1.125,3,0.010701455771579719,0.08306842279515278
paper_rank15,15,frozen_nn,external,1,1,4,1.125,4,0.007537178325084479,0.058506200385684125
paper_rank15,15,frozen_nn,external,1,1,4,1.125,5,0.06544140309613247,0.5079789382613211
paper_rank15,15,frozen_nn,external,1,1,4,1.125,6,0.04173064963270603,0.32392782077482685
paper_rank15,15,frozen_nn,external,1,1,4,1.125,7,0.029343768646589597,0.22777654109560738
paper_rank15,15,frozen_nn,external,1,1,4,1.125,8,0.018832856616052246,0.14618718510965575
paper_rank15,15,frozen_nn,external,1,1,4,1.125,9,6.442024933493197e-05,0.0005000523875017937
paper_rank15,15,frozen_nn,external,1,1,4,1.125,10,0.043394784430115824,0.3368454140340995
paper_rank15,15,frozen_nn,external,1,1,4,1.125,11,0.039859401253613695,0.30940253983856403
paper_rank15,15,frozen_nn,external,1,1,4,1.125,12,0.012858496599842149,0.09981212415066094
paper_rank15,15,frozen_nn,external,1,1,4,1.125,13,0.01607178409827457,0.12475477963413643
paper_rank15,15,frozen_nn,external,1,1,4,1.125,14,0.010946531316155882,0.08497078443530183
paper_rank15,15,frozen_nn,external,1,1,4,1.125,15,0.02575225331537542,0.1998979495865073
paper_rank15,15,frozen_nn,external,2,2,2,1.25,1,0.04635025760363298,0.34576570382021377
paper_rank15,15,frozen_nn,external,2,2,2,1.25,2,0.06498469074920665,0.4847756732354642
paper_rank15,15,frozen_nn,external,2,2,2,1.25,3,0.03809208217170751,0.2841610011040265
paper_rank15,15,frozen_nn,external,2,2,2,1.25,4,0.02402768620032581,0.17924279733831958
paper_rank15,15,frozen_nn,external,2,2,2,1.25,5,0.03329610073960975,0.24838372647571935
paper_rank15,15,frozen_nn,external,2,2,2,1.25,6,0.009115401801411726,0.06799947794081146
paper_rank15,15,frozen_nn,external,2,2,2,1.25,7,0.008782157529680604,0.06551352756822638
paper_rank15,15,frozen_nn,external,2,2,2,1.25,8,0.04461935673490795,0.33285345288439977
paper_rank15,15,frozen_nn,external,2,2,2,1.25,9,0.022167721632767007,0.16536775130767525
paper_rank15,15,frozen_nn,external,2,2,2,1.25,10,0.01343880765483821,0.10025141234415488
paper_rank15,15,frozen_nn,external,2,2,2,1.25,11,0.014211433826019486,0.10601508326380629
paper_rank15,15,frozen_nn,external,2,2,2,1.25,12,0.00025074594314840326,0.0018705256884262791
paper_rank15,15,frozen_nn,external,2,2,2,1.25,13,0.004535311404868035,0.033832716818064136
paper_rank15,15,frozen_nn,external,2,2,2,1.25,14,0.014496477451017826,0.10814146431781992
paper_rank15,15,frozen_nn,external,2,2,2,1.25,15,0.006759494416233433,0.05042477572151758
paper_rank15,15,frozen_nn,external,3,3,10,1.3125,1,0.024365193001111507,0.17669813399886045
paper_rank15,15,frozen_nn,external,3,3,10,1.3125,2,0.044125620222937534,0.32000217501169637
paper_rank15,15,frozen_nn,external,3,3,10,1.3125,3,0.01634008778754914,0.11849949316247108
paper_rank15,15,frozen_nn,external,3,3,10,1.3125,4,0.022792380353885405,0.16529198343473472
paper_rank15,15,frozen_nn,external,3,3,10,1.3125,5,0.01431661514835126,0.1038251238879201
paper_rank15,15,frozen_nn,external,3,3,10,1.3125,6,0.016924164689773823,0.1227352609124014
paper_rank15,15,frozen_nn,external,3,3,10,1.3125,7,0.03096366077561237,0.22455069740571415
paper_rank15,15,frozen_nn,external,3,3,10,1.3125,8,0.009679125079874049,0.07019371200044648
paper_rank15,15,frozen_nn,external,3,3,10,1.3125,9,0.02225728062915576,0.1614114017024776
paper_rank15,15,frozen_nn,external,3,3,10,1.3125,10,0.00841368103443731,0.061016620667804854
paper_rank15,15,frozen_nn,external,3,3,10,1.3125,11,0.019138691858419876,0.13879517139091418
paper_rank15,15,frozen_nn,external,3,3,10,1.3125,12,0.002306087229745086,0.016723910634156243
paper_rank15,15,frozen_nn,external,3,3,10,1.3125,13,0.0183657303544135,0.13318959890869955
paper_rank15,15,frozen_nn,external,3,3,10,1.3125,14,0.0014137311480025457,0.010252480077490906
paper_rank15,15,frozen_nn,external,3,3,10,1.3125,15,0.000971744483503015,0.0070471609623956695
paper_rank15,15,frozen_nn,external,4,4,6,1.375,1,0.05705178773824926,0.40773094775070823
paper_rank15,15,frozen_nn,external,4,4,6,1.375,2,0.07680535950177103,0.5489034307858475
paper_rank15,15,frozen_nn,external,4,4,6,1.375,3,0.03192917931657441,0.22818767053150876
paper_rank15,15,frozen_nn,external,4,4,6,1.375,4,0.008358846561951995,0.05973801288127736
paper_rank15,15,frozen_nn,external,4,4,6,1.375,5,0.06432121633119911,0.45968323754411644
paper_rank15,15,frozen_nn,external,4,4,6,1.375,6,0.020231617915318814,0.1445889265554553
paper_rank15,15,frozen_nn,external,4,4,6,1.375,7,0.03460222822617828,0.24729109933723037
paper_rank15,15,frozen_nn,external,4,4,6,1.375,8,0.0038437831708284928,0.027470293523149412
paper_rank15,15,frozen_nn,external,4,4,6,1.375,9,0.023804302903684328,0.17012176775237345
paper_rank15,15,frozen_nn,external,4,4,6,1.375,10,0.013366478845366044,0.09552596515844308
paper_rank15,15,frozen_nn,external,4,4,6,1.375,11,0.011466537353198584,0.08194768871903585
paper_rank15,15,frozen_nn,external,4,4,6,1.375,12,0.003597000731472626,0.025706618064837
paper_rank15,15,frozen_nn,external,4,4,6,1.375,13,0.0011699898791507758,0.008361544855939011
paper_rank15,15,frozen_nn,external,4,4,6,1.375,14,0.00985990243913353,0.07046558093292102
paper_rank15,15,frozen_nn,external,4,4,6,1.375,15,0.0012469978334380375,0.00891189616710113
paper_rank15,15,frozen_nn,external,5,5,1,1.5,1,0.02697965804065028,0.18692094109336804
paper_rank15,15,frozen_nn,external,5,5,1,1.5,2,0.03671007661539927,0.2543353981070208
paper_rank15,15,frozen_nn,external,5,5,1,1.5,3,0.09708955797911129,0.672657582258859
paper_rank15,15,frozen_nn,external,5,5,1,1.5,4,0.05785523984713485,0.4008336897048499
paper_rank15,15,frozen_nn,external,5,5,1,1.5,5,0.04909007420845252,0.3401067150503459
paper_rank15,15,frozen_nn,external,5,5,1,1.5,6,0.041007244726902065,0.2841071137539829
paper_rank15,15,frozen_nn,external,5,5,1,1.5,7,0.035172400352835066,0.24368204239501098
paper_rank15,15,frozen_nn,external,5,5,1,1.5,8,0.03961872892606971,0.27448717417492885
paper_rank15,15,frozen_nn,external,5,5,1,1.5,9,0.029749196923995615,0.2061089090687067
paper_rank15,15,frozen_nn,external,5,5,1,1.5,10,0.007738791661841236,0.053616032426258585
paper_rank15,15,frozen_nn,external,5,5,1,1.5,11,0.006441893866406992,0.04463084232269119
paper_rank15,15,frozen_nn,external,5,5,1,1.5,12,0.004409924439549931,0.030552916021001162
paper_rank15,15,frozen_nn,external,5,5,1,1.5,13,0.0022417410193925455,0.015531269536519343
paper_rank15,15,frozen_nn,external,5,5,1,1.5,14,0.010255173394038721,0.071050072576946
paper_rank15,15,frozen_nn,external,5,5,1,1.5,15,0.014464287186926739,0.10021172874583718
paper_rank15,15,frozen_nn,external,6,6,9,1.5625,1,0.009235683780543624,0.06320039898429955
paper_rank15,15,frozen_nn,external,6,6,9,1.5625,2,0.023473145580713672,0.16062829795481917
paper_rank15,15,frozen_nn,external,6,6,9,1.5625,3,0.026739786819298866,0.1829821414300663
paper_rank15,15,frozen_nn,external,6,6,9,1.5625,4,0.006682524181344657,0.04572895786806082
paper_rank15,15,frozen_nn,external,6,6,9,1.5625,5,0.02628459029484676,0.1798672013081183
paper_rank15,15,frozen_nn,external,6,6,9,1.5625,6,0.017387779186724114,0.11898573058195158
paper_rank15,15,frozen_nn,external,6,6,9,1.5625,7,0.008267748757567143,0.05657675518091784
paper_rank15,15,frozen_nn,external,6,6,9,1.5625,8,0.020000745014256933,0.13686642970033283
paper_rank15,15,frozen_nn,external,6,6,9,1.5625,9,0.03699459273053633,0.25315646100368566
paper_rank15,15,frozen_nn,external,6,6,9,1.5625,10,0.028504533553754857,0.195058420823566
paper_rank15,15,frozen_nn,external,6,6,9,1.5625,11,0.003540637138758627,0.02422881566165994
paper_rank15,15,frozen_nn,external,6,6,9,1.5625,12,0.010255862141573072,0.07018154742812541
paper_rank15,15,frozen_nn,external,6,6,9,1.5625,13,0.007294798064373555,0.04991878881231767
paper_rank15,15,frozen_nn,external,6,6,9,1.5625,14,0.003976945851815884,0.027214505232759763
paper_rank15,15,frozen_nn,external,6,6,9,1.5625,15,0.016934158020478672,0.11588157074109269
paper_rank15,15,frozen_nn,external,7,7,5,1.625,1,0.016178549383905505,0.10966110585073742
paper_rank15,15,frozen_nn,external,7,7,5,1.625,2,0.029508080474685006,0.20001105535491256
paper_rank15,15,frozen_nn,external,7,7,5,1.625,3,0.06141712833365995,0.41629629773519045
paper_rank15,15,frozen_nn,external,7,7,5,1.625,4,0.024542394505366535,0.16635274633218475
paper_rank15,15,frozen_nn,external,7,7,5,1.625,5,0.017352861730851984,0.11762080529748961
paper_rank15,15,frozen_nn,external,7,7,5,1.625,6,0.02499375722126367,0.1694121636748985
paper_rank15,15,frozen_nn,external,7,7,5,1.625,7,0.015309001208161067,0.10376715254998682
paper_rank15,15,frozen_nn,external,7,7,5,1.625,8,0.026719855935058122,0.1811119699597894
paper_rank15,15,frozen_nn,external,7,7,5,1.625,9,0.025608101987698043,0.17357630255176382
paper_rank15,15,frozen_nn,external,7,7,5,1.625,10,0.004211459348449652,0.028546025878923905
paper_rank15,15,frozen_nn,external,7,7,5,1.625,11,0.011428527580288676,0.07746460717589812
paper_rank15,15,frozen_nn,external,7,7,5,1.625,12,0.002591976555584869,0.017568881404619895
paper_rank15,15,frozen_nn,external,7,7,5,1.625,13,0.01921715756774886,0.1302573364385582
paper_rank15,15,frozen_nn,external,7,7,5,1.625,14,0.010038004827293487,0.0680393948663348
paper_rank15,15,frozen_nn,external,7,7,5,1.625,15,0.012714320229061151,0.08617994007832801
paper_rank15,15,frozen_nn,external,8,8,3,1.75,1,0.0038669408154614615,0.02577033051075848
paper_rank15,15,frozen_nn,external,8,8,3,1.75,2,0.010596287527312898,0.07061650146649434
paper_rank15,15,frozen_nn,external,8,8,3,1.75,3,0.00947142025220346,0.06312008431306884
paper_rank15,15,frozen_nn,external,8,8,3,1.75,4,0.010632670764488004,0.07085896911515989
paper_rank15,15,frozen_nn,external,8,8,3,1.75,5,0.014588773531323351,0.0972234987785669
paper_rank15,15,frozen_nn,external,8,8,3,1.75,6,0.006413129513769218,0.042738814754373286
paper_rank15,15,frozen_nn,external,8,8,3,1.75,7,0.004675379840764947,0.031157984957541126
paper_rank15,15,frozen_nn,external,8,8,3,1.75,8,0.029325117509262016,0.195430446584254
paper_rank15,15,frozen_nn,external,8,8,3,1.75,9,0.026591159567037247,0.177210617749031
paper_rank15,15,frozen_nn,external,8,8,3,1.75,10,0.008279742320867402,0.05517842303133484
paper_rank15,15,frozen_nn,external,8,8,3,1.75,11,0.003179176151122326,0.02118688236415805
paper_rank15,15,frozen_nn,external,8,8,3,1.75,12,0.008134524241477111,0.054210650810187264
paper_rank15,15,frozen_nn,external,8,8,3,1.75,13,0.015221506947092598,0.10144020392812032
paper_rank15,15,frozen_nn,external,8,8,3,1.75,14,0.013150186479063172,0.08763636890654726
paper_rank15,15,frozen_nn,external,8,8,3,1.75,15,0.009277482542837858,0.06182763141364308
paper_rank15,15,frozen_nn,external,9,9,7,1.875,1,0.005201803769239177,0.03434277499952086
paper_rank15,15,frozen_nn,external,9,9,7,1.875,2,0.0005289254099642982,0.0034920129923682267
paper_rank15,15,frozen_nn,external,9,9,7,1.875,3,0.0007052611317487911,0.004656197241961458
paper_rank15,15,frozen_nn,external,9,9,7,1.875,4,2.7421304670885438e-05,0.0001810379126706786
paper_rank15,15,frozen_nn,external,9,9,7,1.875,5,0.019228975460936864,0.12695142051136046
paper_rank15,15,frozen_nn,external,9,9,7,1.875,6,0.018956663224453,0.12515359070423002
paper_rank15,15,frozen_nn,external,9,9,7,1.875,7,0.013185553826766679,0.08705220888848535
paper_rank15,15,frozen_nn,external,9,9,7,1.875,8,0.0510786551396982,0.33722586213538464
paper_rank15,15,frozen_nn,external,9,9,7,1.875,9,0.0046776444400603925,0.03088222809993651
paper_rank15,15,frozen_nn,external,9,9,7,1.875,10,0.0022609975047550098,0.014927308300143055
paper_rank15,15,frozen_nn,external,9,9,7,1.875,11,0.011309972477572153,0.07466945261275094
paper_rank15,15,frozen_nn,external,9,9,7,1.875,12,0.00616370952726012,0.04069336308087181
paper_rank15,15,frozen_nn,external,9,9,7,1.875,13,0.003550139496025301,0.023438339341036254
paper_rank15,15,frozen_nn,external,9,9,7,1.875,14,0.006564993636071615,0.04334267675573427
paper_rank15,15,frozen_nn,external,9,9,7,1.875,15,0.006309706325992371,0.041657247039578967
paper_rank15,15,piecewise_linear,fitting,0,0,1,1.0,1,0.0,0.0
paper_rank15,15,piecewise_linear,fitting,0,0,1,1.0,2,0.0,0.0
paper_rank15,15,piecewise_linear,fitting,0,0,1,1.0,3,0.0,0.0
paper_rank15,15,piecewise_linear,fitting,0,0,1,1.0,4,0.0,0.0
paper_rank15,15,piecewise_linear,fitting,0,0,1,1.0,5,0.0,0.0
paper_rank15,15,piecewise_linear,fitting,0,0,1,1.0,6,0.0,0.0
paper_rank15,15,piecewise_linear,fitting,0,0,1,1.0,7,0.0,0.0
paper_rank15,15,piecewise_linear,fitting,0,0,1,1.0,8,0.0,0.0
paper_rank15,15,piecewise_linear,fitting,0,0,1,1.0,9,0.0,0.0
paper_rank15,15,piecewise_linear,fitting,0,0,1,1.0,10,0.0,0.0
paper_rank15,15,piecewise_linear,fitting,0,0,1,1.0,11,0.0,0.0
paper_rank15,15,piecewise_linear,fitting,0,0,1,1.0,12,0.0,0.0
paper_rank15,15,piecewise_linear,fitting,0,0,1,1.0,13,0.0,0.0
paper_rank15,15,piecewise_linear,fitting,0,0,1,1.0,14,0.0,0.0
paper_rank15,15,piecewise_linear,fitting,0,0,1,1.0,15,0.0,0.0
paper_rank15,15,piecewise_linear,fitting,1,1,2,1.010101,1,0.0,0.0
paper_rank15,15,piecewise_linear,fitting,1,1,2,1.010101,2,0.0,0.0
paper_rank15,15,piecewise_linear,fitting,1,1,2,1.010101,3,0.0,0.0
paper_rank15,15,piecewise_linear,fitting,1,1,2,1.010101,4,0.0,0.0
paper_rank15,15,piecewise_linear,fitting,1,1,2,1.010101,5,0.0,0.0
paper_rank15,15,piecewise_linear,fitting,1,1,2,1.010101,6,6.938893903907228e-18,5.540213522224457e-17
paper_rank15,15,piecewise_linear,fitting,1,1,2,1.010101,7,6.938893903907228e-18,5.540213522224457e-17
paper_rank15,15,piecewise_linear,fitting,1,1,2,1.010101,8,0.0,0.0
paper_rank15,15,piecewise_linear,fitting,1,1,2,1.010101,9,0.0,0.0
paper_rank15,15,piecewise_linear,fitting,1,1,2,1.010101,10,0.0,0.0
paper_rank15,15,piecewise_linear,fitting,1,1,2,1.010101,11,8.673617379884035e-19,6.925266902780571e-18
paper_rank15,15,piecewise_linear,fitting,1,1,2,1.010101,12,0.0,0.0
paper_rank15,15,piecewise_linear,fitting,1,1,2,1.010101,13,1.734723475976807e-18,1.3850533805561143e-17
paper_rank15,15,piecewise_linear,fitting,1,1,2,1.010101,14,0.0,0.0
paper_rank15,15,piecewise_linear,fitting,1,1,2,1.010101,15,0.0,0.0
paper_rank15,15,piecewise_linear,fitting,2,2,3,1.020202,1,0.0,0.0
paper_rank15,15,piecewise_linear,fitting,2,2,3,1.020202,2,0.0,0.0
paper_rank15,15,piecewise_linear,fitting,2,2,3,1.020202,3,0.0,0.0
paper_rank15,15,piecewise_linear,fitting,2,2,3,1.020202,4,0.0,0.0
paper_rank15,15,piecewise_linear,fitting,2,2,3,1.020202,5,0.0,0.0
paper_rank15,15,piecewise_linear,fitting,2,2,3,1.020202,6,0.0,0.0
paper_rank15,15,piecewise_linear,fitting,2,2,3,1.020202,7,3.469446951953614e-18,2.7635099843157262e-17
paper_rank15,15,piecewise_linear,fitting,2,2,3,1.020202,8,0.0,0.0
paper_rank15,15,piecewise_linear,fitting,2,2,3,1.020202,9,4.336808689942018e-18,3.4543874803946576e-17
paper_rank15,15,piecewise_linear,fitting,2,2,3,1.020202,10,0.0,0.0
paper_rank15,15,piecewise_linear,fitting,2,2,3,1.020202,11,0.0,0.0
paper_rank15,15,piecewise_linear,fitting,2,2,3,1.020202,12,3.469446951953614e-18,2.7635099843157262e-17
paper_rank15,15,piecewise_linear,fitting,2,2,3,1.020202,13,0.0,0.0
paper_rank15,15,piecewise_linear,fitting,2,2,3,1.020202,14,0.0,0.0
paper_rank15,15,piecewise_linear,fitting,2,2,3,1.020202,15,1.734723475976807e-18,1.3817549921578631e-17
paper_rank15,15,piecewise_linear,fitting,3,3,4,1.030303,1,0.0,0.0
paper_rank15,15,piecewise_linear,fitting,3,3,4,1.030303,2,0.0,0.0
paper_rank15,15,piecewise_linear,fitting,3,3,4,1.030303,3,0.0,0.0
paper_rank15,15,piecewise_linear,fitting,3,3,4,1.030303,4,0.0,0.0
paper_rank15,15,piecewise_linear,fitting,3,3,4,1.030303,5,1.734723475976807e-18,1.3833733465773095e-17
paper_rank15,15,piecewise_linear,fitting,3,3,4,1.030303,6,3.469446951953614e-18,2.766746693154619e-17
paper_rank15,15,piecewise_linear,fitting,3,3,4,1.030303,7,0.0,0.0
paper_rank15,15,piecewise_linear,fitting,3,3,4,1.030303,8,8.673617379884035e-19,6.916866732886547e-18
paper_rank15,15,piecewise_linear,fitting,3,3,4,1.030303,9,0.0,0.0
paper_rank15,15,piecewise_linear,fitting,3,3,4,1.030303,10,3.469446951953614e-18,2.766746693154619e-17
paper_rank15,15,piecewise_linear,fitting,3,3,4,1.030303,11,0.0,0.0
paper_rank15,15,piecewise_linear,fitting,3,3,4,1.030303,12,0.0,0.0
paper_rank15,15,piecewise_linear,fitting,3,3,4,1.030303,13,1.734723475976807e-18,1.3833733465773095e-17
paper_rank15,15,piecewise_linear,fitting,3,3,4,1.030303,14,0.0,0.0
paper_rank15,15,piecewise_linear,fitting,3,3,4,1.030303,15,0.0,0.0
paper_rank15,15,piecewise_linear,fitting,4,4,5,1.040404,1,0.0,0.0
paper_rank15,15,piecewise_linear,fitting,4,4,5,1.040404,2,0.0,0.0
paper_rank15,15,piecewise_linear,fitting,4,4,5,1.040404,3,0.0,0.0
paper_rank15,15,piecewise_linear,fitting,4,4,5,1.040404,4,0.0,0.0
paper_rank15,15,piecewise_linear,fitting,4,4,5,1.040404,5,0.0,0.0
paper_rank15,15,piecewise_linear,fitting,4,4,5,1.040404,6,0.0,0.0
paper_rank15,15,piecewise_linear,fitting,4,4,5,1.040404,7,0.0,0.0
paper_rank15,15,piecewise_linear,fitting,4,4,5,1.040404,8,0.0,0.0
paper_rank15,15,piecewise_linear,fitting,4,4,5,1.040404,9,1.734723475976807e-18,1.3777742314686936e-17
paper_rank15,15,piecewise_linear,fitting,4,4,5,1.040404,10,1.0408340855860843e-17,8.266645388812161e-17
paper_rank15,15,piecewise_linear,fitting,4,4,5,1.040404,11,3.469446951953614e-18,2.7555484629373873e-17
paper_rank15,15,piecewise_linear,fitting,4,4,5,1.040404,12,3.469446951953614e-18,2.7555484629373873e-17
paper_rank15,15,piecewise_linear,fitting,4,4,5,1.040404,13,0.0,0.0
paper_rank15,15,piecewise_linear,fitting,4,4,5,1.040404,14,0.0,0.0
paper_rank15,15,piecewise_linear,fitting,4,4,5,1.040404,15,0.0,0.0
paper_rank15,15,piecewise_linear,fitting,5,6,7,1.060606,1,0.0,0.0
paper_rank15,15,piecewise_linear,fitting,5,6,7,1.060606,2,0.0,0.0
paper_rank15,15,piecewise_linear,fitting,5,6,7,1.060606,3,0.0,0.0
paper_rank15,15,piecewise_linear,fitting,5,6,7,1.060606,4,0.0,0.0
paper_rank15,15,piecewise_linear,fitting,5,6,7,1.060606,5,1.734723475976807e-18,1.3737490058506354e-17
paper_rank15,15,piecewise_linear,fitting,5,6,7,1.060606,6,6.938893903907228e-18,5.4949960234025417e-17
paper_rank15,15,piecewise_linear,fitting,5,6,7,1.060606,7,0.0,0.0
paper_rank15,15,piecewise_linear,fitting,5,6,7,1.060606,8,6.938893903907228e-18,5.4949960234025417e-17
paper_rank15,15,piecewise_linear,fitting,5,6,7,1.060606,9,0.0,0.0
paper_rank15,15,piecewise_linear,fitting,5,6,7,1.060606,10,0.0,0.0
paper_rank15,15,piecewise_linear,fitting,5,6,7,1.060606,11,4.336808689942018e-19,3.4343725146265885e-18
paper_rank15,15,piecewise_linear,fitting,5,6,7,1.060606,12,1.734723475976807e-18,1.3737490058506354e-17
paper_rank15,15,piecewise_linear,fitting,5,6,7,1.060606,13,1.734723475976807e-18,1.3737490058506354e-17
paper_rank15,15,piecewise_linear,fitting,5,6,7,1.060606,14,0.0,0.0
paper_rank15,15,piecewise_linear,fitting,5,6,7,1.060606,15,0.0,0.0
paper_rank15,15,piecewise_linear,fitting,6,7,8,1.070707,1,0.0,0.0
paper_rank15,15,piecewise_linear,fitting,6,7,8,1.070707,2,0.0,0.0
paper_rank15,15,piecewise_linear,fitting,6,7,8,1.070707,3,0.0,0.0
paper_rank15,15,piecewise_linear,fitting,6,7,8,1.070707,4,0.0,0.0
paper_rank15,15,piecewise_linear,fitting,6,7,8,1.070707,5,4.336808689942018e-19,3.4221207243360074e-18
paper_rank15,15,piecewise_linear,fitting,6,7,8,1.070707,6,1.3010426069826053e-18,1.0266362173008023e-17
paper_rank15,15,piecewise_linear,fitting,6,7,8,1.070707,7,0.0,0.0
paper_rank15,15,piecewise_linear,fitting,6,7,8,1.070707,8,3.469446951953614e-18,2.737696579468806e-17
paper_rank15,15,piecewise_linear,fitting,6,7,8,1.070707,9,2.6020852139652106e-18,2.0532724346016046e-17
paper_rank15,15,piecewise_linear,fitting,6,7,8,1.070707,10,4.336808689942018e-18,3.4221207243360075e-17
paper_rank15,15,piecewise_linear,fitting,6,7,8,1.070707,11,0.0,0.0
paper_rank15,15,piecewise_linear,fitting,6,7,8,1.070707,12,0.0,0.0
paper_rank15,15,piecewise_linear,fitting,6,7,8,1.070707,13,8.673617379884035e-19,6.844241448672015e-18
paper_rank15,15,piecewise_linear,fitting,6,7,8,1.070707,14,0.0,0.0
paper_rank15,15,piecewise_linear,fitting,6,7,8,1.070707,15,0.0,0.0
paper_rank15,15,piecewise_linear,fitting,7,9,10,1.090909,1,0.0,0.0
paper_rank15,15,piecewise_linear,fitting,7,9,10,1.090909,2,0.0,0.0
paper_rank15,15,piecewise_linear,fitting,7,9,10,1.090909,3,2.7755575615628914e-17,2.1814127144392878e-16
paper_rank15,15,piecewise_linear,fitting,7,9,10,1.090909,4,2.0816681711721685e-17,1.636059535829466e-16
paper_rank15,15,piecewise_linear,fitting,7,9,10,1.090909,5,0.0,0.0
paper_rank15,15,piecewise_linear,fitting,7,9,10,1.090909,6,0.0,0.0
paper_rank15,15,piecewise_linear,fitting,7,9,10,1.090909,7,0.0,0.0
paper_rank15,15,piecewise_linear,fitting,7,9,10,1.090909,8,0.0,0.0
paper_rank15,15,piecewise_linear,fitting,7,9,10,1.090909,9,1.0842021724855044e-19,8.521143415778468e-19
paper_rank15,15,piecewise_linear,fitting,7,9,10,1.090909,10,0.0,0.0
paper_rank15,15,piecewise_linear,fitting,7,9,10,1.090909,11,3.469446951953614e-18,2.7267658930491098e-17
paper_rank15,15,piecewise_linear,fitting,7,9,10,1.090909,12,0.0,0.0
paper_rank15,15,piecewise_linear,fitting,7,9,10,1.090909,13,9.486769009248164e-20,7.456000488806159e-19
paper_rank15,15,piecewise_linear,fitting,7,9,10,1.090909,14,4.336808689942018e-19,3.4084573663113872e-18
paper_rank15,15,piecewise_linear,fitting,7,9,10,1.090909,15,0.0,0.0
paper_rank15,15,piecewise_linear,fitting,8,10,11,1.10101,1,0.0,0.0
paper_rank15,15,piecewise_linear,fitting,8,10,11,1.10101,2,0.0,0.0
paper_rank15,15,piecewise_linear,fitting,8,10,11,1.10101,3,0.0,0.0
paper_rank15,15,piecewise_linear,fitting,8,10,11,1.10101,4,0.0,0.0
paper_rank15,15,piecewise_linear,fitting,8,10,11,1.10101,5,8.673617379884035e-19,6.79596036066858e-18
paper_rank15,15,piecewise_linear,fitting,8,10,11,1.10101,6,0.0,0.0
paper_rank15,15,piecewise_linear,fitting,8,10,11,1.10101,7,0.0,0.0
paper_rank15,15,piecewise_linear,fitting,8,10,11,1.10101,8,0.0,0.0
paper_rank15,15,piecewise_linear,fitting,8,10,11,1.10101,9,6.938893903907228e-18,5.436768288534864e-17
paper_rank15,15,piecewise_linear,fitting,8,10,11,1.10101,10,5.204170427930421e-18,4.077576216401148e-17
paper_rank15,15,piecewise_linear,fitting,8,10,11,1.10101,11,0.0,0.0
paper_rank15,15,piecewise_linear,fitting,8,10,11,1.10101,12,4.87890977618477e-19,3.822727702876076e-18
paper_rank15,15,piecewise_linear,fitting,8,10,11,1.10101,13,0.0,0.0
paper_rank15,15,piecewise_linear,fitting,8,10,11,1.10101,14,8.673617379884035e-19,6.79596036066858e-18
paper_rank15,15,piecewise_linear,fitting,8,10,11,1.10101,15,1.734723475976807e-18,1.359192072133716e-17
paper_rank15,15,piecewise_linear,fitting,9,11,12,1.111111,1,0.0,0.0
paper_rank15,15,piecewise_linear,fitting,9,11,12,1.111111,2,0.0,0.0
paper_rank15,15,piecewise_linear,fitting,9,11,12,1.111111,3,0.0,0.0
paper_rank15,15,piecewise_linear,fitting,9,11,12,1.111111,4,0.0,0.0
paper_rank15,15,piecewise_linear,fitting,9,11,12,1.111111,5,0.0,0.0
paper_rank15,15,piecewise_linear,fitting,9,11,12,1.111111,6,0.0,0.0
paper_rank15,15,piecewise_linear,fitting,9,11,12,1.111111,7,0.0,0.0
paper_rank15,15,piecewise_linear,fitting,9,11,12,1.111111,8,1.734723475976807e-18,1.3528447269494534e-17
paper_rank15,15,piecewise_linear,fitting,9,11,12,1.111111,9,6.938893903907228e-18,5.4113789077978136e-17
paper_rank15,15,piecewise_linear,fitting,9,11,12,1.111111,10,0.0,0.0
paper_rank15,15,piecewise_linear,fitting,9,11,12,1.111111,11,0.0,0.0
paper_rank15,15,piecewise_linear,fitting,9,11,12,1.111111,12,0.0,0.0
paper_rank15,15,piecewise_linear,fitting,9,11,12,1.111111,13,0.0,0.0
paper_rank15,15,piecewise_linear,fitting,9,11,12,1.111111,14,0.0,0.0
paper_rank15,15,piecewise_linear,fitting,9,11,12,1.111111,15,0.0,0.0
paper_rank15,15,piecewise_linear,fitting,10,12,13,1.121212,1,0.0,0.0
paper_rank15,15,piecewise_linear,fitting,10,12,13,1.121212,2,0.0,0.0
paper_rank15,15,piecewise_linear,fitting,10,12,13,1.121212,3,6.938893903907228e-18,5.396737017409272e-17
paper_rank15,15,piecewise_linear,fitting,10,12,13,1.121212,4,0.0,0.0
paper_rank15,15,piecewise_linear,fitting,10,12,13,1.121212,5,0.0,0.0
paper_rank15,15,piecewise_linear,fitting,10,12,13,1.121212,6,0.0,0.0
paper_rank15,15,piecewise_linear,fitting,10,12,13,1.121212,7,3.469446951953614e-18,2.698368508704636e-17
paper_rank15,15,piecewise_linear,fitting,10,12,13,1.121212,8,0.0,0.0
paper_rank15,15,piecewise_linear,fitting,10,12,13,1.121212,9,0.0,0.0
paper_rank15,15,piecewise_linear,fitting,10,12,13,1.121212,10,0.0,0.0
paper_rank15,15,piecewise_linear,fitting,10,12,13,1.121212,11,4.336808689942018e-19,3.372960635880795e-18
paper_rank15,15,piecewise_linear,fitting,10,12,13,1.121212,12,3.469446951953614e-18,2.698368508704636e-17
paper_rank15,15,piecewise_linear,fitting,10,12,13,1.121212,13,0.0,0.0
paper_rank15,15,piecewise_linear,fitting,10,12,13,1.121212,14,0.0,0.0
paper_rank15,15,piecewise_linear,fitting,10,12,13,1.121212,15,1.734723475976807e-18,1.349184254352318e-17
paper_rank15,15,piecewise_linear,fitting,11,13,14,1.131313,1,0.0,0.0
paper_rank15,15,piecewise_linear,fitting,11,13,14,1.131313,2,0.0,0.0
paper_rank15,15,piecewise_linear,fitting,11,13,14,1.131313,3,0.0,0.0
paper_rank15,15,piecewise_linear,fitting,11,13,14,1.131313,4,6.938893903907228e-18,5.394792545817161e-17
paper_rank15,15,piecewise_linear,fitting,11,13,14,1.131313,5,1.734723475976807e-18,1.3486981364542902e-17
paper_rank15,15,piecewise_linear,fitting,11,13,14,1.131313,6,8.673617379884035e-19,6.743490682271451e-18
paper_rank15,15,piecewise_linear,fitting,11,13,14,1.131313,7,3.469446951953614e-18,2.6973962729085804e-17
paper_rank15,15,piecewise_linear,fitting,11,13,14,1.131313,8,1.734723475976807e-18,1.3486981364542902e-17
paper_rank15,15,piecewise_linear,fitting,11,13,14,1.131313,9,0.0,0.0
paper_rank15,15,piecewise_linear,fitting,11,13,14,1.131313,10,6.938893903907228e-18,5.394792545817161e-17
paper_rank15,15,piecewise_linear,fitting,11,13,14,1.131313,11,0.0,0.0
paper_rank15,15,piecewise_linear,fitting,11,13,14,1.131313,12,1.734723475976807e-18,1.3486981364542902e-17
paper_rank15,15,piecewise_linear,fitting,11,13,14,1.131313,13,0.0,0.0
paper_rank15,15,piecewise_linear,fitting,11,13,14,1.131313,14,1.734723475976807e-18,1.3486981364542902e-17
paper_rank15,15,piecewise_linear,fitting,11,13,14,1.131313,15,0.0,0.0
paper_rank15,15,piecewise_linear,fitting,12,14,15,1.141414,1,0.0,0.0
paper_rank15,15,piecewise_linear,fitting,12,14,15,1.141414,2,0.0,0.0
paper_rank15,15,piecewise_linear,fitting,12,14,15,1.141414,3,0.0,0.0
paper_rank15,15,piecewise_linear,fitting,12,14,15,1.141414,4,1.734723475976807e-18,1.3468394661285113e-17
paper_rank15,15,piecewise_linear,fitting,12,14,15,1.141414,5,0.0,0.0
paper_rank15,15,piecewise_linear,fitting,12,14,15,1.141414,6,0.0,0.0
paper_rank15,15,piecewise_linear,fitting,12,14,15,1.141414,7,0.0,0.0
paper_rank15,15,piecewise_linear,fitting,12,14,15,1.141414,8,0.0,0.0
paper_rank15,15,piecewise_linear,fitting,12,14,15,1.141414,9,0.0,0.0
paper_rank15,15,piecewise_linear,fitting,12,14,15,1.141414,10,0.0,0.0
paper_rank15,15,piecewise_linear,fitting,12,14,15,1.141414,11,0.0,0.0
paper_rank15,15,piecewise_linear,fitting,12,14,15,1.141414,12,0.0,0.0
paper_rank15,15,piecewise_linear,fitting,12,14,15,1.141414,13,8.673617379884035e-19,6.7341973306425565e-18
paper_rank15,15,piecewise_linear,fitting,12,14,15,1.141414,14,0.0,0.0
paper_rank15,15,piecewise_linear,fitting,12,14,15,1.141414,15,1.734723475976807e-18,1.3468394661285113e-17
paper_rank15,15,piecewise_linear,fitting,13,15,16,1.151515,1,0.0,0.0
paper_rank15,15,piecewise_linear,fitting,13,15,16,1.151515,2,0.0,0.0
paper_rank15,15,piecewise_linear,fitting,13,15,16,1.151515,3,0.0,0.0
paper_rank15,15,piecewise_linear,fitting,13,15,16,1.151515,4,0.0,0.0
paper_rank15,15,piecewise_linear,fitting,13,15,16,1.151515,5,3.469446951953614e-18,2.6706374055765975e-17
paper_rank15,15,piecewise_linear,fitting,13,15,16,1.151515,6,0.0,0.0
paper_rank15,15,piecewise_linear,fitting,13,15,16,1.151515,7,1.734723475976807e-18,1.3353187027882988e-17
paper_rank15,15,piecewise_linear,fitting,13,15,16,1.151515,8,3.469446951953614e-18,2.6706374055765975e-17
paper_rank15,15,piecewise_linear,fitting,13,15,16,1.151515,9,3.469446951953614e-18,2.6706374055765975e-17
paper_rank15,15,piecewise_linear,fitting,13,15,16,1.151515,10,1.5720931501039814e-18,1.2101325744018958e-17
paper_rank15,15,piecewise_linear,fitting,13,15,16,1.151515,11,2.168404344971009e-19,1.6691483784853734e-18
paper_rank15,15,piecewise_linear,fitting,13,15,16,1.151515,12,8.673617379884035e-19,6.676593513941494e-18
paper_rank15,15,piecewise_linear,fitting,13,15,16,1.151515,13,0.0,0.0
paper_rank15,15,piecewise_linear,fitting,13,15,16,1.151515,14,8.673617379884035e-19,6.676593513941494e-18
paper_rank15,15,piecewise_linear,fitting,13,15,16,1.151515,15,8.673617379884035e-19,6.676593513941494e-18
paper_rank15,15,piecewise_linear,fitting,14,16,17,1.161616,1,0.0,0.0
paper_rank15,15,piecewise_linear,fitting,14,16,17,1.161616,2,0.0,0.0
paper_rank15,15,piecewise_linear,fitting,14,16,17,1.161616,3,0.0,0.0
paper_rank15,15,piecewise_linear,fitting,14,16,17,1.161616,4,0.0,0.0
paper_rank15,15,piecewise_linear,fitting,14,16,17,1.161616,5,1.3877787807814457e-17,1.0687884417410383e-16
paper_rank15,15,piecewise_linear,fitting,14,16,17,1.161616,6,0.0,0.0
paper_rank15,15,piecewise_linear,fitting,14,16,17,1.161616,7,8.673617379884035e-19,6.67992776088149e-18
paper_rank15,15,piecewise_linear,fitting,14,16,17,1.161616,8,3.469446951953614e-18,2.671971104352596e-17
paper_rank15,15,piecewise_linear,fitting,14,16,17,1.161616,9,0.0,0.0
paper_rank15,15,piecewise_linear,fitting,14,16,17,1.161616,10,0.0,0.0
paper_rank15,15,piecewise_linear,fitting,14,16,17,1.161616,11,0.0,0.0
paper_rank15,15,piecewise_linear,fitting,14,16,17,1.161616,12,1.734723475976807e-18,1.335985552176298e-17
paper_rank15,15,piecewise_linear,fitting,14,16,17,1.161616,13,0.0,0.0
paper_rank15,15,piecewise_linear,fitting,14,16,17,1.161616,14,0.0,0.0
paper_rank15,15,piecewise_linear,fitting,14,16,17,1.161616,15,0.0,0.0
paper_rank15,15,piecewise_linear,fitting,15,17,18,1.171717,1,0.0,0.0
paper_rank15,15,piecewise_linear,fitting,15,17,18,1.171717,2,0.0,0.0
paper_rank15,15,piecewise_linear,fitting,15,17,18,1.171717,3,0.0,0.0
paper_rank15,15,piecewise_linear,fitting,15,17,18,1.171717,4,0.0,0.0
paper_rank15,15,piecewise_linear,fitting,15,17,18,1.171717,5,0.0,0.0
paper_rank15,15,piecewise_linear,fitting,15,17,18,1.171717,6,0.0,0.0
paper_rank15,15,piecewise_linear,fitting,15,17,18,1.171717,7,0.0,0.0
paper_rank15,15,piecewise_linear,fitting,15,17,18,1.171717,8,1.3010426069826053e-18,9.954792743697526e-18
paper_rank15,15,piecewise_linear,fitting,15,17,18,1.171717,9,0.0,0.0
paper_rank15,15,piecewise_linear,fitting,15,17,18,1.171717,10,0.0,0.0
paper_rank15,15,piecewise_linear,fitting,15,17,18,1.171717,11,1.734723475976807e-18,1.3273056991596701e-17
paper_rank15,15,piecewise_linear,fitting,15,17,18,1.171717,12,4.336808689942018e-19,3.3182642478991752e-18
paper_rank15,15,piecewise_linear,fitting,15,17,18,1.171717,13,8.673617379884035e-19,6.6365284957983504e-18
paper_rank15,15,piecewise_linear,fitting,15,17,18,1.171717,14,3.469446951953614e-18,2.6546113983193402e-17
paper_rank15,15,piecewise_linear,fitting,15,17,18,1.171717,15,1.734723475976807e-18,1.3273056991596701e-17
paper_rank15,15,piecewise_linear,fitting,16,18,19,1.181818,1,0.0,0.0
paper_rank15,15,piecewise_linear,fitting,16,18,19,1.181818,2,0.0,0.0
paper_rank15,15,piecewise_linear,fitting,16,18,19,1.181818,3,0.0,0.0
paper_rank15,15,piecewise_linear,fitting,16,18,19,1.181818,4,0.0,0.0
paper_rank15,15,piecewise_linear,fitting,16,18,19,1.181818,5,6.938893903907228e-18,5.2915633845296544e-17
paper_rank15,15,piecewise_linear,fitting,16,18,19,1.181818,6,0.0,0.0
paper_rank15,15,piecewise_linear,fitting,16,18,19,1.181818,7,0.0,0.0
paper_rank15,15,piecewise_linear,fitting,16,18,19,1.181818,8,0.0,0.0
paper_rank15,15,piecewise_linear,fitting,16,18,19,1.181818,9,0.0,0.0
paper_rank15,15,piecewise_linear,fitting,16,18,19,1.181818,10,0.0,0.0
paper_rank15,15,piecewise_linear,fitting,16,18,19,1.181818,11,3.469446951953614e-18,2.6457816922648272e-17
paper_rank15,15,piecewise_linear,fitting,16,18,19,1.181818,12,0.0,0.0
paper_rank15,15,piecewise_linear,fitting,16,18,19,1.181818,13,0.0,0.0
paper_rank15,15,piecewise_linear,fitting,16,18,19,1.181818,14,0.0,0.0
paper_rank15,15,piecewise_linear,fitting,16,18,19,1.181818,15,1.734723475976807e-18,1.3228908461324136e-17
paper_rank15,15,piecewise_linear,fitting,17,19,20,1.191919,1,0.0,0.0
paper_rank15,15,piecewise_linear,fitting,17,19,20,1.191919,2,0.0,0.0
paper_rank15,15,piecewise_linear,fitting,17,19,20,1.191919,3,0.0,0.0
paper_rank15,15,piecewise_linear,fitting,17,19,20,1.191919,4,0.0,0.0
paper_rank15,15,piecewise_linear,fitting,17,19,20,1.191919,5,0.0,0.0
paper_rank15,15,piecewise_linear,fitting,17,19,20,1.191919,6,6.938893903907228e-18,5.259292116618461e-17
paper_rank15,15,piecewise_linear,fitting,17,19,20,1.191919,7,0.0,0.0
paper_rank15,15,piecewise_linear,fitting,17,19,20,1.191919,8,0.0,0.0
paper_rank15,15,piecewise_linear,fitting,17,19,20,1.191919,9,0.0,0.0
paper_rank15,15,piecewise_linear,fitting,17,19,20,1.191919,10,0.0,0.0
paper_rank15,15,piecewise_linear,fitting,17,19,20,1.191919,11,5.488773498207866e-19,4.160182240684525e-18
paper_rank15,15,piecewise_linear,fitting,17,19,20,1.191919,12,0.0,0.0
paper_rank15,15,piecewise_linear,fitting,17,19,20,1.191919,13,0.0,0.0
paper_rank15,15,piecewise_linear,fitting,17,19,20,1.191919,14,0.0,0.0
paper_rank15,15,piecewise_linear,fitting,17,19,20,1.191919,15,0.0,0.0
paper_rank15,15,piecewise_linear,fitting,18,20,21,1.20202,1,0.0,0.0
paper_rank15,15,piecewise_linear,fitting,18,20,21,1.20202,2,0.0,0.0
paper_rank15,15,piecewise_linear,fitting,18,20,21,1.20202,3,0.0,0.0
paper_rank15,15,piecewise_linear,fitting,18,20,21,1.20202,4,0.0,0.0
paper_rank15,15,piecewise_linear,fitting,18,20,21,1.20202,5,4.7704895589362195e-18,3.6167022945047624e-17
paper_rank15,15,piecewise_linear,fitting,18,20,21,1.20202,6,0.0,0.0
paper_rank15,15,piecewise_linear,fitting,18,20,21,1.20202,7,0.0,0.0
paper_rank15,15,piecewise_linear,fitting,18,20,21,1.20202,8,3.469446951953614e-18,2.630328941458009e-17
paper_rank15,15,piecewise_linear,fitting,18,20,21,1.20202,9,1.734723475976807e-18,1.3151644707290046e-17
paper_rank15,15,piecewise_linear,fitting,18,20,21,1.20202,10,0.0,0.0
paper_rank15,15,piecewise_linear,fitting,18,20,21,1.20202,11,0.0,0.0
paper_rank15,15,piecewise_linear,fitting,18,20,21,1.20202,12,6.938893903907228e-18,5.260657882916018e-17
paper_rank15,15,piecewise_linear,fitting,18,20,21,1.20202,13,4.336808689942018e-19,3.2879111768225114e-18
paper_rank15,15,piecewise_linear,fitting,18,20,21,1.20202,14,1.3010426069826053e-18,9.863733530467535e-18
paper_rank15,15,piecewise_linear,fitting,18,20,21,1.20202,15,2.6020852139652106e-18,1.972746706093507e-17
paper_rank15,15,piecewise_linear,fitting,19,21,22,1.212121,1,0.0,0.0
paper_rank15,15,piecewise_linear,fitting,19,21,22,1.212121,2,0.0,0.0
paper_rank15,15,piecewise_linear,fitting,19,21,22,1.212121,3,0.0,0.0
paper_rank15,15,piecewise_linear,fitting,19,21,22,1.212121,4,0.0,0.0
paper_rank15,15,piecewise_linear,fitting,19,21,22,1.212121,5,3.469446951953614e-18,2.626958224552583e-17
paper_rank15,15,piecewise_linear,fitting,19,21,22,1.212121,6,3.469446951953614e-18,2.626958224552583e-17
paper_rank15,15,piecewise_linear,fitting,19,21,22,1.212121,7,6.938893903907228e-18,5.253916449105166e-17
paper_rank15,15,piecewise_linear,fitting,19,21,22,1.212121,8,3.469446951953614e-18,2.626958224552583e-17
paper_rank15,15,piecewise_linear,fitting,19,21,22,1.212121,9,0.0,0.0
paper_rank15,15,piecewise_linear,fitting,19,21,22,1.212121,10,0.0,0.0
paper_rank15,15,piecewise_linear,fitting,19,21,22,1.212121,11,0.0,0.0
paper_rank15,15,piecewise_linear,fitting,19,21,22,1.212121,12,2.6020852139652106e-18,1.9702186684144372e-17
paper_rank15,15,piecewise_linear,fitting,19,21,22,1.212121,13,2.778268066994105e-19,2.103618890754998e-18
paper_rank15,15,piecewise_linear,fitting,19,21,22,1.212121,14,0.0,0.0
paper_rank15,15,piecewise_linear,fitting,19,21,22,1.212121,15,3.469446951953614e-18,2.626958224552583e-17
paper_rank15,15,piecewise_linear,fitting,20,22,23,1.222222,1,0.0,0.0
paper_rank15,15,piecewise_linear,fitting,20,22,23,1.222222,2,0.0,0.0
paper_rank15,15,piecewise_linear,fitting,20,22,23,1.222222,3,0.0,0.0
paper_rank15,15,piecewise_linear,fitting,20,22,23,1.222222,4,1.0408340855860843e-17,7.801797752557089e-17
paper_rank15,15,piecewise_linear,fitting,20,22,23,1.222222,5,0.0,0.0
paper_rank15,15,piecewise_linear,fitting,20,22,23,1.222222,6,0.0,0.0
paper_rank15,15,piecewise_linear,fitting,20,22,23,1.222222,7,0.0,0.0
paper_rank15,15,piecewise_linear,fitting,20,22,23,1.222222,8,4.336808689942018e-19,3.250749063565454e-18
paper_rank15,15,piecewise_linear,fitting,20,22,23,1.222222,9,0.0,0.0
paper_rank15,15,piecewise_linear,fitting,20,22,23,1.222222,10,1.734723475976807e-18,1.3002996254261816e-17
paper_rank15,15,piecewise_linear,fitting,20,22,23,1.222222,11,0.0,0.0
paper_rank15,15,piecewise_linear,fitting,20,22,23,1.222222,12,0.0,0.0
paper_rank15,15,piecewise_linear,fitting,20,22,23,1.222222,13,0.0,0.0
paper_rank15,15,piecewise_linear,fitting,20,22,23,1.222222,14,0.0,0.0
paper_rank15,15,piecewise_linear,fitting,20,22,23,1.222222,15,1.682681771697503e-16,1.2612906366633962e-15
paper_rank15,15,piecewise_linear,fitting,21,23,24,1.232323,1,0.0,0.0
paper_rank15,15,piecewise_linear,fitting,21,23,24,1.232323,2,0.0,0.0
paper_rank15,15,piecewise_linear,fitting,21,23,24,1.232323,3,0.0,0.0
paper_rank15,15,piecewise_linear,fitting,21,23,24,1.232323,4,0.0,0.0
paper_rank15,15,piecewise_linear,fitting,21,23,24,1.232323,5,0.0,0.0
paper_rank15,15,piecewise_linear,fitting,21,23,24,1.232323,6,1.3877787807814457e-17,1.0415549631863801e-16
paper_rank15,15,piecewise_linear,fitting,21,23,24,1.232323,7,0.0,0.0
paper_rank15,15,piecewise_linear,fitting,21,23,24,1.232323,8,8.673617379884035e-19,6.5097185199148755e-18
paper_rank15,15,piecewise_linear,fitting,21,23,24,1.232323,9,0.0,0.0
paper_rank15,15,piecewise_linear,fitting,21,23,24,1.232323,10,1.734723475976807e-18,1.3019437039829751e-17
paper_rank15,15,piecewise_linear,fitting,21,23,24,1.232323,11,3.469446951953614e-18,2.6038874079659502e-17
paper_rank15,15,piecewise_linear,fitting,21,23,24,1.232323,12,1.734723475976807e-18,1.3019437039829751e-17
paper_rank15,15,piecewise_linear,fitting,21,23,24,1.232323,13,8.673617379884035e-19,6.5097185199148755e-18
paper_rank15,15,piecewise_linear,fitting,21,23,24,1.232323,14,8.673617379884035e-19,6.5097185199148755e-18
paper_rank15,15,piecewise_linear,fitting,21,23,24,1.232323,15,4.40619762898109e-16,3.3069370081167565e-15
paper_rank15,15,piecewise_linear,fitting,22,24,25,1.242424,1,0.0,0.0
paper_rank15,15,piecewise_linear,fitting,22,24,25,1.242424,2,0.0,0.0
paper_rank15,15,piecewise_linear,fitting,22,24,25,1.242424,3,0.0,0.0
paper_rank15,15,piecewise_linear,fitting,22,24,25,1.242424,4,0.0,0.0
paper_rank15,15,piecewise_linear,fitting,22,24,25,1.242424,5,3.469446951953614e-18,2.582518217201603e-17
paper_rank15,15,piecewise_linear,fitting,22,24,25,1.242424,6,0.0,0.0
paper_rank15,15,piecewise_linear,fitting,22,24,25,1.242424,7,6.938893903907228e-18,5.165036434403206e-17
paper_rank15,15,piecewise_linear,fitting,22,24,25,1.242424,8,0.0,0.0
paper_rank15,15,piecewise_linear,fitting,22,24,25,1.242424,9,0.0,0.0
paper_rank15,15,piecewise_linear,fitting,22,24,25,1.242424,10,0.0,0.0
paper_rank15,15,piecewise_linear,fitting,22,24,25,1.242424,11,0.0,0.0
paper_rank15,15,piecewise_linear,fitting,22,24,25,1.242424,12,4.336808689942018e-19,3.2281477715020036e-18
paper_rank15,15,piecewise_linear,fitting,22,24,25,1.242424,13,0.0,0.0
paper_rank15,15,piecewise_linear,fitting,22,24,25,1.242424,14,0.0,0.0
paper_rank15,15,piecewise_linear,fitting,22,24,25,1.242424,15,8.673617379884035e-19,6.456295543004007e-18
paper_rank15,15,piecewise_linear,fitting,23,25,26,1.252525,1,0.0,0.0
paper_rank15,15,piecewise_linear,fitting,23,25,26,1.252525,2,0.0,0.0
paper_rank15,15,piecewise_linear,fitting,23,25,26,1.252525,3,0.0,0.0
paper_rank15,15,piecewise_linear,fitting,23,25,26,1.252525,4,0.0,0.0
paper_rank15,15,piecewise_linear,fitting,23,25,26,1.252525,5,0.0,0.0
paper_rank15,15,piecewise_linear,fitting,23,25,26,1.252525,6,0.0,0.0
paper_rank15,15,piecewise_linear,fitting,23,25,26,1.252525,7,0.0,0.0
paper_rank15,15,piecewise_linear,fitting,23,25,26,1.252525,8,3.469446951953614e-18,2.580109557415457e-17
paper_rank15,15,piecewise_linear,fitting,23,25,26,1.252525,9,0.0,0.0
paper_rank15,15,piecewise_linear,fitting,23,25,26,1.252525,10,0.0,0.0
paper_rank15,15,piecewise_linear,fitting,23,25,26,1.252525,11,1.734723475976807e-18,1.2900547787077285e-17
paper_rank15,15,piecewise_linear,fitting,23,25,26,1.252525,12,0.0,0.0
paper_rank15,15,piecewise_linear,fitting,23,25,26,1.252525,13,0.0,0.0
paper_rank15,15,piecewise_linear,fitting,23,25,26,1.252525,14,3.469446951953614e-18,2.580109557415457e-17
paper_rank15,15,piecewise_linear,fitting,23,25,26,1.252525,15,0.0,0.0
paper_rank15,15,piecewise_linear,fitting,24,26,27,1.262626,1,0.0,0.0
paper_rank15,15,piecewise_linear,fitting,24,26,27,1.262626,2,0.0,0.0
paper_rank15,15,piecewise_linear,fitting,24,26,27,1.262626,3,0.0,0.0
paper_rank15,15,piecewise_linear,fitting,24,26,27,1.262626,4,0.0,0.0
paper_rank15,15,piecewise_linear,fitting,24,26,27,1.262626,5,0.0,0.0
paper_rank15,15,piecewise_linear,fitting,24,26,27,1.262626,6,0.0,0.0
paper_rank15,15,piecewise_linear,fitting,24,26,27,1.262626,7,0.0,0.0
paper_rank15,15,piecewise_linear,fitting,24,26,27,1.262626,8,8.673617379884035e-19,6.387779790146352e-18
paper_rank15,15,piecewise_linear,fitting,24,26,27,1.262626,9,3.469446951953614e-18,2.5551119160585408e-17
paper_rank15,15,piecewise_linear,fitting,24,26,27,1.262626,10,2.6020852139652106e-18,1.9163339370439055e-17
paper_rank15,15,piecewise_linear,fitting,24,26,27,1.262626,11,0.0,0.0
paper_rank15,15,piecewise_linear,fitting,24,26,27,1.262626,12,3.469446951953614e-18,2.5551119160585408e-17
paper_rank15,15,piecewise_linear,fitting,24,26,27,1.262626,13,3.469446951953614e-18,2.5551119160585408e-17
paper_rank15,15,piecewise_linear,fitting,24,26,27,1.262626,14,0.0,0.0
paper_rank15,15,piecewise_linear,fitting,24,26,27,1.262626,15,8.673617379884035e-19,6.387779790146352e-18
paper_rank15,15,piecewise_linear,fitting,25,27,28,1.272727,1,0.0,0.0
paper_rank15,15,piecewise_linear,fitting,25,27,28,1.272727,2,0.0,0.0
paper_rank15,15,piecewise_linear,fitting,25,27,28,1.272727,3,0.0,0.0
paper_rank15,15,piecewise_linear,fitting,25,27,28,1.272727,4,0.0,0.0
paper_rank15,15,piecewise_linear,fitting,25,27,28,1.272727,5,6.938893903907228e-18,5.129863705808068e-17
paper_rank15,15,piecewise_linear,fitting,25,27,28,1.272727,6,0.0,0.0
paper_rank15,15,piecewise_linear,fitting,25,27,28,1.272727,7,5.204170427930421e-18,3.847397779356051e-17
paper_rank15,15,piecewise_linear,fitting,25,27,28,1.272727,8,0.0,0.0
paper_rank15,15,piecewise_linear,fitting,25,27,28,1.272727,9,0.0,0.0
paper_rank15,15,piecewise_linear,fitting,25,27,28,1.272727,10,0.0,0.0
paper_rank15,15,piecewise_linear,fitting,25,27,28,1.272727,11,0.0,0.0
paper_rank15,15,piecewise_linear,fitting,25,27,28,1.272727,12,0.0,0.0
paper_rank15,15,piecewise_linear,fitting,25,27,28,1.272727,13,0.0,0.0
paper_rank15,15,piecewise_linear,fitting,25,27,28,1.272727,14,0.0,0.0
paper_rank15,15,piecewise_linear,fitting,25,27,28,1.272727,15,0.0,0.0
paper_rank15,15,piecewise_linear,fitting,26,29,30,1.292929,1,0.0,0.0
paper_rank15,15,piecewise_linear,fitting,26,29,30,1.292929,2,0.0,0.0
paper_rank15,15,piecewise_linear,fitting,26,29,30,1.292929,3,0.0,0.0
paper_rank15,15,piecewise_linear,fitting,26,29,30,1.292929,4,6.938893903907228e-18,5.069392308192067e-17
paper_rank15,15,piecewise_linear,fitting,26,29,30,1.292929,5,3.469446951953614e-18,2.5346961540960335e-17
paper_rank15,15,piecewise_linear,fitting,26,29,30,1.292929,6,1.3877787807814457e-17,1.0138784616384134e-16
paper_rank15,15,piecewise_linear,fitting,26,29,30,1.292929,7,3.469446951953614e-18,2.5346961540960335e-17
paper_rank15,15,piecewise_linear,fitting,26,29,30,1.292929,8,1.734723475976807e-18,1.2673480770480167e-17
paper_rank15,15,piecewise_linear,fitting,26,29,30,1.292929,9,3.469446951953614e-18,2.5346961540960335e-17
paper_rank15,15,piecewise_linear,fitting,26,29,30,1.292929,10,0.0,0.0
paper_rank15,15,piecewise_linear,fitting,26,29,30,1.292929,11,0.0,0.0
paper_rank15,15,piecewise_linear,fitting,26,29,30,1.292929,12,0.0,0.0
paper_rank15,15,piecewise_linear,fitting,26,29,30,1.292929,13,6.938893903907228e-18,5.069392308192067e-17
paper_rank15,15,piecewise_linear,fitting,26,29,30,1.292929,14,0.0,0.0
paper_rank15,15,piecewise_linear,fitting,26,29,30,1.292929,15,0.0,0.0
paper_rank15,15,piecewise_linear,fitting,27,30,31,1.30303,1,0.0,0.0
paper_rank15,15,piecewise_linear,fitting,27,30,31,1.30303,2,0.0,0.0
paper_rank15,15,piecewise_linear,fitting,27,30,31,1.30303,3,0.0,0.0
paper_rank15,15,piecewise_linear,fitting,27,30,31,1.30303,4,0.0,0.0
paper_rank15,15,piecewise_linear,fitting,27,30,31,1.30303,5,1.734723475976807e-18,1.2605215392770726e-17
paper_rank15,15,piecewise_linear,fitting,27,30,31,1.30303,6,0.0,0.0
paper_rank15,15,piecewise_linear,fitting,27,30,31,1.30303,7,8.673617379884035e-19,6.302607696385363e-18
paper_rank15,15,piecewise_linear,fitting,27,30,31,1.30303,8,0.0,0.0
paper_rank15,15,piecewise_linear,fitting,27,30,31,1.30303,9,0.0,0.0
paper_rank15,15,piecewise_linear,fitting,27,30,31,1.30303,10,0.0,0.0
paper_rank15,15,piecewise_linear,fitting,27,30,31,1.30303,11,6.938893903907228e-18,5.0420861571082906e-17
paper_rank15,15,piecewise_linear,fitting,27,30,31,1.30303,12,0.0,0.0
paper_rank15,15,piecewise_linear,fitting,27,30,31,1.30303,13,0.0,0.0
paper_rank15,15,piecewise_linear,fitting,27,30,31,1.30303,14,0.0,0.0
paper_rank15,15,piecewise_linear,fitting,27,30,31,1.30303,15,0.0,0.0
paper_rank15,15,piecewise_linear,fitting,28,32,33,1.323232,1,0.0,0.0
paper_rank15,15,piecewise_linear,fitting,28,32,33,1.323232,2,0.0,0.0
paper_rank15,15,piecewise_linear,fitting,28,32,33,1.323232,3,0.0,0.0
paper_rank15,15,piecewise_linear,fitting,28,32,33,1.323232,4,0.0,0.0
paper_rank15,15,piecewise_linear,fitting,28,32,33,1.323232,5,0.0,0.0
paper_rank15,15,piecewise_linear,fitting,28,32,33,1.323232,6,6.938893903907228e-18,5.0078364085372236e-17
paper_rank15,15,piecewise_linear,fitting,28,32,33,1.323232,7,0.0,0.0
paper_rank15,15,piecewise_linear,fitting,28,32,33,1.323232,8,3.469446951953614e-18,2.5039182042686118e-17
paper_rank15,15,piecewise_linear,fitting,28,32,33,1.323232,9,6.938893903907228e-18,5.0078364085372236e-17
paper_rank15,15,piecewise_linear,fitting,28,32,33,1.323232,10,0.0,0.0
paper_rank15,15,piecewise_linear,fitting,28,32,33,1.323232,11,0.0,0.0
paper_rank15,15,piecewise_linear,fitting,28,32,33,1.323232,12,5.149960319306146e-18,3.716753584461221e-17
paper_rank15,15,piecewise_linear,fitting,28,32,33,1.323232,13,0.0,0.0
paper_rank15,15,piecewise_linear,fitting,28,32,33,1.323232,14,0.0,0.0
paper_rank15,15,piecewise_linear,fitting,28,32,33,1.323232,15,4.336808689942018e-19,3.1298977553357648e-18
paper_rank15,15,piecewise_linear,fitting,29,33,34,1.333333,1,0.0,0.0
paper_rank15,15,piecewise_linear,fitting,29,33,34,1.333333,2,0.0,0.0
paper_rank15,15,piecewise_linear,fitting,29,33,34,1.333333,3,0.0,0.0
paper_rank15,15,piecewise_linear,fitting,29,33,34,1.333333,4,0.0,0.0
paper_rank15,15,piecewise_linear,fitting,29,33,34,1.333333,5,5.204170427930421e-18,3.766666372108376e-17
paper_rank15,15,piecewise_linear,fitting,29,33,34,1.333333,6,0.0,0.0
paper_rank15,15,piecewise_linear,fitting,29,33,34,1.333333,7,4.336808689942018e-19,3.1388886434236468e-18
paper_rank15,15,piecewise_linear,fitting,29,33,34,1.333333,8,0.0,0.0
paper_rank15,15,piecewise_linear,fitting,29,33,34,1.333333,9,0.0,0.0
paper_rank15,15,piecewise_linear,fitting,29,33,34,1.333333,10,0.0,0.0
paper_rank15,15,piecewise_linear,fitting,29,33,34,1.333333,11,0.0,0.0
paper_rank15,15,piecewise_linear,fitting,29,33,34,1.333333,12,8.673617379884035e-19,6.2777772868472936e-18
paper_rank15,15,piecewise_linear,fitting,29,33,34,1.333333,13,8.673617379884035e-19,6.2777772868472936e-18
paper_rank15,15,piecewise_linear,fitting,29,33,34,1.333333,14,0.0,0.0
paper_rank15,15,piecewise_linear,fitting,29,33,34,1.333333,15,0.0,0.0
paper_rank15,15,piecewise_linear,fitting,30,34,35,1.343434,1,0.0,0.0
paper_rank15,15,piecewise_linear,fitting,30,34,35,1.343434,2,0.0,0.0
paper_rank15,15,piecewise_linear,fitting,30,34,35,1.343434,3,0.0,0.0
paper_rank15,15,piecewise_linear,fitting,30,34,35,1.343434,4,6.938893903907228e-18,5.008591029906789e-17
paper_rank15,15,piecewise_linear,fitting,30,34,35,1.343434,5,0.0,0.0
paper_rank15,15,piecewise_linear,fitting,30,34,35,1.343434,6,8.673617379884035e-19,6.260738787383486e-18
paper_rank15,15,piecewise_linear,fitting,30,34,35,1.343434,7,0.0,0.0
paper_rank15,15,piecewise_linear,fitting,30,34,35,1.343434,8,0.0,0.0
paper_rank15,15,piecewise_linear,fitting,30,34,35,1.343434,9,0.0,0.0
paper_rank15,15,piecewise_linear,fitting,30,34,35,1.343434,10,0.0,0.0
paper_rank15,15,piecewise_linear,fitting,30,34,35,1.343434,11,0.0,0.0
paper_rank15,15,piecewise_linear,fitting,30,34,35,1.343434,12,0.0,0.0
paper_rank15,15,piecewise_linear,fitting,30,34,35,1.343434,13,0.0,0.0
paper_rank15,15,piecewise_linear,fitting,30,34,35,1.343434,14,0.0,0.0
paper_rank15,15,piecewise_linear,fitting,30,34,35,1.343434,15,0.0,0.0
paper_rank15,15,piecewise_linear,fitting,31,35,36,1.353535,1,0.0,0.0
paper_rank15,15,piecewise_linear,fitting,31,35,36,1.353535,2,0.0,0.0
paper_rank15,15,piecewise_linear,fitting,31,35,36,1.353535,3,0.0,0.0
paper_rank15,15,piecewise_linear,fitting,31,35,36,1.353535,4,0.0,0.0
paper_rank15,15,piecewise_linear,fitting,31,35,36,1.353535,5,0.0,0.0
paper_rank15,15,piecewise_linear,fitting,31,35,36,1.353535,6,3.469446951953614e-18,2.482962787573697e-17
paper_rank15,15,piecewise_linear,fitting,31,35,36,1.353535,7,5.204170427930421e-18,3.7244441813605455e-17
paper_rank15,15,piecewise_linear,fitting,31,35,36,1.353535,8,0.0,0.0
paper_rank15,15,piecewise_linear,fitting,31,35,36,1.353535,9,0.0,0.0
paper_rank15,15,piecewise_linear,fitting,31,35,36,1.353535,10,3.469446951953614e-18,2.482962787573697e-17
paper_rank15,15,piecewise_linear,fitting,31,35,36,1.353535,11,1.3010426069826053e-18,9.311110453401364e-18
paper_rank15,15,piecewise_linear,fitting,31,35,36,1.353535,12,4.336808689942018e-19,3.1037034844671213e-18
paper_rank15,15,piecewise_linear,fitting,31,35,36,1.353535,13,2.846030702774449e-19,2.0368054116815484e-18
paper_rank15,15,piecewise_linear,fitting,31,35,36,1.353535,14,0.0,0.0
paper_rank15,15,piecewise_linear,fitting,31,35,36,1.353535,15,1.0842021724855044e-18,7.759258711167804e-18
paper_rank15,15,piecewise_linear,fitting,32,36,37,1.363636,1,0.0,0.0
paper_rank15,15,piecewise_linear,fitting,32,36,37,1.363636,2,0.0,0.0
paper_rank15,15,piecewise_linear,fitting,32,36,37,1.363636,3,0.0,0.0
paper_rank15,15,piecewise_linear,fitting,32,36,37,1.363636,4,0.0,0.0
paper_rank15,15,piecewise_linear,fitting,32,36,37,1.363636,5,6.938893903907228e-18,4.959058266843174e-17
paper_rank15,15,piecewise_linear,fitting,32,36,37,1.363636,6,3.469446951953614e-18,2.479529133421587e-17
paper_rank15,15,piecewise_linear,fitting,32,36,37,1.363636,7,8.673617379884035e-19,6.1988228335539675e-18
paper_rank15,15,piecewise_linear,fitting,32,36,37,1.363636,8,0.0,0.0
paper_rank15,15,piecewise_linear,fitting,32,36,37,1.363636,9,2.6020852139652106e-18,1.8596468500661902e-17
paper_rank15,15,piecewise_linear,fitting,32,36,37,1.363636,10,1.734723475976807e-18,1.2397645667107935e-17
paper_rank15,15,piecewise_linear,fitting,32,36,37,1.363636,11,0.0,0.0
paper_rank15,15,piecewise_linear,fitting,32,36,37,1.363636,12,0.0,0.0
paper_rank15,15,piecewise_linear,fitting,32,36,37,1.363636,13,0.0,0.0
paper_rank15,15,piecewise_linear,fitting,32,36,37,1.363636,14,5.204170427930421e-18,3.7192937001323805e-17
paper_rank15,15,piecewise_linear,fitting,32,36,37,1.363636,15,0.0,0.0
paper_rank15,15,piecewise_linear,fitting,33,38,39,1.383838,1,0.0,0.0
paper_rank15,15,piecewise_linear,fitting,33,38,39,1.383838,2,1.3877787807814457e-17,9.867218705553163e-17
paper_rank15,15,piecewise_linear,fitting,33,38,39,1.383838,3,0.0,0.0
paper_rank15,15,piecewise_linear,fitting,33,38,39,1.383838,4,0.0,0.0
paper_rank15,15,piecewise_linear,fitting,33,38,39,1.383838,5,4.336808689942018e-19,3.0835058454853634e-18
paper_rank15,15,piecewise_linear,fitting,33,38,39,1.383838,6,0.0,0.0
paper_rank15,15,piecewise_linear,fitting,33,38,39,1.383838,7,0.0,0.0
paper_rank15,15,piecewise_linear,fitting,33,38,39,1.383838,8,3.469446951953614e-18,2.4668046763882907e-17
paper_rank15,15,piecewise_linear,fitting,33,38,39,1.383838,9,1.734723475976807e-18,1.2334023381941454e-17
paper_rank15,15,piecewise_linear,fitting,33,38,39,1.383838,10,0.0,0.0
paper_rank15,15,piecewise_linear,fitting,33,38,39,1.383838,11,1.0842021724855044e-19,7.7087646137134085e-19
paper_rank15,15,piecewise_linear,fitting,33,38,39,1.383838,12,0.0,0.0
paper_rank15,15,piecewise_linear,fitting,33,38,39,1.383838,13,3.469446951953614e-18,2.4668046763882907e-17
paper_rank15,15,piecewise_linear,fitting,33,38,39,1.383838,14,1.3552527156068805e-20,9.635955767141761e-20
paper_rank15,15,piecewise_linear,fitting,33,38,39,1.383838,15,0.0,0.0
paper_rank15,15,piecewise_linear,fitting,34,39,40,1.393939,1,0.0,0.0
paper_rank15,15,piecewise_linear,fitting,34,39,40,1.393939,2,1.734723475976807e-18,1.227895698887481e-17
paper_rank15,15,piecewise_linear,fitting,34,39,40,1.393939,3,0.0,0.0
paper_rank15,15,piecewise_linear,fitting,34,39,40,1.393939,4,0.0,0.0
paper_rank15,15,piecewise_linear,fitting,34,39,40,1.393939,5,0.0,0.0
paper_rank15,15,piecewise_linear,fitting,34,39,40,1.393939,6,3.469446951953614e-18,2.455791397774962e-17
paper_rank15,15,piecewise_linear,fitting,34,39,40,1.393939,7,6.938893903907228e-18,4.911582795549924e-17
paper_rank15,15,piecewise_linear,fitting,34,39,40,1.393939,8,8.673617379884035e-19,6.139478494437405e-18
paper_rank15,15,piecewise_linear,fitting,34,39,40,1.393939,9,1.734723475976807e-18,1.227895698887481e-17
paper_rank15,15,piecewise_linear,fitting,34,39,40,1.393939,10,4.87890977618477e-19,3.4534566531210404e-18
paper_rank15,15,piecewise_linear,fitting,34,39,40,1.393939,11,0.0,0.0
paper_rank15,15,piecewise_linear,fitting,34,39,40,1.393939,12,0.0,0.0
paper_rank15,15,piecewise_linear,fitting,34,39,40,1.393939,13,0.0,0.0
paper_rank15,15,piecewise_linear,fitting,34,39,40,1.393939,14,0.0,0.0
paper_rank15,15,piecewise_linear,fitting,34,39,40,1.393939,15,0.0,0.0
paper_rank15,15,piecewise_linear,fitting,35,41,42,1.414141,1,0.0,0.0
paper_rank15,15,piecewise_linear,fitting,35,41,42,1.414141,2,1.3877787807814457e-17,9.786305229849212e-17
paper_rank15,15,piecewise_linear,fitting,35,41,42,1.414141,3,0.0,0.0
paper_rank15,15,piecewise_linear,fitting,35,41,42,1.414141,4,0.0,0.0
paper_rank15,15,piecewise_linear,fitting,35,41,42,1.414141,5,0.0,0.0
paper_rank15,15,piecewise_linear,fitting,35,41,42,1.414141,6,0.0,0.0
paper_rank15,15,piecewise_linear,fitting,35,41,42,1.414141,7,0.0,0.0
paper_rank15,15,piecewise_linear,fitting,35,41,42,1.414141,8,0.0,0.0
paper_rank15,15,piecewise_linear,fitting,35,41,42,1.414141,9,8.673617379884035e-19,6.1164407686557575e-18
paper_rank15,15,piecewise_linear,fitting,35,41,42,1.414141,10,0.0,0.0
paper_rank15,15,piecewise_linear,fitting,35,41,42,1.414141,11,0.0,0.0
paper_rank15,15,piecewise_linear,fitting,35,41,42,1.414141,12,0.0,0.0
paper_rank15,15,piecewise_linear,fitting,35,41,42,1.414141,13,0.0,0.0
paper_rank15,15,piecewise_linear,fitting,35,41,42,1.414141,14,0.0,0.0
paper_rank15,15,piecewise_linear,fitting,35,41,42,1.414141,15,8.673617379884035e-19,6.1164407686557575e-18
paper_rank15,15,piecewise_linear,fitting,36,43,44,1.434343,1,0.0,0.0
paper_rank15,15,piecewise_linear,fitting,36,43,44,1.434343,2,0.0,0.0
paper_rank15,15,piecewise_linear,fitting,36,43,44,1.434343,3,0.0,0.0
paper_rank15,15,piecewise_linear,fitting,36,43,44,1.434343,4,0.0,0.0
paper_rank15,15,piecewise_linear,fitting,36,43,44,1.434343,5,1.3877787807814457e-17,9.724010353973128e-17
paper_rank15,15,piecewise_linear,fitting,36,43,44,1.434343,6,6.938893903907228e-18,4.862005176986564e-17
paper_rank15,15,piecewise_linear,fitting,36,43,44,1.434343,7,0.0,0.0
paper_rank15,15,piecewise_linear,fitting,36,43,44,1.434343,8,2.6020852139652106e-18,1.8232519413699616e-17
paper_rank15,15,piecewise_linear,fitting,36,43,44,1.434343,9,8.673617379884035e-19,6.077506471233205e-18
paper_rank15,15,piecewise_linear,fitting,36,43,44,1.434343,10,6.505213034913027e-19,4.558129853424904e-18
paper_rank15,15,piecewise_linear,fitting,36,43,44,1.434343,11,3.469446951953614e-18,2.431002588493282e-17
paper_rank15,15,piecewise_linear,fitting,36,43,44,1.434343,12,8.673617379884035e-19,6.077506471233205e-18
paper_rank15,15,piecewise_linear,fitting,36,43,44,1.434343,13,0.0,0.0
paper_rank15,15,piecewise_linear,fitting,36,43,44,1.434343,14,0.0,0.0
paper_rank15,15,piecewise_linear,fitting,36,43,44,1.434343,15,8.673617379884035e-19,6.077506471233205e-18
paper_rank15,15,piecewise_linear,fitting,37,44,45,1.444444,1,0.0,0.0
paper_rank15,15,piecewise_linear,fitting,37,44,45,1.444444,2,0.0,0.0
paper_rank15,15,piecewise_linear,fitting,37,44,45,1.444444,3,0.0,0.0
paper_rank15,15,piecewise_linear,fitting,37,44,45,1.444444,4,0.0,0.0
paper_rank15,15,piecewise_linear,fitting,37,44,45,1.444444,5,4.824699667560495e-18,3.3711803878517674e-17
paper_rank15,15,piecewise_linear,fitting,37,44,45,1.444444,6,6.938893903907228e-18,4.848439209494677e-17
paper_rank15,15,piecewise_linear,fitting,37,44,45,1.444444,7,3.469446951953614e-18,2.4242196047473385e-17
paper_rank15,15,piecewise_linear,fitting,37,44,45,1.444444,8,0.0,0.0
paper_rank15,15,piecewise_linear,fitting,37,44,45,1.444444,9,1.734723475976807e-18,1.2121098023736693e-17
paper_rank15,15,piecewise_linear,fitting,37,44,45,1.444444,10,3.469446951953614e-18,2.4242196047473385e-17
paper_rank15,15,piecewise_linear,fitting,37,44,45,1.444444,11,3.469446951953614e-18,2.4242196047473385e-17
paper_rank15,15,piecewise_linear,fitting,37,44,45,1.444444,12,0.0,0.0
paper_rank15,15,piecewise_linear,fitting,37,44,45,1.444444,13,0.0,0.0
paper_rank15,15,piecewise_linear,fitting,37,44,45,1.444444,14,0.0,0.0
paper_rank15,15,piecewise_linear,fitting,37,44,45,1.444444,15,1.734723475976807e-18,1.2121098023736693e-17
paper_rank15,15,piecewise_linear,fitting,38,45,46,1.454545,1,0.0,0.0
paper_rank15,15,piecewise_linear,fitting,38,45,46,1.454545,2,0.0,0.0
paper_rank15,15,piecewise_linear,fitting,38,45,46,1.454545,3,0.0,0.0
paper_rank15,15,piecewise_linear,fitting,38,45,46,1.454545,4,0.0,0.0
paper_rank15,15,piecewise_linear,fitting,38,45,46,1.454545,5,0.0,0.0
paper_rank15,15,piecewise_linear,fitting,38,45,46,1.454545,6,2.6020852139652106e-18,1.816028631052128e-17
paper_rank15,15,piecewise_linear,fitting,38,45,46,1.454545,7,8.673617379884035e-19,6.05342877017376e-18
paper_rank15,15,piecewise_linear,fitting,38,45,46,1.454545,8,0.0,0.0
paper_rank15,15,piecewise_linear,fitting,38,45,46,1.454545,9,0.0,0.0
paper_rank15,15,piecewise_linear,fitting,38,45,46,1.454545,10,9.75781955236954e-19,6.8101073664454796e-18
paper_rank15,15,piecewise_linear,fitting,38,45,46,1.454545,11,6.505213034913027e-19,4.54007157763032e-18
paper_rank15,15,piecewise_linear,fitting,38,45,46,1.454545,12,8.673617379884035e-19,6.05342877017376e-18
paper_rank15,15,piecewise_linear,fitting,38,45,46,1.454545,13,1.734723475976807e-18,1.210685754034752e-17
paper_rank15,15,piecewise_linear,fitting,38,45,46,1.454545,14,8.673617379884035e-19,6.05342877017376e-18
paper_rank15,15,piecewise_linear,fitting,38,45,46,1.454545,15,0.0,0.0
paper_rank15,15,piecewise_linear,fitting,39,46,47,1.464646,1,0.0,0.0
paper_rank15,15,piecewise_linear,fitting,39,46,47,1.464646,2,0.0,0.0
paper_rank15,15,piecewise_linear,fitting,39,46,47,1.464646,3,0.0,0.0
paper_rank15,15,piecewise_linear,fitting,39,46,47,1.464646,4,3.469446951953614e-18,2.420614994484192e-17
paper_rank15,15,piecewise_linear,fitting,39,46,47,1.464646,5,0.0,0.0
paper_rank15,15,piecewise_linear,fitting,39,46,47,1.464646,6,0.0,0.0
paper_rank15,15,piecewise_linear,fitting,39,46,47,1.464646,7,6.938893903907228e-18,4.841229988968384e-17
paper_rank15,15,piecewise_linear,fitting,39,46,47,1.464646,8,0.0,0.0
paper_rank15,15,piecewise_linear,fitting,39,46,47,1.464646,9,0.0,0.0
paper_rank15,15,piecewise_linear,fitting,39,46,47,1.464646,10,0.0,0.0
paper_rank15,15,piecewise_linear,fitting,39,46,47,1.464646,11,0.0,0.0
paper_rank15,15,piecewise_linear,fitting,39,46,47,1.464646,12,0.0,0.0
paper_rank15,15,piecewise_linear,fitting,39,46,47,1.464646,13,4.336808689942018e-19,3.02576874310524e-18
paper_rank15,15,piecewise_linear,fitting,39,46,47,1.464646,14,0.0,0.0
paper_rank15,15,piecewise_linear,fitting,39,46,47,1.464646,15,2.168404344971009e-19,1.51288437155262e-18
paper_rank15,15,piecewise_linear,fitting,40,47,48,1.474747,1,0.0,0.0
paper_rank15,15,piecewise_linear,fitting,40,47,48,1.474747,2,0.0,0.0
paper_rank15,15,piecewise_linear,fitting,40,47,48,1.474747,3,0.0,0.0
paper_rank15,15,piecewise_linear,fitting,40,47,48,1.474747,4,0.0,0.0
paper_rank15,15,piecewise_linear,fitting,40,47,48,1.474747,5,0.0,0.0
paper_rank15,15,piecewise_linear,fitting,40,47,48,1.474747,6,8.673617379884035e-19,6.0067835411195594e-18
paper_rank15,15,piecewise_linear,fitting,40,47,48,1.474747,7,6.938893903907228e-18,4.8054268328956475e-17
paper_rank15,15,piecewise_linear,fitting,40,47,48,1.474747,8,3.469446951953614e-18,2.4027134164478238e-17
paper_rank15,15,piecewise_linear,fitting,40,47,48,1.474747,9,0.0,0.0
paper_rank15,15,piecewise_linear,fitting,40,47,48,1.474747,10,0.0,0.0
paper_rank15,15,piecewise_linear,fitting,40,47,48,1.474747,11,3.469446951953614e-18,2.4027134164478238e-17
paper_rank15,15,piecewise_linear,fitting,40,47,48,1.474747,12,0.0,0.0
paper_rank15,15,piecewise_linear,fitting,40,47,48,1.474747,13,0.0,0.0
paper_rank15,15,piecewise_linear,fitting,40,47,48,1.474747,14,0.0,0.0
paper_rank15,15,piecewise_linear,fitting,40,47,48,1.474747,15,0.0,0.0
paper_rank15,15,piecewise_linear,fitting,41,48,49,1.484848,1,0.0,0.0
paper_rank15,15,piecewise_linear,fitting,41,48,49,1.484848,2,0.0,0.0
paper_rank15,15,piecewise_linear,fitting,41,48,49,1.484848,3,0.0,0.0
paper_rank15,15,piecewise_linear,fitting,41,48,49,1.484848,4,0.0,0.0
paper_rank15,15,piecewise_linear,fitting,41,48,49,1.484848,5,0.0,0.0
paper_rank15,15,piecewise_linear,fitting,41,48,49,1.484848,6,0.0,0.0
paper_rank15,15,piecewise_linear,fitting,41,48,49,1.484848,7,4.336808689942018e-19,2.999343525978536e-18
paper_rank15,15,piecewise_linear,fitting,41,48,49,1.484848,8,8.673617379884035e-19,5.998687051957072e-18
paper_rank15,15,piecewise_linear,fitting,41,48,49,1.484848,9,0.0,0.0
paper_rank15,15,piecewise_linear,fitting,41,48,49,1.484848,10,0.0,0.0
paper_rank15,15,piecewise_linear,fitting,41,48,49,1.484848,11,1.734723475976807e-18,1.1997374103914144e-17
paper_rank15,15,piecewise_linear,fitting,41,48,49,1.484848,12,0.0,0.0
paper_rank15,15,piecewise_linear,fitting,41,48,49,1.484848,13,0.0,0.0
paper_rank15,15,piecewise_linear,fitting,41,48,49,1.484848,14,0.0,0.0
paper_rank15,15,piecewise_linear,fitting,41,48,49,1.484848,15,8.673617379884035e-19,5.998687051957072e-18
paper_rank15,15,piecewise_linear,fitting,42,49,50,1.494949,1,0.0,0.0
paper_rank15,15,piecewise_linear,fitting,42,49,50,1.494949,2,0.0,0.0
paper_rank15,15,piecewise_linear,fitting,42,49,50,1.494949,3,0.0,0.0
paper_rank15,15,piecewise_linear,fitting,42,49,50,1.494949,4,0.0,0.0
paper_rank15,15,piecewise_linear,fitting,42,49,50,1.494949,5,0.0,0.0
paper_rank15,15,piecewise_linear,fitting,42,49,50,1.494949,6,5.204170427930421e-18,3.589943963700176e-17
paper_rank15,15,piecewise_linear,fitting,42,49,50,1.494949,7,0.0,0.0
paper_rank15,15,piecewise_linear,fitting,42,49,50,1.494949,8,0.0,0.0
paper_rank15,15,piecewise_linear,fitting,42,49,50,1.494949,9,3.144186300207963e-18,2.1689244780688562e-17
paper_rank15,15,piecewise_linear,fitting,42,49,50,1.494949,10,0.0,0.0
paper_rank15,15,piecewise_linear,fitting,42,49,50,1.494949,11,1.3010426069826053e-18,8.97485990925044e-18
paper_rank15,15,piecewise_linear,fitting,42,49,50,1.494949,12,2.6020852139652106e-18,1.794971981850088e-17
paper_rank15,15,piecewise_linear,fitting,42,49,50,1.494949,13,8.673617379884035e-19,5.983239939500293e-18
paper_rank15,15,piecewise_linear,fitting,42,49,50,1.494949,14,0.0,0.0
paper_rank15,15,piecewise_linear,fitting,42,49,50,1.494949,15,8.98586760555986e-16,6.198636577322303e-15
paper_rank15,15,piecewise_linear,fitting,43,50,51,1.505051,1,0.0,0.0
paper_rank15,15,piecewise_linear,fitting,43,50,51,1.505051,2,0.0,0.0
paper_rank15,15,piecewise_linear,fitting,43,50,51,1.505051,3,0.0,0.0
paper_rank15,15,piecewise_linear,fitting,43,50,51,1.505051,4,0.0,0.0
paper_rank15,15,piecewise_linear,fitting,43,50,51,1.505051,5,0.0,0.0
paper_rank15,15,piecewise_linear,fitting,43,50,51,1.505051,6,3.469446951953614e-18,2.4031339970243817e-17
paper_rank15,15,piecewise_linear,fitting,43,50,51,1.505051,7,0.0,0.0
paper_rank15,15,piecewise_linear,fitting,43,50,51,1.505051,8,0.0,0.0
paper_rank15,15,piecewise_linear,fitting,43,50,51,1.505051,9,0.0,0.0
paper_rank15,15,piecewise_linear,fitting,43,50,51,1.505051,10,1.0408340855860843e-17,7.209401991073145e-17
paper_rank15,15,piecewise_linear,fitting,43,50,51,1.505051,11,1.734723475976807e-18,1.2015669985121908e-17
paper_rank15,15,piecewise_linear,fitting,43,50,51,1.505051,12,0.0,0.0
paper_rank15,15,piecewise_linear,fitting,43,50,51,1.505051,13,8.673617379884035e-19,6.007834992560954e-18
paper_rank15,15,piecewise_linear,fitting,43,50,51,1.505051,14,8.673617379884035e-19,6.007834992560954e-18
paper_rank15,15,piecewise_linear,fitting,43,50,51,1.505051,15,7.979727989493313e-16,5.5272081931560775e-15
paper_rank15,15,piecewise_linear,fitting,44,52,53,1.525253,1,0.0,0.0
paper_rank15,15,piecewise_linear,fitting,44,52,53,1.525253,2,0.0,0.0
paper_rank15,15,piecewise_linear,fitting,44,52,53,1.525253,3,0.0,0.0
paper_rank15,15,piecewise_linear,fitting,44,52,53,1.525253,4,0.0,0.0
paper_rank15,15,piecewise_linear,fitting,44,52,53,1.525253,5,0.0,0.0
paper_rank15,15,piecewise_linear,fitting,44,52,53,1.525253,6,1.734723475976807e-18,1.1971340372814562e-17
paper_rank15,15,piecewise_linear,fitting,44,52,53,1.525253,7,0.0,0.0
paper_rank15,15,piecewise_linear,fitting,44,52,53,1.525253,8,0.0,0.0
paper_rank15,15,piecewise_linear,fitting,44,52,53,1.525253,9,0.0,0.0
paper_rank15,15,piecewise_linear,fitting,44,52,53,1.525253,10,0.0,0.0
paper_rank15,15,piecewise_linear,fitting,44,52,53,1.525253,11,3.469446951953614e-18,2.3942680745629123e-17
paper_rank15,15,piecewise_linear,fitting,44,52,53,1.525253,12,0.0,0.0
paper_rank15,15,piecewise_linear,fitting,44,52,53,1.525253,13,0.0,0.0
paper_rank15,15,piecewise_linear,fitting,44,52,53,1.525253,14,1.734723475976807e-18,1.1971340372814562e-17
paper_rank15,15,piecewise_linear,fitting,44,52,53,1.525253,15,4.206704429243757e-16,2.903050040407531e-15
paper_rank15,15,piecewise_linear,fitting,45,54,55,1.545455,1,0.0,0.0
paper_rank15,15,piecewise_linear,fitting,45,54,55,1.545455,2,0.0,0.0
paper_rank15,15,piecewise_linear,fitting,45,54,55,1.545455,3,0.0,0.0
paper_rank15,15,piecewise_linear,fitting,45,54,55,1.545455,4,3.469446951953614e-18,2.3817623152193044e-17
paper_rank15,15,piecewise_linear,fitting,45,54,55,1.545455,5,6.938893903907228e-18,4.763524630438609e-17
paper_rank15,15,piecewise_linear,fitting,45,54,55,1.545455,6,0.0,0.0
paper_rank15,15,piecewise_linear,fitting,45,54,55,1.545455,7,0.0,0.0
paper_rank15,15,piecewise_linear,fitting,45,54,55,1.545455,8,0.0,0.0
paper_rank15,15,piecewise_linear,fitting,45,54,55,1.545455,9,1.734723475976807e-18,1.1908811576096522e-17
paper_rank15,15,piecewise_linear,fitting,45,54,55,1.545455,10,0.0,0.0
paper_rank15,15,piecewise_linear,fitting,45,54,55,1.545455,11,1.734723475976807e-18,1.1908811576096522e-17
paper_rank15,15,piecewise_linear,fitting,45,54,55,1.545455,12,4.336808689942018e-19,2.9772028940241305e-18
paper_rank15,15,piecewise_linear,fitting,45,54,55,1.545455,13,4.336808689942018e-19,2.9772028940241305e-18
paper_rank15,15,piecewise_linear,fitting,45,54,55,1.545455,14,0.0,0.0
paper_rank15,15,piecewise_linear,fitting,45,54,55,1.545455,15,2.0816681711721685e-17,1.4290573891315827e-16
paper_rank15,15,piecewise_linear,fitting,46,55,56,1.555556,1,0.0,0.0
paper_rank15,15,piecewise_linear,fitting,46,55,56,1.555556,2,0.0,0.0
paper_rank15,15,piecewise_linear,fitting,46,55,56,1.555556,3,0.0,0.0
paper_rank15,15,piecewise_linear,fitting,46,55,56,1.555556,4,0.0,0.0
paper_rank15,15,piecewise_linear,fitting,46,55,56,1.555556,5,6.938893903907228e-18,4.747278022812457e-17
paper_rank15,15,piecewise_linear,fitting,46,55,56,1.555556,6,3.469446951953614e-18,2.3736390114062284e-17
paper_rank15,15,piecewise_linear,fitting,46,55,56,1.555556,7,0.0,0.0
paper_rank15,15,piecewise_linear,fitting,46,55,56,1.555556,8,3.469446951953614e-18,2.3736390114062284e-17
paper_rank15,15,piecewise_linear,fitting,46,55,56,1.555556,9,0.0,0.0
paper_rank15,15,piecewise_linear,fitting,46,55,56,1.555556,10,1.734723475976807e-18,1.1868195057031142e-17
paper_rank15,15,piecewise_linear,fitting,46,55,56,1.555556,11,3.469446951953614e-18,2.3736390114062284e-17
paper_rank15,15,piecewise_linear,fitting,46,55,56,1.555556,12,1.734723475976807e-18,1.1868195057031142e-17
paper_rank15,15,piecewise_linear,fitting,46,55,56,1.555556,13,0.0,0.0
paper_rank15,15,piecewise_linear,fitting,46,55,56,1.555556,14,0.0,0.0
paper_rank15,15,piecewise_linear,fitting,46,55,56,1.555556,15,0.0,0.0
paper_rank15,15,piecewise_linear,fitting,47,56,57,1.565657,1,0.0,0.0
paper_rank15,15,piecewise_linear,fitting,47,56,57,1.565657,2,0.0,0.0
paper_rank15,15,piecewise_linear,fitting,47,56,57,1.565657,3,0.0,0.0
paper_rank15,15,piecewise_linear,fitting,47,56,57,1.565657,4,0.0,0.0
paper_rank15,15,piecewise_linear,fitting,47,56,57,1.565657,5,1.3877787807814457e-17,9.521778549151226e-17
paper_rank15,15,piecewise_linear,fitting,47,56,57,1.565657,6,5.204170427930421e-18,3.57066695593171e-17
paper_rank15,15,piecewise_linear,fitting,47,56,57,1.565657,7,0.0,0.0
paper_rank15,15,piecewise_linear,fitting,47,56,57,1.565657,8,0.0,0.0
paper_rank15,15,piecewise_linear,fitting,47,56,57,1.565657,9,0.0,0.0
paper_rank15,15,piecewise_linear,fitting,47,56,57,1.565657,10,4.336808689942018e-19,2.9755557966097582e-18
paper_rank15,15,piecewise_linear,fitting,47,56,57,1.565657,11,0.0,0.0
paper_rank15,15,piecewise_linear,fitting,47,56,57,1.565657,12,0.0,0.0
paper_rank15,15,piecewise_linear,fitting,47,56,57,1.565657,13,0.0,0.0
paper_rank15,15,piecewise_linear,fitting,47,56,57,1.565657,14,0.0,0.0
paper_rank15,15,piecewise_linear,fitting,47,56,57,1.565657,15,1.734723475976807e-18,1.1902223186439033e-17
paper_rank15,15,piecewise_linear,fitting,48,57,58,1.575758,1,0.0,0.0
paper_rank15,15,piecewise_linear,fitting,48,57,58,1.575758,2,0.0,0.0
paper_rank15,15,piecewise_linear,fitting,48,57,58,1.575758,3,0.0,0.0
paper_rank15,15,piecewise_linear,fitting,48,57,58,1.575758,4,0.0,0.0
paper_rank15,15,piecewise_linear,fitting,48,57,58,1.575758,5,6.938893903907228e-18,4.7311502730050975e-17
paper_rank15,15,piecewise_linear,fitting,48,57,58,1.575758,6,1.734723475976807e-18,1.1827875682512744e-17
paper_rank15,15,piecewise_linear,fitting,48,57,58,1.575758,7,0.0,0.0
paper_rank15,15,piecewise_linear,fitting,48,57,58,1.575758,8,3.469446951953614e-18,2.3655751365025488e-17
paper_rank15,15,piecewise_linear,fitting,48,57,58,1.575758,9,1.734723475976807e-18,1.1827875682512744e-17
paper_rank15,15,piecewise_linear,fitting,48,57,58,1.575758,10,0.0,0.0
paper_rank15,15,piecewise_linear,fitting,48,57,58,1.575758,11,1.3010426069826053e-18,8.870906761884558e-18
paper_rank15,15,piecewise_linear,fitting,48,57,58,1.575758,12,6.505213034913027e-19,4.435453380942279e-18
paper_rank15,15,piecewise_linear,fitting,48,57,58,1.575758,13,0.0,0.0
paper_rank15,15,piecewise_linear,fitting,48,57,58,1.575758,14,1.734723475976807e-18,1.1827875682512744e-17
paper_rank15,15,piecewise_linear,fitting,48,57,58,1.575758,15,8.673617379884035e-19,5.913937841256372e-18
paper_rank15,15,piecewise_linear,fitting,49,58,59,1.585859,1,0.0,0.0
paper_rank15,15,piecewise_linear,fitting,49,58,59,1.585859,2,0.0,0.0
paper_rank15,15,piecewise_linear,fitting,49,58,59,1.585859,3,0.0,0.0
paper_rank15,15,piecewise_linear,fitting,49,58,59,1.585859,4,0.0,0.0
paper_rank15,15,piecewise_linear,fitting,49,58,59,1.585859,5,0.0,0.0
paper_rank15,15,piecewise_linear,fitting,49,58,59,1.585859,6,0.0,0.0
paper_rank15,15,piecewise_linear,fitting,49,58,59,1.585859,7,3.469446951953614e-18,2.3652810748983456e-17
paper_rank15,15,piecewise_linear,fitting,49,58,59,1.585859,8,6.938893903907228e-18,4.730562149796691e-17
paper_rank15,15,piecewise_linear,fitting,49,58,59,1.585859,9,0.0,0.0
paper_rank15,15,piecewise_linear,fitting,49,58,59,1.585859,10,8.673617379884035e-19,5.913202687245864e-18
paper_rank15,15,piecewise_linear,fitting,49,58,59,1.585859,11,0.0,0.0
paper_rank15,15,piecewise_linear,fitting,49,58,59,1.585859,12,0.0,0.0
paper_rank15,15,piecewise_linear,fitting,49,58,59,1.585859,13,0.0,0.0
paper_rank15,15,piecewise_linear,fitting,49,58,59,1.585859,14,1.0842021724855044e-19,7.39150335905733e-19
paper_rank15,15,piecewise_linear,fitting,49,58,59,1.585859,15,0.0,0.0
paper_rank15,15,piecewise_linear,fitting,50,59,60,1.59596,1,0.0,0.0
paper_rank15,15,piecewise_linear,fitting,50,59,60,1.59596,2,0.0,0.0
paper_rank15,15,piecewise_linear,fitting,50,59,60,1.59596,3,0.0,0.0
paper_rank15,15,piecewise_linear,fitting,50,59,60,1.59596,4,0.0,0.0
paper_rank15,15,piecewise_linear,fitting,50,59,60,1.59596,5,0.0,0.0
paper_rank15,15,piecewise_linear,fitting,50,59,60,1.59596,6,0.0,0.0
paper_rank15,15,piecewise_linear,fitting,50,59,60,1.59596,7,0.0,0.0
paper_rank15,15,piecewise_linear,fitting,50,59,60,1.59596,8,0.0,0.0
paper_rank15,15,piecewise_linear,fitting,50,59,60,1.59596,9,4.336808689942018e-19,2.947969181128938e-18
paper_rank15,15,piecewise_linear,fitting,50,59,60,1.59596,10,0.0,0.0
paper_rank15,15,piecewise_linear,fitting,50,59,60,1.59596,11,0.0,0.0
paper_rank15,15,piecewise_linear,fitting,50,59,60,1.59596,12,0.0,0.0
paper_rank15,15,piecewise_linear,fitting,50,59,60,1.59596,13,0.0,0.0
paper_rank15,15,piecewise_linear,fitting,50,59,60,1.59596,14,0.0,0.0
paper_rank15,15,piecewise_linear,fitting,50,59,60,1.59596,15,2.6020852139652106e-18,1.7687815086773627e-17
paper_rank15,15,piecewise_linear,fitting,51,60,61,1.606061,1,0.0,0.0
paper_rank15,15,piecewise_linear,fitting,51,60,61,1.606061,2,0.0,0.0
paper_rank15,15,piecewise_linear,fitting,51,60,61,1.606061,3,0.0,0.0
paper_rank15,15,piecewise_linear,fitting,51,60,61,1.606061,4,0.0,0.0
paper_rank15,15,piecewise_linear,fitting,51,60,61,1.606061,5,0.0,0.0
paper_rank15,15,piecewise_linear,fitting,51,60,61,1.606061,6,0.0,0.0
paper_rank15,15,piecewise_linear,fitting,51,60,61,1.606061,7,0.0,0.0
paper_rank15,15,piecewise_linear,fitting,51,60,61,1.606061,8,8.673617379884035e-19,5.8891196165867156e-18
paper_rank15,15,piecewise_linear,fitting,51,60,61,1.606061,9,0.0,0.0
paper_rank15,15,piecewise_linear,fitting,51,60,61,1.606061,10,0.0,0.0
paper_rank15,15,piecewise_linear,fitting,51,60,61,1.606061,11,0.0,0.0
paper_rank15,15,piecewise_linear,fitting,51,60,61,1.606061,12,4.336808689942018e-19,2.9445598082933578e-18
paper_rank15,15,piecewise_linear,fitting,51,60,61,1.606061,13,8.673617379884035e-19,5.8891196165867156e-18
paper_rank15,15,piecewise_linear,fitting,51,60,61,1.606061,14,8.673617379884035e-19,5.8891196165867156e-18
paper_rank15,15,piecewise_linear,fitting,51,60,61,1.606061,15,0.0,0.0
paper_rank15,15,piecewise_linear,fitting,52,61,62,1.616162,1,0.0,0.0
paper_rank15,15,piecewise_linear,fitting,52,61,62,1.616162,2,0.0,0.0
paper_rank15,15,piecewise_linear,fitting,52,61,62,1.616162,3,6.938893903907228e-18,4.6947714346489854e-17
paper_rank15,15,piecewise_linear,fitting,52,61,62,1.616162,4,0.0,0.0
paper_rank15,15,piecewise_linear,fitting,52,61,62,1.616162,5,1.3877787807814457e-17,9.389542869297971e-17
paper_rank15,15,piecewise_linear,fitting,52,61,62,1.616162,6,6.938893903907228e-18,4.6947714346489854e-17
paper_rank15,15,piecewise_linear,fitting,52,61,62,1.616162,7,0.0,0.0
paper_rank15,15,piecewise_linear,fitting,52,61,62,1.616162,8,0.0,0.0
paper_rank15,15,piecewise_linear,fitting,52,61,62,1.616162,9,0.0,0.0
paper_rank15,15,piecewise_linear,fitting,52,61,62,1.616162,10,5.204170427930421e-18,3.521078575986739e-17
paper_rank15,15,piecewise_linear,fitting,52,61,62,1.616162,11,0.0,0.0
paper_rank15,15,piecewise_linear,fitting,52,61,62,1.616162,12,0.0,0.0
paper_rank15,15,piecewise_linear,fitting,52,61,62,1.616162,13,0.0,0.0
paper_rank15,15,piecewise_linear,fitting,52,61,62,1.616162,14,0.0,0.0
paper_rank15,15,piecewise_linear,fitting,52,61,62,1.616162,15,3.2526065174565133e-19,2.200674109991712e-18
paper_rank15,15,piecewise_linear,fitting,53,62,63,1.626263,1,0.0,0.0
paper_rank15,15,piecewise_linear,fitting,53,62,63,1.626263,2,0.0,0.0
paper_rank15,15,piecewise_linear,fitting,53,62,63,1.626263,3,0.0,0.0
paper_rank15,15,piecewise_linear,fitting,53,62,63,1.626263,4,0.0,0.0
paper_rank15,15,piecewise_linear,fitting,53,62,63,1.626263,5,0.0,0.0
paper_rank15,15,piecewise_linear,fitting,53,62,63,1.626263,6,0.0,0.0
paper_rank15,15,piecewise_linear,fitting,53,62,63,1.626263,7,6.938893903907228e-18,4.7021838263365746e-17
paper_rank15,15,piecewise_linear,fitting,53,62,63,1.626263,8,0.0,0.0
paper_rank15,15,piecewise_linear,fitting,53,62,63,1.626263,9,0.0,0.0
paper_rank15,15,piecewise_linear,fitting,53,62,63,1.626263,10,8.673617379884035e-19,5.877729782920718e-18
paper_rank15,15,piecewise_linear,fitting,53,62,63,1.626263,11,0.0,0.0
paper_rank15,15,piecewise_linear,fitting,53,62,63,1.626263,12,2.168404344971009e-19,1.4694324457301796e-18
paper_rank15,15,piecewise_linear,fitting,53,62,63,1.626263,13,8.673617379884035e-19,5.877729782920718e-18
paper_rank15,15,piecewise_linear,fitting,53,62,63,1.626263,14,0.0,0.0
paper_rank15,15,piecewise_linear,fitting,53,62,63,1.626263,15,0.0,0.0
paper_rank15,15,piecewise_linear,fitting,54,63,64,1.636364,1,0.0,0.0
paper_rank15,15,piecewise_linear,fitting,54,63,64,1.636364,2,0.0,0.0
paper_rank15,15,piecewise_linear,fitting,54,63,64,1.636364,3,0.0,0.0
paper_rank15,15,piecewise_linear,fitting,54,63,64,1.636364,4,0.0,0.0
paper_rank15,15,piecewise_linear,fitting,54,63,64,1.636364,5,1.734723475976807e-18,1.1715579643470277e-17
paper_rank15,15,piecewise_linear,fitting,54,63,64,1.636364,6,0.0,0.0
paper_rank15,15,piecewise_linear,fitting,54,63,64,1.636364,7,0.0,0.0
paper_rank15,15,piecewise_linear,fitting,54,63,64,1.636364,8,0.0,0.0
paper_rank15,15,piecewise_linear,fitting,54,63,64,1.636364,9,0.0,0.0
paper_rank15,15,piecewise_linear,fitting,54,63,64,1.636364,10,0.0,0.0
paper_rank15,15,piecewise_linear,fitting,54,63,64,1.636364,11,0.0,0.0
paper_rank15,15,piecewise_linear,fitting,54,63,64,1.636364,12,8.673617379884035e-19,5.8577898217351386e-18
paper_rank15,15,piecewise_linear,fitting,54,63,64,1.636364,13,0.0,0.0
paper_rank15,15,piecewise_linear,fitting,54,63,64,1.636364,14,1.734723475976807e-18,1.1715579643470277e-17
paper_rank15,15,piecewise_linear,fitting,54,63,64,1.636364,15,4.336808689942018e-19,2.9288949108675693e-18
paper_rank15,15,piecewise_linear,fitting,55,64,65,1.646465,1,0.0,0.0
paper_rank15,15,piecewise_linear,fitting,55,64,65,1.646465,2,0.0,0.0
paper_rank15,15,piecewise_linear,fitting,55,64,65,1.646465,3,6.938893903907228e-18,4.67611304333758e-17
paper_rank15,15,piecewise_linear,fitting,55,64,65,1.646465,4,0.0,0.0
paper_rank15,15,piecewise_linear,fitting,55,64,65,1.646465,5,0.0,0.0
paper_rank15,15,piecewise_linear,fitting,55,64,65,1.646465,6,0.0,0.0
paper_rank15,15,piecewise_linear,fitting,55,64,65,1.646465,7,6.938893903907228e-18,4.67611304333758e-17
paper_rank15,15,piecewise_linear,fitting,55,64,65,1.646465,8,6.938893903907228e-18,4.67611304333758e-17
paper_rank15,15,piecewise_linear,fitting,55,64,65,1.646465,9,0.0,0.0
paper_rank15,15,piecewise_linear,fitting,55,64,65,1.646465,10,3.7947076036992655e-19,2.557249320575239e-18
paper_rank15,15,piecewise_linear,fitting,55,64,65,1.646465,11,0.0,0.0
paper_rank15,15,piecewise_linear,fitting,55,64,65,1.646465,12,0.0,0.0
paper_rank15,15,piecewise_linear,fitting,55,64,65,1.646465,13,1.734723475976807e-18,1.169028260834395e-17
paper_rank15,15,piecewise_linear,fitting,55,64,65,1.646465,14,0.0,0.0
paper_rank15,15,piecewise_linear,fitting,55,64,65,1.646465,15,3.469446951953614e-18,2.33805652166879e-17
paper_rank15,15,piecewise_linear,fitting,56,66,67,1.666667,1,0.0,0.0
paper_rank15,15,piecewise_linear,fitting,56,66,67,1.666667,2,0.0,0.0
paper_rank15,15,piecewise_linear,fitting,56,66,67,1.666667,3,0.0,0.0
paper_rank15,15,piecewise_linear,fitting,56,66,67,1.666667,4,0.0,0.0
paper_rank15,15,piecewise_linear,fitting,56,66,67,1.666667,5,3.0357660829594124e-18,2.039785755276716e-17
paper_rank15,15,piecewise_linear,fitting,56,66,67,1.666667,6,0.0,0.0
paper_rank15,15,piecewise_linear,fitting,56,66,67,1.666667,7,0.0,0.0
paper_rank15,15,piecewise_linear,fitting,56,66,67,1.666667,8,8.673617379884035e-18,5.827959300790617e-17
paper_rank15,15,piecewise_linear,fitting,56,66,67,1.666667,9,0.0,0.0
paper_rank15,15,piecewise_linear,fitting,56,66,67,1.666667,10,0.0,0.0
paper_rank15,15,piecewise_linear,fitting,56,66,67,1.666667,11,0.0,0.0
paper_rank15,15,piecewise_linear,fitting,56,66,67,1.666667,12,0.0,0.0
paper_rank15,15,piecewise_linear,fitting,56,66,67,1.666667,13,0.0,0.0
paper_rank15,15,piecewise_linear,fitting,56,66,67,1.666667,14,8.673617379884035e-19,5.827959300790616e-18
paper_rank15,15,piecewise_linear,fitting,56,66,67,1.666667,15,0.0,0.0
paper_rank15,15,piecewise_linear,fitting,57,67,68,1.676768,1,0.0,0.0
paper_rank15,15,piecewise_linear,fitting,57,67,68,1.676768,2,0.0,0.0
paper_rank15,15,piecewise_linear,fitting,57,67,68,1.676768,3,0.0,0.0
paper_rank15,15,piecewise_linear,fitting,57,67,68,1.676768,4,0.0,0.0
paper_rank15,15,piecewise_linear,fitting,57,67,68,1.676768,5,0.0,0.0
paper_rank15,15,piecewise_linear,fitting,57,67,68,1.676768,6,2.0816681711721685e-17,1.397893191076311e-16
paper_rank15,15,piecewise_linear,fitting,57,67,68,1.676768,7,0.0,0.0
paper_rank15,15,piecewise_linear,fitting,57,67,68,1.676768,8,0.0,0.0
paper_rank15,15,piecewise_linear,fitting,57,67,68,1.676768,9,2.6020852139652106e-18,1.7473664888453888e-17
paper_rank15,15,piecewise_linear,fitting,57,67,68,1.676768,10,3.469446951953614e-18,2.329821985127185e-17
paper_rank15,15,piecewise_linear,fitting,57,67,68,1.676768,11,1.734723475976807e-18,1.1649109925635926e-17
paper_rank15,15,piecewise_linear,fitting,57,67,68,1.676768,12,0.0,0.0
paper_rank15,15,piecewise_linear,fitting,57,67,68,1.676768,13,1.734723475976807e-18,1.1649109925635926e-17
paper_rank15,15,piecewise_linear,fitting,57,67,68,1.676768,14,0.0,0.0
paper_rank15,15,piecewise_linear,fitting,57,67,68,1.676768,15,0.0,0.0
paper_rank15,15,piecewise_linear,fitting,58,68,69,1.686869,1,0.0,0.0
paper_rank15,15,piecewise_linear,fitting,58,68,69,1.686869,2,0.0,0.0
paper_rank15,15,piecewise_linear,fitting,58,68,69,1.686869,3,0.0,0.0
paper_rank15,15,piecewise_linear,fitting,58,68,69,1.686869,4,0.0,0.0
paper_rank15,15,piecewise_linear,fitting,58,68,69,1.686869,5,0.0,0.0
paper_rank15,15,piecewise_linear,fitting,58,68,69,1.686869,6,2.6020852139652106e-18,1.7506864034715438e-17
paper_rank15,15,piecewise_linear,fitting,58,68,69,1.686869,7,0.0,0.0
paper_rank15,15,piecewise_linear,fitting,58,68,69,1.686869,8,1.3010426069826053e-18,8.753432017357719e-18
paper_rank15,15,piecewise_linear,fitting,58,68,69,1.686869,9,0.0,0.0
paper_rank15,15,piecewise_linear,fitting,58,68,69,1.686869,10,8.673617379884035e-19,5.835621344905146e-18
paper_rank15,15,piecewise_linear,fitting,58,68,69,1.686869,11,0.0,0.0
paper_rank15,15,piecewise_linear,fitting,58,68,69,1.686869,12,0.0,0.0
paper_rank15,15,piecewise_linear,fitting,58,68,69,1.686869,13,1.734723475976807e-18,1.1671242689810292e-17
paper_rank15,15,piecewise_linear,fitting,58,68,69,1.686869,14,1.734723475976807e-18,1.1671242689810292e-17
paper_rank15,15,piecewise_linear,fitting,58,68,69,1.686869,15,0.0,0.0
paper_rank15,15,piecewise_linear,fitting,59,69,70,1.69697,1,0.0,0.0
paper_rank15,15,piecewise_linear,fitting,59,69,70,1.69697,2,0.0,0.0
paper_rank15,15,piecewise_linear,fitting,59,69,70,1.69697,3,0.0,0.0
paper_rank15,15,piecewise_linear,fitting,59,69,70,1.69697,4,0.0,0.0
paper_rank15,15,piecewise_linear,fitting,59,69,70,1.69697,5,0.0,0.0
paper_rank15,15,piecewise_linear,fitting,59,69,70,1.69697,6,0.0,0.0
paper_rank15,15,piecewise_linear,fitting,59,69,70,1.69697,7,0.0,0.0
paper_rank15,15,piecewise_linear,fitting,59,69,70,1.69697,8,0.0,0.0
paper_rank15,15,piecewise_linear,fitting,59,69,70,1.69697,9,0.0,0.0
paper_rank15,15,piecewise_linear,fitting,59,69,70,1.69697,10,4.336808689942018e-19,2.911233886957274e-18
paper_rank15,15,piecewise_linear,fitting,59,69,70,1.69697,11,0.0,0.0
paper_rank15,15,piecewise_linear,fitting,59,69,70,1.69697,12,1.734723475976807e-18,1.1644935547829097e-17
paper_rank15,15,piecewise_linear,fitting,59,69,70,1.69697,13,0.0,0.0
paper_rank15,15,piecewise_linear,fitting,59,69,70,1.69697,14,0.0,0.0
paper_rank15,15,piecewise_linear,fitting,59,69,70,1.69697,15,0.0,0.0
paper_rank15,15,piecewise_linear,fitting,60,70,71,1.707071,1,0.0,0.0
paper_rank15,15,piecewise_linear,fitting,60,70,71,1.707071,2,0.0,0.0
paper_rank15,15,piecewise_linear,fitting,60,70,71,1.707071,3,0.0,0.0
paper_rank15,15,piecewise_linear,fitting,60,70,71,1.707071,4,0.0,0.0
paper_rank15,15,piecewise_linear,fitting,60,70,71,1.707071,5,0.0,0.0
paper_rank15,15,piecewise_linear,fitting,60,70,71,1.707071,6,1.3877787807814457e-17,9.284406684988939e-17
paper_rank15,15,piecewise_linear,fitting,60,70,71,1.707071,7,3.469446951953614e-18,2.3211016712472347e-17
paper_rank15,15,piecewise_linear,fitting,60,70,71,1.707071,8,0.0,0.0
paper_rank15,15,piecewise_linear,fitting,60,70,71,1.707071,9,0.0,0.0
paper_rank15,15,piecewise_linear,fitting,60,70,71,1.707071,10,0.0,0.0
paper_rank15,15,piecewise_linear,fitting,60,70,71,1.707071,11,0.0,0.0
paper_rank15,15,piecewise_linear,fitting,60,70,71,1.707071,12,0.0,0.0
paper_rank15,15,piecewise_linear,fitting,60,70,71,1.707071,13,0.0,0.0
paper_rank15,15,piecewise_linear,fitting,60,70,71,1.707071,14,0.0,0.0
paper_rank15,15,piecewise_linear,fitting,60,70,71,1.707071,15,0.0,0.0
paper_rank15,15,piecewise_linear,fitting,61,71,72,1.717172,1,0.0,0.0
paper_rank15,15,piecewise_linear,fitting,61,71,72,1.717172,2,0.0,0.0
paper_rank15,15,piecewise_linear,fitting,61,71,72,1.717172,3,0.0,0.0
paper_rank15,15,piecewise_linear,fitting,61,71,72,1.717172,4,0.0,0.0
paper_rank15,15,piecewise_linear,fitting,61,71,72,1.717172,5,6.938893903907228e-18,4.6480045423910385e-17
paper_rank15,15,piecewise_linear,fitting,61,71,72,1.717172,6,0.0,0.0
paper_rank15,15,piecewise_linear,fitting,61,71,72,1.717172,7,0.0,0.0
paper_rank15,15,piecewise_linear,fitting,61,71,72,1.717172,8,6.938893903907228e-18,4.6480045423910385e-17
paper_rank15,15,piecewise_linear,fitting,61,71,72,1.717172,9,0.0,0.0
paper_rank15,15,piecewise_linear,fitting,61,71,72,1.717172,10,2.168404344971009e-18,1.4525014194971994e-17
paper_rank15,15,piecewise_linear,fitting,61,71,72,1.717172,11,0.0,0.0
paper_rank15,15,piecewise_linear,fitting,61,71,72,1.717172,12,0.0,0.0
paper_rank15,15,piecewise_linear,fitting,61,71,72,1.717172,13,0.0,0.0
paper_rank15,15,piecewise_linear,fitting,61,71,72,1.717172,14,0.0,0.0
paper_rank15,15,piecewise_linear,fitting,61,71,72,1.717172,15,0.0,0.0
paper_rank15,15,piecewise_linear,fitting,62,72,73,1.727273,1,0.0,0.0
paper_rank15,15,piecewise_linear,fitting,62,72,73,1.727273,2,0.0,0.0
paper_rank15,15,piecewise_linear,fitting,62,72,73,1.727273,3,0.0,0.0
paper_rank15,15,piecewise_linear,fitting,62,72,73,1.727273,4,0.0,0.0
paper_rank15,15,piecewise_linear,fitting,62,72,73,1.727273,5,0.0,0.0
paper_rank15,15,piecewise_linear,fitting,62,72,73,1.727273,6,3.469446951953614e-18,2.3202607272007127e-17
paper_rank15,15,piecewise_linear,fitting,62,72,73,1.727273,7,0.0,0.0
paper_rank15,15,piecewise_linear,fitting,62,72,73,1.727273,8,0.0,0.0
paper_rank15,15,piecewise_linear,fitting,62,72,73,1.727273,9,1.734723475976807e-18,1.1601303636003563e-17
paper_rank15,15,piecewise_linear,fitting,62,72,73,1.727273,10,0.0,0.0
paper_rank15,15,piecewise_linear,fitting,62,72,73,1.727273,11,1.3010426069826053e-18,8.700977727002672e-18
paper_rank15,15,piecewise_linear,fitting,62,72,73,1.727273,12,0.0,0.0
paper_rank15,15,piecewise_linear,fitting,62,72,73,1.727273,13,0.0,0.0
paper_rank15,15,piecewise_linear,fitting,62,72,73,1.727273,14,0.0,0.0
paper_rank15,15,piecewise_linear,fitting,62,72,73,1.727273,15,0.0,0.0
paper_rank15,15,piecewise_linear,fitting,63,73,74,1.737374,1,0.0,0.0
paper_rank15,15,piecewise_linear,fitting,63,73,74,1.737374,2,0.0,0.0
paper_rank15,15,piecewise_linear,fitting,63,73,74,1.737374,3,0.0,0.0
paper_rank15,15,piecewise_linear,fitting,63,73,74,1.737374,4,0.0,0.0
paper_rank15,15,piecewise_linear,fitting,63,73,74,1.737374,5,0.0,0.0
paper_rank15,15,piecewise_linear,fitting,63,73,74,1.737374,6,0.0,0.0
paper_rank15,15,piecewise_linear,fitting,63,73,74,1.737374,7,8.673617379884035e-19,5.771212396371483e-18
paper_rank15,15,piecewise_linear,fitting,63,73,74,1.737374,8,0.0,0.0
paper_rank15,15,piecewise_linear,fitting,63,73,74,1.737374,9,0.0,0.0
paper_rank15,15,piecewise_linear,fitting,63,73,74,1.737374,10,0.0,0.0
paper_rank15,15,piecewise_linear,fitting,63,73,74,1.737374,11,2.168404344971009e-19,1.4428030990928707e-18
paper_rank15,15,piecewise_linear,fitting,63,73,74,1.737374,12,3.469446951953614e-18,2.308484958548593e-17
paper_rank15,15,piecewise_linear,fitting,63,73,74,1.737374,13,1.5178830414797062e-18,1.0099621693650095e-17
paper_rank15,15,piecewise_linear,fitting,63,73,74,1.737374,14,0.0,0.0
paper_rank15,15,piecewise_linear,fitting,63,73,74,1.737374,15,2.168404344971009e-18,1.4428030990928706e-17
paper_rank15,15,piecewise_linear,fitting,64,74,75,1.747475,1,0.0,0.0
paper_rank15,15,piecewise_linear,fitting,64,74,75,1.747475,2,0.0,0.0
paper_rank15,15,piecewise_linear,fitting,64,74,75,1.747475,3,0.0,0.0
paper_rank15,15,piecewise_linear,fitting,64,74,75,1.747475,4,0.0,0.0
paper_rank15,15,piecewise_linear,fitting,64,74,75,1.747475,5,0.0,0.0
paper_rank15,15,piecewise_linear,fitting,64,74,75,1.747475,6,0.0,0.0
paper_rank15,15,piecewise_linear,fitting,64,74,75,1.747475,7,8.673617379884035e-19,5.7895466129301574e-18
paper_rank15,15,piecewise_linear,fitting,64,74,75,1.747475,8,0.0,0.0
paper_rank15,15,piecewise_linear,fitting,64,74,75,1.747475,9,0.0,0.0
paper_rank15,15,piecewise_linear,fitting,64,74,75,1.747475,10,3.469446951953614e-18,2.315818645172063e-17
paper_rank15,15,piecewise_linear,fitting,64,74,75,1.747475,11,4.336808689942018e-19,2.8947733064650787e-18
paper_rank15,15,piecewise_linear,fitting,64,74,75,1.747475,12,0.0,0.0
paper_rank15,15,piecewise_linear,fitting,64,74,75,1.747475,13,8.673617379884035e-19,5.7895466129301574e-18
paper_rank15,15,piecewise_linear,fitting,64,74,75,1.747475,14,8.673617379884035e-19,5.7895466129301574e-18
paper_rank15,15,piecewise_linear,fitting,64,74,75,1.747475,15,1.177877240188252e-15,7.862204300359154e-15
paper_rank15,15,piecewise_linear,fitting,65,75,76,1.757576,1,0.0,0.0
paper_rank15,15,piecewise_linear,fitting,65,75,76,1.757576,2,0.0,0.0
paper_rank15,15,piecewise_linear,fitting,65,75,76,1.757576,3,0.0,0.0
paper_rank15,15,piecewise_linear,fitting,65,75,76,1.757576,4,0.0,0.0
paper_rank15,15,piecewise_linear,fitting,65,75,76,1.757576,5,0.0,0.0
paper_rank15,15,piecewise_linear,fitting,65,75,76,1.757576,6,6.938893903907228e-18,4.608217465436051e-17
paper_rank15,15,piecewise_linear,fitting,65,75,76,1.757576,7,0.0,0.0
paper_rank15,15,piecewise_linear,fitting,65,75,76,1.757576,8,3.469446951953614e-18,2.3041087327180256e-17
paper_rank15,15,piecewise_linear,fitting,65,75,76,1.757576,9,0.0,0.0
paper_rank15,15,piecewise_linear,fitting,65,75,76,1.757576,10,0.0,0.0
paper_rank15,15,piecewise_linear,fitting,65,75,76,1.757576,11,1.734723475976807e-18,1.1520543663590128e-17
paper_rank15,15,piecewise_linear,fitting,65,75,76,1.757576,12,0.0,0.0
paper_rank15,15,piecewise_linear,fitting,65,75,76,1.757576,13,0.0,0.0
paper_rank15,15,piecewise_linear,fitting,65,75,76,1.757576,14,0.0,0.0
paper_rank15,15,piecewise_linear,fitting,65,75,76,1.757576,15,0.0,0.0
paper_rank15,15,piecewise_linear,fitting,66,76,77,1.767677,1,0.0,0.0
paper_rank15,15,piecewise_linear,fitting,66,76,77,1.767677,2,0.0,0.0
paper_rank15,15,piecewise_linear,fitting,66,76,77,1.767677,3,0.0,0.0
paper_rank15,15,piecewise_linear,fitting,66,76,77,1.767677,4,6.071532165918825e-18,4.0484340930210514e-17
paper_rank15,15,piecewise_linear,fitting,66,76,77,1.767677,5,6.938893903907228e-18,4.626781820595487e-17
paper_rank15,15,piecewise_linear,fitting,66,76,77,1.767677,6,0.0,0.0
paper_rank15,15,piecewise_linear,fitting,66,76,77,1.767677,7,0.0,0.0
paper_rank15,15,piecewise_linear,fitting,66,76,77,1.767677,8,0.0,0.0
paper_rank15,15,piecewise_linear,fitting,66,76,77,1.767677,9,6.938893903907228e-18,4.626781820595487e-17
paper_rank15,15,piecewise_linear,fitting,66,76,77,1.767677,10,0.0,0.0
paper_rank15,15,piecewise_linear,fitting,66,76,77,1.767677,11,4.87890977618477e-19,3.253205967606202e-18
paper_rank15,15,piecewise_linear,fitting,66,76,77,1.767677,12,0.0,0.0
paper_rank15,15,piecewise_linear,fitting,66,76,77,1.767677,13,0.0,0.0
paper_rank15,15,piecewise_linear,fitting,66,76,77,1.767677,14,1.3010426069826053e-18,8.675215913616538e-18
paper_rank15,15,piecewise_linear,fitting,66,76,77,1.767677,15,5.230191280070073e-16,3.4874367972738485e-15
paper_rank15,15,piecewise_linear,fitting,67,77,78,1.777778,1,0.0,0.0
paper_rank15,15,piecewise_linear,fitting,67,77,78,1.777778,2,0.0,0.0
paper_rank15,15,piecewise_linear,fitting,67,77,78,1.777778,3,0.0,0.0
paper_rank15,15,piecewise_linear,fitting,67,77,78,1.777778,4,4.336808689942018e-19,2.8788324513316355e-18
paper_rank15,15,piecewise_linear,fitting,67,77,78,1.777778,5,0.0,0.0
paper_rank15,15,piecewise_linear,fitting,67,77,78,1.777778,6,1.734723475976807e-18,1.1515329805326542e-17
paper_rank15,15,piecewise_linear,fitting,67,77,78,1.777778,7,0.0,0.0
paper_rank15,15,piecewise_linear,fitting,67,77,78,1.777778,8,2.6020852139652106e-18,1.7272994707989813e-17
paper_rank15,15,piecewise_linear,fitting,67,77,78,1.777778,9,0.0,0.0
paper_rank15,15,piecewise_linear,fitting,67,77,78,1.777778,10,8.673617379884035e-19,5.757664902663271e-18
paper_rank15,15,piecewise_linear,fitting,67,77,78,1.777778,11,0.0,0.0
paper_rank15,15,piecewise_linear,fitting,67,77,78,1.777778,12,0.0,0.0
paper_rank15,15,piecewise_linear,fitting,67,77,78,1.777778,13,3.2526065174565133e-19,2.1591243384987266e-18
paper_rank15,15,piecewise_linear,fitting,67,77,78,1.777778,14,0.0,0.0
paper_rank15,15,piecewise_linear,fitting,67,77,78,1.777778,15,4.0592529337857286e-16,2.694587174446411e-15
paper_rank15,15,piecewise_linear,fitting,68,78,79,1.787879,1,0.0,0.0
paper_rank15,15,piecewise_linear,fitting,68,78,79,1.787879,2,0.0,0.0
paper_rank15,15,piecewise_linear,fitting,68,78,79,1.787879,3,0.0,0.0
paper_rank15,15,piecewise_linear,fitting,68,78,79,1.787879,4,0.0,0.0
paper_rank15,15,piecewise_linear,fitting,68,78,79,1.787879,5,0.0,0.0
paper_rank15,15,piecewise_linear,fitting,68,78,79,1.787879,6,0.0,0.0
paper_rank15,15,piecewise_linear,fitting,68,78,79,1.787879,7,0.0,0.0
paper_rank15,15,piecewise_linear,fitting,68,78,79,1.787879,8,0.0,0.0
paper_rank15,15,piecewise_linear,fitting,68,78,79,1.787879,9,4.336808689942018e-19,2.888166336049849e-18
paper_rank15,15,piecewise_linear,fitting,68,78,79,1.787879,10,0.0,0.0
paper_rank15,15,piecewise_linear,fitting,68,78,79,1.787879,11,0.0,0.0
paper_rank15,15,piecewise_linear,fitting,68,78,79,1.787879,12,0.0,0.0
paper_rank15,15,piecewise_linear,fitting,68,78,79,1.787879,13,0.0,0.0
paper_rank15,15,piecewise_linear,fitting,68,78,79,1.787879,14,0.0,0.0
paper_rank15,15,piecewise_linear,fitting,68,78,79,1.787879,15,4.336808689942018e-19,2.888166336049849e-18
paper_rank15,15,piecewise_linear,fitting,69,79,80,1.79798,1,0.0,0.0
paper_rank15,15,piecewise_linear,fitting,69,79,80,1.79798,2,0.0,0.0
paper_rank15,15,piecewise_linear,fitting,69,79,80,1.79798,3,0.0,0.0
paper_rank15,15,piecewise_linear,fitting,69,79,80,1.79798,4,5.204170427930421e-18,3.4513519275057375e-17
paper_rank15,15,piecewise_linear,fitting,69,79,80,1.79798,5,0.0,0.0
paper_rank15,15,piecewise_linear,fitting,69,79,80,1.79798,6,1.0408340855860843e-17,6.902703855011475e-17
paper_rank15,15,piecewise_linear,fitting,69,79,80,1.79798,7,0.0,0.0
paper_rank15,15,piecewise_linear,fitting,69,79,80,1.79798,8,1.734723475976807e-18,1.1504506425019125e-17
paper_rank15,15,piecewise_linear,fitting,69,79,80,1.79798,9,0.0,0.0
paper_rank15,15,piecewise_linear,fitting,69,79,80,1.79798,10,0.0,0.0
paper_rank15,15,piecewise_linear,fitting,69,79,80,1.79798,11,0.0,0.0
paper_rank15,15,piecewise_linear,fitting,69,79,80,1.79798,12,0.0,0.0
paper_rank15,15,piecewise_linear,fitting,69,79,80,1.79798,13,3.469446951953614e-18,2.300901285003825e-17
paper_rank15,15,piecewise_linear,fitting,69,79,80,1.79798,14,1.734723475976807e-18,1.1504506425019125e-17
paper_rank15,15,piecewise_linear,fitting,69,79,80,1.79798,15,0.0,0.0
paper_rank15,15,piecewise_linear,fitting,70,80,81,1.808081,1,0.0,0.0
paper_rank15,15,piecewise_linear,fitting,70,80,81,1.808081,2,0.0,0.0
paper_rank15,15,piecewise_linear,fitting,70,80,81,1.808081,3,0.0,0.0
paper_rank15,15,piecewise_linear,fitting,70,80,81,1.808081,4,0.0,0.0
paper_rank15,15,piecewise_linear,fitting,70,80,81,1.808081,5,3.469446951953614e-18,2.2934386261105337e-17
paper_rank15,15,piecewise_linear,fitting,70,80,81,1.808081,6,0.0,0.0
paper_rank15,15,piecewise_linear,fitting,70,80,81,1.808081,7,8.673617379884035e-19,5.733596565276334e-18
paper_rank15,15,piecewise_linear,fitting,70,80,81,1.808081,8,0.0,0.0
paper_rank15,15,piecewise_linear,fitting,70,80,81,1.808081,9,0.0,0.0
paper_rank15,15,piecewise_linear,fitting,70,80,81,1.808081,10,0.0,0.0
paper_rank15,15,piecewise_linear,fitting,70,80,81,1.808081,11,0.0,0.0
paper_rank15,15,piecewise_linear,fitting,70,80,81,1.808081,12,0.0,0.0
paper_rank15,15,piecewise_linear,fitting,70,80,81,1.808081,13,1.0299920638612292e-18,6.808645921265647e-18
paper_rank15,15,piecewise_linear,fitting,70,80,81,1.808081,14,4.336808689942018e-19,2.866798282638167e-18
paper_rank15,15,piecewise_linear,fitting,70,80,81,1.808081,15,0.0,0.0
paper_rank15,15,piecewise_linear,fitting,71,81,82,1.818182,1,0.0,0.0
paper_rank15,15,piecewise_linear,fitting,71,81,82,1.818182,2,0.0,0.0
paper_rank15,15,piecewise_linear,fitting,71,81,82,1.818182,3,0.0,0.0
paper_rank15,15,piecewise_linear,fitting,71,81,82,1.818182,4,0.0,0.0
paper_rank15,15,piecewise_linear,fitting,71,81,82,1.818182,5,0.0,0.0
paper_rank15,15,piecewise_linear,fitting,71,81,82,1.818182,6,0.0,0.0
paper_rank15,15,piecewise_linear,fitting,71,81,82,1.818182,7,0.0,0.0
paper_rank15,15,piecewise_linear,fitting,71,81,82,1.818182,8,8.673617379884035e-19,5.749923310624133e-18
paper_rank15,15,piecewise_linear,fitting,71,81,82,1.818182,9,3.469446951953614e-18,2.299969324249653e-17
paper_rank15,15,piecewise_linear,fitting,71,81,82,1.818182,10,1.734723475976807e-18,1.1499846621248265e-17
paper_rank15,15,piecewise_linear,fitting,71,81,82,1.818182,11,4.336808689942018e-19,2.8749616553120663e-18
paper_rank15,15,piecewise_linear,fitting,71,81,82,1.818182,12,0.0,0.0
paper_rank15,15,piecewise_linear,fitting,71,81,82,1.818182,13,0.0,0.0
paper_rank15,15,piecewise_linear,fitting,71,81,82,1.818182,14,0.0,0.0
paper_rank15,15,piecewise_linear,fitting,71,81,82,1.818182,15,2.168404344971009e-19,1.4374808276560332e-18
paper_rank15,15,piecewise_linear,fitting,72,82,83,1.828283,1,0.0,0.0
paper_rank15,15,piecewise_linear,fitting,72,82,83,1.828283,2,0.0,0.0
paper_rank15,15,piecewise_linear,fitting,72,82,83,1.828283,3,0.0,0.0
paper_rank15,15,piecewise_linear,fitting,72,82,83,1.828283,4,0.0,0.0
paper_rank15,15,piecewise_linear,fitting,72,82,83,1.828283,5,0.0,0.0
paper_rank15,15,piecewise_linear,fitting,72,82,83,1.828283,6,3.469446951953614e-18,2.3014565685039036e-17
paper_rank15,15,piecewise_linear,fitting,72,82,83,1.828283,7,0.0,0.0
paper_rank15,15,piecewise_linear,fitting,72,82,83,1.828283,8,0.0,0.0
paper_rank15,15,piecewise_linear,fitting,72,82,83,1.828283,9,1.734723475976807e-18,1.1507282842519518e-17
paper_rank15,15,piecewise_linear,fitting,72,82,83,1.828283,10,3.469446951953614e-18,2.3014565685039036e-17
paper_rank15,15,piecewise_linear,fitting,72,82,83,1.828283,11,0.0,0.0
paper_rank15,15,piecewise_linear,fitting,72,82,83,1.828283,12,0.0,0.0
paper_rank15,15,piecewise_linear,fitting,72,82,83,1.828283,13,1.734723475976807e-18,1.1507282842519518e-17
paper_rank15,15,piecewise_linear,fitting,72,82,83,1.828283,14,3.469446951953614e-18,2.3014565685039036e-17
paper_rank15,15,piecewise_linear,fitting,72,82,83,1.828283,15,0.0,0.0
paper_rank15,15,piecewise_linear,fitting,73,83,84,1.838384,1,0.0,0.0
paper_rank15,15,piecewise_linear,fitting,73,83,84,1.838384,2,0.0,0.0
paper_rank15,15,piecewise_linear,fitting,73,83,84,1.838384,3,0.0,0.0
paper_rank15,15,piecewise_linear,fitting,73,83,84,1.838384,4,0.0,0.0
paper_rank15,15,piecewise_linear,fitting,73,83,84,1.838384,5,6.938893903907228e-18,4.5940133925823255e-17
paper_rank15,15,piecewise_linear,fitting,73,83,84,1.838384,6,8.673617379884035e-19,5.742516740727907e-18
paper_rank15,15,piecewise_linear,fitting,73,83,84,1.838384,7,6.938893903907228e-18,4.5940133925823255e-17
paper_rank15,15,piecewise_linear,fitting,73,83,84,1.838384,8,0.0,0.0
paper_rank15,15,piecewise_linear,fitting,73,83,84,1.838384,9,3.469446951953614e-18,2.2970066962911627e-17
paper_rank15,15,piecewise_linear,fitting,73,83,84,1.838384,10,3.469446951953614e-18,2.2970066962911627e-17
paper_rank15,15,piecewise_linear,fitting,73,83,84,1.838384,11,0.0,0.0
paper_rank15,15,piecewise_linear,fitting,73,83,84,1.838384,12,8.673617379884035e-19,5.742516740727907e-18
paper_rank15,15,piecewise_linear,fitting,73,83,84,1.838384,13,0.0,0.0
paper_rank15,15,piecewise_linear,fitting,73,83,84,1.838384,14,8.673617379884035e-19,5.742516740727907e-18
paper_rank15,15,piecewise_linear,fitting,73,83,84,1.838384,15,0.0,0.0
paper_rank15,15,piecewise_linear,fitting,74,84,85,1.848485,1,0.0,0.0
paper_rank15,15,piecewise_linear,fitting,74,84,85,1.848485,2,0.0,0.0
paper_rank15,15,piecewise_linear,fitting,74,84,85,1.848485,3,0.0,0.0
paper_rank15,15,piecewise_linear,fitting,74,84,85,1.848485,4,0.0,0.0
paper_rank15,15,piecewise_linear,fitting,74,84,85,1.848485,5,6.938893903907228e-18,4.5887403239699794e-17
paper_rank15,15,piecewise_linear,fitting,74,84,85,1.848485,6,0.0,0.0
paper_rank15,15,piecewise_linear,fitting,74,84,85,1.848485,7,0.0,0.0
paper_rank15,15,piecewise_linear,fitting,74,84,85,1.848485,8,0.0,0.0
paper_rank15,15,piecewise_linear,fitting,74,84,85,1.848485,9,0.0,0.0
paper_rank15,15,piecewise_linear,fitting,74,84,85,1.848485,10,0.0,0.0
paper_rank15,15,piecewise_linear,fitting,74,84,85,1.848485,11,0.0,0.0
paper_rank15,15,piecewise_linear,fitting,74,84,85,1.848485,12,8.673617379884035e-19,5.735925404962474e-18
paper_rank15,15,piecewise_linear,fitting,74,84,85,1.848485,13,0.0,0.0
paper_rank15,15,piecewise_linear,fitting,74,84,85,1.848485,14,0.0,0.0
paper_rank15,15,piecewise_linear,fitting,74,84,85,1.848485,15,8.673617379884035e-19,5.735925404962474e-18
paper_rank15,15,piecewise_linear,fitting,75,85,86,1.858586,1,0.0,0.0
paper_rank15,15,piecewise_linear,fitting,75,85,86,1.858586,2,0.0,0.0
paper_rank15,15,piecewise_linear,fitting,75,85,86,1.858586,3,0.0,0.0
paper_rank15,15,piecewise_linear,fitting,75,85,86,1.858586,4,0.0,0.0
paper_rank15,15,piecewise_linear,fitting,75,85,86,1.858586,5,0.0,0.0
paper_rank15,15,piecewise_linear,fitting,75,85,86,1.858586,6,0.0,0.0
paper_rank15,15,piecewise_linear,fitting,75,85,86,1.858586,7,6.938893903907228e-18,4.596400327331955e-17
paper_rank15,15,piecewise_linear,fitting,75,85,86,1.858586,8,0.0,0.0
paper_rank15,15,piecewise_linear,fitting,75,85,86,1.858586,9,0.0,0.0
paper_rank15,15,piecewise_linear,fitting,75,85,86,1.858586,10,0.0,0.0
paper_rank15,15,piecewise_linear,fitting,75,85,86,1.858586,11,1.734723475976807e-18,1.1491000818329887e-17
paper_rank15,15,piecewise_linear,fitting,75,85,86,1.858586,12,3.469446951953614e-18,2.2982001636659775e-17
paper_rank15,15,piecewise_linear,fitting,75,85,86,1.858586,13,4.87890977618477e-19,3.231843980155281e-18
paper_rank15,15,piecewise_linear,fitting,75,85,86,1.858586,14,3.469446951953614e-18,2.2982001636659775e-17
paper_rank15,15,piecewise_linear,fitting,75,85,86,1.858586,15,0.0,0.0
paper_rank15,15,piecewise_linear,fitting,76,86,87,1.868687,1,0.0,0.0
paper_rank15,15,piecewise_linear,fitting,76,86,87,1.868687,2,0.0,0.0
paper_rank15,15,piecewise_linear,fitting,76,86,87,1.868687,3,0.0,0.0
paper_rank15,15,piecewise_linear,fitting,76,86,87,1.868687,4,0.0,0.0
paper_rank15,15,piecewise_linear,fitting,76,86,87,1.868687,5,3.469446951953614e-18,2.290580584887037e-17
paper_rank15,15,piecewise_linear,fitting,76,86,87,1.868687,6,0.0,0.0
paper_rank15,15,piecewise_linear,fitting,76,86,87,1.868687,7,5.204170427930421e-18,3.4358708773305555e-17
paper_rank15,15,piecewise_linear,fitting,76,86,87,1.868687,8,0.0,0.0
paper_rank15,15,piecewise_linear,fitting,76,86,87,1.868687,9,5.204170427930421e-18,3.4358708773305555e-17
paper_rank15,15,piecewise_linear,fitting,76,86,87,1.868687,10,0.0,0.0
paper_rank15,15,piecewise_linear,fitting,76,86,87,1.868687,11,8.673617379884035e-19,5.7264514622175926e-18
paper_rank15,15,piecewise_linear,fitting,76,86,87,1.868687,12,2.9815559743351372e-18,1.9684676901372975e-17
paper_rank15,15,piecewise_linear,fitting,76,86,87,1.868687,13,0.0,0.0
paper_rank15,15,piecewise_linear,fitting,76,86,87,1.868687,14,0.0,0.0
paper_rank15,15,piecewise_linear,fitting,76,86,87,1.868687,15,0.0,0.0
paper_rank15,15,piecewise_linear,fitting,77,87,88,1.878788,1,0.0,0.0
paper_rank15,15,piecewise_linear,fitting,77,87,88,1.878788,2,0.0,0.0
paper_rank15,15,piecewise_linear,fitting,77,87,88,1.878788,3,0.0,0.0
paper_rank15,15,piecewise_linear,fitting,77,87,88,1.878788,4,0.0,0.0
paper_rank15,15,piecewise_linear,fitting,77,87,88,1.878788,5,0.0,0.0
paper_rank15,15,piecewise_linear,fitting,77,87,88,1.878788,6,0.0,0.0
paper_rank15,15,piecewise_linear,fitting,77,87,88,1.878788,7,4.336808689942018e-19,2.8552025147922648e-18
paper_rank15,15,piecewise_linear,fitting,77,87,88,1.878788,8,0.0,0.0
paper_rank15,15,piecewise_linear,fitting,77,87,88,1.878788,9,0.0,0.0
paper_rank15,15,piecewise_linear,fitting,77,87,88,1.878788,10,0.0,0.0
paper_rank15,15,piecewise_linear,fitting,77,87,88,1.878788,11,8.673617379884035e-19,5.7104050295845295e-18
paper_rank15,15,piecewise_linear,fitting,77,87,88,1.878788,12,0.0,0.0
paper_rank15,15,piecewise_linear,fitting,77,87,88,1.878788,13,0.0,0.0
paper_rank15,15,piecewise_linear,fitting,77,87,88,1.878788,14,0.0,0.0
paper_rank15,15,piecewise_linear,fitting,77,87,88,1.878788,15,0.0,0.0
paper_rank15,15,piecewise_linear,fitting,78,88,89,1.888889,1,0.0,0.0
paper_rank15,15,piecewise_linear,fitting,78,88,89,1.888889,2,0.0,0.0
paper_rank15,15,piecewise_linear,fitting,78,88,89,1.888889,3,0.0,0.0
paper_rank15,15,piecewise_linear,fitting,78,88,89,1.888889,4,0.0,0.0
paper_rank15,15,piecewise_linear,fitting,78,88,89,1.888889,5,3.469446951953614e-18,2.293335465399496e-17
paper_rank15,15,piecewise_linear,fitting,78,88,89,1.888889,6,3.0357660829594124e-18,2.006668532224559e-17
paper_rank15,15,piecewise_linear,fitting,78,88,89,1.888889,7,0.0,0.0
paper_rank15,15,piecewise_linear,fitting,78,88,89,1.888889,8,1.734723475976807e-18,1.146667732699748e-17
paper_rank15,15,piecewise_linear,fitting,78,88,89,1.888889,9,0.0,0.0
paper_rank15,15,piecewise_linear,fitting,78,88,89,1.888889,10,0.0,0.0
paper_rank15,15,piecewise_linear,fitting,78,88,89,1.888889,11,0.0,0.0
paper_rank15,15,piecewise_linear,fitting,78,88,89,1.888889,12,0.0,0.0
paper_rank15,15,piecewise_linear,fitting,78,88,89,1.888889,13,0.0,0.0
paper_rank15,15,piecewise_linear,fitting,78,88,89,1.888889,14,1.734723475976807e-18,1.146667732699748e-17
paper_rank15,15,piecewise_linear,fitting,78,88,89,1.888889,15,0.0,0.0
paper_rank15,15,piecewise_linear,fitting,79,89,90,1.89899,1,0.0,0.0
paper_rank15,15,piecewise_linear,fitting,79,89,90,1.89899,2,0.0,0.0
paper_rank15,15,piecewise_linear,fitting,79,89,90,1.89899,3,0.0,0.0
paper_rank15,15,piecewise_linear,fitting,79,89,90,1.89899,4,0.0,0.0
paper_rank15,15,piecewise_linear,fitting,79,89,90,1.89899,5,6.938893903907228e-18,4.573842557650366e-17
paper_rank15,15,piecewise_linear,fitting,79,89,90,1.89899,6,0.0,0.0
paper_rank15,15,piecewise_linear,fitting,79,89,90,1.89899,7,1.734723475976807e-18,1.1434606394125915e-17
paper_rank15,15,piecewise_linear,fitting,79,89,90,1.89899,8,0.0,0.0
paper_rank15,15,piecewise_linear,fitting,79,89,90,1.89899,9,0.0,0.0
paper_rank15,15,piecewise_linear,fitting,79,89,90,1.89899,10,0.0,0.0
paper_rank15,15,piecewise_linear,fitting,79,89,90,1.89899,11,0.0,0.0
paper_rank15,15,piecewise_linear,fitting,79,89,90,1.89899,12,0.0,0.0
paper_rank15,15,piecewise_linear,fitting,79,89,90,1.89899,13,8.673617379884035e-19,5.717303197062957e-18
paper_rank15,15,piecewise_linear,fitting,79,89,90,1.89899,14,0.0,0.0
paper_rank15,15,piecewise_linear,fitting,79,89,90,1.89899,15,0.0,0.0
paper_rank15,15,piecewise_linear,fitting,80,90,91,1.909091,1,0.0,0.0
paper_rank15,15,piecewise_linear,fitting,80,90,91,1.909091,2,0.0,0.0
paper_rank15,15,piecewise_linear,fitting,80,90,91,1.909091,3,0.0,0.0
paper_rank15,15,piecewise_linear,fitting,80,90,91,1.909091,4,6.938893903907228e-18,4.57134674123214e-17
paper_rank15,15,piecewise_linear,fitting,80,90,91,1.909091,5,3.469446951953614e-18,2.28567337061607e-17
paper_rank15,15,piecewise_linear,fitting,80,90,91,1.909091,6,0.0,0.0
paper_rank15,15,piecewise_linear,fitting,80,90,91,1.909091,7,0.0,0.0
paper_rank15,15,piecewise_linear,fitting,80,90,91,1.909091,8,1.734723475976807e-18,1.142836685308035e-17
paper_rank15,15,piecewise_linear,fitting,80,90,91,1.909091,9,0.0,0.0
paper_rank15,15,piecewise_linear,fitting,80,90,91,1.909091,10,1.3010426069826053e-18,8.571275139810262e-18
paper_rank15,15,piecewise_linear,fitting,80,90,91,1.909091,11,8.673617379884035e-19,5.714183426540175e-18
paper_rank15,15,piecewise_linear,fitting,80,90,91,1.909091,12,1.734723475976807e-18,1.142836685308035e-17
paper_rank15,15,piecewise_linear,fitting,80,90,91,1.909091,13,1.734723475976807e-18,1.142836685308035e-17
paper_rank15,15,piecewise_linear,fitting,80,90,91,1.909091,14,0.0,0.0
paper_rank15,15,piecewise_linear,fitting,80,90,91,1.909091,15,0.0,0.0
paper_rank15,15,piecewise_linear,fitting,81,91,92,1.919192,1,0.0,0.0
paper_rank15,15,piecewise_linear,fitting,81,91,92,1.919192,2,0.0,0.0
paper_rank15,15,piecewise_linear,fitting,81,91,92,1.919192,3,0.0,0.0
paper_rank15,15,piecewise_linear,fitting,81,91,92,1.919192,4,0.0,0.0
paper_rank15,15,piecewise_linear,fitting,81,91,92,1.919192,5,0.0,0.0
paper_rank15,15,piecewise_linear,fitting,81,91,92,1.919192,6,4.553649124439119e-18,2.996031723260979e-17
paper_rank15,15,piecewise_linear,fitting,81,91,92,1.919192,7,6.938893903907228e-18,4.5653816735405396e-17
paper_rank15,15,piecewise_linear,fitting,81,91,92,1.919192,8,0.0,0.0
paper_rank15,15,piecewise_linear,fitting,81,91,92,1.919192,9,1.6263032587282567e-18,1.070011329736064e-17
paper_rank15,15,piecewise_linear,fitting,81,91,92,1.919192,10,0.0,0.0
paper_rank15,15,piecewise_linear,fitting,81,91,92,1.919192,11,0.0,0.0
paper_rank15,15,piecewise_linear,fitting,81,91,92,1.919192,12,1.734723475976807e-18,1.1413454183851349e-17
paper_rank15,15,piecewise_linear,fitting,81,91,92,1.919192,13,6.505213034913027e-19,4.280045318944256e-18
paper_rank15,15,piecewise_linear,fitting,81,91,92,1.919192,14,0.0,0.0
paper_rank15,15,piecewise_linear,fitting,81,91,92,1.919192,15,2.710505431213761e-19,1.7833522162267734e-18
paper_rank15,15,piecewise_linear,fitting,82,92,93,1.929293,1,0.0,0.0
paper_rank15,15,piecewise_linear,fitting,82,92,93,1.929293,2,0.0,0.0
paper_rank15,15,piecewise_linear,fitting,82,92,93,1.929293,3,0.0,0.0
paper_rank15,15,piecewise_linear,fitting,82,92,93,1.929293,4,0.0,0.0
paper_rank15,15,piecewise_linear,fitting,82,92,93,1.929293,5,3.469446951953614e-18,2.285536659816866e-17
paper_rank15,15,piecewise_linear,fitting,82,92,93,1.929293,6,0.0,0.0
paper_rank15,15,piecewise_linear,fitting,82,92,93,1.929293,7,1.734723475976807e-18,1.142768329908433e-17
paper_rank15,15,piecewise_linear,fitting,82,92,93,1.929293,8,1.734723475976807e-18,1.142768329908433e-17
paper_rank15,15,piecewise_linear,fitting,82,92,93,1.929293,9,0.0,0.0
paper_rank15,15,piecewise_linear,fitting,82,92,93,1.929293,10,0.0,0.0
paper_rank15,15,piecewise_linear,fitting,82,92,93,1.929293,11,1.734723475976807e-18,1.142768329908433e-17
paper_rank15,15,piecewise_linear,fitting,82,92,93,1.929293,12,8.673617379884035e-19,5.713841649542165e-18
paper_rank15,15,piecewise_linear,fitting,82,92,93,1.929293,13,0.0,0.0
paper_rank15,15,piecewise_linear,fitting,82,92,93,1.929293,14,1.734723475976807e-18,1.142768329908433e-17
paper_rank15,15,piecewise_linear,fitting,82,92,93,1.929293,15,4.336808689942018e-19,2.8569208247710824e-18
paper_rank15,15,piecewise_linear,fitting,83,93,94,1.939394,1,0.0,0.0
paper_rank15,15,piecewise_linear,fitting,83,93,94,1.939394,2,0.0,0.0
paper_rank15,15,piecewise_linear,fitting,83,93,94,1.939394,3,0.0,0.0
paper_rank15,15,piecewise_linear,fitting,83,93,94,1.939394,4,0.0,0.0
paper_rank15,15,piecewise_linear,fitting,83,93,94,1.939394,5,6.938893903907228e-18,4.563278696541253e-17
paper_rank15,15,piecewise_linear,fitting,83,93,94,1.939394,6,0.0,0.0
paper_rank15,15,piecewise_linear,fitting,83,93,94,1.939394,7,0.0,0.0
paper_rank15,15,piecewise_linear,fitting,83,93,94,1.939394,8,4.336808689942018e-19,2.852049185338283e-18
paper_rank15,15,piecewise_linear,fitting,83,93,94,1.939394,9,6.2341624917916505e-19,4.099820703923782e-18
paper_rank15,15,piecewise_linear,fitting,83,93,94,1.939394,10,4.336808689942018e-19,2.852049185338283e-18
paper_rank15,15,piecewise_linear,fitting,83,93,94,1.939394,11,5.421010862427522e-20,3.565061481672854e-19
paper_rank15,15,piecewise_linear,fitting,83,93,94,1.939394,12,0.0,0.0
paper_rank15,15,piecewise_linear,fitting,83,93,94,1.939394,13,0.0,0.0
paper_rank15,15,piecewise_linear,fitting,83,93,94,1.939394,14,1.734723475976807e-18,1.1408196741353133e-17
paper_rank15,15,piecewise_linear,fitting,83,93,94,1.939394,15,0.0,0.0
paper_rank15,15,piecewise_linear,fitting,84,94,95,1.949495,1,0.0,0.0
paper_rank15,15,piecewise_linear,fitting,84,94,95,1.949495,2,0.0,0.0
paper_rank15,15,piecewise_linear,fitting,84,94,95,1.949495,3,0.0,0.0
paper_rank15,15,piecewise_linear,fitting,84,94,95,1.949495,4,0.0,0.0
paper_rank15,15,piecewise_linear,fitting,84,94,95,1.949495,5,0.0,0.0
paper_rank15,15,piecewise_linear,fitting,84,94,95,1.949495,6,1.734723475976807e-18,1.1398772510739908e-17
paper_rank15,15,piecewise_linear,fitting,84,94,95,1.949495,7,0.0,0.0
paper_rank15,15,piecewise_linear,fitting,84,94,95,1.949495,8,8.673617379884035e-19,5.699386255369954e-18
paper_rank15,15,piecewise_linear,fitting,84,94,95,1.949495,9,0.0,0.0
paper_rank15,15,piecewise_linear,fitting,84,94,95,1.949495,10,2.0328790734103208e-19,1.335793653602333e-18
paper_rank15,15,piecewise_linear,fitting,84,94,95,1.949495,11,0.0,0.0
paper_rank15,15,piecewise_linear,fitting,84,94,95,1.949495,12,1.0842021724855044e-19,7.124232819212443e-19
paper_rank15,15,piecewise_linear,fitting,84,94,95,1.949495,13,8.673617379884035e-19,5.699386255369954e-18
paper_rank15,15,piecewise_linear,fitting,84,94,95,1.949495,14,0.0,0.0
paper_rank15,15,piecewise_linear,fitting,84,94,95,1.949495,15,0.0,0.0
paper_rank15,15,piecewise_linear,fitting,85,95,96,1.959596,1,0.0,0.0
paper_rank15,15,piecewise_linear,fitting,85,95,96,1.959596,2,0.0,0.0
paper_rank15,15,piecewise_linear,fitting,85,95,96,1.959596,3,0.0,0.0
paper_rank15,15,piecewise_linear,fitting,85,95,96,1.959596,4,0.0,0.0
paper_rank15,15,piecewise_linear,fitting,85,95,96,1.959596,5,0.0,0.0
paper_rank15,15,piecewise_linear,fitting,85,95,96,1.959596,6,0.0,0.0
paper_rank15,15,piecewise_linear,fitting,85,95,96,1.959596,7,0.0,0.0
paper_rank15,15,piecewise_linear,fitting,85,95,96,1.959596,8,1.734723475976807e-18,1.136987912408814e-17
paper_rank15,15,piecewise_linear,fitting,85,95,96,1.959596,9,0.0,0.0
paper_rank15,15,piecewise_linear,fitting,85,95,96,1.959596,10,0.0,0.0
paper_rank15,15,piecewise_linear,fitting,85,95,96,1.959596,11,8.673617379884035e-19,5.68493956204407e-18
paper_rank15,15,piecewise_linear,fitting,85,95,96,1.959596,12,8.673617379884035e-19,5.68493956204407e-18
paper_rank15,15,piecewise_linear,fitting,85,95,96,1.959596,13,0.0,0.0
paper_rank15,15,piecewise_linear,fitting,85,95,96,1.959596,14,0.0,0.0
paper_rank15,15,piecewise_linear,fitting,85,95,96,1.959596,15,4.0657581468206416e-19,2.664815419708158e-18
paper_rank15,15,piecewise_linear,fitting,86,96,97,1.969697,1,0.0,0.0
paper_rank15,15,piecewise_linear,fitting,86,96,97,1.969697,2,0.0,0.0
paper_rank15,15,piecewise_linear,fitting,86,96,97,1.969697,3,0.0,0.0
paper_rank15,15,piecewise_linear,fitting,86,96,97,1.969697,4,0.0,0.0
paper_rank15,15,piecewise_linear,fitting,86,96,97,1.969697,5,0.0,0.0
paper_rank15,15,piecewise_linear,fitting,86,96,97,1.969697,6,0.0,0.0
paper_rank15,15,piecewise_linear,fitting,86,96,97,1.969697,7,0.0,0.0
paper_rank15,15,piecewise_linear,fitting,86,96,97,1.969697,8,3.469446951953614e-18,2.27939474880317e-17
paper_rank15,15,piecewise_linear,fitting,86,96,97,1.969697,9,3.469446951953614e-18,2.27939474880317e-17
paper_rank15,15,piecewise_linear,fitting,86,96,97,1.969697,10,4.336808689942018e-19,2.8492434360039624e-18
paper_rank15,15,piecewise_linear,fitting,86,96,97,1.969697,11,0.0,0.0
paper_rank15,15,piecewise_linear,fitting,86,96,97,1.969697,12,0.0,0.0
paper_rank15,15,piecewise_linear,fitting,86,96,97,1.969697,13,0.0,0.0
paper_rank15,15,piecewise_linear,fitting,86,96,97,1.969697,14,6.2341624917916505e-19,4.095787439255696e-18
paper_rank15,15,piecewise_linear,fitting,86,96,97,1.969697,15,0.0,0.0
paper_rank15,15,piecewise_linear,fitting,87,97,98,1.979798,1,0.0,0.0
paper_rank15,15,piecewise_linear,fitting,87,97,98,1.979798,2,0.0,0.0
paper_rank15,15,piecewise_linear,fitting,87,97,98,1.979798,3,0.0,0.0
paper_rank15,15,piecewise_linear,fitting,87,97,98,1.979798,4,0.0,0.0
paper_rank15,15,piecewise_linear,fitting,87,97,98,1.979798,5,0.0,0.0
paper_rank15,15,piecewise_linear,fitting,87,97,98,1.979798,6,0.0,0.0
paper_rank15,15,piecewise_linear,fitting,87,97,98,1.979798,7,0.0,0.0
paper_rank15,15,piecewise_linear,fitting,87,97,98,1.979798,8,0.0,0.0
paper_rank15,15,piecewise_linear,fitting,87,97,98,1.979798,9,8.673617379884035e-19,5.690025511215047e-18
paper_rank15,15,piecewise_linear,fitting,87,97,98,1.979798,10,0.0,0.0
paper_rank15,15,piecewise_linear,fitting,87,97,98,1.979798,11,0.0,0.0
paper_rank15,15,piecewise_linear,fitting,87,97,98,1.979798,12,0.0,0.0
paper_rank15,15,piecewise_linear,fitting,87,97,98,1.979798,13,0.0,0.0
paper_rank15,15,piecewise_linear,fitting,87,97,98,1.979798,14,0.0,0.0
paper_rank15,15,piecewise_linear,fitting,87,97,98,1.979798,15,0.0,0.0
paper_rank15,15,piecewise_linear,fitting,88,98,99,1.989899,1,0.0,0.0
paper_rank15,15,piecewise_linear,fitting,88,98,99,1.989899,2,0.0,0.0
paper_rank15,15,piecewise_linear,fitting,88,98,99,1.989899,3,0.0,0.0
paper_rank15,15,piecewise_linear,fitting,88,98,99,1.989899,4,0.0,0.0
paper_rank15,15,piecewise_linear,fitting,88,98,99,1.989899,5,0.0,0.0
paper_rank15,15,piecewise_linear,fitting,88,98,99,1.989899,6,0.0,0.0
paper_rank15,15,piecewise_linear,fitting,88,98,99,1.989899,7,6.938893903907228e-18,4.552808680537167e-17
paper_rank15,15,piecewise_linear,fitting,88,98,99,1.989899,8,8.673617379884035e-19,5.691010850671459e-18
paper_rank15,15,piecewise_linear,fitting,88,98,99,1.989899,9,2.168404344971009e-19,1.4227527126678647e-18
paper_rank15,15,piecewise_linear,fitting,88,98,99,1.989899,10,3.469446951953614e-18,2.2764043402685835e-17
paper_rank15,15,piecewise_linear,fitting,88,98,99,1.989899,11,0.0,0.0
paper_rank15,15,piecewise_linear,fitting,88,98,99,1.989899,12,0.0,0.0
paper_rank15,15,piecewise_linear,fitting,88,98,99,1.989899,13,0.0,0.0
paper_rank15,15,piecewise_linear,fitting,88,98,99,1.989899,14,0.0,0.0
paper_rank15,15,piecewise_linear,fitting,88,98,99,1.989899,15,4.141652298894627e-17,2.7174576811956214e-16
paper_rank15,15,piecewise_linear,fitting,89,99,100,2.0,1,0.0,0.0
paper_rank15,15,piecewise_linear,fitting,89,99,100,2.0,2,0.0,0.0
paper_rank15,15,piecewise_linear,fitting,89,99,100,2.0,3,0.0,0.0
paper_rank15,15,piecewise_linear,fitting,89,99,100,2.0,4,0.0,0.0
paper_rank15,15,piecewise_linear,fitting,89,99,100,2.0,5,0.0,0.0
paper_rank15,15,piecewise_linear,fitting,89,99,100,2.0,6,6.938893903907228e-18,4.537892340571233e-17
paper_rank15,15,piecewise_linear,fitting,89,99,100,2.0,7,0.0,0.0
paper_rank15,15,piecewise_linear,fitting,89,99,100,2.0,8,5.421010862427522e-19,3.545228391071276e-18
paper_rank15,15,piecewise_linear,fitting,89,99,100,2.0,9,6.938893903907228e-18,4.537892340571233e-17
paper_rank15,15,piecewise_linear,fitting,89,99,100,2.0,10,5.421010862427522e-19,3.545228391071276e-18
paper_rank15,15,piecewise_linear,fitting,89,99,100,2.0,11,1.734723475976807e-18,1.1344730851428083e-17
paper_rank15,15,piecewise_linear,fitting,89,99,100,2.0,12,0.0,0.0
paper_rank15,15,piecewise_linear,fitting,89,99,100,2.0,13,0.0,0.0
paper_rank15,15,piecewise_linear,fitting,89,99,100,2.0,14,4.336808689942018e-19,2.8361827128570208e-18
paper_rank15,15,piecewise_linear,fitting,89,99,100,2.0,15,8.673617379884035e-19,5.6723654257140415e-18
paper_rank15,15,piecewise_linear,internal_validation,0,5,6,1.050505,1,0.009749087688437186,0.07727277144297444
paper_rank15,15,piecewise_linear,internal_validation,0,5,6,1.050505,2,0.021832258850198016,0.17304584819932475
paper_rank15,15,piecewise_linear,internal_validation,0,5,6,1.050505,3,0.11590279291242778,0.9186633983143636
paper_rank15,15,piecewise_linear,internal_validation,0,5,6,1.050505,4,0.15801710625066656,1.2524679360377502
paper_rank15,15,piecewise_linear,internal_validation,0,5,6,1.050505,5,0.021395595393551844,0.16958478634807703
paper_rank15,15,piecewise_linear,internal_validation,0,5,6,1.050505,6,0.11265692715917852,0.89293616613623
paper_rank15,15,piecewise_linear,internal_validation,0,5,6,1.050505,7,0.07861308577428644,0.6230994328493079
paper_rank15,15,piecewise_linear,internal_validation,0,5,6,1.050505,8,0.06833729180100713,0.5416519062223735
paper_rank15,15,piecewise_linear,internal_validation,0,5,6,1.050505,9,0.007601084041227567,0.0602473635079975
paper_rank15,15,piecewise_linear,internal_validation,0,5,6,1.050505,10,0.08780765308870642,0.6959769903511127
paper_rank15,15,piecewise_linear,internal_validation,0,5,6,1.050505,11,0.03507234887578311,0.27798884216222436
paper_rank15,15,piecewise_linear,internal_validation,0,5,6,1.050505,12,0.026979299434188215,0.21384208507450514
paper_rank15,15,piecewise_linear,internal_validation,0,5,6,1.050505,13,0.010471824762087696,0.0830012968691841
paper_rank15,15,piecewise_linear,internal_validation,0,5,6,1.050505,14,0.018240926273067462,0.14458039273548084
paper_rank15,15,piecewise_linear,internal_validation,0,5,6,1.050505,15,0.04482349226342578,0.35527790739390364
paper_rank15,15,piecewise_linear,internal_validation,1,8,9,1.080808,1,0.034631853272573565,0.27326143925282054
paper_rank15,15,piecewise_linear,internal_validation,1,8,9,1.080808,2,0.033645448382394694,0.2654782456173311
paper_rank15,15,piecewise_linear,internal_validation,1,8,9,1.080808,3,0.019878508428827324,0.15685068254093504
paper_rank15,15,piecewise_linear,internal_validation,1,8,9,1.080808,4,0.06446573652806199,0.5086646621970474
paper_rank15,15,piecewise_linear,internal_validation,1,8,9,1.080808,5,0.0796839905068015,0.6287437683429106
paper_rank15,15,piecewise_linear,internal_validation,1,8,9,1.080808,6,0.03498198785324258,0.27602416403952923
paper_rank15,15,piecewise_linear,internal_validation,1,8,9,1.080808,7,0.030259899866693772,0.23876469226575975
paper_rank15,15,piecewise_linear,internal_validation,1,8,9,1.080808,8,0.00948196919325362,0.07481714964273532
paper_rank15,15,piecewise_linear,internal_validation,1,8,9,1.080808,9,0.005749540934819385,0.04536655369050074
paper_rank15,15,piecewise_linear,internal_validation,1,8,9,1.080808,10,0.001642562376204605,0.012960581562051885
paper_rank15,15,piecewise_linear,internal_validation,1,8,9,1.080808,11,0.0065566627578311516,0.051735120491493244
paper_rank15,15,piecewise_linear,internal_validation,1,8,9,1.080808,12,0.007651217709766088,0.06037166844498992
paper_rank15,15,piecewise_linear,internal_validation,1,8,9,1.080808,13,0.013269867353341217,0.10470542893353424
paper_rank15,15,piecewise_linear,internal_validation,1,8,9,1.080808,14,0.006981807285647573,0.05508970866923828
paper_rank15,15,piecewise_linear,internal_validation,1,8,9,1.080808,15,0.00040802323891292675,0.003219493240410643
paper_rank15,15,piecewise_linear,internal_validation,2,28,29,1.282828,1,0.034962926437414055,0.25755754899420974
paper_rank15,15,piecewise_linear,internal_validation,2,28,29,1.282828,2,0.05251700636349388,0.38687126101150326
paper_rank15,15,piecewise_linear,internal_validation,2,28,29,1.282828,3,0.008499415286545742,0.0626117088054758
paper_rank15,15,piecewise_linear,internal_validation,2,28,29,1.282828,4,0.016128250532262658,0.11881021127021442
paper_rank15,15,piecewise_linear,internal_validation,2,28,29,1.282828,5,0.024510740568958675,0.18056057968358263
paper_rank15,15,piecewise_linear,internal_validation,2,28,29,1.282828,6,0.0029871389205479958,0.022005028104805723
paper_rank15,15,piecewise_linear,internal_validation,2,28,29,1.282828,7,0.017978581786891587,0.13244084323755542
paper_rank15,15,piecewise_linear,internal_validation,2,28,29,1.282828,8,0.04196970866338623,0.30917364182007856
paper_rank15,15,piecewise_linear,internal_validation,2,28,29,1.282828,9,0.009850689571049058,0.0725659926197491
paper_rank15,15,piecewise_linear,internal_validation,2,28,29,1.282828,10,0.043073706618337995,0.31730634226439036
paper_rank15,15,piecewise_linear,internal_validation,2,28,29,1.282828,11,0.01623120516159345,0.11956863582702355
paper_rank15,15,piecewise_linear,internal_validation,2,28,29,1.282828,12,0.014861993889105807,0.10948221757400838
paper_rank15,15,piecewise_linear,internal_validation,2,28,29,1.282828,13,0.014637572328960529,0.10782899592289907
paper_rank15,15,piecewise_linear,internal_validation,2,28,29,1.282828,14,0.00396830597489909,0.0292328836484456
paper_rank15,15,piecewise_linear,internal_validation,2,28,29,1.282828,15,0.025317773291310533,0.1865056589749042
paper_rank15,15,piecewise_linear,internal_validation,3,31,32,1.313131,1,0.03444880394248884,0.24998827633558227
paper_rank15,15,piecewise_linear,internal_validation,3,31,32,1.313131,2,0.06547970824066518,0.47517351909716493
paper_rank15,15,piecewise_linear,internal_validation,3,31,32,1.313131,3,0.06081365794889326,0.44131289880734104
paper_rank15,15,piecewise_linear,internal_validation,3,31,32,1.313131,4,0.005375104857537109,0.03900609149455532
paper_rank15,15,piecewise_linear,internal_validation,3,31,32,1.313131,5,0.07410694147359734,0.537779674278817
paper_rank15,15,piecewise_linear,internal_validation,3,31,32,1.313131,6,0.0179220687183975,0.13005697018566384
paper_rank15,15,piecewise_linear,internal_validation,3,31,32,1.313131,7,0.018504033737057685,0.1342801772422962
paper_rank15,15,piecewise_linear,internal_validation,3,31,32,1.313131,8,0.03798992735705341,0.27568552086623266
paper_rank15,15,piecewise_linear,internal_validation,3,31,32,1.313131,9,0.05330417324596745,0.3868180275140762
paper_rank15,15,piecewise_linear,internal_validation,3,31,32,1.313131,10,0.012882158396238942,0.09348332030145537
paper_rank15,15,piecewise_linear,internal_validation,3,31,32,1.313131,11,0.03956818947715221,0.2871386623938144
paper_rank15,15,piecewise_linear,internal_validation,3,31,32,1.313131,12,0.003933189431382761,0.02854239143089588
paper_rank15,15,piecewise_linear,internal_validation,3,31,32,1.313131,13,0.025452888793719243,0.18470666813065054
paper_rank15,15,piecewise_linear,internal_validation,3,31,32,1.313131,14,0.008919220511164111,0.06472505012264868
paper_rank15,15,piecewise_linear,internal_validation,3,31,32,1.313131,15,0.011629958053598606,0.08439634573461449
paper_rank15,15,piecewise_linear,internal_validation,4,37,38,1.373737,1,0.02993188081044451,0.21294291471223373
paper_rank15,15,piecewise_linear,internal_validation,4,37,38,1.373737,2,0.059394942156902386,0.42255053005696813
paper_rank15,15,piecewise_linear,internal_validation,4,37,38,1.373737,3,0.039978964595901056,0.28442039115890566
paper_rank15,15,piecewise_linear,internal_validation,4,37,38,1.373737,4,0.08440250503234989,0.6004606106920967
paper_rank15,15,piecewise_linear,internal_validation,4,37,38,1.373737,5,0.0009158394806344523,0.00651551199371298
paper_rank15,15,piecewise_linear,internal_validation,4,37,38,1.373737,6,0.0626181160594216,0.4454809984018557
paper_rank15,15,piecewise_linear,internal_validation,4,37,38,1.373737,7,0.022572719154878833,0.1605879911209357
paper_rank15,15,piecewise_linear,internal_validation,4,37,38,1.373737,8,0.02090759179892825,0.14874185706779372
paper_rank15,15,piecewise_linear,internal_validation,4,37,38,1.373737,9,0.00988625343174904,0.07033328893271107
paper_rank15,15,piecewise_linear,internal_validation,4,37,38,1.373737,10,0.04809051964459102,0.3421280302429838
paper_rank15,15,piecewise_linear,internal_validation,4,37,38,1.373737,11,0.01996083481030057,0.142006390160141
paper_rank15,15,piecewise_linear,internal_validation,4,37,38,1.373737,12,0.00790261776547291,0.05622120679597514
paper_rank15,15,piecewise_linear,internal_validation,4,37,38,1.373737,13,0.011202023530614544,0.07969400775014858
paper_rank15,15,piecewise_linear,internal_validation,4,37,38,1.373737,14,0.02119615510043765,0.15079476884074705
paper_rank15,15,piecewise_linear,internal_validation,4,37,38,1.373737,15,0.011336506994287409,0.08065075687381554
paper_rank15,15,piecewise_linear,internal_validation,5,40,41,1.40404,1,0.017020326637503302,0.12011828096033916
paper_rank15,15,piecewise_linear,internal_validation,5,40,41,1.40404,2,0.026995131909049452,0.1905139018934994
paper_rank15,15,piecewise_linear,internal_validation,5,40,41,1.40404,3,0.06020849527179406,0.42491199524461576
paper_rank15,15,piecewise_linear,internal_validation,5,40,41,1.40404,4,0.033019027301377055,0.2330265971326691
paper_rank15,15,piecewise_linear,internal_validation,5,40,41,1.40404,5,0.03640564508530196,0.25692712002736046
paper_rank15,15,piecewise_linear,internal_validation,5,40,41,1.40404,6,0.03637042653274632,0.2566785706263417
paper_rank15,15,piecewise_linear,internal_validation,5,40,41,1.40404,7,0.0180819443743446,0.1276104813335917
paper_rank15,15,piecewise_linear,internal_validation,5,40,41,1.40404,8,0.044390567030185596,0.3132794520389278
paper_rank15,15,piecewise_linear,internal_validation,5,40,41,1.40404,9,0.031049867994064343,0.21912956472141848
paper_rank15,15,piecewise_linear,internal_validation,5,40,41,1.40404,10,0.019790561739179077,0.13966877992291937
paper_rank15,15,piecewise_linear,internal_validation,5,40,41,1.40404,11,0.035844515342314004,0.2529670350325805
paper_rank15,15,piecewise_linear,internal_validation,5,40,41,1.40404,12,0.020874501235072736,0.14731851260342343
paper_rank15,15,piecewise_linear,internal_validation,5,40,41,1.40404,13,0.010340201876132354,0.07297435005783692
paper_rank15,15,piecewise_linear,internal_validation,5,40,41,1.40404,14,0.022330092800163383,0.15759112136721773
paper_rank15,15,piecewise_linear,internal_validation,5,40,41,1.40404,15,0.013172223433769477,0.09296089722529442
paper_rank15,15,piecewise_linear,internal_validation,6,42,43,1.424242,1,0.08420292315578415,0.5954264632228996
paper_rank15,15,piecewise_linear,internal_validation,6,42,43,1.424242,2,0.14513847893428125,1.0263217469244594
paper_rank15,15,piecewise_linear,internal_validation,6,42,43,1.424242,3,0.01583237633167206,0.11195592136558588
paper_rank15,15,piecewise_linear,internal_validation,6,42,43,1.424242,4,0.04016831036145736,0.2840432858597185
paper_rank15,15,piecewise_linear,internal_validation,6,42,43,1.424242,5,0.0005062351784119595,0.003579754841565032
paper_rank15,15,piecewise_linear,internal_validation,6,42,43,1.424242,6,0.04106277467655417,0.2903683361508093
paper_rank15,15,piecewise_linear,internal_validation,6,42,43,1.424242,7,0.060089096431250336,0.42490969226953024
paper_rank15,15,piecewise_linear,internal_validation,6,42,43,1.424242,8,0.01993400220658373,0.14095986204403277
paper_rank15,15,piecewise_linear,internal_validation,6,42,43,1.424242,9,0.0807594370368117,0.5710764444333669
paper_rank15,15,piecewise_linear,internal_validation,6,42,43,1.424242,10,0.02433693056146835,0.17209441129623038
paper_rank15,15,piecewise_linear,internal_validation,6,42,43,1.424242,11,0.025221297468864284,0.1783480595085129
paper_rank15,15,piecewise_linear,internal_validation,6,42,43,1.424242,12,0.0014775392489444622,0.010448164223994482
paper_rank15,15,piecewise_linear,internal_validation,6,42,43,1.424242,13,0.014454251328219928,0.10221074784985881
paper_rank15,15,piecewise_linear,internal_validation,6,42,43,1.424242,14,0.011833940025841878,0.08368166794569187
paper_rank15,15,piecewise_linear,internal_validation,6,42,43,1.424242,15,0.015395668400064993,0.10886781647049683
paper_rank15,15,piecewise_linear,internal_validation,7,51,52,1.515152,1,0.03213089923054291,0.22159989627515556
paper_rank15,15,piecewise_linear,internal_validation,7,51,52,1.515152,2,0.07247107885640447,0.49981743250627647
paper_rank15,15,piecewise_linear,internal_validation,7,51,52,1.515152,3,0.018742487898209148,0.12926290498068105
paper_rank15,15,piecewise_linear,internal_validation,7,51,52,1.515152,4,0.045008481769442554,0.3104138113299288
paper_rank15,15,piecewise_linear,internal_validation,7,51,52,1.515152,5,0.008566603897418893,0.05908202324116199
paper_rank15,15,piecewise_linear,internal_validation,7,51,52,1.515152,6,0.003467902035899509,0.02391737392513515
paper_rank15,15,piecewise_linear,internal_validation,7,51,52,1.515152,7,0.004546387262631357,0.03135545440533797
paper_rank15,15,piecewise_linear,internal_validation,7,51,52,1.515152,8,0.03138792284162428,0.21647574803585728
paper_rank15,15,piecewise_linear,internal_validation,7,51,52,1.515152,9,0.0373419435298977,0.25753934720482535
paper_rank15,15,piecewise_linear,internal_validation,7,51,52,1.515152,10,0.049037170032022806,0.33819880715924205
paper_rank15,15,piecewise_linear,internal_validation,7,51,52,1.515152,11,0.009524170251061776,0.06568615227973344
paper_rank15,15,piecewise_linear,internal_validation,7,51,52,1.515152,12,0.00668163148076098,0.04608177419690688
paper_rank15,15,piecewise_linear,internal_validation,7,51,52,1.515152,13,0.005282106196472354,0.03642954953902957
paper_rank15,15,piecewise_linear,internal_validation,7,51,52,1.515152,14,0.006469110580461676,0.04461606328963599
paper_rank15,15,piecewise_linear,internal_validation,7,51,52,1.515152,15,0.023110463033642736,0.15938788934540235
paper_rank15,15,piecewise_linear,internal_validation,8,53,54,1.535354,1,0.012654330676191705,0.08701655251143248
paper_rank15,15,piecewise_linear,internal_validation,8,53,54,1.535354,2,0.032858156372255864,0.22594663934100176
paper_rank15,15,piecewise_linear,internal_validation,8,53,54,1.535354,3,0.026380286187535185,0.18140205254973665
paper_rank15,15,piecewise_linear,internal_validation,8,53,54,1.535354,4,0.04424676579942264,0.30425955494354323
paper_rank15,15,piecewise_linear,internal_validation,8,53,54,1.535354,5,0.030018333032284402,0.2064188078729382
paper_rank15,15,piecewise_linear,internal_validation,8,53,54,1.535354,6,0.009465863909713136,0.06509130076040605
paper_rank15,15,piecewise_linear,internal_validation,8,53,54,1.535354,7,0.023658598215567088,0.162686570048708
paper_rank15,15,piecewise_linear,internal_validation,8,53,54,1.535354,8,0.04765846092546636,0.32771981970862724
paper_rank15,15,piecewise_linear,internal_validation,8,53,54,1.535354,9,0.0032747610321704687,0.022518647774424375
paper_rank15,15,piecewise_linear,internal_validation,8,53,54,1.535354,10,0.03442989430540416,0.23675457694700475
paper_rank15,15,piecewise_linear,internal_validation,8,53,54,1.535354,11,0.008820944856262326,0.06065656342690098
paper_rank15,15,piecewise_linear,internal_validation,8,53,54,1.535354,12,0.015377996415105203,0.10574563497801158
paper_rank15,15,piecewise_linear,internal_validation,8,53,54,1.535354,13,0.009413367530009636,0.06473031335632909
paper_rank15,15,piecewise_linear,internal_validation,8,53,54,1.535354,14,0.012304595623498808,0.08461162574316039
paper_rank15,15,piecewise_linear,internal_validation,8,53,54,1.535354,15,0.011737740541920547,0.08071368943702843
paper_rank15,15,piecewise_linear,internal_validation,9,65,66,1.656566,1,0.04735661690843962,0.31986556669107014
paper_rank15,15,piecewise_linear,internal_validation,9,65,66,1.656566,2,0.10401383910955864,0.7025511483393887
paper_rank15,15,piecewise_linear,internal_validation,9,65,66,1.656566,3,0.07047487957733133,0.4760155763886634
paper_rank15,15,piecewise_linear,internal_validation,9,65,66,1.656566,4,0.05596196418327332,0.37798953040156896
paper_rank15,15,piecewise_linear,internal_validation,9,65,66,1.656566,5,0.009078641321494779,0.061320781353521245
paper_rank15,15,piecewise_linear,internal_validation,9,65,66,1.656566,6,0.06473905751838847,0.4372735358229251
paper_rank15,15,piecewise_linear,internal_validation,9,65,66,1.656566,7,0.08427566631190074,0.5692316200551808
paper_rank15,15,piecewise_linear,internal_validation,9,65,66,1.656566,8,0.013961625348714663,0.09430241211548937
paper_rank15,15,piecewise_linear,internal_validation,9,65,66,1.656566,9,0.04937460955609052,0.3334958976555321
paper_rank15,15,piecewise_linear,internal_validation,9,65,66,1.656566,10,0.016354596297100406,0.11046549677925602
paper_rank15,15,piecewise_linear,internal_validation,9,65,66,1.656566,11,0.006484455147486504,0.04379860842770535
paper_rank15,15,piecewise_linear,internal_validation,9,65,66,1.656566,12,0.017473379802504147,0.11802220887827453
paper_rank15,15,piecewise_linear,internal_validation,9,65,66,1.656566,13,0.0154855017659909,0.10459528406454857
paper_rank15,15,piecewise_linear,internal_validation,9,65,66,1.656566,14,0.02010429762129627,0.13579248205155947
paper_rank15,15,piecewise_linear,internal_validation,9,65,66,1.656566,15,0.023389591337543432,0.15798267224875517
paper_rank15,15,piecewise_linear,external,0,0,8,1.0625,1,0.026339399410430175,0.20815860893425103
paper_rank15,15,piecewise_linear,external,0,0,8,1.0625,2,0.00852937344518434,0.06740709929502967
paper_rank15,15,piecewise_linear,external,0,0,8,1.0625,3,0.1372833497400106,1.0849416369151816
paper_rank15,15,piecewise_linear,external,0,0,8,1.0625,4,0.14492464940006253,1.1453303452111006
paper_rank15,15,piecewise_linear,external,0,0,8,1.0625,5,0.034643647260567956,0.2737865548791921
paper_rank15,15,piecewise_linear,external,0,0,8,1.0625,6,0.04465250646812031,0.35288593665316864
paper_rank15,15,piecewise_linear,external,0,0,8,1.0625,7,0.08819695998509669,0.6970150008605565
paper_rank15,15,piecewise_linear,external,0,0,8,1.0625,8,0.035600440627357705,0.2813480323891768
paper_rank15,15,piecewise_linear,external,0,0,8,1.0625,9,0.03087697886130491,0.2440188125670149
paper_rank15,15,piecewise_linear,external,0,0,8,1.0625,10,0.023973744603811832,0.18946298850300836
paper_rank15,15,piecewise_linear,external,0,0,8,1.0625,11,0.018288170320898575,0.14453025426401434
paper_rank15,15,piecewise_linear,external,0,0,8,1.0625,12,0.04411443508002946,0.34863359247830644
paper_rank15,15,piecewise_linear,external,0,0,8,1.0625,13,0.0356375355502803,0.2816411912206965
paper_rank15,15,piecewise_linear,external,0,0,8,1.0625,14,0.014473163728448625,0.11438049826597471
paper_rank15,15,piecewise_linear,external,0,0,8,1.0625,15,0.03739688103510625,0.2955451873995579
paper_rank15,15,piecewise_linear,external,1,1,4,1.125,1,0.03524746541242685,0.2736030893210692
paper_rank15,15,piecewise_linear,external,1,1,4,1.125,2,0.04883356189310417,0.3790630968828296
paper_rank15,15,piecewise_linear,external,1,1,4,1.125,3,0.0377484815660887,0.29301684682326196
paper_rank15,15,piecewise_linear,external,1,1,4,1.125,4,0.030663960336859808,0.23802432829753725
paper_rank15,15,piecewise_linear,external,1,1,4,1.125,5,0.053714006723696285,0.41694680759186314
paper_rank15,15,piecewise_linear,external,1,1,4,1.125,6,0.06720481728959792,0.5216671727326333
paper_rank15,15,piecewise_linear,external,1,1,4,1.125,7,0.008850627245371454,0.06870164786115684
paper_rank15,15,piecewise_linear,external,1,1,4,1.125,8,0.02817615569557623,0.2187131231507835
paper_rank15,15,piecewise_linear,external,1,1,4,1.125,9,0.014819277968700586,0.11503239130251475
paper_rank15,15,piecewise_linear,external,1,1,4,1.125,10,0.027163432613749226,0.21085201425763364
paper_rank15,15,piecewise_linear,external,1,1,4,1.125,11,0.035123043238955806,0.27263728112341884
paper_rank15,15,piecewise_linear,external,1,1,4,1.125,12,0.039625143767666696,0.30758415173315745
paper_rank15,15,piecewise_linear,external,1,1,4,1.125,13,0.020837224093734622,0.16174578280205132
paper_rank15,15,piecewise_linear,external,1,1,4,1.125,14,0.0024420385410447096,0.018955952754418096
paper_rank15,15,piecewise_linear,external,1,1,4,1.125,15,0.02640206972599206,0.20494205064046728
paper_rank15,15,piecewise_linear,external,2,2,2,1.25,1,0.04458805743385241,0.3326199649726152
paper_rank15,15,piecewise_linear,external,2,2,2,1.25,2,0.06640737485599368,0.495388675124336
paper_rank15,15,piecewise_linear,external,2,2,2,1.25,3,0.03364855149694834,0.2510129542400025
paper_rank15,15,piecewise_linear,external,2,2,2,1.25,4,0.035069903527114955,0.2616160190447238
paper_rank15,15,piecewise_linear,external,2,2,2,1.25,5,0.011574501869354291,0.0863439815038262
paper_rank15,15,piecewise_linear,external,2,2,2,1.25,6,0.0012772761995647006,0.009528281544667843
paper_rank15,15,piecewise_linear,external,2,2,2,1.25,7,0.00823358927781221,0.06142129383518598
paper_rank15,15,piecewise_linear,external,2,2,2,1.25,8,0.03170104521468771,0.23648486065013308
paper_rank15,15,piecewise_linear,external,2,2,2,1.25,9,0.038165631609358285,0.2847096684554008
paper_rank15,15,piecewise_linear,external,2,2,2,1.25,10,0.006637787228827683,0.04951685905634613
paper_rank15,15,piecewise_linear,external,2,2,2,1.25,11,0.0010836986088010123,0.008084222862478735
paper_rank15,15,piecewise_linear,external,2,2,2,1.25,12,0.00908490548378462,0.06777198016035826
paper_rank15,15,piecewise_linear,external,2,2,2,1.25,13,0.008384133968704096,0.06254433378563815
paper_rank15,15,piecewise_linear,external,2,2,2,1.25,14,0.004282325889291937,0.031945484268085106
paper_rank15,15,piecewise_linear,external,2,2,2,1.25,15,0.009556037145162039,0.07128654898716412
paper_rank15,15,piecewise_linear,external,3,3,10,1.3125,1,0.017132369422235172,0.12424517662347227
paper_rank15,15,piecewise_linear,external,3,3,10,1.3125,2,0.026190080752469758,0.1899323513681901
paper_rank15,15,piecewise_linear,external,3,3,10,1.3125,3,0.012138329049762864,0.08802803625891308
paper_rank15,15,piecewise_linear,external,3,3,10,1.3125,4,0.024266405376358647,0.17598171903119678
paper_rank15,15,piecewise_linear,external,3,3,10,1.3125,5,0.025202226465775895,0.1827683609531083
paper_rank15,15,piecewise_linear,external,3,3,10,1.3125,6,0.024494013177138455,0.17763234719078252
paper_rank15,15,piecewise_linear,external,3,3,10,1.3125,7,0.04109479011565609,0.29802237684634764
paper_rank15,15,piecewise_linear,external,3,3,10,1.3125,8,0.019812168377354333,0.1436792715982197
paper_rank15,15,piecewise_linear,external,3,3,10,1.3125,9,0.007212482660470514,0.052305443570512186
paper_rank15,15,piecewise_linear,external,3,3,10,1.3125,10,0.031708142600703204,0.22994973320582518
paper_rank15,15,piecewise_linear,external,3,3,10,1.3125,11,0.01980106135990757,0.14359872270796273
paper_rank15,15,piecewise_linear,external,3,3,10,1.3125,12,0.0060126883507625895,0.04360444884832099
paper_rank15,15,piecewise_linear,external,3,3,10,1.3125,13,0.01315631016306696,0.0954105085897791
paper_rank15,15,piecewise_linear,external,3,3,10,1.3125,14,0.005772350135770374,0.04186149880824521
paper_rank15,15,piecewise_linear,external,3,3,10,1.3125,15,0.008298363896437322,0.060180332479906756
paper_rank15,15,piecewise_linear,external,4,4,6,1.375,1,0.04037731982497661,0.28856383879507813
paper_rank15,15,piecewise_linear,external,4,4,6,1.375,2,0.05600160259587855,0.40022560917346595
paper_rank15,15,piecewise_linear,external,4,4,6,1.375,3,0.01949734898817812,0.13934134050362937
paper_rank15,15,piecewise_linear,external,4,4,6,1.375,4,0.039148898812399004,0.27978470524727245
paper_rank15,15,piecewise_linear,external,4,4,6,1.375,5,0.034231646309256285,0.24464266846072377
paper_rank15,15,piecewise_linear,external,4,4,6,1.375,6,0.045020800519956244,0.32174931570445187
paper_rank15,15,piecewise_linear,external,4,4,6,1.375,7,0.010477986437376349,0.0748828303195539
paper_rank15,15,piecewise_linear,external,4,4,6,1.375,8,0.005563212868476156,0.039758509686138824
paper_rank15,15,piecewise_linear,external,4,4,6,1.375,9,0.01613809155823747,0.11533379805934521
paper_rank15,15,piecewise_linear,external,4,4,6,1.375,10,0.02381575395130879,0.1702036047409369
paper_rank15,15,piecewise_linear,external,4,4,6,1.375,11,0.006231987255536546,0.04453802712945846
paper_rank15,15,piecewise_linear,external,4,4,6,1.375,12,0.016179878231334193,0.11563243409689138
paper_rank15,15,piecewise_linear,external,4,4,6,1.375,13,0.0005254639928434506,0.003755323720860251
paper_rank15,15,piecewise_linear,external,4,4,6,1.375,14,0.016943938406020737,0.12109292870212275
paper_rank15,15,piecewise_linear,external,4,4,6,1.375,15,0.0016724127848257463,0.011952201268712217
paper_rank15,15,piecewise_linear,external,5,5,1,1.5,1,0.03441602416718048,0.23844170360976227
paper_rank15,15,piecewise_linear,external,5,5,1,1.5,2,0.0475073376077767,0.3291411715117477
paper_rank15,15,piecewise_linear,external,5,5,1,1.5,3,0.11666866795411684,0.8083059161548797
paper_rank15,15,piecewise_linear,external,5,5,1,1.5,4,0.05570864684221183,0.3859616263147173
paper_rank15,15,piecewise_linear,external,5,5,1,1.5,5,0.06732650916627798,0.4664527042904145
paper_rank15,15,piecewise_linear,external,5,5,1,1.5,6,0.025207099708363177,0.1746402712970799
paper_rank15,15,piecewise_linear,external,5,5,1,1.5,7,0.025183391481884622,0.17447601554564118
paper_rank15,15,piecewise_linear,external,5,5,1,1.5,8,0.06142398730216981,0.42555874855528514
paper_rank15,15,piecewise_linear,external,5,5,1,1.5,9,0.0394242493385359,0.2731397772779594
paper_rank15,15,piecewise_linear,external,5,5,1,1.5,10,0.011722291444175813,0.08121458564132591
paper_rank15,15,piecewise_linear,external,5,5,1,1.5,11,0.0178909738661595,0.12395255963217475
paper_rank15,15,piecewise_linear,external,5,5,1,1.5,12,0.001059883330987806,0.007343102324681625
paper_rank15,15,piecewise_linear,external,5,5,1,1.5,13,0.0008469260937264761,0.00586768825006454
paper_rank15,15,piecewise_linear,external,5,5,1,1.5,14,0.020052936753351208,0.13893110891081745
paper_rank15,15,piecewise_linear,external,5,5,1,1.5,15,0.01589521790126247,0.1101255280742068
paper_rank15,15,piecewise_linear,external,6,6,9,1.5625,1,0.02415815437776203,0.16531585875810417
paper_rank15,15,piecewise_linear,external,6,6,9,1.5625,2,0.0478679557308751,0.32756360791902545
paper_rank15,15,piecewise_linear,external,6,6,9,1.5625,3,0.059064823340981065,0.40418451841661557
paper_rank15,15,piecewise_linear,external,6,6,9,1.5625,4,0.01884091175229642,0.12892961347178378
paper_rank15,15,piecewise_linear,external,6,6,9,1.5625,5,0.017250204490137595,0.1180442977740496
paper_rank15,15,piecewise_linear,external,6,6,9,1.5625,6,0.032848773926273625,0.22478634691446203
paper_rank15,15,piecewise_linear,external,6,6,9,1.5625,7,0.013763356689413194,0.09418356613363192
paper_rank15,15,piecewise_linear,external,6,6,9,1.5625,8,0.021074679613394695,0.14421543566040432
paper_rank15,15,piecewise_linear,external,6,6,9,1.5625,9,0.07133948556624428,0.4881808492208826
paper_rank15,15,piecewise_linear,external,6,6,9,1.5625,10,0.02993730558851778,0.20486297524554875
paper_rank15,15,piecewise_linear,external,6,6,9,1.5625,11,0.023854088465693816,0.163235115478357
paper_rank15,15,piecewise_linear,external,6,6,9,1.5625,12,0.00046939955500847376,0.0032121324056248726
paper_rank15,15,piecewise_linear,external,6,6,9,1.5625,13,0.007660010249738471,0.052417960111102876
paper_rank15,15,piecewise_linear,external,6,6,9,1.5625,14,0.0162141762674795,0.11095468767187996
paper_rank15,15,piecewise_linear,external,6,6,9,1.5625,15,0.013300971150851305,0.09101943110951556
paper_rank15,15,piecewise_linear,external,7,7,5,1.625,1,0.006181141518119659,0.0418968844617934
paper_rank15,15,piecewise_linear,external,7,7,5,1.625,2,0.005401308529260573,0.03661103676878291
paper_rank15,15,piecewise_linear,external,7,7,5,1.625,3,0.031566288706756096,0.21396195944675528
paper_rank15,15,piecewise_linear,external,7,7,5,1.625,4,0.0031966291635196764,0.021667325094981017
paper_rank15,15,piecewise_linear,external,7,7,5,1.625,5,0.02669555053632063,0.18094722361322582
paper_rank15,15,piecewise_linear,external,7,7,5,1.625,6,0.016263424606640917,0.11023640531446759
paper_rank15,15,piecewise_linear,external,7,7,5,1.625,7,0.05175992917042904,0.35083807187507504
paper_rank15,15,piecewise_linear,external,7,7,5,1.625,8,0.049921112424213335,0.33837424257481225
paper_rank15,15,piecewise_linear,external,7,7,5,1.625,9,0.04104452930967478,0.2782071721275299
paper_rank15,15,piecewise_linear,external,7,7,5,1.625,10,0.0055021701722148195,0.037294695052466124
paper_rank15,15,piecewise_linear,external,7,7,5,1.625,11,0.02311531582457834,0.15667975139563456
paper_rank15,15,piecewise_linear,external,7,7,5,1.625,12,0.005417041872613269,0.036717680188402615
paper_rank15,15,piecewise_linear,external,7,7,5,1.625,13,0.018939346154715448,0.1283742809155762
paper_rank15,15,piecewise_linear,external,7,7,5,1.625,14,0.013702062130290753,0.09287503162291989
paper_rank15,15,piecewise_linear,external,7,7,5,1.625,15,0.02008347909083922,0.13612941890961655
paper_rank15,15,piecewise_linear,external,8,8,3,1.75,1,0.004504299531136624,0.03001785989915472
paper_rank15,15,piecewise_linear,external,8,8,3,1.75,2,0.008674459139248247,0.05780892175196642
paper_rank15,15,piecewise_linear,external,8,8,3,1.75,3,0.02809518731948743,0.1872338619949787
paper_rank15,15,piecewise_linear,external,8,8,3,1.75,4,0.00856244718192934,0.05706244403249278
paper_rank15,15,piecewise_linear,external,8,8,3,1.75,5,0.028619114423431548,0.19072545270621982
paper_rank15,15,piecewise_linear,external,8,8,3,1.75,6,0.006991754382378522,0.04659492603649709
paper_rank15,15,piecewise_linear,external,8,8,3,1.75,7,0.005142744399749355,0.0342726277019778
paper_rank15,15,piecewise_linear,external,8,8,3,1.75,8,0.0329383943483665,0.21951029233681416
paper_rank15,15,piecewise_linear,external,8,8,3,1.75,9,0.020382517422992727,0.13583456165959792
paper_rank15,15,piecewise_linear,external,8,8,3,1.75,10,0.02292158085637059,0.15275556122708686
paper_rank15,15,piecewise_linear,external,8,8,3,1.75,11,0.004942890952402434,0.03294075073834498
paper_rank15,15,piecewise_linear,external,8,8,3,1.75,12,0.002926519277422551,0.019503109208120966
paper_rank15,15,piecewise_linear,external,8,8,3,1.75,13,0.02348143923967363,0.15648660761891445
paper_rank15,15,piecewise_linear,external,8,8,3,1.75,14,0.01414999998754926,0.09429939422614547
paper_rank15,15,piecewise_linear,external,8,8,3,1.75,15,0.003957320711819086,0.026372646375369437
paper_rank15,15,piecewise_linear,external,9,9,7,1.875,1,0.021224014945161684,0.14012285010796638
paper_rank15,15,piecewise_linear,external,9,9,7,1.875,2,0.04114140070906869,0.27161921717845344
paper_rank15,15,piecewise_linear,external,9,9,7,1.875,3,0.02951073859068587,0.19483254279656056
paper_rank15,15,piecewise_linear,external,9,9,7,1.875,4,0.004132275319942452,0.02728165225840751
paper_rank15,15,piecewise_linear,external,9,9,7,1.875,5,0.014193678610298837,0.09370793912133675
paper_rank15,15,piecewise_linear,external,9,9,7,1.875,6,0.015508676031452423,0.10238967002912013
paper_rank15,15,piecewise_linear,external,9,9,7,1.875,7,0.024246672607187603,0.16007870707461946
paper_rank15,15,piecewise_linear,external,9,9,7,1.875,8,0.0300453100691909,0.19836183163979287
paper_rank15,15,piecewise_linear,external,9,9,7,1.875,9,0.020078292144419765,0.13255868542524987
paper_rank15,15,piecewise_linear,external,9,9,7,1.875,10,0.019071569751119476,0.12591221389848026
paper_rank15,15,piecewise_linear,external,9,9,7,1.875,11,0.010902635239072755,0.0719801756328242
paper_rank15,15,piecewise_linear,external,9,9,7,1.875,12,0.012239409221941035,0.08080567735404222
paper_rank15,15,piecewise_linear,external,9,9,7,1.875,13,0.007712149335703446,0.050916301565429097
paper_rank15,15,piecewise_linear,external,9,9,7,1.875,14,0.016973464566409024,0.11206033530399458
paper_rank15,15,piecewise_linear,external,9,9,7,1.875,15,0.006391880852726287,0.04219977063476021
paper_rank15,15,pchip,fitting,0,0,1,1.0,1,0.0,0.0
paper_rank15,15,pchip,fitting,0,0,1,1.0,2,0.0,0.0
paper_rank15,15,pchip,fitting,0,0,1,1.0,3,0.0,0.0
paper_rank15,15,pchip,fitting,0,0,1,1.0,4,0.0,0.0
paper_rank15,15,pchip,fitting,0,0,1,1.0,5,0.0,0.0
paper_rank15,15,pchip,fitting,0,0,1,1.0,6,0.0,0.0
paper_rank15,15,pchip,fitting,0,0,1,1.0,7,0.0,0.0
paper_rank15,15,pchip,fitting,0,0,1,1.0,8,0.0,0.0
paper_rank15,15,pchip,fitting,0,0,1,1.0,9,0.0,0.0
paper_rank15,15,pchip,fitting,0,0,1,1.0,10,0.0,0.0
paper_rank15,15,pchip,fitting,0,0,1,1.0,11,0.0,0.0
paper_rank15,15,pchip,fitting,0,0,1,1.0,12,0.0,0.0
paper_rank15,15,pchip,fitting,0,0,1,1.0,13,0.0,0.0
paper_rank15,15,pchip,fitting,0,0,1,1.0,14,0.0,0.0
paper_rank15,15,pchip,fitting,0,0,1,1.0,15,0.0,0.0
paper_rank15,15,pchip,fitting,1,1,2,1.010101,1,0.0,0.0
paper_rank15,15,pchip,fitting,1,1,2,1.010101,2,0.0,0.0
paper_rank15,15,pchip,fitting,1,1,2,1.010101,3,0.0,0.0
paper_rank15,15,pchip,fitting,1,1,2,1.010101,4,0.0,0.0
paper_rank15,15,pchip,fitting,1,1,2,1.010101,5,0.0,0.0
paper_rank15,15,pchip,fitting,1,1,2,1.010101,6,0.0,0.0
paper_rank15,15,pchip,fitting,1,1,2,1.010101,7,0.0,0.0
paper_rank15,15,pchip,fitting,1,1,2,1.010101,8,0.0,0.0
paper_rank15,15,pchip,fitting,1,1,2,1.010101,9,0.0,0.0
paper_rank15,15,pchip,fitting,1,1,2,1.010101,10,0.0,0.0
paper_rank15,15,pchip,fitting,1,1,2,1.010101,11,0.0,0.0
paper_rank15,15,pchip,fitting,1,1,2,1.010101,12,0.0,0.0
paper_rank15,15,pchip,fitting,1,1,2,1.010101,13,0.0,0.0
paper_rank15,15,pchip,fitting,1,1,2,1.010101,14,0.0,0.0
paper_rank15,15,pchip,fitting,1,1,2,1.010101,15,0.0,0.0
paper_rank15,15,pchip,fitting,2,2,3,1.020202,1,0.0,0.0
paper_rank15,15,pchip,fitting,2,2,3,1.020202,2,0.0,0.0
paper_rank15,15,pchip,fitting,2,2,3,1.020202,3,0.0,0.0
paper_rank15,15,pchip,fitting,2,2,3,1.020202,4,0.0,0.0
paper_rank15,15,pchip,fitting,2,2,3,1.020202,5,0.0,0.0
paper_rank15,15,pchip,fitting,2,2,3,1.020202,6,0.0,0.0
paper_rank15,15,pchip,fitting,2,2,3,1.020202,7,0.0,0.0
paper_rank15,15,pchip,fitting,2,2,3,1.020202,8,0.0,0.0
paper_rank15,15,pchip,fitting,2,2,3,1.020202,9,0.0,0.0
paper_rank15,15,pchip,fitting,2,2,3,1.020202,10,0.0,0.0
paper_rank15,15,pchip,fitting,2,2,3,1.020202,11,0.0,0.0
paper_rank15,15,pchip,fitting,2,2,3,1.020202,12,0.0,0.0
paper_rank15,15,pchip,fitting,2,2,3,1.020202,13,0.0,0.0
paper_rank15,15,pchip,fitting,2,2,3,1.020202,14,0.0,0.0
paper_rank15,15,pchip,fitting,2,2,3,1.020202,15,0.0,0.0
paper_rank15,15,pchip,fitting,3,3,4,1.030303,1,0.0,0.0
paper_rank15,15,pchip,fitting,3,3,4,1.030303,2,0.0,0.0
paper_rank15,15,pchip,fitting,3,3,4,1.030303,3,0.0,0.0
paper_rank15,15,pchip,fitting,3,3,4,1.030303,4,0.0,0.0
paper_rank15,15,pchip,fitting,3,3,4,1.030303,5,0.0,0.0
paper_rank15,15,pchip,fitting,3,3,4,1.030303,6,0.0,0.0
paper_rank15,15,pchip,fitting,3,3,4,1.030303,7,0.0,0.0
paper_rank15,15,pchip,fitting,3,3,4,1.030303,8,0.0,0.0
paper_rank15,15,pchip,fitting,3,3,4,1.030303,9,0.0,0.0
paper_rank15,15,pchip,fitting,3,3,4,1.030303,10,0.0,0.0
paper_rank15,15,pchip,fitting,3,3,4,1.030303,11,0.0,0.0
paper_rank15,15,pchip,fitting,3,3,4,1.030303,12,0.0,0.0
paper_rank15,15,pchip,fitting,3,3,4,1.030303,13,0.0,0.0
paper_rank15,15,pchip,fitting,3,3,4,1.030303,14,0.0,0.0
paper_rank15,15,pchip,fitting,3,3,4,1.030303,15,0.0,0.0
paper_rank15,15,pchip,fitting,4,4,5,1.040404,1,0.0,0.0
paper_rank15,15,pchip,fitting,4,4,5,1.040404,2,0.0,0.0
paper_rank15,15,pchip,fitting,4,4,5,1.040404,3,0.0,0.0
paper_rank15,15,pchip,fitting,4,4,5,1.040404,4,0.0,0.0
paper_rank15,15,pchip,fitting,4,4,5,1.040404,5,0.0,0.0
paper_rank15,15,pchip,fitting,4,4,5,1.040404,6,0.0,0.0
paper_rank15,15,pchip,fitting,4,4,5,1.040404,7,0.0,0.0
paper_rank15,15,pchip,fitting,4,4,5,1.040404,8,0.0,0.0
paper_rank15,15,pchip,fitting,4,4,5,1.040404,9,0.0,0.0
paper_rank15,15,pchip,fitting,4,4,5,1.040404,10,0.0,0.0
paper_rank15,15,pchip,fitting,4,4,5,1.040404,11,0.0,0.0
paper_rank15,15,pchip,fitting,4,4,5,1.040404,12,0.0,0.0
paper_rank15,15,pchip,fitting,4,4,5,1.040404,13,0.0,0.0
paper_rank15,15,pchip,fitting,4,4,5,1.040404,14,0.0,0.0
paper_rank15,15,pchip,fitting,4,4,5,1.040404,15,0.0,0.0
paper_rank15,15,pchip,fitting,5,6,7,1.060606,1,0.0,0.0
paper_rank15,15,pchip,fitting,5,6,7,1.060606,2,0.0,0.0
paper_rank15,15,pchip,fitting,5,6,7,1.060606,3,0.0,0.0
paper_rank15,15,pchip,fitting,5,6,7,1.060606,4,0.0,0.0
paper_rank15,15,pchip,fitting,5,6,7,1.060606,5,0.0,0.0
paper_rank15,15,pchip,fitting,5,6,7,1.060606,6,0.0,0.0
paper_rank15,15,pchip,fitting,5,6,7,1.060606,7,0.0,0.0
paper_rank15,15,pchip,fitting,5,6,7,1.060606,8,0.0,0.0
paper_rank15,15,pchip,fitting,5,6,7,1.060606,9,0.0,0.0
paper_rank15,15,pchip,fitting,5,6,7,1.060606,10,0.0,0.0
paper_rank15,15,pchip,fitting,5,6,7,1.060606,11,0.0,0.0
paper_rank15,15,pchip,fitting,5,6,7,1.060606,12,0.0,0.0
paper_rank15,15,pchip,fitting,5,6,7,1.060606,13,0.0,0.0
paper_rank15,15,pchip,fitting,5,6,7,1.060606,14,0.0,0.0
paper_rank15,15,pchip,fitting,5,6,7,1.060606,15,0.0,0.0
paper_rank15,15,pchip,fitting,6,7,8,1.070707,1,0.0,0.0
paper_rank15,15,pchip,fitting,6,7,8,1.070707,2,0.0,0.0
paper_rank15,15,pchip,fitting,6,7,8,1.070707,3,0.0,0.0
paper_rank15,15,pchip,fitting,6,7,8,1.070707,4,0.0,0.0
paper_rank15,15,pchip,fitting,6,7,8,1.070707,5,0.0,0.0
paper_rank15,15,pchip,fitting,6,7,8,1.070707,6,0.0,0.0
paper_rank15,15,pchip,fitting,6,7,8,1.070707,7,0.0,0.0
paper_rank15,15,pchip,fitting,6,7,8,1.070707,8,0.0,0.0
paper_rank15,15,pchip,fitting,6,7,8,1.070707,9,0.0,0.0
paper_rank15,15,pchip,fitting,6,7,8,1.070707,10,0.0,0.0
paper_rank15,15,pchip,fitting,6,7,8,1.070707,11,0.0,0.0
paper_rank15,15,pchip,fitting,6,7,8,1.070707,12,0.0,0.0
paper_rank15,15,pchip,fitting,6,7,8,1.070707,13,0.0,0.0
paper_rank15,15,pchip,fitting,6,7,8,1.070707,14,0.0,0.0
paper_rank15,15,pchip,fitting,6,7,8,1.070707,15,0.0,0.0
paper_rank15,15,pchip,fitting,7,9,10,1.090909,1,0.0,0.0
paper_rank15,15,pchip,fitting,7,9,10,1.090909,2,0.0,0.0
paper_rank15,15,pchip,fitting,7,9,10,1.090909,3,0.0,0.0
paper_rank15,15,pchip,fitting,7,9,10,1.090909,4,0.0,0.0
paper_rank15,15,pchip,fitting,7,9,10,1.090909,5,0.0,0.0
paper_rank15,15,pchip,fitting,7,9,10,1.090909,6,0.0,0.0
paper_rank15,15,pchip,fitting,7,9,10,1.090909,7,0.0,0.0
paper_rank15,15,pchip,fitting,7,9,10,1.090909,8,0.0,0.0
paper_rank15,15,pchip,fitting,7,9,10,1.090909,9,0.0,0.0
paper_rank15,15,pchip,fitting,7,9,10,1.090909,10,0.0,0.0
paper_rank15,15,pchip,fitting,7,9,10,1.090909,11,0.0,0.0
paper_rank15,15,pchip,fitting,7,9,10,1.090909,12,0.0,0.0
paper_rank15,15,pchip,fitting,7,9,10,1.090909,13,0.0,0.0
paper_rank15,15,pchip,fitting,7,9,10,1.090909,14,0.0,0.0
paper_rank15,15,pchip,fitting,7,9,10,1.090909,15,0.0,0.0
paper_rank15,15,pchip,fitting,8,10,11,1.10101,1,0.0,0.0
paper_rank15,15,pchip,fitting,8,10,11,1.10101,2,0.0,0.0
paper_rank15,15,pchip,fitting,8,10,11,1.10101,3,0.0,0.0
paper_rank15,15,pchip,fitting,8,10,11,1.10101,4,0.0,0.0
paper_rank15,15,pchip,fitting,8,10,11,1.10101,5,0.0,0.0
paper_rank15,15,pchip,fitting,8,10,11,1.10101,6,0.0,0.0
paper_rank15,15,pchip,fitting,8,10,11,1.10101,7,0.0,0.0
paper_rank15,15,pchip,fitting,8,10,11,1.10101,8,0.0,0.0
paper_rank15,15,pchip,fitting,8,10,11,1.10101,9,0.0,0.0
paper_rank15,15,pchip,fitting,8,10,11,1.10101,10,0.0,0.0
paper_rank15,15,pchip,fitting,8,10,11,1.10101,11,0.0,0.0
paper_rank15,15,pchip,fitting,8,10,11,1.10101,12,0.0,0.0
paper_rank15,15,pchip,fitting,8,10,11,1.10101,13,0.0,0.0
paper_rank15,15,pchip,fitting,8,10,11,1.10101,14,0.0,0.0
paper_rank15,15,pchip,fitting,8,10,11,1.10101,15,0.0,0.0
paper_rank15,15,pchip,fitting,9,11,12,1.111111,1,0.0,0.0
paper_rank15,15,pchip,fitting,9,11,12,1.111111,2,0.0,0.0
paper_rank15,15,pchip,fitting,9,11,12,1.111111,3,0.0,0.0
paper_rank15,15,pchip,fitting,9,11,12,1.111111,4,0.0,0.0
paper_rank15,15,pchip,fitting,9,11,12,1.111111,5,0.0,0.0
paper_rank15,15,pchip,fitting,9,11,12,1.111111,6,0.0,0.0
paper_rank15,15,pchip,fitting,9,11,12,1.111111,7,0.0,0.0
paper_rank15,15,pchip,fitting,9,11,12,1.111111,8,0.0,0.0
paper_rank15,15,pchip,fitting,9,11,12,1.111111,9,0.0,0.0
paper_rank15,15,pchip,fitting,9,11,12,1.111111,10,0.0,0.0
paper_rank15,15,pchip,fitting,9,11,12,1.111111,11,0.0,0.0
paper_rank15,15,pchip,fitting,9,11,12,1.111111,12,0.0,0.0
paper_rank15,15,pchip,fitting,9,11,12,1.111111,13,0.0,0.0
paper_rank15,15,pchip,fitting,9,11,12,1.111111,14,0.0,0.0
paper_rank15,15,pchip,fitting,9,11,12,1.111111,15,0.0,0.0
paper_rank15,15,pchip,fitting,10,12,13,1.121212,1,0.0,0.0
paper_rank15,15,pchip,fitting,10,12,13,1.121212,2,0.0,0.0
paper_rank15,15,pchip,fitting,10,12,13,1.121212,3,0.0,0.0
paper_rank15,15,pchip,fitting,10,12,13,1.121212,4,0.0,0.0
paper_rank15,15,pchip,fitting,10,12,13,1.121212,5,0.0,0.0
paper_rank15,15,pchip,fitting,10,12,13,1.121212,6,0.0,0.0
paper_rank15,15,pchip,fitting,10,12,13,1.121212,7,0.0,0.0
paper_rank15,15,pchip,fitting,10,12,13,1.121212,8,0.0,0.0
paper_rank15,15,pchip,fitting,10,12,13,1.121212,9,0.0,0.0
paper_rank15,15,pchip,fitting,10,12,13,1.121212,10,0.0,0.0
paper_rank15,15,pchip,fitting,10,12,13,1.121212,11,0.0,0.0
paper_rank15,15,pchip,fitting,10,12,13,1.121212,12,0.0,0.0
paper_rank15,15,pchip,fitting,10,12,13,1.121212,13,0.0,0.0
paper_rank15,15,pchip,fitting,10,12,13,1.121212,14,0.0,0.0
paper_rank15,15,pchip,fitting,10,12,13,1.121212,15,0.0,0.0
paper_rank15,15,pchip,fitting,11,13,14,1.131313,1,0.0,0.0
paper_rank15,15,pchip,fitting,11,13,14,1.131313,2,0.0,0.0
paper_rank15,15,pchip,fitting,11,13,14,1.131313,3,0.0,0.0
paper_rank15,15,pchip,fitting,11,13,14,1.131313,4,0.0,0.0
paper_rank15,15,pchip,fitting,11,13,14,1.131313,5,0.0,0.0
paper_rank15,15,pchip,fitting,11,13,14,1.131313,6,0.0,0.0
paper_rank15,15,pchip,fitting,11,13,14,1.131313,7,0.0,0.0
paper_rank15,15,pchip,fitting,11,13,14,1.131313,8,0.0,0.0
paper_rank15,15,pchip,fitting,11,13,14,1.131313,9,0.0,0.0
paper_rank15,15,pchip,fitting,11,13,14,1.131313,10,0.0,0.0
paper_rank15,15,pchip,fitting,11,13,14,1.131313,11,0.0,0.0
paper_rank15,15,pchip,fitting,11,13,14,1.131313,12,0.0,0.0
paper_rank15,15,pchip,fitting,11,13,14,1.131313,13,0.0,0.0
paper_rank15,15,pchip,fitting,11,13,14,1.131313,14,0.0,0.0
paper_rank15,15,pchip,fitting,11,13,14,1.131313,15,0.0,0.0
paper_rank15,15,pchip,fitting,12,14,15,1.141414,1,0.0,0.0
paper_rank15,15,pchip,fitting,12,14,15,1.141414,2,0.0,0.0
paper_rank15,15,pchip,fitting,12,14,15,1.141414,3,0.0,0.0
paper_rank15,15,pchip,fitting,12,14,15,1.141414,4,0.0,0.0
paper_rank15,15,pchip,fitting,12,14,15,1.141414,5,0.0,0.0
paper_rank15,15,pchip,fitting,12,14,15,1.141414,6,0.0,0.0
paper_rank15,15,pchip,fitting,12,14,15,1.141414,7,0.0,0.0
paper_rank15,15,pchip,fitting,12,14,15,1.141414,8,0.0,0.0
paper_rank15,15,pchip,fitting,12,14,15,1.141414,9,0.0,0.0
paper_rank15,15,pchip,fitting,12,14,15,1.141414,10,0.0,0.0
paper_rank15,15,pchip,fitting,12,14,15,1.141414,11,0.0,0.0
paper_rank15,15,pchip,fitting,12,14,15,1.141414,12,0.0,0.0
paper_rank15,15,pchip,fitting,12,14,15,1.141414,13,0.0,0.0
paper_rank15,15,pchip,fitting,12,14,15,1.141414,14,0.0,0.0
paper_rank15,15,pchip,fitting,12,14,15,1.141414,15,0.0,0.0
paper_rank15,15,pchip,fitting,13,15,16,1.151515,1,0.0,0.0
paper_rank15,15,pchip,fitting,13,15,16,1.151515,2,0.0,0.0
paper_rank15,15,pchip,fitting,13,15,16,1.151515,3,0.0,0.0
paper_rank15,15,pchip,fitting,13,15,16,1.151515,4,0.0,0.0
paper_rank15,15,pchip,fitting,13,15,16,1.151515,5,0.0,0.0
paper_rank15,15,pchip,fitting,13,15,16,1.151515,6,0.0,0.0
paper_rank15,15,pchip,fitting,13,15,16,1.151515,7,0.0,0.0
paper_rank15,15,pchip,fitting,13,15,16,1.151515,8,0.0,0.0
paper_rank15,15,pchip,fitting,13,15,16,1.151515,9,0.0,0.0
paper_rank15,15,pchip,fitting,13,15,16,1.151515,10,0.0,0.0
paper_rank15,15,pchip,fitting,13,15,16,1.151515,11,0.0,0.0
paper_rank15,15,pchip,fitting,13,15,16,1.151515,12,0.0,0.0
paper_rank15,15,pchip,fitting,13,15,16,1.151515,13,0.0,0.0
paper_rank15,15,pchip,fitting,13,15,16,1.151515,14,0.0,0.0
paper_rank15,15,pchip,fitting,13,15,16,1.151515,15,0.0,0.0
paper_rank15,15,pchip,fitting,14,16,17,1.161616,1,0.0,0.0
paper_rank15,15,pchip,fitting,14,16,17,1.161616,2,0.0,0.0
paper_rank15,15,pchip,fitting,14,16,17,1.161616,3,0.0,0.0
paper_rank15,15,pchip,fitting,14,16,17,1.161616,4,0.0,0.0
paper_rank15,15,pchip,fitting,14,16,17,1.161616,5,0.0,0.0
paper_rank15,15,pchip,fitting,14,16,17,1.161616,6,0.0,0.0
paper_rank15,15,pchip,fitting,14,16,17,1.161616,7,0.0,0.0
paper_rank15,15,pchip,fitting,14,16,17,1.161616,8,0.0,0.0
paper_rank15,15,pchip,fitting,14,16,17,1.161616,9,0.0,0.0
paper_rank15,15,pchip,fitting,14,16,17,1.161616,10,0.0,0.0
paper_rank15,15,pchip,fitting,14,16,17,1.161616,11,0.0,0.0
paper_rank15,15,pchip,fitting,14,16,17,1.161616,12,0.0,0.0
paper_rank15,15,pchip,fitting,14,16,17,1.161616,13,0.0,0.0
paper_rank15,15,pchip,fitting,14,16,17,1.161616,14,0.0,0.0
paper_rank15,15,pchip,fitting,14,16,17,1.161616,15,0.0,0.0
paper_rank15,15,pchip,fitting,15,17,18,1.171717,1,0.0,0.0
paper_rank15,15,pchip,fitting,15,17,18,1.171717,2,0.0,0.0
paper_rank15,15,pchip,fitting,15,17,18,1.171717,3,0.0,0.0
paper_rank15,15,pchip,fitting,15,17,18,1.171717,4,0.0,0.0
paper_rank15,15,pchip,fitting,15,17,18,1.171717,5,0.0,0.0
paper_rank15,15,pchip,fitting,15,17,18,1.171717,6,0.0,0.0
paper_rank15,15,pchip,fitting,15,17,18,1.171717,7,0.0,0.0
paper_rank15,15,pchip,fitting,15,17,18,1.171717,8,0.0,0.0
paper_rank15,15,pchip,fitting,15,17,18,1.171717,9,0.0,0.0
paper_rank15,15,pchip,fitting,15,17,18,1.171717,10,0.0,0.0
paper_rank15,15,pchip,fitting,15,17,18,1.171717,11,0.0,0.0
paper_rank15,15,pchip,fitting,15,17,18,1.171717,12,0.0,0.0
paper_rank15,15,pchip,fitting,15,17,18,1.171717,13,0.0,0.0
paper_rank15,15,pchip,fitting,15,17,18,1.171717,14,0.0,0.0
paper_rank15,15,pchip,fitting,15,17,18,1.171717,15,0.0,0.0
paper_rank15,15,pchip,fitting,16,18,19,1.181818,1,0.0,0.0
paper_rank15,15,pchip,fitting,16,18,19,1.181818,2,0.0,0.0
paper_rank15,15,pchip,fitting,16,18,19,1.181818,3,0.0,0.0
paper_rank15,15,pchip,fitting,16,18,19,1.181818,4,0.0,0.0
paper_rank15,15,pchip,fitting,16,18,19,1.181818,5,0.0,0.0
paper_rank15,15,pchip,fitting,16,18,19,1.181818,6,0.0,0.0
paper_rank15,15,pchip,fitting,16,18,19,1.181818,7,0.0,0.0
paper_rank15,15,pchip,fitting,16,18,19,1.181818,8,0.0,0.0
paper_rank15,15,pchip,fitting,16,18,19,1.181818,9,0.0,0.0
paper_rank15,15,pchip,fitting,16,18,19,1.181818,10,0.0,0.0
paper_rank15,15,pchip,fitting,16,18,19,1.181818,11,0.0,0.0
paper_rank15,15,pchip,fitting,16,18,19,1.181818,12,0.0,0.0
paper_rank15,15,pchip,fitting,16,18,19,1.181818,13,0.0,0.0
paper_rank15,15,pchip,fitting,16,18,19,1.181818,14,0.0,0.0
paper_rank15,15,pchip,fitting,16,18,19,1.181818,15,0.0,0.0
paper_rank15,15,pchip,fitting,17,19,20,1.191919,1,0.0,0.0
paper_rank15,15,pchip,fitting,17,19,20,1.191919,2,0.0,0.0
paper_rank15,15,pchip,fitting,17,19,20,1.191919,3,0.0,0.0
paper_rank15,15,pchip,fitting,17,19,20,1.191919,4,0.0,0.0
paper_rank15,15,pchip,fitting,17,19,20,1.191919,5,0.0,0.0
paper_rank15,15,pchip,fitting,17,19,20,1.191919,6,0.0,0.0
paper_rank15,15,pchip,fitting,17,19,20,1.191919,7,0.0,0.0
paper_rank15,15,pchip,fitting,17,19,20,1.191919,8,0.0,0.0
paper_rank15,15,pchip,fitting,17,19,20,1.191919,9,0.0,0.0
paper_rank15,15,pchip,fitting,17,19,20,1.191919,10,0.0,0.0
paper_rank15,15,pchip,fitting,17,19,20,1.191919,11,0.0,0.0
paper_rank15,15,pchip,fitting,17,19,20,1.191919,12,0.0,0.0
paper_rank15,15,pchip,fitting,17,19,20,1.191919,13,0.0,0.0
paper_rank15,15,pchip,fitting,17,19,20,1.191919,14,0.0,0.0
paper_rank15,15,pchip,fitting,17,19,20,1.191919,15,0.0,0.0
paper_rank15,15,pchip,fitting,18,20,21,1.20202,1,0.0,0.0
paper_rank15,15,pchip,fitting,18,20,21,1.20202,2,0.0,0.0
paper_rank15,15,pchip,fitting,18,20,21,1.20202,3,0.0,0.0
paper_rank15,15,pchip,fitting,18,20,21,1.20202,4,0.0,0.0
paper_rank15,15,pchip,fitting,18,20,21,1.20202,5,0.0,0.0
paper_rank15,15,pchip,fitting,18,20,21,1.20202,6,0.0,0.0
paper_rank15,15,pchip,fitting,18,20,21,1.20202,7,0.0,0.0
paper_rank15,15,pchip,fitting,18,20,21,1.20202,8,0.0,0.0
paper_rank15,15,pchip,fitting,18,20,21,1.20202,9,0.0,0.0
paper_rank15,15,pchip,fitting,18,20,21,1.20202,10,0.0,0.0
paper_rank15,15,pchip,fitting,18,20,21,1.20202,11,0.0,0.0
paper_rank15,15,pchip,fitting,18,20,21,1.20202,12,0.0,0.0
paper_rank15,15,pchip,fitting,18,20,21,1.20202,13,0.0,0.0
paper_rank15,15,pchip,fitting,18,20,21,1.20202,14,0.0,0.0
paper_rank15,15,pchip,fitting,18,20,21,1.20202,15,0.0,0.0
paper_rank15,15,pchip,fitting,19,21,22,1.212121,1,0.0,0.0
paper_rank15,15,pchip,fitting,19,21,22,1.212121,2,0.0,0.0
paper_rank15,15,pchip,fitting,19,21,22,1.212121,3,0.0,0.0
paper_rank15,15,pchip,fitting,19,21,22,1.212121,4,0.0,0.0
paper_rank15,15,pchip,fitting,19,21,22,1.212121,5,0.0,0.0
paper_rank15,15,pchip,fitting,19,21,22,1.212121,6,0.0,0.0
paper_rank15,15,pchip,fitting,19,21,22,1.212121,7,0.0,0.0
paper_rank15,15,pchip,fitting,19,21,22,1.212121,8,0.0,0.0
paper_rank15,15,pchip,fitting,19,21,22,1.212121,9,0.0,0.0
paper_rank15,15,pchip,fitting,19,21,22,1.212121,10,0.0,0.0
paper_rank15,15,pchip,fitting,19,21,22,1.212121,11,0.0,0.0
paper_rank15,15,pchip,fitting,19,21,22,1.212121,12,0.0,0.0
paper_rank15,15,pchip,fitting,19,21,22,1.212121,13,0.0,0.0
paper_rank15,15,pchip,fitting,19,21,22,1.212121,14,0.0,0.0
paper_rank15,15,pchip,fitting,19,21,22,1.212121,15,0.0,0.0
paper_rank15,15,pchip,fitting,20,22,23,1.222222,1,0.0,0.0
paper_rank15,15,pchip,fitting,20,22,23,1.222222,2,0.0,0.0
paper_rank15,15,pchip,fitting,20,22,23,1.222222,3,0.0,0.0
paper_rank15,15,pchip,fitting,20,22,23,1.222222,4,0.0,0.0
paper_rank15,15,pchip,fitting,20,22,23,1.222222,5,0.0,0.0
paper_rank15,15,pchip,fitting,20,22,23,1.222222,6,0.0,0.0
paper_rank15,15,pchip,fitting,20,22,23,1.222222,7,0.0,0.0
paper_rank15,15,pchip,fitting,20,22,23,1.222222,8,0.0,0.0
paper_rank15,15,pchip,fitting,20,22,23,1.222222,9,0.0,0.0
paper_rank15,15,pchip,fitting,20,22,23,1.222222,10,0.0,0.0
paper_rank15,15,pchip,fitting,20,22,23,1.222222,11,0.0,0.0
paper_rank15,15,pchip,fitting,20,22,23,1.222222,12,0.0,0.0
paper_rank15,15,pchip,fitting,20,22,23,1.222222,13,0.0,0.0
paper_rank15,15,pchip,fitting,20,22,23,1.222222,14,0.0,0.0
paper_rank15,15,pchip,fitting,20,22,23,1.222222,15,1.6653345369377348e-16,1.2482876404091343e-15
paper_rank15,15,pchip,fitting,21,23,24,1.232323,1,0.0,0.0
paper_rank15,15,pchip,fitting,21,23,24,1.232323,2,0.0,0.0
paper_rank15,15,pchip,fitting,21,23,24,1.232323,3,0.0,0.0
paper_rank15,15,pchip,fitting,21,23,24,1.232323,4,0.0,0.0
paper_rank15,15,pchip,fitting,21,23,24,1.232323,5,0.0,0.0
paper_rank15,15,pchip,fitting,21,23,24,1.232323,6,0.0,0.0
paper_rank15,15,pchip,fitting,21,23,24,1.232323,7,0.0,0.0
paper_rank15,15,pchip,fitting,21,23,24,1.232323,8,0.0,0.0
paper_rank15,15,pchip,fitting,21,23,24,1.232323,9,0.0,0.0
paper_rank15,15,pchip,fitting,21,23,24,1.232323,10,0.0,0.0
paper_rank15,15,pchip,fitting,21,23,24,1.232323,11,0.0,0.0
paper_rank15,15,pchip,fitting,21,23,24,1.232323,12,0.0,0.0
paper_rank15,15,pchip,fitting,21,23,24,1.232323,13,0.0,0.0
paper_rank15,15,pchip,fitting,21,23,24,1.232323,14,0.0,0.0
paper_rank15,15,pchip,fitting,21,23,24,1.232323,15,4.423544863740858e-16,3.3199564451565864e-15
paper_rank15,15,pchip,fitting,22,24,25,1.242424,1,0.0,0.0
paper_rank15,15,pchip,fitting,22,24,25,1.242424,2,0.0,0.0
paper_rank15,15,pchip,fitting,22,24,25,1.242424,3,0.0,0.0
paper_rank15,15,pchip,fitting,22,24,25,1.242424,4,0.0,0.0
paper_rank15,15,pchip,fitting,22,24,25,1.242424,5,0.0,0.0
paper_rank15,15,pchip,fitting,22,24,25,1.242424,6,0.0,0.0
paper_rank15,15,pchip,fitting,22,24,25,1.242424,7,0.0,0.0
paper_rank15,15,pchip,fitting,22,24,25,1.242424,8,0.0,0.0
paper_rank15,15,pchip,fitting,22,24,25,1.242424,9,0.0,0.0
paper_rank15,15,pchip,fitting,22,24,25,1.242424,10,0.0,0.0
paper_rank15,15,pchip,fitting,22,24,25,1.242424,11,0.0,0.0
paper_rank15,15,pchip,fitting,22,24,25,1.242424,12,0.0,0.0
paper_rank15,15,pchip,fitting,22,24,25,1.242424,13,0.0,0.0
paper_rank15,15,pchip,fitting,22,24,25,1.242424,14,0.0,0.0
paper_rank15,15,pchip,fitting,22,24,25,1.242424,15,0.0,0.0
paper_rank15,15,pchip,fitting,23,25,26,1.252525,1,0.0,0.0
paper_rank15,15,pchip,fitting,23,25,26,1.252525,2,0.0,0.0
paper_rank15,15,pchip,fitting,23,25,26,1.252525,3,0.0,0.0
paper_rank15,15,pchip,fitting,23,25,26,1.252525,4,0.0,0.0
paper_rank15,15,pchip,fitting,23,25,26,1.252525,5,0.0,0.0
paper_rank15,15,pchip,fitting,23,25,26,1.252525,6,0.0,0.0
paper_rank15,15,pchip,fitting,23,25,26,1.252525,7,0.0,0.0
paper_rank15,15,pchip,fitting,23,25,26,1.252525,8,0.0,0.0
paper_rank15,15,pchip,fitting,23,25,26,1.252525,9,0.0,0.0
paper_rank15,15,pchip,fitting,23,25,26,1.252525,10,0.0,0.0
paper_rank15,15,pchip,fitting,23,25,26,1.252525,11,0.0,0.0
paper_rank15,15,pchip,fitting,23,25,26,1.252525,12,0.0,0.0
paper_rank15,15,pchip,fitting,23,25,26,1.252525,13,0.0,0.0
paper_rank15,15,pchip,fitting,23,25,26,1.252525,14,0.0,0.0
paper_rank15,15,pchip,fitting,23,25,26,1.252525,15,0.0,0.0
paper_rank15,15,pchip,fitting,24,26,27,1.262626,1,0.0,0.0
paper_rank15,15,pchip,fitting,24,26,27,1.262626,2,0.0,0.0
paper_rank15,15,pchip,fitting,24,26,27,1.262626,3,0.0,0.0
paper_rank15,15,pchip,fitting,24,26,27,1.262626,4,0.0,0.0
paper_rank15,15,pchip,fitting,24,26,27,1.262626,5,0.0,0.0
paper_rank15,15,pchip,fitting,24,26,27,1.262626,6,0.0,0.0
paper_rank15,15,pchip,fitting,24,26,27,1.262626,7,0.0,0.0
paper_rank15,15,pchip,fitting,24,26,27,1.262626,8,0.0,0.0
paper_rank15,15,pchip,fitting,24,26,27,1.262626,9,0.0,0.0
paper_rank15,15,pchip,fitting,24,26,27,1.262626,10,0.0,0.0
paper_rank15,15,pchip,fitting,24,26,27,1.262626,11,0.0,0.0
paper_rank15,15,pchip,fitting,24,26,27,1.262626,12,0.0,0.0
paper_rank15,15,pchip,fitting,24,26,27,1.262626,13,0.0,0.0
paper_rank15,15,pchip,fitting,24,26,27,1.262626,14,0.0,0.0
paper_rank15,15,pchip,fitting,24,26,27,1.262626,15,0.0,0.0
paper_rank15,15,pchip,fitting,25,27,28,1.272727,1,0.0,0.0
paper_rank15,15,pchip,fitting,25,27,28,1.272727,2,0.0,0.0
paper_rank15,15,pchip,fitting,25,27,28,1.272727,3,0.0,0.0
paper_rank15,15,pchip,fitting,25,27,28,1.272727,4,0.0,0.0
paper_rank15,15,pchip,fitting,25,27,28,1.272727,5,0.0,0.0
paper_rank15,15,pchip,fitting,25,27,28,1.272727,6,0.0,0.0
paper_rank15,15,pchip,fitting,25,27,28,1.272727,7,0.0,0.0
paper_rank15,15,pchip,fitting,25,27,28,1.272727,8,0.0,0.0
paper_rank15,15,pchip,fitting,25,27,28,1.272727,9,0.0,0.0
paper_rank15,15,pchip,fitting,25,27,28,1.272727,10,0.0,0.0
paper_rank15,15,pchip,fitting,25,27,28,1.272727,11,0.0,0.0
paper_rank15,15,pchip,fitting,25,27,28,1.272727,12,0.0,0.0
paper_rank15,15,pchip,fitting,25,27,28,1.272727,13,0.0,0.0
paper_rank15,15,pchip,fitting,25,27,28,1.272727,14,0.0,0.0
paper_rank15,15,pchip,fitting,25,27,28,1.272727,15,0.0,0.0
paper_rank15,15,pchip,fitting,26,29,30,1.292929,1,0.0,0.0
paper_rank15,15,pchip,fitting,26,29,30,1.292929,2,0.0,0.0
paper_rank15,15,pchip,fitting,26,29,30,1.292929,3,0.0,0.0
paper_rank15,15,pchip,fitting,26,29,30,1.292929,4,0.0,0.0
paper_rank15,15,pchip,fitting,26,29,30,1.292929,5,0.0,0.0
paper_rank15,15,pchip,fitting,26,29,30,1.292929,6,0.0,0.0
paper_rank15,15,pchip,fitting,26,29,30,1.292929,7,0.0,0.0
paper_rank15,15,pchip,fitting,26,29,30,1.292929,8,0.0,0.0
paper_rank15,15,pchip,fitting,26,29,30,1.292929,9,0.0,0.0
paper_rank15,15,pchip,fitting,26,29,30,1.292929,10,0.0,0.0
paper_rank15,15,pchip,fitting,26,29,30,1.292929,11,0.0,0.0
paper_rank15,15,pchip,fitting,26,29,30,1.292929,12,0.0,0.0
paper_rank15,15,pchip,fitting,26,29,30,1.292929,13,0.0,0.0
paper_rank15,15,pchip,fitting,26,29,30,1.292929,14,0.0,0.0
paper_rank15,15,pchip,fitting,26,29,30,1.292929,15,0.0,0.0
paper_rank15,15,pchip,fitting,27,30,31,1.30303,1,0.0,0.0
paper_rank15,15,pchip,fitting,27,30,31,1.30303,2,0.0,0.0
paper_rank15,15,pchip,fitting,27,30,31,1.30303,3,0.0,0.0
paper_rank15,15,pchip,fitting,27,30,31,1.30303,4,0.0,0.0
paper_rank15,15,pchip,fitting,27,30,31,1.30303,5,0.0,0.0
paper_rank15,15,pchip,fitting,27,30,31,1.30303,6,0.0,0.0
paper_rank15,15,pchip,fitting,27,30,31,1.30303,7,0.0,0.0
paper_rank15,15,pchip,fitting,27,30,31,1.30303,8,0.0,0.0
paper_rank15,15,pchip,fitting,27,30,31,1.30303,9,0.0,0.0
paper_rank15,15,pchip,fitting,27,30,31,1.30303,10,0.0,0.0
paper_rank15,15,pchip,fitting,27,30,31,1.30303,11,0.0,0.0
paper_rank15,15,pchip,fitting,27,30,31,1.30303,12,0.0,0.0
paper_rank15,15,pchip,fitting,27,30,31,1.30303,13,0.0,0.0
paper_rank15,15,pchip,fitting,27,30,31,1.30303,14,0.0,0.0
paper_rank15,15,pchip,fitting,27,30,31,1.30303,15,0.0,0.0
paper_rank15,15,pchip,fitting,28,32,33,1.323232,1,0.0,0.0
paper_rank15,15,pchip,fitting,28,32,33,1.323232,2,0.0,0.0
paper_rank15,15,pchip,fitting,28,32,33,1.323232,3,0.0,0.0
paper_rank15,15,pchip,fitting,28,32,33,1.323232,4,0.0,0.0
paper_rank15,15,pchip,fitting,28,32,33,1.323232,5,0.0,0.0
paper_rank15,15,pchip,fitting,28,32,33,1.323232,6,0.0,0.0
paper_rank15,15,pchip,fitting,28,32,33,1.323232,7,0.0,0.0
paper_rank15,15,pchip,fitting,28,32,33,1.323232,8,0.0,0.0
paper_rank15,15,pchip,fitting,28,32,33,1.323232,9,0.0,0.0
paper_rank15,15,pchip,fitting,28,32,33,1.323232,10,0.0,0.0
paper_rank15,15,pchip,fitting,28,32,33,1.323232,11,0.0,0.0
paper_rank15,15,pchip,fitting,28,32,33,1.323232,12,0.0,0.0
paper_rank15,15,pchip,fitting,28,32,33,1.323232,13,0.0,0.0
paper_rank15,15,pchip,fitting,28,32,33,1.323232,14,0.0,0.0
paper_rank15,15,pchip,fitting,28,32,33,1.323232,15,0.0,0.0
paper_rank15,15,pchip,fitting,29,33,34,1.333333,1,0.0,0.0
paper_rank15,15,pchip,fitting,29,33,34,1.333333,2,0.0,0.0
paper_rank15,15,pchip,fitting,29,33,34,1.333333,3,0.0,0.0
paper_rank15,15,pchip,fitting,29,33,34,1.333333,4,0.0,0.0
paper_rank15,15,pchip,fitting,29,33,34,1.333333,5,0.0,0.0
paper_rank15,15,pchip,fitting,29,33,34,1.333333,6,0.0,0.0
paper_rank15,15,pchip,fitting,29,33,34,1.333333,7,0.0,0.0
paper_rank15,15,pchip,fitting,29,33,34,1.333333,8,0.0,0.0
paper_rank15,15,pchip,fitting,29,33,34,1.333333,9,0.0,0.0
paper_rank15,15,pchip,fitting,29,33,34,1.333333,10,0.0,0.0
paper_rank15,15,pchip,fitting,29,33,34,1.333333,11,0.0,0.0
paper_rank15,15,pchip,fitting,29,33,34,1.333333,12,0.0,0.0
paper_rank15,15,pchip,fitting,29,33,34,1.333333,13,0.0,0.0
paper_rank15,15,pchip,fitting,29,33,34,1.333333,14,0.0,0.0
paper_rank15,15,pchip,fitting,29,33,34,1.333333,15,0.0,0.0
paper_rank15,15,pchip,fitting,30,34,35,1.343434,1,0.0,0.0
paper_rank15,15,pchip,fitting,30,34,35,1.343434,2,0.0,0.0
paper_rank15,15,pchip,fitting,30,34,35,1.343434,3,0.0,0.0
paper_rank15,15,pchip,fitting,30,34,35,1.343434,4,0.0,0.0
paper_rank15,15,pchip,fitting,30,34,35,1.343434,5,0.0,0.0
paper_rank15,15,pchip,fitting,30,34,35,1.343434,6,0.0,0.0
paper_rank15,15,pchip,fitting,30,34,35,1.343434,7,0.0,0.0
paper_rank15,15,pchip,fitting,30,34,35,1.343434,8,0.0,0.0
paper_rank15,15,pchip,fitting,30,34,35,1.343434,9,0.0,0.0
paper_rank15,15,pchip,fitting,30,34,35,1.343434,10,0.0,0.0
paper_rank15,15,pchip,fitting,30,34,35,1.343434,11,0.0,0.0
paper_rank15,15,pchip,fitting,30,34,35,1.343434,12,0.0,0.0
paper_rank15,15,pchip,fitting,30,34,35,1.343434,13,0.0,0.0
paper_rank15,15,pchip,fitting,30,34,35,1.343434,14,0.0,0.0
paper_rank15,15,pchip,fitting,30,34,35,1.343434,15,0.0,0.0
paper_rank15,15,pchip,fitting,31,35,36,1.353535,1,0.0,0.0
paper_rank15,15,pchip,fitting,31,35,36,1.353535,2,0.0,0.0
paper_rank15,15,pchip,fitting,31,35,36,1.353535,3,0.0,0.0
paper_rank15,15,pchip,fitting,31,35,36,1.353535,4,0.0,0.0
paper_rank15,15,pchip,fitting,31,35,36,1.353535,5,0.0,0.0
paper_rank15,15,pchip,fitting,31,35,36,1.353535,6,0.0,0.0
paper_rank15,15,pchip,fitting,31,35,36,1.353535,7,0.0,0.0
paper_rank15,15,pchip,fitting,31,35,36,1.353535,8,0.0,0.0
paper_rank15,15,pchip,fitting,31,35,36,1.353535,9,0.0,0.0
paper_rank15,15,pchip,fitting,31,35,36,1.353535,10,0.0,0.0
paper_rank15,15,pchip,fitting,31,35,36,1.353535,11,0.0,0.0
paper_rank15,15,pchip,fitting,31,35,36,1.353535,12,0.0,0.0
paper_rank15,15,pchip,fitting,31,35,36,1.353535,13,0.0,0.0
paper_rank15,15,pchip,fitting,31,35,36,1.353535,14,0.0,0.0
paper_rank15,15,pchip,fitting,31,35,36,1.353535,15,0.0,0.0
paper_rank15,15,pchip,fitting,32,36,37,1.363636,1,0.0,0.0
paper_rank15,15,pchip,fitting,32,36,37,1.363636,2,0.0,0.0
paper_rank15,15,pchip,fitting,32,36,37,1.363636,3,0.0,0.0
paper_rank15,15,pchip,fitting,32,36,37,1.363636,4,0.0,0.0
paper_rank15,15,pchip,fitting,32,36,37,1.363636,5,0.0,0.0
paper_rank15,15,pchip,fitting,32,36,37,1.363636,6,0.0,0.0
paper_rank15,15,pchip,fitting,32,36,37,1.363636,7,0.0,0.0
paper_rank15,15,pchip,fitting,32,36,37,1.363636,8,0.0,0.0
paper_rank15,15,pchip,fitting,32,36,37,1.363636,9,0.0,0.0
paper_rank15,15,pchip,fitting,32,36,37,1.363636,10,0.0,0.0
paper_rank15,15,pchip,fitting,32,36,37,1.363636,11,0.0,0.0
paper_rank15,15,pchip,fitting,32,36,37,1.363636,12,0.0,0.0
paper_rank15,15,pchip,fitting,32,36,37,1.363636,13,0.0,0.0
paper_rank15,15,pchip,fitting,32,36,37,1.363636,14,0.0,0.0
paper_rank15,15,pchip,fitting,32,36,37,1.363636,15,0.0,0.0
paper_rank15,15,pchip,fitting,33,38,39,1.383838,1,0.0,0.0
paper_rank15,15,pchip,fitting,33,38,39,1.383838,2,0.0,0.0
paper_rank15,15,pchip,fitting,33,38,39,1.383838,3,0.0,0.0
paper_rank15,15,pchip,fitting,33,38,39,1.383838,4,0.0,0.0
paper_rank15,15,pchip,fitting,33,38,39,1.383838,5,0.0,0.0
paper_rank15,15,pchip,fitting,33,38,39,1.383838,6,0.0,0.0
paper_rank15,15,pchip,fitting,33,38,39,1.383838,7,0.0,0.0
paper_rank15,15,pchip,fitting,33,38,39,1.383838,8,0.0,0.0
paper_rank15,15,pchip,fitting,33,38,39,1.383838,9,0.0,0.0
paper_rank15,15,pchip,fitting,33,38,39,1.383838,10,0.0,0.0
paper_rank15,15,pchip,fitting,33,38,39,1.383838,11,0.0,0.0
paper_rank15,15,pchip,fitting,33,38,39,1.383838,12,0.0,0.0
paper_rank15,15,pchip,fitting,33,38,39,1.383838,13,0.0,0.0
paper_rank15,15,pchip,fitting,33,38,39,1.383838,14,0.0,0.0
paper_rank15,15,pchip,fitting,33,38,39,1.383838,15,0.0,0.0
paper_rank15,15,pchip,fitting,34,39,40,1.393939,1,0.0,0.0
paper_rank15,15,pchip,fitting,34,39,40,1.393939,2,0.0,0.0
paper_rank15,15,pchip,fitting,34,39,40,1.393939,3,0.0,0.0
paper_rank15,15,pchip,fitting,34,39,40,1.393939,4,0.0,0.0
paper_rank15,15,pchip,fitting,34,39,40,1.393939,5,0.0,0.0
paper_rank15,15,pchip,fitting,34,39,40,1.393939,6,0.0,0.0
paper_rank15,15,pchip,fitting,34,39,40,1.393939,7,0.0,0.0
paper_rank15,15,pchip,fitting,34,39,40,1.393939,8,0.0,0.0
paper_rank15,15,pchip,fitting,34,39,40,1.393939,9,0.0,0.0
paper_rank15,15,pchip,fitting,34,39,40,1.393939,10,0.0,0.0
paper_rank15,15,pchip,fitting,34,39,40,1.393939,11,0.0,0.0
paper_rank15,15,pchip,fitting,34,39,40,1.393939,12,0.0,0.0
paper_rank15,15,pchip,fitting,34,39,40,1.393939,13,0.0,0.0
paper_rank15,15,pchip,fitting,34,39,40,1.393939,14,0.0,0.0
paper_rank15,15,pchip,fitting,34,39,40,1.393939,15,0.0,0.0
paper_rank15,15,pchip,fitting,35,41,42,1.414141,1,0.0,0.0
paper_rank15,15,pchip,fitting,35,41,42,1.414141,2,0.0,0.0
paper_rank15,15,pchip,fitting,35,41,42,1.414141,3,0.0,0.0
paper_rank15,15,pchip,fitting,35,41,42,1.414141,4,0.0,0.0
paper_rank15,15,pchip,fitting,35,41,42,1.414141,5,0.0,0.0
paper_rank15,15,pchip,fitting,35,41,42,1.414141,6,0.0,0.0
paper_rank15,15,pchip,fitting,35,41,42,1.414141,7,0.0,0.0
paper_rank15,15,pchip,fitting,35,41,42,1.414141,8,0.0,0.0
paper_rank15,15,pchip,fitting,35,41,42,1.414141,9,0.0,0.0
paper_rank15,15,pchip,fitting,35,41,42,1.414141,10,0.0,0.0
paper_rank15,15,pchip,fitting,35,41,42,1.414141,11,0.0,0.0
paper_rank15,15,pchip,fitting,35,41,42,1.414141,12,0.0,0.0
paper_rank15,15,pchip,fitting,35,41,42,1.414141,13,0.0,0.0
paper_rank15,15,pchip,fitting,35,41,42,1.414141,14,0.0,0.0
paper_rank15,15,pchip,fitting,35,41,42,1.414141,15,0.0,0.0
paper_rank15,15,pchip,fitting,36,43,44,1.434343,1,0.0,0.0
paper_rank15,15,pchip,fitting,36,43,44,1.434343,2,0.0,0.0
paper_rank15,15,pchip,fitting,36,43,44,1.434343,3,0.0,0.0
paper_rank15,15,pchip,fitting,36,43,44,1.434343,4,0.0,0.0
paper_rank15,15,pchip,fitting,36,43,44,1.434343,5,0.0,0.0
paper_rank15,15,pchip,fitting,36,43,44,1.434343,6,0.0,0.0
paper_rank15,15,pchip,fitting,36,43,44,1.434343,7,0.0,0.0
paper_rank15,15,pchip,fitting,36,43,44,1.434343,8,0.0,0.0
paper_rank15,15,pchip,fitting,36,43,44,1.434343,9,0.0,0.0
paper_rank15,15,pchip,fitting,36,43,44,1.434343,10,0.0,0.0
paper_rank15,15,pchip,fitting,36,43,44,1.434343,11,0.0,0.0
paper_rank15,15,pchip,fitting,36,43,44,1.434343,12,0.0,0.0
paper_rank15,15,pchip,fitting,36,43,44,1.434343,13,0.0,0.0
paper_rank15,15,pchip,fitting,36,43,44,1.434343,14,0.0,0.0
paper_rank15,15,pchip,fitting,36,43,44,1.434343,15,0.0,0.0
paper_rank15,15,pchip,fitting,37,44,45,1.444444,1,0.0,0.0
paper_rank15,15,pchip,fitting,37,44,45,1.444444,2,0.0,0.0
paper_rank15,15,pchip,fitting,37,44,45,1.444444,3,0.0,0.0
paper_rank15,15,pchip,fitting,37,44,45,1.444444,4,0.0,0.0
paper_rank15,15,pchip,fitting,37,44,45,1.444444,5,0.0,0.0
paper_rank15,15,pchip,fitting,37,44,45,1.444444,6,0.0,0.0
paper_rank15,15,pchip,fitting,37,44,45,1.444444,7,0.0,0.0
paper_rank15,15,pchip,fitting,37,44,45,1.444444,8,0.0,0.0
paper_rank15,15,pchip,fitting,37,44,45,1.444444,9,0.0,0.0
paper_rank15,15,pchip,fitting,37,44,45,1.444444,10,0.0,0.0
paper_rank15,15,pchip,fitting,37,44,45,1.444444,11,0.0,0.0
paper_rank15,15,pchip,fitting,37,44,45,1.444444,12,0.0,0.0
paper_rank15,15,pchip,fitting,37,44,45,1.444444,13,0.0,0.0
paper_rank15,15,pchip,fitting,37,44,45,1.444444,14,0.0,0.0
paper_rank15,15,pchip,fitting,37,44,45,1.444444,15,0.0,0.0
paper_rank15,15,pchip,fitting,38,45,46,1.454545,1,0.0,0.0
paper_rank15,15,pchip,fitting,38,45,46,1.454545,2,0.0,0.0
paper_rank15,15,pchip,fitting,38,45,46,1.454545,3,0.0,0.0
paper_rank15,15,pchip,fitting,38,45,46,1.454545,4,0.0,0.0
paper_rank15,15,pchip,fitting,38,45,46,1.454545,5,0.0,0.0
paper_rank15,15,pchip,fitting,38,45,46,1.454545,6,0.0,0.0
paper_rank15,15,pchip,fitting,38,45,46,1.454545,7,0.0,0.0
paper_rank15,15,pchip,fitting,38,45,46,1.454545,8,0.0,0.0
paper_rank15,15,pchip,fitting,38,45,46,1.454545,9,0.0,0.0
paper_rank15,15,pchip,fitting,38,45,46,1.454545,10,0.0,0.0
paper_rank15,15,pchip,fitting,38,45,46,1.454545,11,0.0,0.0
paper_rank15,15,pchip,fitting,38,45,46,1.454545,12,0.0,0.0
paper_rank15,15,pchip,fitting,38,45,46,1.454545,13,0.0,0.0
paper_rank15,15,pchip,fitting,38,45,46,1.454545,14,0.0,0.0
paper_rank15,15,pchip,fitting,38,45,46,1.454545,15,0.0,0.0
paper_rank15,15,pchip,fitting,39,46,47,1.464646,1,0.0,0.0
paper_rank15,15,pchip,fitting,39,46,47,1.464646,2,0.0,0.0
paper_rank15,15,pchip,fitting,39,46,47,1.464646,3,0.0,0.0
paper_rank15,15,pchip,fitting,39,46,47,1.464646,4,0.0,0.0
paper_rank15,15,pchip,fitting,39,46,47,1.464646,5,0.0,0.0
paper_rank15,15,pchip,fitting,39,46,47,1.464646,6,0.0,0.0
paper_rank15,15,pchip,fitting,39,46,47,1.464646,7,0.0,0.0
paper_rank15,15,pchip,fitting,39,46,47,1.464646,8,0.0,0.0
paper_rank15,15,pchip,fitting,39,46,47,1.464646,9,0.0,0.0
paper_rank15,15,pchip,fitting,39,46,47,1.464646,10,0.0,0.0
paper_rank15,15,pchip,fitting,39,46,47,1.464646,11,0.0,0.0
paper_rank15,15,pchip,fitting,39,46,47,1.464646,12,0.0,0.0
paper_rank15,15,pchip,fitting,39,46,47,1.464646,13,0.0,0.0
paper_rank15,15,pchip,fitting,39,46,47,1.464646,14,0.0,0.0
paper_rank15,15,pchip,fitting,39,46,47,1.464646,15,0.0,0.0
paper_rank15,15,pchip,fitting,40,47,48,1.474747,1,0.0,0.0
paper_rank15,15,pchip,fitting,40,47,48,1.474747,2,0.0,0.0
paper_rank15,15,pchip,fitting,40,47,48,1.474747,3,0.0,0.0
paper_rank15,15,pchip,fitting,40,47,48,1.474747,4,0.0,0.0
paper_rank15,15,pchip,fitting,40,47,48,1.474747,5,0.0,0.0
paper_rank15,15,pchip,fitting,40,47,48,1.474747,6,0.0,0.0
paper_rank15,15,pchip,fitting,40,47,48,1.474747,7,0.0,0.0
paper_rank15,15,pchip,fitting,40,47,48,1.474747,8,0.0,0.0
paper_rank15,15,pchip,fitting,40,47,48,1.474747,9,0.0,0.0
paper_rank15,15,pchip,fitting,40,47,48,1.474747,10,0.0,0.0
paper_rank15,15,pchip,fitting,40,47,48,1.474747,11,0.0,0.0
paper_rank15,15,pchip,fitting,40,47,48,1.474747,12,0.0,0.0
paper_rank15,15,pchip,fitting,40,47,48,1.474747,13,0.0,0.0
paper_rank15,15,pchip,fitting,40,47,48,1.474747,14,0.0,0.0
paper_rank15,15,pchip,fitting,40,47,48,1.474747,15,0.0,0.0
paper_rank15,15,pchip,fitting,41,48,49,1.484848,1,0.0,0.0
paper_rank15,15,pchip,fitting,41,48,49,1.484848,2,0.0,0.0
paper_rank15,15,pchip,fitting,41,48,49,1.484848,3,0.0,0.0
paper_rank15,15,pchip,fitting,41,48,49,1.484848,4,0.0,0.0
paper_rank15,15,pchip,fitting,41,48,49,1.484848,5,0.0,0.0
paper_rank15,15,pchip,fitting,41,48,49,1.484848,6,0.0,0.0
paper_rank15,15,pchip,fitting,41,48,49,1.484848,7,0.0,0.0
paper_rank15,15,pchip,fitting,41,48,49,1.484848,8,0.0,0.0
paper_rank15,15,pchip,fitting,41,48,49,1.484848,9,0.0,0.0
paper_rank15,15,pchip,fitting,41,48,49,1.484848,10,0.0,0.0
paper_rank15,15,pchip,fitting,41,48,49,1.484848,11,0.0,0.0
paper_rank15,15,pchip,fitting,41,48,49,1.484848,12,0.0,0.0
paper_rank15,15,pchip,fitting,41,48,49,1.484848,13,0.0,0.0
paper_rank15,15,pchip,fitting,41,48,49,1.484848,14,0.0,0.0
paper_rank15,15,pchip,fitting,41,48,49,1.484848,15,0.0,0.0
paper_rank15,15,pchip,fitting,42,49,50,1.494949,1,0.0,0.0
paper_rank15,15,pchip,fitting,42,49,50,1.494949,2,0.0,0.0
paper_rank15,15,pchip,fitting,42,49,50,1.494949,3,0.0,0.0
paper_rank15,15,pchip,fitting,42,49,50,1.494949,4,0.0,0.0
paper_rank15,15,pchip,fitting,42,49,50,1.494949,5,0.0,0.0
paper_rank15,15,pchip,fitting,42,49,50,1.494949,6,0.0,0.0
paper_rank15,15,pchip,fitting,42,49,50,1.494949,7,0.0,0.0
paper_rank15,15,pchip,fitting,42,49,50,1.494949,8,0.0,0.0
paper_rank15,15,pchip,fitting,42,49,50,1.494949,9,0.0,0.0
paper_rank15,15,pchip,fitting,42,49,50,1.494949,10,0.0,0.0
paper_rank15,15,pchip,fitting,42,49,50,1.494949,11,0.0,0.0
paper_rank15,15,pchip,fitting,42,49,50,1.494949,12,0.0,0.0
paper_rank15,15,pchip,fitting,42,49,50,1.494949,13,0.0,0.0
paper_rank15,15,pchip,fitting,42,49,50,1.494949,14,0.0,0.0
paper_rank15,15,pchip,fitting,42,49,50,1.494949,15,8.951173136040325e-16,6.174703617564302e-15
paper_rank15,15,pchip,fitting,43,50,51,1.505051,1,0.0,0.0
paper_rank15,15,pchip,fitting,43,50,51,1.505051,2,0.0,0.0
paper_rank15,15,pchip,fitting,43,50,51,1.505051,3,0.0,0.0
paper_rank15,15,pchip,fitting,43,50,51,1.505051,4,0.0,0.0
paper_rank15,15,pchip,fitting,43,50,51,1.505051,5,0.0,0.0
paper_rank15,15,pchip,fitting,43,50,51,1.505051,6,0.0,0.0
paper_rank15,15,pchip,fitting,43,50,51,1.505051,7,0.0,0.0
paper_rank15,15,pchip,fitting,43,50,51,1.505051,8,0.0,0.0
paper_rank15,15,pchip,fitting,43,50,51,1.505051,9,0.0,0.0
paper_rank15,15,pchip,fitting,43,50,51,1.505051,10,0.0,0.0
paper_rank15,15,pchip,fitting,43,50,51,1.505051,11,0.0,0.0
paper_rank15,15,pchip,fitting,43,50,51,1.505051,12,0.0,0.0
paper_rank15,15,pchip,fitting,43,50,51,1.505051,13,0.0,0.0
paper_rank15,15,pchip,fitting,43,50,51,1.505051,14,0.0,0.0
paper_rank15,15,pchip,fitting,43,50,51,1.505051,15,7.979727989493313e-16,5.5272081931560775e-15
paper_rank15,15,pchip,fitting,44,52,53,1.525253,1,0.0,0.0
paper_rank15,15,pchip,fitting,44,52,53,1.525253,2,0.0,0.0
paper_rank15,15,pchip,fitting,44,52,53,1.525253,3,0.0,0.0
paper_rank15,15,pchip,fitting,44,52,53,1.525253,4,0.0,0.0
paper_rank15,15,pchip,fitting,44,52,53,1.525253,5,0.0,0.0
paper_rank15,15,pchip,fitting,44,52,53,1.525253,6,0.0,0.0
paper_rank15,15,pchip,fitting,44,52,53,1.525253,7,0.0,0.0
paper_rank15,15,pchip,fitting,44,52,53,1.525253,8,0.0,0.0
paper_rank15,15,pchip,fitting,44,52,53,1.525253,9,0.0,0.0
paper_rank15,15,pchip,fitting,44,52,53,1.525253,10,0.0,0.0
paper_rank15,15,pchip,fitting,44,52,53,1.525253,11,0.0,0.0
paper_rank15,15,pchip,fitting,44,52,53,1.525253,12,0.0,0.0
paper_rank15,15,pchip,fitting,44,52,53,1.525253,13,0.0,0.0
paper_rank15,15,pchip,fitting,44,52,53,1.525253,14,0.0,0.0
paper_rank15,15,pchip,fitting,44,52,53,1.525253,15,4.2327252813834093e-16,2.9210070509667532e-15
paper_rank15,15,pchip,fitting,45,54,55,1.545455,1,0.0,0.0
paper_rank15,15,pchip,fitting,45,54,55,1.545455,2,0.0,0.0
paper_rank15,15,pchip,fitting,45,54,55,1.545455,3,0.0,0.0
paper_rank15,15,pchip,fitting,45,54,55,1.545455,4,0.0,0.0
paper_rank15,15,pchip,fitting,45,54,55,1.545455,5,0.0,0.0
paper_rank15,15,pchip,fitting,45,54,55,1.545455,6,0.0,0.0
paper_rank15,15,pchip,fitting,45,54,55,1.545455,7,0.0,0.0
paper_rank15,15,pchip,fitting,45,54,55,1.545455,8,0.0,0.0
paper_rank15,15,pchip,fitting,45,54,55,1.545455,9,0.0,0.0
paper_rank15,15,pchip,fitting,45,54,55,1.545455,10,0.0,0.0
paper_rank15,15,pchip,fitting,45,54,55,1.545455,11,0.0,0.0
paper_rank15,15,pchip,fitting,45,54,55,1.545455,12,0.0,0.0
paper_rank15,15,pchip,fitting,45,54,55,1.545455,13,0.0,0.0
paper_rank15,15,pchip,fitting,45,54,55,1.545455,14,0.0,0.0
paper_rank15,15,pchip,fitting,45,54,55,1.545455,15,1.734723475976807e-17,1.1908811576096523e-16
paper_rank15,15,pchip,fitting,46,55,56,1.555556,1,0.0,0.0
paper_rank15,15,pchip,fitting,46,55,56,1.555556,2,0.0,0.0
paper_rank15,15,pchip,fitting,46,55,56,1.555556,3,0.0,0.0
paper_rank15,15,pchip,fitting,46,55,56,1.555556,4,0.0,0.0
paper_rank15,15,pchip,fitting,46,55,56,1.555556,5,0.0,0.0
paper_rank15,15,pchip,fitting,46,55,56,1.555556,6,0.0,0.0
paper_rank15,15,pchip,fitting,46,55,56,1.555556,7,0.0,0.0
paper_rank15,15,pchip,fitting,46,55,56,1.555556,8,0.0,0.0
paper_rank15,15,pchip,fitting,46,55,56,1.555556,9,0.0,0.0
paper_rank15,15,pchip,fitting,46,55,56,1.555556,10,0.0,0.0
paper_rank15,15,pchip,fitting,46,55,56,1.555556,11,0.0,0.0
paper_rank15,15,pchip,fitting,46,55,56,1.555556,12,0.0,0.0
paper_rank15,15,pchip,fitting,46,55,56,1.555556,13,0.0,0.0
paper_rank15,15,pchip,fitting,46,55,56,1.555556,14,0.0,0.0
paper_rank15,15,pchip,fitting,46,55,56,1.555556,15,0.0,0.0
paper_rank15,15,pchip,fitting,47,56,57,1.565657,1,0.0,0.0
paper_rank15,15,pchip,fitting,47,56,57,1.565657,2,0.0,0.0
paper_rank15,15,pchip,fitting,47,56,57,1.565657,3,0.0,0.0
paper_rank15,15,pchip,fitting,47,56,57,1.565657,4,0.0,0.0
paper_rank15,15,pchip,fitting,47,56,57,1.565657,5,0.0,0.0
paper_rank15,15,pchip,fitting,47,56,57,1.565657,6,0.0,0.0
paper_rank15,15,pchip,fitting,47,56,57,1.565657,7,0.0,0.0
paper_rank15,15,pchip,fitting,47,56,57,1.565657,8,0.0,0.0
paper_rank15,15,pchip,fitting,47,56,57,1.565657,9,0.0,0.0
paper_rank15,15,pchip,fitting,47,56,57,1.565657,10,0.0,0.0
paper_rank15,15,pchip,fitting,47,56,57,1.565657,11,0.0,0.0
paper_rank15,15,pchip,fitting,47,56,57,1.565657,12,0.0,0.0
paper_rank15,15,pchip,fitting,47,56,57,1.565657,13,0.0,0.0
paper_rank15,15,pchip,fitting,47,56,57,1.565657,14,0.0,0.0
paper_rank15,15,pchip,fitting,47,56,57,1.565657,15,0.0,0.0
paper_rank15,15,pchip,fitting,48,57,58,1.575758,1,0.0,0.0
paper_rank15,15,pchip,fitting,48,57,58,1.575758,2,0.0,0.0
paper_rank15,15,pchip,fitting,48,57,58,1.575758,3,0.0,0.0
paper_rank15,15,pchip,fitting,48,57,58,1.575758,4,0.0,0.0
paper_rank15,15,pchip,fitting,48,57,58,1.575758,5,0.0,0.0
paper_rank15,15,pchip,fitting,48,57,58,1.575758,6,0.0,0.0
paper_rank15,15,pchip,fitting,48,57,58,1.575758,7,0.0,0.0
paper_rank15,15,pchip,fitting,48,57,58,1.575758,8,0.0,0.0
paper_rank15,15,pchip,fitting,48,57,58,1.575758,9,0.0,0.0
paper_rank15,15,pchip,fitting,48,57,58,1.575758,10,0.0,0.0
paper_rank15,15,pchip,fitting,48,57,58,1.575758,11,0.0,0.0
paper_rank15,15,pchip,fitting,48,57,58,1.575758,12,0.0,0.0
paper_rank15,15,pchip,fitting,48,57,58,1.575758,13,0.0,0.0
paper_rank15,15,pchip,fitting,48,57,58,1.575758,14,0.0,0.0
paper_rank15,15,pchip,fitting,48,57,58,1.575758,15,0.0,0.0
paper_rank15,15,pchip,fitting,49,58,59,1.585859,1,0.0,0.0
paper_rank15,15,pchip,fitting,49,58,59,1.585859,2,0.0,0.0
paper_rank15,15,pchip,fitting,49,58,59,1.585859,3,0.0,0.0
paper_rank15,15,pchip,fitting,49,58,59,1.585859,4,0.0,0.0
paper_rank15,15,pchip,fitting,49,58,59,1.585859,5,0.0,0.0
paper_rank15,15,pchip,fitting,49,58,59,1.585859,6,0.0,0.0
paper_rank15,15,pchip,fitting,49,58,59,1.585859,7,0.0,0.0
paper_rank15,15,pchip,fitting,49,58,59,1.585859,8,0.0,0.0
paper_rank15,15,pchip,fitting,49,58,59,1.585859,9,0.0,0.0
paper_rank15,15,pchip,fitting,49,58,59,1.585859,10,0.0,0.0
paper_rank15,15,pchip,fitting,49,58,59,1.585859,11,0.0,0.0
paper_rank15,15,pchip,fitting,49,58,59,1.585859,12,0.0,0.0
paper_rank15,15,pchip,fitting,49,58,59,1.585859,13,0.0,0.0
paper_rank15,15,pchip,fitting,49,58,59,1.585859,14,0.0,0.0
paper_rank15,15,pchip,fitting,49,58,59,1.585859,15,0.0,0.0
paper_rank15,15,pchip,fitting,50,59,60,1.59596,1,0.0,0.0
paper_rank15,15,pchip,fitting,50,59,60,1.59596,2,0.0,0.0
paper_rank15,15,pchip,fitting,50,59,60,1.59596,3,0.0,0.0
paper_rank15,15,pchip,fitting,50,59,60,1.59596,4,0.0,0.0
paper_rank15,15,pchip,fitting,50,59,60,1.59596,5,0.0,0.0
paper_rank15,15,pchip,fitting,50,59,60,1.59596,6,0.0,0.0
paper_rank15,15,pchip,fitting,50,59,60,1.59596,7,0.0,0.0
paper_rank15,15,pchip,fitting,50,59,60,1.59596,8,0.0,0.0
paper_rank15,15,pchip,fitting,50,59,60,1.59596,9,0.0,0.0
paper_rank15,15,pchip,fitting,50,59,60,1.59596,10,0.0,0.0
paper_rank15,15,pchip,fitting,50,59,60,1.59596,11,0.0,0.0
paper_rank15,15,pchip,fitting,50,59,60,1.59596,12,0.0,0.0
paper_rank15,15,pchip,fitting,50,59,60,1.59596,13,0.0,0.0
paper_rank15,15,pchip,fitting,50,59,60,1.59596,14,0.0,0.0
paper_rank15,15,pchip,fitting,50,59,60,1.59596,15,0.0,0.0
paper_rank15,15,pchip,fitting,51,60,61,1.606061,1,0.0,0.0
paper_rank15,15,pchip,fitting,51,60,61,1.606061,2,0.0,0.0
paper_rank15,15,pchip,fitting,51,60,61,1.606061,3,0.0,0.0
paper_rank15,15,pchip,fitting,51,60,61,1.606061,4,0.0,0.0
paper_rank15,15,pchip,fitting,51,60,61,1.606061,5,0.0,0.0
paper_rank15,15,pchip,fitting,51,60,61,1.606061,6,0.0,0.0
paper_rank15,15,pchip,fitting,51,60,61,1.606061,7,0.0,0.0
paper_rank15,15,pchip,fitting,51,60,61,1.606061,8,0.0,0.0
paper_rank15,15,pchip,fitting,51,60,61,1.606061,9,0.0,0.0
paper_rank15,15,pchip,fitting,51,60,61,1.606061,10,0.0,0.0
paper_rank15,15,pchip,fitting,51,60,61,1.606061,11,0.0,0.0
paper_rank15,15,pchip,fitting,51,60,61,1.606061,12,0.0,0.0
paper_rank15,15,pchip,fitting,51,60,61,1.606061,13,0.0,0.0
paper_rank15,15,pchip,fitting,51,60,61,1.606061,14,0.0,0.0
paper_rank15,15,pchip,fitting,51,60,61,1.606061,15,0.0,0.0
paper_rank15,15,pchip,fitting,52,61,62,1.616162,1,0.0,0.0
paper_rank15,15,pchip,fitting,52,61,62,1.616162,2,0.0,0.0
paper_rank15,15,pchip,fitting,52,61,62,1.616162,3,0.0,0.0
paper_rank15,15,pchip,fitting,52,61,62,1.616162,4,0.0,0.0
paper_rank15,15,pchip,fitting,52,61,62,1.616162,5,0.0,0.0
paper_rank15,15,pchip,fitting,52,61,62,1.616162,6,0.0,0.0
paper_rank15,15,pchip,fitting,52,61,62,1.616162,7,0.0,0.0
paper_rank15,15,pchip,fitting,52,61,62,1.616162,8,0.0,0.0
paper_rank15,15,pchip,fitting,52,61,62,1.616162,9,0.0,0.0
paper_rank15,15,pchip,fitting,52,61,62,1.616162,10,0.0,0.0
paper_rank15,15,pchip,fitting,52,61,62,1.616162,11,0.0,0.0
paper_rank15,15,pchip,fitting,52,61,62,1.616162,12,0.0,0.0
paper_rank15,15,pchip,fitting,52,61,62,1.616162,13,0.0,0.0
paper_rank15,15,pchip,fitting,52,61,62,1.616162,14,0.0,0.0
paper_rank15,15,pchip,fitting,52,61,62,1.616162,15,0.0,0.0
paper_rank15,15,pchip,fitting,53,62,63,1.626263,1,0.0,0.0
paper_rank15,15,pchip,fitting,53,62,63,1.626263,2,0.0,0.0
paper_rank15,15,pchip,fitting,53,62,63,1.626263,3,0.0,0.0
paper_rank15,15,pchip,fitting,53,62,63,1.626263,4,0.0,0.0
paper_rank15,15,pchip,fitting,53,62,63,1.626263,5,0.0,0.0
paper_rank15,15,pchip,fitting,53,62,63,1.626263,6,0.0,0.0
paper_rank15,15,pchip,fitting,53,62,63,1.626263,7,0.0,0.0
paper_rank15,15,pchip,fitting,53,62,63,1.626263,8,0.0,0.0
paper_rank15,15,pchip,fitting,53,62,63,1.626263,9,0.0,0.0
paper_rank15,15,pchip,fitting,53,62,63,1.626263,10,0.0,0.0
paper_rank15,15,pchip,fitting,53,62,63,1.626263,11,0.0,0.0
paper_rank15,15,pchip,fitting,53,62,63,1.626263,12,0.0,0.0
paper_rank15,15,pchip,fitting,53,62,63,1.626263,13,0.0,0.0
paper_rank15,15,pchip,fitting,53,62,63,1.626263,14,0.0,0.0
paper_rank15,15,pchip,fitting,53,62,63,1.626263,15,0.0,0.0
paper_rank15,15,pchip,fitting,54,63,64,1.636364,1,0.0,0.0
paper_rank15,15,pchip,fitting,54,63,64,1.636364,2,0.0,0.0
paper_rank15,15,pchip,fitting,54,63,64,1.636364,3,0.0,0.0
paper_rank15,15,pchip,fitting,54,63,64,1.636364,4,0.0,0.0
paper_rank15,15,pchip,fitting,54,63,64,1.636364,5,0.0,0.0
paper_rank15,15,pchip,fitting,54,63,64,1.636364,6,0.0,0.0
paper_rank15,15,pchip,fitting,54,63,64,1.636364,7,0.0,0.0
paper_rank15,15,pchip,fitting,54,63,64,1.636364,8,0.0,0.0
paper_rank15,15,pchip,fitting,54,63,64,1.636364,9,0.0,0.0
paper_rank15,15,pchip,fitting,54,63,64,1.636364,10,0.0,0.0
paper_rank15,15,pchip,fitting,54,63,64,1.636364,11,0.0,0.0
paper_rank15,15,pchip,fitting,54,63,64,1.636364,12,0.0,0.0
paper_rank15,15,pchip,fitting,54,63,64,1.636364,13,0.0,0.0
paper_rank15,15,pchip,fitting,54,63,64,1.636364,14,0.0,0.0
paper_rank15,15,pchip,fitting,54,63,64,1.636364,15,0.0,0.0
paper_rank15,15,pchip,fitting,55,64,65,1.646465,1,0.0,0.0
paper_rank15,15,pchip,fitting,55,64,65,1.646465,2,0.0,0.0
paper_rank15,15,pchip,fitting,55,64,65,1.646465,3,0.0,0.0
paper_rank15,15,pchip,fitting,55,64,65,1.646465,4,0.0,0.0
paper_rank15,15,pchip,fitting,55,64,65,1.646465,5,0.0,0.0
paper_rank15,15,pchip,fitting,55,64,65,1.646465,6,0.0,0.0
paper_rank15,15,pchip,fitting,55,64,65,1.646465,7,0.0,0.0
paper_rank15,15,pchip,fitting,55,64,65,1.646465,8,0.0,0.0
paper_rank15,15,pchip,fitting,55,64,65,1.646465,9,0.0,0.0
paper_rank15,15,pchip,fitting,55,64,65,1.646465,10,0.0,0.0
paper_rank15,15,pchip,fitting,55,64,65,1.646465,11,0.0,0.0
paper_rank15,15,pchip,fitting,55,64,65,1.646465,12,0.0,0.0
paper_rank15,15,pchip,fitting,55,64,65,1.646465,13,0.0,0.0
paper_rank15,15,pchip,fitting,55,64,65,1.646465,14,0.0,0.0
paper_rank15,15,pchip,fitting,55,64,65,1.646465,15,0.0,0.0
paper_rank15,15,pchip,fitting,56,66,67,1.666667,1,0.0,0.0
paper_rank15,15,pchip,fitting,56,66,67,1.666667,2,0.0,0.0
paper_rank15,15,pchip,fitting,56,66,67,1.666667,3,0.0,0.0
paper_rank15,15,pchip,fitting,56,66,67,1.666667,4,0.0,0.0
paper_rank15,15,pchip,fitting,56,66,67,1.666667,5,0.0,0.0
paper_rank15,15,pchip,fitting,56,66,67,1.666667,6,0.0,0.0
paper_rank15,15,pchip,fitting,56,66,67,1.666667,7,0.0,0.0
paper_rank15,15,pchip,fitting,56,66,67,1.666667,8,0.0,0.0
paper_rank15,15,pchip,fitting,56,66,67,1.666667,9,0.0,0.0
paper_rank15,15,pchip,fitting,56,66,67,1.666667,10,0.0,0.0
paper_rank15,15,pchip,fitting,56,66,67,1.666667,11,0.0,0.0
paper_rank15,15,pchip,fitting,56,66,67,1.666667,12,0.0,0.0
paper_rank15,15,pchip,fitting,56,66,67,1.666667,13,0.0,0.0
paper_rank15,15,pchip,fitting,56,66,67,1.666667,14,0.0,0.0
paper_rank15,15,pchip,fitting,56,66,67,1.666667,15,0.0,0.0
paper_rank15,15,pchip,fitting,57,67,68,1.676768,1,0.0,0.0
paper_rank15,15,pchip,fitting,57,67,68,1.676768,2,0.0,0.0
paper_rank15,15,pchip,fitting,57,67,68,1.676768,3,0.0,0.0
paper_rank15,15,pchip,fitting,57,67,68,1.676768,4,0.0,0.0
paper_rank15,15,pchip,fitting,57,67,68,1.676768,5,0.0,0.0
paper_rank15,15,pchip,fitting,57,67,68,1.676768,6,0.0,0.0
paper_rank15,15,pchip,fitting,57,67,68,1.676768,7,0.0,0.0
paper_rank15,15,pchip,fitting,57,67,68,1.676768,8,0.0,0.0
paper_rank15,15,pchip,fitting,57,67,68,1.676768,9,0.0,0.0
paper_rank15,15,pchip,fitting,57,67,68,1.676768,10,0.0,0.0
paper_rank15,15,pchip,fitting,57,67,68,1.676768,11,0.0,0.0
paper_rank15,15,pchip,fitting,57,67,68,1.676768,12,0.0,0.0
paper_rank15,15,pchip,fitting,57,67,68,1.676768,13,0.0,0.0
paper_rank15,15,pchip,fitting,57,67,68,1.676768,14,0.0,0.0
paper_rank15,15,pchip,fitting,57,67,68,1.676768,15,0.0,0.0
paper_rank15,15,pchip,fitting,58,68,69,1.686869,1,0.0,0.0
paper_rank15,15,pchip,fitting,58,68,69,1.686869,2,0.0,0.0
paper_rank15,15,pchip,fitting,58,68,69,1.686869,3,0.0,0.0
paper_rank15,15,pchip,fitting,58,68,69,1.686869,4,0.0,0.0
paper_rank15,15,pchip,fitting,58,68,69,1.686869,5,0.0,0.0
paper_rank15,15,pchip,fitting,58,68,69,1.686869,6,0.0,0.0
paper_rank15,15,pchip,fitting,58,68,69,1.686869,7,0.0,0.0
paper_rank15,15,pchip,fitting,58,68,69,1.686869,8,0.0,0.0
paper_rank15,15,pchip,fitting,58,68,69,1.686869,9,0.0,0.0
paper_rank15,15,pchip,fitting,58,68,69,1.686869,10,0.0,0.0
paper_rank15,15,pchip,fitting,58,68,69,1.686869,11,0.0,0.0
paper_rank15,15,pchip,fitting,58,68,69,1.686869,12,0.0,0.0
paper_rank15,15,pchip,fitting,58,68,69,1.686869,13,0.0,0.0
paper_rank15,15,pchip,fitting,58,68,69,1.686869,14,0.0,0.0
paper_rank15,15,pchip,fitting,58,68,69,1.686869,15,0.0,0.0
paper_rank15,15,pchip,fitting,59,69,70,1.69697,1,0.0,0.0
paper_rank15,15,pchip,fitting,59,69,70,1.69697,2,0.0,0.0
paper_rank15,15,pchip,fitting,59,69,70,1.69697,3,0.0,0.0
paper_rank15,15,pchip,fitting,59,69,70,1.69697,4,0.0,0.0
paper_rank15,15,pchip,fitting,59,69,70,1.69697,5,0.0,0.0
paper_rank15,15,pchip,fitting,59,69,70,1.69697,6,0.0,0.0
paper_rank15,15,pchip,fitting,59,69,70,1.69697,7,0.0,0.0
paper_rank15,15,pchip,fitting,59,69,70,1.69697,8,0.0,0.0
paper_rank15,15,pchip,fitting,59,69,70,1.69697,9,0.0,0.0
paper_rank15,15,pchip,fitting,59,69,70,1.69697,10,0.0,0.0
paper_rank15,15,pchip,fitting,59,69,70,1.69697,11,0.0,0.0
paper_rank15,15,pchip,fitting,59,69,70,1.69697,12,0.0,0.0
paper_rank15,15,pchip,fitting,59,69,70,1.69697,13,0.0,0.0
paper_rank15,15,pchip,fitting,59,69,70,1.69697,14,0.0,0.0
paper_rank15,15,pchip,fitting,59,69,70,1.69697,15,0.0,0.0
paper_rank15,15,pchip,fitting,60,70,71,1.707071,1,0.0,0.0
paper_rank15,15,pchip,fitting,60,70,71,1.707071,2,0.0,0.0
paper_rank15,15,pchip,fitting,60,70,71,1.707071,3,0.0,0.0
paper_rank15,15,pchip,fitting,60,70,71,1.707071,4,0.0,0.0
paper_rank15,15,pchip,fitting,60,70,71,1.707071,5,0.0,0.0
paper_rank15,15,pchip,fitting,60,70,71,1.707071,6,0.0,0.0
paper_rank15,15,pchip,fitting,60,70,71,1.707071,7,0.0,0.0
paper_rank15,15,pchip,fitting,60,70,71,1.707071,8,0.0,0.0
paper_rank15,15,pchip,fitting,60,70,71,1.707071,9,0.0,0.0
paper_rank15,15,pchip,fitting,60,70,71,1.707071,10,0.0,0.0
paper_rank15,15,pchip,fitting,60,70,71,1.707071,11,0.0,0.0
paper_rank15,15,pchip,fitting,60,70,71,1.707071,12,0.0,0.0
paper_rank15,15,pchip,fitting,60,70,71,1.707071,13,0.0,0.0
paper_rank15,15,pchip,fitting,60,70,71,1.707071,14,0.0,0.0
paper_rank15,15,pchip,fitting,60,70,71,1.707071,15,0.0,0.0
paper_rank15,15,pchip,fitting,61,71,72,1.717172,1,0.0,0.0
paper_rank15,15,pchip,fitting,61,71,72,1.717172,2,0.0,0.0
paper_rank15,15,pchip,fitting,61,71,72,1.717172,3,0.0,0.0
paper_rank15,15,pchip,fitting,61,71,72,1.717172,4,0.0,0.0
paper_rank15,15,pchip,fitting,61,71,72,1.717172,5,0.0,0.0
paper_rank15,15,pchip,fitting,61,71,72,1.717172,6,0.0,0.0
paper_rank15,15,pchip,fitting,61,71,72,1.717172,7,0.0,0.0
paper_rank15,15,pchip,fitting,61,71,72,1.717172,8,0.0,0.0
paper_rank15,15,pchip,fitting,61,71,72,1.717172,9,0.0,0.0
paper_rank15,15,pchip,fitting,61,71,72,1.717172,10,0.0,0.0
paper_rank15,15,pchip,fitting,61,71,72,1.717172,11,0.0,0.0
paper_rank15,15,pchip,fitting,61,71,72,1.717172,12,0.0,0.0
paper_rank15,15,pchip,fitting,61,71,72,1.717172,13,0.0,0.0
paper_rank15,15,pchip,fitting,61,71,72,1.717172,14,0.0,0.0
paper_rank15,15,pchip,fitting,61,71,72,1.717172,15,0.0,0.0
paper_rank15,15,pchip,fitting,62,72,73,1.727273,1,0.0,0.0
paper_rank15,15,pchip,fitting,62,72,73,1.727273,2,0.0,0.0
paper_rank15,15,pchip,fitting,62,72,73,1.727273,3,0.0,0.0
paper_rank15,15,pchip,fitting,62,72,73,1.727273,4,0.0,0.0
paper_rank15,15,pchip,fitting,62,72,73,1.727273,5,0.0,0.0
paper_rank15,15,pchip,fitting,62,72,73,1.727273,6,0.0,0.0
paper_rank15,15,pchip,fitting,62,72,73,1.727273,7,0.0,0.0
paper_rank15,15,pchip,fitting,62,72,73,1.727273,8,0.0,0.0
paper_rank15,15,pchip,fitting,62,72,73,1.727273,9,0.0,0.0
paper_rank15,15,pchip,fitting,62,72,73,1.727273,10,0.0,0.0
paper_rank15,15,pchip,fitting,62,72,73,1.727273,11,0.0,0.0
paper_rank15,15,pchip,fitting,62,72,73,1.727273,12,0.0,0.0
paper_rank15,15,pchip,fitting,62,72,73,1.727273,13,0.0,0.0
paper_rank15,15,pchip,fitting,62,72,73,1.727273,14,0.0,0.0
paper_rank15,15,pchip,fitting,62,72,73,1.727273,15,0.0,0.0
paper_rank15,15,pchip,fitting,63,73,74,1.737374,1,0.0,0.0
paper_rank15,15,pchip,fitting,63,73,74,1.737374,2,0.0,0.0
paper_rank15,15,pchip,fitting,63,73,74,1.737374,3,0.0,0.0
paper_rank15,15,pchip,fitting,63,73,74,1.737374,4,0.0,0.0
paper_rank15,15,pchip,fitting,63,73,74,1.737374,5,0.0,0.0
paper_rank15,15,pchip,fitting,63,73,74,1.737374,6,0.0,0.0
paper_rank15,15,pchip,fitting,63,73,74,1.737374,7,0.0,0.0
paper_rank15,15,pchip,fitting,63,73,74,1.737374,8,0.0,0.0
paper_rank15,15,pchip,fitting,63,73,74,1.737374,9,0.0,0.0
paper_rank15,15,pchip,fitting,63,73,74,1.737374,10,0.0,0.0
paper_rank15,15,pchip,fitting,63,73,74,1.737374,11,0.0,0.0
paper_rank15,15,pchip,fitting,63,73,74,1.737374,12,0.0,0.0
paper_rank15,15,pchip,fitting,63,73,74,1.737374,13,0.0,0.0
paper_rank15,15,pchip,fitting,63,73,74,1.737374,14,0.0,0.0
paper_rank15,15,pchip,fitting,63,73,74,1.737374,15,0.0,0.0
paper_rank15,15,pchip,fitting,64,74,75,1.747475,1,0.0,0.0
paper_rank15,15,pchip,fitting,64,74,75,1.747475,2,0.0,0.0
paper_rank15,15,pchip,fitting,64,74,75,1.747475,3,0.0,0.0
paper_rank15,15,pchip,fitting,64,74,75,1.747475,4,0.0,0.0
paper_rank15,15,pchip,fitting,64,74,75,1.747475,5,0.0,0.0
paper_rank15,15,pchip,fitting,64,74,75,1.747475,6,0.0,0.0
paper_rank15,15,pchip,fitting,64,74,75,1.747475,7,0.0,0.0
paper_rank15,15,pchip,fitting,64,74,75,1.747475,8,0.0,0.0
paper_rank15,15,pchip,fitting,64,74,75,1.747475,9,0.0,0.0
paper_rank15,15,pchip,fitting,64,74,75,1.747475,10,0.0,0.0
paper_rank15,15,pchip,fitting,64,74,75,1.747475,11,0.0,0.0
paper_rank15,15,pchip,fitting,64,74,75,1.747475,12,0.0,0.0
paper_rank15,15,pchip,fitting,64,74,75,1.747475,13,0.0,0.0
paper_rank15,15,pchip,fitting,64,74,75,1.747475,14,0.0,0.0
paper_rank15,15,pchip,fitting,64,74,75,1.747475,15,1.177877240188252e-15,7.862204300359154e-15
paper_rank15,15,pchip,fitting,65,75,76,1.757576,1,0.0,0.0
paper_rank15,15,pchip,fitting,65,75,76,1.757576,2,0.0,0.0
paper_rank15,15,pchip,fitting,65,75,76,1.757576,3,0.0,0.0
paper_rank15,15,pchip,fitting,65,75,76,1.757576,4,0.0,0.0
paper_rank15,15,pchip,fitting,65,75,76,1.757576,5,0.0,0.0
paper_rank15,15,pchip,fitting,65,75,76,1.757576,6,0.0,0.0
paper_rank15,15,pchip,fitting,65,75,76,1.757576,7,0.0,0.0
paper_rank15,15,pchip,fitting,65,75,76,1.757576,8,0.0,0.0
paper_rank15,15,pchip,fitting,65,75,76,1.757576,9,0.0,0.0
paper_rank15,15,pchip,fitting,65,75,76,1.757576,10,0.0,0.0
paper_rank15,15,pchip,fitting,65,75,76,1.757576,11,0.0,0.0
paper_rank15,15,pchip,fitting,65,75,76,1.757576,12,0.0,0.0
paper_rank15,15,pchip,fitting,65,75,76,1.757576,13,0.0,0.0
paper_rank15,15,pchip,fitting,65,75,76,1.757576,14,0.0,0.0
paper_rank15,15,pchip,fitting,65,75,76,1.757576,15,0.0,0.0
paper_rank15,15,pchip,fitting,66,76,77,1.767677,1,0.0,0.0
paper_rank15,15,pchip,fitting,66,76,77,1.767677,2,0.0,0.0
paper_rank15,15,pchip,fitting,66,76,77,1.767677,3,0.0,0.0
paper_rank15,15,pchip,fitting,66,76,77,1.767677,4,0.0,0.0
paper_rank15,15,pchip,fitting,66,76,77,1.767677,5,0.0,0.0
paper_rank15,15,pchip,fitting,66,76,77,1.767677,6,0.0,0.0
paper_rank15,15,pchip,fitting,66,76,77,1.767677,7,0.0,0.0
paper_rank15,15,pchip,fitting,66,76,77,1.767677,8,0.0,0.0
paper_rank15,15,pchip,fitting,66,76,77,1.767677,9,0.0,0.0
paper_rank15,15,pchip,fitting,66,76,77,1.767677,10,0.0,0.0
paper_rank15,15,pchip,fitting,66,76,77,1.767677,11,0.0,0.0
paper_rank15,15,pchip,fitting,66,76,77,1.767677,12,0.0,0.0
paper_rank15,15,pchip,fitting,66,76,77,1.767677,13,0.0,0.0
paper_rank15,15,pchip,fitting,66,76,77,1.767677,14,0.0,0.0
paper_rank15,15,pchip,fitting,66,76,77,1.767677,15,5.230191280070073e-16,3.4874367972738485e-15
paper_rank15,15,pchip,fitting,67,77,78,1.777778,1,0.0,0.0
paper_rank15,15,pchip,fitting,67,77,78,1.777778,2,0.0,0.0
paper_rank15,15,pchip,fitting,67,77,78,1.777778,3,0.0,0.0
paper_rank15,15,pchip,fitting,67,77,78,1.777778,4,0.0,0.0
paper_rank15,15,pchip,fitting,67,77,78,1.777778,5,0.0,0.0
paper_rank15,15,pchip,fitting,67,77,78,1.777778,6,0.0,0.0
paper_rank15,15,pchip,fitting,67,77,78,1.777778,7,0.0,0.0
paper_rank15,15,pchip,fitting,67,77,78,1.777778,8,0.0,0.0
paper_rank15,15,pchip,fitting,67,77,78,1.777778,9,0.0,0.0
paper_rank15,15,pchip,fitting,67,77,78,1.777778,10,0.0,0.0
paper_rank15,15,pchip,fitting,67,77,78,1.777778,11,0.0,0.0
paper_rank15,15,pchip,fitting,67,77,78,1.777778,12,0.0,0.0
paper_rank15,15,pchip,fitting,67,77,78,1.777778,13,0.0,0.0
paper_rank15,15,pchip,fitting,67,77,78,1.777778,14,0.0,0.0
paper_rank15,15,pchip,fitting,67,77,78,1.777778,15,4.0419056990259605e-16,2.683071844641084e-15
paper_rank15,15,pchip,fitting,68,78,79,1.787879,1,0.0,0.0
paper_rank15,15,pchip,fitting,68,78,79,1.787879,2,0.0,0.0
paper_rank15,15,pchip,fitting,68,78,79,1.787879,3,0.0,0.0
paper_rank15,15,pchip,fitting,68,78,79,1.787879,4,0.0,0.0
paper_rank15,15,pchip,fitting,68,78,79,1.787879,5,0.0,0.0
paper_rank15,15,pchip,fitting,68,78,79,1.787879,6,0.0,0.0
paper_rank15,15,pchip,fitting,68,78,79,1.787879,7,0.0,0.0
paper_rank15,15,pchip,fitting,68,78,79,1.787879,8,0.0,0.0
paper_rank15,15,pchip,fitting,68,78,79,1.787879,9,0.0,0.0
paper_rank15,15,pchip,fitting,68,78,79,1.787879,10,0.0,0.0
paper_rank15,15,pchip,fitting,68,78,79,1.787879,11,0.0,0.0
paper_rank15,15,pchip,fitting,68,78,79,1.787879,12,0.0,0.0
paper_rank15,15,pchip,fitting,68,78,79,1.787879,13,0.0,0.0
paper_rank15,15,pchip,fitting,68,78,79,1.787879,14,0.0,0.0
paper_rank15,15,pchip,fitting,68,78,79,1.787879,15,0.0,0.0
paper_rank15,15,pchip,fitting,69,79,80,1.79798,1,0.0,0.0
paper_rank15,15,pchip,fitting,69,79,80,1.79798,2,0.0,0.0
paper_rank15,15,pchip,fitting,69,79,80,1.79798,3,0.0,0.0
paper_rank15,15,pchip,fitting,69,79,80,1.79798,4,0.0,0.0
paper_rank15,15,pchip,fitting,69,79,80,1.79798,5,0.0,0.0
paper_rank15,15,pchip,fitting,69,79,80,1.79798,6,0.0,0.0
paper_rank15,15,pchip,fitting,69,79,80,1.79798,7,0.0,0.0
paper_rank15,15,pchip,fitting,69,79,80,1.79798,8,0.0,0.0
paper_rank15,15,pchip,fitting,69,79,80,1.79798,9,0.0,0.0
paper_rank15,15,pchip,fitting,69,79,80,1.79798,10,0.0,0.0
paper_rank15,15,pchip,fitting,69,79,80,1.79798,11,0.0,0.0
paper_rank15,15,pchip,fitting,69,79,80,1.79798,12,0.0,0.0
paper_rank15,15,pchip,fitting,69,79,80,1.79798,13,0.0,0.0
paper_rank15,15,pchip,fitting,69,79,80,1.79798,14,0.0,0.0
paper_rank15,15,pchip,fitting,69,79,80,1.79798,15,0.0,0.0
paper_rank15,15,pchip,fitting,70,80,81,1.808081,1,0.0,0.0
paper_rank15,15,pchip,fitting,70,80,81,1.808081,2,0.0,0.0
paper_rank15,15,pchip,fitting,70,80,81,1.808081,3,0.0,0.0
paper_rank15,15,pchip,fitting,70,80,81,1.808081,4,0.0,0.0
paper_rank15,15,pchip,fitting,70,80,81,1.808081,5,0.0,0.0
paper_rank15,15,pchip,fitting,70,80,81,1.808081,6,0.0,0.0
paper_rank15,15,pchip,fitting,70,80,81,1.808081,7,0.0,0.0
paper_rank15,15,pchip,fitting,70,80,81,1.808081,8,0.0,0.0
paper_rank15,15,pchip,fitting,70,80,81,1.808081,9,0.0,0.0
paper_rank15,15,pchip,fitting,70,80,81,1.808081,10,0.0,0.0
paper_rank15,15,pchip,fitting,70,80,81,1.808081,11,0.0,0.0
paper_rank15,15,pchip,fitting,70,80,81,1.808081,12,0.0,0.0
paper_rank15,15,pchip,fitting,70,80,81,1.808081,13,0.0,0.0
paper_rank15,15,pchip,fitting,70,80,81,1.808081,14,0.0,0.0
paper_rank15,15,pchip,fitting,70,80,81,1.808081,15,0.0,0.0
paper_rank15,15,pchip,fitting,71,81,82,1.818182,1,0.0,0.0
paper_rank15,15,pchip,fitting,71,81,82,1.818182,2,0.0,0.0
paper_rank15,15,pchip,fitting,71,81,82,1.818182,3,0.0,0.0
paper_rank15,15,pchip,fitting,71,81,82,1.818182,4,0.0,0.0
paper_rank15,15,pchip,fitting,71,81,82,1.818182,5,0.0,0.0
paper_rank15,15,pchip,fitting,71,81,82,1.818182,6,0.0,0.0
paper_rank15,15,pchip,fitting,71,81,82,1.818182,7,0.0,0.0
paper_rank15,15,pchip,fitting,71,81,82,1.818182,8,0.0,0.0
paper_rank15,15,pchip,fitting,71,81,82,1.818182,9,0.0,0.0
paper_rank15,15,pchip,fitting,71,81,82,1.818182,10,0.0,0.0
paper_rank15,15,pchip,fitting,71,81,82,1.818182,11,0.0,0.0
paper_rank15,15,pchip,fitting,71,81,82,1.818182,12,0.0,0.0
paper_rank15,15,pchip,fitting,71,81,82,1.818182,13,0.0,0.0
paper_rank15,15,pchip,fitting,71,81,82,1.818182,14,0.0,0.0
paper_rank15,15,pchip,fitting,71,81,82,1.818182,15,0.0,0.0
paper_rank15,15,pchip,fitting,72,82,83,1.828283,1,0.0,0.0
paper_rank15,15,pchip,fitting,72,82,83,1.828283,2,0.0,0.0
paper_rank15,15,pchip,fitting,72,82,83,1.828283,3,0.0,0.0
paper_rank15,15,pchip,fitting,72,82,83,1.828283,4,0.0,0.0
paper_rank15,15,pchip,fitting,72,82,83,1.828283,5,0.0,0.0
paper_rank15,15,pchip,fitting,72,82,83,1.828283,6,0.0,0.0
paper_rank15,15,pchip,fitting,72,82,83,1.828283,7,0.0,0.0
paper_rank15,15,pchip,fitting,72,82,83,1.828283,8,0.0,0.0
paper_rank15,15,pchip,fitting,72,82,83,1.828283,9,0.0,0.0
paper_rank15,15,pchip,fitting,72,82,83,1.828283,10,0.0,0.0
paper_rank15,15,pchip,fitting,72,82,83,1.828283,11,0.0,0.0
paper_rank15,15,pchip,fitting,72,82,83,1.828283,12,0.0,0.0
paper_rank15,15,pchip,fitting,72,82,83,1.828283,13,0.0,0.0
paper_rank15,15,pchip,fitting,72,82,83,1.828283,14,0.0,0.0
paper_rank15,15,pchip,fitting,72,82,83,1.828283,15,0.0,0.0
paper_rank15,15,pchip,fitting,73,83,84,1.838384,1,0.0,0.0
paper_rank15,15,pchip,fitting,73,83,84,1.838384,2,0.0,0.0
paper_rank15,15,pchip,fitting,73,83,84,1.838384,3,0.0,0.0
paper_rank15,15,pchip,fitting,73,83,84,1.838384,4,0.0,0.0
paper_rank15,15,pchip,fitting,73,83,84,1.838384,5,0.0,0.0
paper_rank15,15,pchip,fitting,73,83,84,1.838384,6,0.0,0.0
paper_rank15,15,pchip,fitting,73,83,84,1.838384,7,0.0,0.0
paper_rank15,15,pchip,fitting,73,83,84,1.838384,8,0.0,0.0
paper_rank15,15,pchip,fitting,73,83,84,1.838384,9,0.0,0.0
paper_rank15,15,pchip,fitting,73,83,84,1.838384,10,0.0,0.0
paper_rank15,15,pchip,fitting,73,83,84,1.838384,11,0.0,0.0
paper_rank15,15,pchip,fitting,73,83,84,1.838384,12,0.0,0.0
paper_rank15,15,pchip,fitting,73,83,84,1.838384,13,0.0,0.0
paper_rank15,15,pchip,fitting,73,83,84,1.838384,14,0.0,0.0
paper_rank15,15,pchip,fitting,73,83,84,1.838384,15,0.0,0.0
paper_rank15,15,pchip,fitting,74,84,85,1.848485,1,0.0,0.0
paper_rank15,15,pchip,fitting,74,84,85,1.848485,2,0.0,0.0
paper_rank15,15,pchip,fitting,74,84,85,1.848485,3,0.0,0.0
paper_rank15,15,pchip,fitting,74,84,85,1.848485,4,0.0,0.0
paper_rank15,15,pchip,fitting,74,84,85,1.848485,5,0.0,0.0
paper_rank15,15,pchip,fitting,74,84,85,1.848485,6,0.0,0.0
paper_rank15,15,pchip,fitting,74,84,85,1.848485,7,0.0,0.0
paper_rank15,15,pchip,fitting,74,84,85,1.848485,8,0.0,0.0
paper_rank15,15,pchip,fitting,74,84,85,1.848485,9,0.0,0.0
paper_rank15,15,pchip,fitting,74,84,85,1.848485,10,0.0,0.0
paper_rank15,15,pchip,fitting,74,84,85,1.848485,11,0.0,0.0
paper_rank15,15,pchip,fitting,74,84,85,1.848485,12,0.0,0.0
paper_rank15,15,pchip,fitting,74,84,85,1.848485,13,0.0,0.0
paper_rank15,15,pchip,fitting,74,84,85,1.848485,14,0.0,0.0
paper_rank15,15,pchip,fitting,74,84,85,1.848485,15,0.0,0.0
paper_rank15,15,pchip,fitting,75,85,86,1.858586,1,0.0,0.0
paper_rank15,15,pchip,fitting,75,85,86,1.858586,2,0.0,0.0
paper_rank15,15,pchip,fitting,75,85,86,1.858586,3,0.0,0.0
paper_rank15,15,pchip,fitting,75,85,86,1.858586,4,0.0,0.0
paper_rank15,15,pchip,fitting,75,85,86,1.858586,5,0.0,0.0
paper_rank15,15,pchip,fitting,75,85,86,1.858586,6,0.0,0.0
paper_rank15,15,pchip,fitting,75,85,86,1.858586,7,0.0,0.0
paper_rank15,15,pchip,fitting,75,85,86,1.858586,8,0.0,0.0
paper_rank15,15,pchip,fitting,75,85,86,1.858586,9,0.0,0.0
paper_rank15,15,pchip,fitting,75,85,86,1.858586,10,0.0,0.0
paper_rank15,15,pchip,fitting,75,85,86,1.858586,11,0.0,0.0
paper_rank15,15,pchip,fitting,75,85,86,1.858586,12,0.0,0.0
paper_rank15,15,pchip,fitting,75,85,86,1.858586,13,0.0,0.0
paper_rank15,15,pchip,fitting,75,85,86,1.858586,14,0.0,0.0
paper_rank15,15,pchip,fitting,75,85,86,1.858586,15,0.0,0.0
paper_rank15,15,pchip,fitting,76,86,87,1.868687,1,0.0,0.0
paper_rank15,15,pchip,fitting,76,86,87,1.868687,2,0.0,0.0
paper_rank15,15,pchip,fitting,76,86,87,1.868687,3,0.0,0.0
paper_rank15,15,pchip,fitting,76,86,87,1.868687,4,0.0,0.0
paper_rank15,15,pchip,fitting,76,86,87,1.868687,5,0.0,0.0
paper_rank15,15,pchip,fitting,76,86,87,1.868687,6,0.0,0.0
paper_rank15,15,pchip,fitting,76,86,87,1.868687,7,0.0,0.0
paper_rank15,15,pchip,fitting,76,86,87,1.868687,8,0.0,0.0
paper_rank15,15,pchip,fitting,76,86,87,1.868687,9,0.0,0.0
paper_rank15,15,pchip,fitting,76,86,87,1.868687,10,0.0,0.0
paper_rank15,15,pchip,fitting,76,86,87,1.868687,11,0.0,0.0
paper_rank15,15,pchip,fitting,76,86,87,1.868687,12,0.0,0.0
paper_rank15,15,pchip,fitting,76,86,87,1.868687,13,0.0,0.0
paper_rank15,15,pchip,fitting,76,86,87,1.868687,14,0.0,0.0
paper_rank15,15,pchip,fitting,76,86,87,1.868687,15,0.0,0.0
paper_rank15,15,pchip,fitting,77,87,88,1.878788,1,0.0,0.0
paper_rank15,15,pchip,fitting,77,87,88,1.878788,2,0.0,0.0
paper_rank15,15,pchip,fitting,77,87,88,1.878788,3,0.0,0.0
paper_rank15,15,pchip,fitting,77,87,88,1.878788,4,0.0,0.0
paper_rank15,15,pchip,fitting,77,87,88,1.878788,5,0.0,0.0
paper_rank15,15,pchip,fitting,77,87,88,1.878788,6,0.0,0.0
paper_rank15,15,pchip,fitting,77,87,88,1.878788,7,0.0,0.0
paper_rank15,15,pchip,fitting,77,87,88,1.878788,8,0.0,0.0
paper_rank15,15,pchip,fitting,77,87,88,1.878788,9,0.0,0.0
paper_rank15,15,pchip,fitting,77,87,88,1.878788,10,0.0,0.0
paper_rank15,15,pchip,fitting,77,87,88,1.878788,11,0.0,0.0
paper_rank15,15,pchip,fitting,77,87,88,1.878788,12,0.0,0.0
paper_rank15,15,pchip,fitting,77,87,88,1.878788,13,0.0,0.0
paper_rank15,15,pchip,fitting,77,87,88,1.878788,14,0.0,0.0
paper_rank15,15,pchip,fitting,77,87,88,1.878788,15,0.0,0.0
paper_rank15,15,pchip,fitting,78,88,89,1.888889,1,0.0,0.0
paper_rank15,15,pchip,fitting,78,88,89,1.888889,2,0.0,0.0
paper_rank15,15,pchip,fitting,78,88,89,1.888889,3,0.0,0.0
paper_rank15,15,pchip,fitting,78,88,89,1.888889,4,0.0,0.0
paper_rank15,15,pchip,fitting,78,88,89,1.888889,5,0.0,0.0
paper_rank15,15,pchip,fitting,78,88,89,1.888889,6,0.0,0.0
paper_rank15,15,pchip,fitting,78,88,89,1.888889,7,0.0,0.0
paper_rank15,15,pchip,fitting,78,88,89,1.888889,8,0.0,0.0
paper_rank15,15,pchip,fitting,78,88,89,1.888889,9,0.0,0.0
paper_rank15,15,pchip,fitting,78,88,89,1.888889,10,0.0,0.0
paper_rank15,15,pchip,fitting,78,88,89,1.888889,11,0.0,0.0
paper_rank15,15,pchip,fitting,78,88,89,1.888889,12,0.0,0.0
paper_rank15,15,pchip,fitting,78,88,89,1.888889,13,0.0,0.0
paper_rank15,15,pchip,fitting,78,88,89,1.888889,14,0.0,0.0
paper_rank15,15,pchip,fitting,78,88,89,1.888889,15,0.0,0.0
paper_rank15,15,pchip,fitting,79,89,90,1.89899,1,0.0,0.0
paper_rank15,15,pchip,fitting,79,89,90,1.89899,2,0.0,0.0
paper_rank15,15,pchip,fitting,79,89,90,1.89899,3,0.0,0.0
paper_rank15,15,pchip,fitting,79,89,90,1.89899,4,0.0,0.0
paper_rank15,15,pchip,fitting,79,89,90,1.89899,5,0.0,0.0
paper_rank15,15,pchip,fitting,79,89,90,1.89899,6,0.0,0.0
paper_rank15,15,pchip,fitting,79,89,90,1.89899,7,0.0,0.0
paper_rank15,15,pchip,fitting,79,89,90,1.89899,8,0.0,0.0
paper_rank15,15,pchip,fitting,79,89,90,1.89899,9,0.0,0.0
paper_rank15,15,pchip,fitting,79,89,90,1.89899,10,0.0,0.0
paper_rank15,15,pchip,fitting,79,89,90,1.89899,11,0.0,0.0
paper_rank15,15,pchip,fitting,79,89,90,1.89899,12,0.0,0.0
paper_rank15,15,pchip,fitting,79,89,90,1.89899,13,0.0,0.0
paper_rank15,15,pchip,fitting,79,89,90,1.89899,14,0.0,0.0
paper_rank15,15,pchip,fitting,79,89,90,1.89899,15,0.0,0.0
paper_rank15,15,pchip,fitting,80,90,91,1.909091,1,0.0,0.0
paper_rank15,15,pchip,fitting,80,90,91,1.909091,2,0.0,0.0
paper_rank15,15,pchip,fitting,80,90,91,1.909091,3,0.0,0.0
paper_rank15,15,pchip,fitting,80,90,91,1.909091,4,0.0,0.0
paper_rank15,15,pchip,fitting,80,90,91,1.909091,5,0.0,0.0
paper_rank15,15,pchip,fitting,80,90,91,1.909091,6,0.0,0.0
paper_rank15,15,pchip,fitting,80,90,91,1.909091,7,0.0,0.0
paper_rank15,15,pchip,fitting,80,90,91,1.909091,8,0.0,0.0
paper_rank15,15,pchip,fitting,80,90,91,1.909091,9,0.0,0.0
paper_rank15,15,pchip,fitting,80,90,91,1.909091,10,0.0,0.0
paper_rank15,15,pchip,fitting,80,90,91,1.909091,11,0.0,0.0
paper_rank15,15,pchip,fitting,80,90,91,1.909091,12,0.0,0.0
paper_rank15,15,pchip,fitting,80,90,91,1.909091,13,0.0,0.0
paper_rank15,15,pchip,fitting,80,90,91,1.909091,14,0.0,0.0
paper_rank15,15,pchip,fitting,80,90,91,1.909091,15,0.0,0.0
paper_rank15,15,pchip,fitting,81,91,92,1.919192,1,0.0,0.0
paper_rank15,15,pchip,fitting,81,91,92,1.919192,2,0.0,0.0
paper_rank15,15,pchip,fitting,81,91,92,1.919192,3,0.0,0.0
paper_rank15,15,pchip,fitting,81,91,92,1.919192,4,0.0,0.0
paper_rank15,15,pchip,fitting,81,91,92,1.919192,5,0.0,0.0
paper_rank15,15,pchip,fitting,81,91,92,1.919192,6,0.0,0.0
paper_rank15,15,pchip,fitting,81,91,92,1.919192,7,0.0,0.0
paper_rank15,15,pchip,fitting,81,91,92,1.919192,8,0.0,0.0
paper_rank15,15,pchip,fitting,81,91,92,1.919192,9,0.0,0.0
paper_rank15,15,pchip,fitting,81,91,92,1.919192,10,0.0,0.0
paper_rank15,15,pchip,fitting,81,91,92,1.919192,11,0.0,0.0
paper_rank15,15,pchip,fitting,81,91,92,1.919192,12,0.0,0.0
paper_rank15,15,pchip,fitting,81,91,92,1.919192,13,0.0,0.0
paper_rank15,15,pchip,fitting,81,91,92,1.919192,14,0.0,0.0
paper_rank15,15,pchip,fitting,81,91,92,1.919192,15,0.0,0.0
paper_rank15,15,pchip,fitting,82,92,93,1.929293,1,0.0,0.0
paper_rank15,15,pchip,fitting,82,92,93,1.929293,2,0.0,0.0
paper_rank15,15,pchip,fitting,82,92,93,1.929293,3,0.0,0.0
paper_rank15,15,pchip,fitting,82,92,93,1.929293,4,0.0,0.0
paper_rank15,15,pchip,fitting,82,92,93,1.929293,5,0.0,0.0
paper_rank15,15,pchip,fitting,82,92,93,1.929293,6,0.0,0.0
paper_rank15,15,pchip,fitting,82,92,93,1.929293,7,0.0,0.0
paper_rank15,15,pchip,fitting,82,92,93,1.929293,8,0.0,0.0
paper_rank15,15,pchip,fitting,82,92,93,1.929293,9,0.0,0.0
paper_rank15,15,pchip,fitting,82,92,93,1.929293,10,0.0,0.0
paper_rank15,15,pchip,fitting,82,92,93,1.929293,11,0.0,0.0
paper_rank15,15,pchip,fitting,82,92,93,1.929293,12,0.0,0.0
paper_rank15,15,pchip,fitting,82,92,93,1.929293,13,0.0,0.0
paper_rank15,15,pchip,fitting,82,92,93,1.929293,14,0.0,0.0
paper_rank15,15,pchip,fitting,82,92,93,1.929293,15,0.0,0.0
paper_rank15,15,pchip,fitting,83,93,94,1.939394,1,0.0,0.0
paper_rank15,15,pchip,fitting,83,93,94,1.939394,2,0.0,0.0
paper_rank15,15,pchip,fitting,83,93,94,1.939394,3,0.0,0.0
paper_rank15,15,pchip,fitting,83,93,94,1.939394,4,0.0,0.0
paper_rank15,15,pchip,fitting,83,93,94,1.939394,5,0.0,0.0
paper_rank15,15,pchip,fitting,83,93,94,1.939394,6,0.0,0.0
paper_rank15,15,pchip,fitting,83,93,94,1.939394,7,0.0,0.0
paper_rank15,15,pchip,fitting,83,93,94,1.939394,8,0.0,0.0
paper_rank15,15,pchip,fitting,83,93,94,1.939394,9,0.0,0.0
paper_rank15,15,pchip,fitting,83,93,94,1.939394,10,0.0,0.0
paper_rank15,15,pchip,fitting,83,93,94,1.939394,11,0.0,0.0
paper_rank15,15,pchip,fitting,83,93,94,1.939394,12,0.0,0.0
paper_rank15,15,pchip,fitting,83,93,94,1.939394,13,0.0,0.0
paper_rank15,15,pchip,fitting,83,93,94,1.939394,14,0.0,0.0
paper_rank15,15,pchip,fitting,83,93,94,1.939394,15,0.0,0.0
paper_rank15,15,pchip,fitting,84,94,95,1.949495,1,0.0,0.0
paper_rank15,15,pchip,fitting,84,94,95,1.949495,2,0.0,0.0
paper_rank15,15,pchip,fitting,84,94,95,1.949495,3,0.0,0.0
paper_rank15,15,pchip,fitting,84,94,95,1.949495,4,0.0,0.0
paper_rank15,15,pchip,fitting,84,94,95,1.949495,5,0.0,0.0
paper_rank15,15,pchip,fitting,84,94,95,1.949495,6,0.0,0.0
paper_rank15,15,pchip,fitting,84,94,95,1.949495,7,0.0,0.0
paper_rank15,15,pchip,fitting,84,94,95,1.949495,8,0.0,0.0
paper_rank15,15,pchip,fitting,84,94,95,1.949495,9,0.0,0.0
paper_rank15,15,pchip,fitting,84,94,95,1.949495,10,0.0,0.0
paper_rank15,15,pchip,fitting,84,94,95,1.949495,11,0.0,0.0
paper_rank15,15,pchip,fitting,84,94,95,1.949495,12,0.0,0.0
paper_rank15,15,pchip,fitting,84,94,95,1.949495,13,0.0,0.0
paper_rank15,15,pchip,fitting,84,94,95,1.949495,14,0.0,0.0
paper_rank15,15,pchip,fitting,84,94,95,1.949495,15,0.0,0.0
paper_rank15,15,pchip,fitting,85,95,96,1.959596,1,0.0,0.0
paper_rank15,15,pchip,fitting,85,95,96,1.959596,2,0.0,0.0
paper_rank15,15,pchip,fitting,85,95,96,1.959596,3,0.0,0.0
paper_rank15,15,pchip,fitting,85,95,96,1.959596,4,0.0,0.0
paper_rank15,15,pchip,fitting,85,95,96,1.959596,5,0.0,0.0
paper_rank15,15,pchip,fitting,85,95,96,1.959596,6,0.0,0.0
paper_rank15,15,pchip,fitting,85,95,96,1.959596,7,0.0,0.0
paper_rank15,15,pchip,fitting,85,95,96,1.959596,8,0.0,0.0
paper_rank15,15,pchip,fitting,85,95,96,1.959596,9,0.0,0.0
paper_rank15,15,pchip,fitting,85,95,96,1.959596,10,0.0,0.0
paper_rank15,15,pchip,fitting,85,95,96,1.959596,11,0.0,0.0
paper_rank15,15,pchip,fitting,85,95,96,1.959596,12,0.0,0.0
paper_rank15,15,pchip,fitting,85,95,96,1.959596,13,0.0,0.0
paper_rank15,15,pchip,fitting,85,95,96,1.959596,14,0.0,0.0
paper_rank15,15,pchip,fitting,85,95,96,1.959596,15,0.0,0.0
paper_rank15,15,pchip,fitting,86,96,97,1.969697,1,0.0,0.0
paper_rank15,15,pchip,fitting,86,96,97,1.969697,2,0.0,0.0
paper_rank15,15,pchip,fitting,86,96,97,1.969697,3,0.0,0.0
paper_rank15,15,pchip,fitting,86,96,97,1.969697,4,0.0,0.0
paper_rank15,15,pchip,fitting,86,96,97,1.969697,5,0.0,0.0
paper_rank15,15,pchip,fitting,86,96,97,1.969697,6,0.0,0.0
paper_rank15,15,pchip,fitting,86,96,97,1.969697,7,0.0,0.0
paper_rank15,15,pchip,fitting,86,96,97,1.969697,8,0.0,0.0
paper_rank15,15,pchip,fitting,86,96,97,1.969697,9,0.0,0.0
paper_rank15,15,pchip,fitting,86,96,97,1.969697,10,0.0,0.0
paper_rank15,15,pchip,fitting,86,96,97,1.969697,11,0.0,0.0
paper_rank15,15,pchip,fitting,86,96,97,1.969697,12,0.0,0.0
paper_rank15,15,pchip,fitting,86,96,97,1.969697,13,0.0,0.0
paper_rank15,15,pchip,fitting,86,96,97,1.969697,14,0.0,0.0
paper_rank15,15,pchip,fitting,86,96,97,1.969697,15,0.0,0.0
paper_rank15,15,pchip,fitting,87,97,98,1.979798,1,0.0,0.0
paper_rank15,15,pchip,fitting,87,97,98,1.979798,2,0.0,0.0
paper_rank15,15,pchip,fitting,87,97,98,1.979798,3,0.0,0.0
paper_rank15,15,pchip,fitting,87,97,98,1.979798,4,0.0,0.0
paper_rank15,15,pchip,fitting,87,97,98,1.979798,5,0.0,0.0
paper_rank15,15,pchip,fitting,87,97,98,1.979798,6,0.0,0.0
paper_rank15,15,pchip,fitting,87,97,98,1.979798,7,0.0,0.0
paper_rank15,15,pchip,fitting,87,97,98,1.979798,8,0.0,0.0
paper_rank15,15,pchip,fitting,87,97,98,1.979798,9,0.0,0.0
paper_rank15,15,pchip,fitting,87,97,98,1.979798,10,0.0,0.0
paper_rank15,15,pchip,fitting,87,97,98,1.979798,11,0.0,0.0
paper_rank15,15,pchip,fitting,87,97,98,1.979798,12,0.0,0.0
paper_rank15,15,pchip,fitting,87,97,98,1.979798,13,0.0,0.0
paper_rank15,15,pchip,fitting,87,97,98,1.979798,14,0.0,0.0
paper_rank15,15,pchip,fitting,87,97,98,1.979798,15,0.0,0.0
paper_rank15,15,pchip,fitting,88,98,99,1.989899,1,0.0,0.0
paper_rank15,15,pchip,fitting,88,98,99,1.989899,2,0.0,0.0
paper_rank15,15,pchip,fitting,88,98,99,1.989899,3,0.0,0.0
paper_rank15,15,pchip,fitting,88,98,99,1.989899,4,0.0,0.0
paper_rank15,15,pchip,fitting,88,98,99,1.989899,5,0.0,0.0
paper_rank15,15,pchip,fitting,88,98,99,1.989899,6,0.0,0.0
paper_rank15,15,pchip,fitting,88,98,99,1.989899,7,0.0,0.0
paper_rank15,15,pchip,fitting,88,98,99,1.989899,8,0.0,0.0
paper_rank15,15,pchip,fitting,88,98,99,1.989899,9,0.0,0.0
paper_rank15,15,pchip,fitting,88,98,99,1.989899,10,0.0,0.0
paper_rank15,15,pchip,fitting,88,98,99,1.989899,11,0.0,0.0
paper_rank15,15,pchip,fitting,88,98,99,1.989899,12,0.0,0.0
paper_rank15,15,pchip,fitting,88,98,99,1.989899,13,0.0,0.0
paper_rank15,15,pchip,fitting,88,98,99,1.989899,14,0.0,0.0
paper_rank15,15,pchip,fitting,88,98,99,1.989899,15,4.185020385794047e-17,2.745912735448979e-16
paper_rank15,15,pchip,fitting,89,99,100,2.0,1,0.0,0.0
paper_rank15,15,pchip,fitting,89,99,100,2.0,2,0.0,0.0
paper_rank15,15,pchip,fitting,89,99,100,2.0,3,0.0,0.0
paper_rank15,15,pchip,fitting,89,99,100,2.0,4,0.0,0.0
paper_rank15,15,pchip,fitting,89,99,100,2.0,5,2.0816681711721685e-17,1.36136770217137e-16
paper_rank15,15,pchip,fitting,89,99,100,2.0,6,2.6020852139652106e-18,1.7017096277142124e-17
paper_rank15,15,pchip,fitting,89,99,100,2.0,7,0.0,0.0
paper_rank15,15,pchip,fitting,89,99,100,2.0,8,5.421010862427522e-19,3.545228391071276e-18
paper_rank15,15,pchip,fitting,89,99,100,2.0,9,0.0,0.0
paper_rank15,15,pchip,fitting,89,99,100,2.0,10,1.4094628242311558e-18,9.217593816785318e-18
paper_rank15,15,pchip,fitting,89,99,100,2.0,11,1.734723475976807e-18,1.1344730851428083e-17
paper_rank15,15,pchip,fitting,89,99,100,2.0,12,0.0,0.0
paper_rank15,15,pchip,fitting,89,99,100,2.0,13,1.734723475976807e-18,1.1344730851428083e-17
paper_rank15,15,pchip,fitting,89,99,100,2.0,14,8.673617379884035e-19,5.6723654257140415e-18
paper_rank15,15,pchip,fitting,89,99,100,2.0,15,8.673617379884035e-19,5.6723654257140415e-18
paper_rank15,15,pchip,internal_validation,0,5,6,1.050505,1,0.0036131312263378845,0.02863823491683431
paper_rank15,15,pchip,internal_validation,0,5,6,1.050505,2,0.005722616964678018,0.04535834397014632
paper_rank15,15,pchip,internal_validation,0,5,6,1.050505,3,0.13136370199213587,1.041208946348962
paper_rank15,15,pchip,internal_validation,0,5,6,1.050505,4,0.15801710625066656,1.2524679360377502
paper_rank15,15,pchip,internal_validation,0,5,6,1.050505,5,0.02139559539355184,0.16958478634807697
paper_rank15,15,pchip,internal_validation,0,5,6,1.050505,6,0.11265692715917852,0.89293616613623
paper_rank15,15,pchip,internal_validation,0,5,6,1.050505,7,0.07861308577428645,0.623099432849308
paper_rank15,15,pchip,internal_validation,0,5,6,1.050505,8,0.06833729180100713,0.5416519062223735
paper_rank15,15,pchip,internal_validation,0,5,6,1.050505,9,0.007601084041227575,0.060247363507997566
paper_rank15,15,pchip,internal_validation,0,5,6,1.050505,10,0.09048107971063106,0.7171669817562123
paper_rank15,15,pchip,internal_validation,0,5,6,1.050505,11,0.03234387388779381,0.2563625289242349
paper_rank15,15,pchip,internal_validation,0,5,6,1.050505,12,0.025131949393212442,0.19919970395603417
paper_rank15,15,pchip,internal_validation,0,5,6,1.050505,13,0.010471824762087698,0.08300129686918412
paper_rank15,15,pchip,internal_validation,0,5,6,1.050505,14,0.020049348233045175,0.1589142238847845
paper_rank15,15,pchip,internal_validation,0,5,6,1.050505,15,0.04676416506232501,0.37065997907357456
paper_rank15,15,pchip,internal_validation,1,8,9,1.080808,1,0.035895421360546464,0.28323157950479644
paper_rank15,15,pchip,internal_validation,1,8,9,1.080808,2,0.03308458227473299,0.26105275101265335
paper_rank15,15,pchip,internal_validation,1,8,9,1.080808,3,0.01987850842882727,0.1568506825409346
paper_rank15,15,pchip,internal_validation,1,8,9,1.080808,4,0.07651085304852331,0.6037062370860193
paper_rank15,15,pchip,internal_validation,1,8,9,1.080808,5,0.0796839905068015,0.6287437683429106
paper_rank15,15,pchip,internal_validation,1,8,9,1.080808,6,0.030282612585319106,0.2389439061857326
paper_rank15,15,pchip,internal_validation,1,8,9,1.080808,7,0.030259899866693776,0.23876469226575975
paper_rank15,15,pchip,internal_validation,1,8,9,1.080808,8,0.009481969193253618,0.07481714964273531
paper_rank15,15,pchip,internal_validation,1,8,9,1.080808,9,0.005749540934819386,0.045366553690500744
paper_rank15,15,pchip,internal_validation,1,8,9,1.080808,10,0.0016425623762046037,0.012960581562051876
paper_rank15,15,pchip,internal_validation,1,8,9,1.080808,11,0.0034255205650786454,0.02702895142330813
paper_rank15,15,pchip,internal_validation,1,8,9,1.080808,12,0.007369380910455137,0.05814784493753961
paper_rank15,15,pchip,internal_validation,1,8,9,1.080808,13,0.012531848097897985,0.09888211354953123
paper_rank15,15,pchip,internal_validation,1,8,9,1.080808,14,0.006981807285647573,0.05508970866923828
paper_rank15,15,pchip,internal_validation,1,8,9,1.080808,15,0.0022865363875281936,0.0180418362032829
paper_rank15,15,pchip,internal_validation,2,28,29,1.282828,1,0.01345026104241498,0.09908256031193163
paper_rank15,15,pchip,internal_validation,2,28,29,1.282828,2,0.015519623186485143,0.114326703068751
paper_rank15,15,pchip,internal_validation,2,28,29,1.282828,3,0.005007499870374965,0.03688819914749648
paper_rank15,15,pchip,internal_validation,2,28,29,1.282828,4,0.009314013081756615,0.06861251688789322
paper_rank15,15,pchip,internal_validation,2,28,29,1.282828,5,0.02451074056895888,0.18056057968358413
paper_rank15,15,pchip,internal_validation,2,28,29,1.282828,6,0.002987138920548228,0.022005028104807433
paper_rank15,15,pchip,internal_validation,2,28,29,1.282828,7,0.013792094591211564,0.10160070796040269
paper_rank15,15,pchip,internal_validation,2,28,29,1.282828,8,0.05188199608039584,0.3821934005242349
paper_rank15,15,pchip,internal_validation,2,28,29,1.282828,9,0.013338915803720415,0.09826232557495437
paper_rank15,15,pchip,internal_validation,2,28,29,1.282828,10,0.04412373056792391,0.3250414383332127
paper_rank15,15,pchip,internal_validation,2,28,29,1.282828,11,0.016231205161593383,0.11956863582702307
paper_rank15,15,pchip,internal_validation,2,28,29,1.282828,12,0.015212459893073339,0.11206395698158493
paper_rank15,15,pchip,internal_validation,2,28,29,1.282828,13,0.014637572328960659,0.10782899592290004
paper_rank15,15,pchip,internal_validation,2,28,29,1.282828,14,0.003564884550349555,0.026261043362000296
paper_rank15,15,pchip,internal_validation,2,28,29,1.282828,15,0.0262785125167672,0.1935830310757253
paper_rank15,15,pchip,internal_validation,3,31,32,1.313131,1,0.0507924649664524,0.3685910485890014
paper_rank15,15,pchip,internal_validation,3,31,32,1.313131,2,0.09425652805815676,0.684001308781947
paper_rank15,15,pchip,internal_validation,3,31,32,1.313131,3,0.060813657948893374,0.44131289880734187
paper_rank15,15,pchip,internal_validation,3,31,32,1.313131,4,0.004720083149766401,0.034252726240964496
paper_rank15,15,pchip,internal_validation,3,31,32,1.313131,5,0.0741069414735971,0.5377796742788153
paper_rank15,15,pchip,internal_validation,3,31,32,1.313131,6,0.02530521382850751,0.18363501960338005
paper_rank15,15,pchip,internal_validation,3,31,32,1.313131,7,0.02246885474038494,0.16305211284434504
paper_rank15,15,pchip,internal_validation,3,31,32,1.313131,8,0.03798992735705329,0.27568552086623177
paper_rank15,15,pchip,internal_validation,3,31,32,1.313131,9,0.05330417324596752,0.3868180275140767
paper_rank15,15,pchip,internal_validation,3,31,32,1.313131,10,0.012635517217946153,0.09169349319634812
paper_rank15,15,pchip,internal_validation,3,31,32,1.313131,11,0.03956818947715207,0.2871386623938134
paper_rank15,15,pchip,internal_validation,3,31,32,1.313131,12,0.003933189431382704,0.028542391430895462
paper_rank15,15,pchip,internal_validation,3,31,32,1.313131,13,0.0215388568223554,0.15630329866455472
paper_rank15,15,pchip,internal_validation,3,31,32,1.313131,14,0.009845841741911523,0.07144936033896923
paper_rank15,15,pchip,internal_validation,3,31,32,1.313131,15,0.011629958053598621,0.08439634573461462
paper_rank15,15,pchip,internal_validation,4,37,38,1.373737,1,0.03500428042420367,0.24902923902908655
paper_rank15,15,pchip,internal_validation,4,37,38,1.373737,2,0.0660239081531829,0.46971065840692783
paper_rank15,15,pchip,internal_validation,4,37,38,1.373737,3,0.034075052628149416,0.24241847919823853
paper_rank15,15,pchip,internal_validation,4,37,38,1.373737,4,0.0904202463025088,0.6432723328878028
paper_rank15,15,pchip,internal_validation,4,37,38,1.373737,5,0.005260354885159097,0.03742348530519491
paper_rank15,15,pchip,internal_validation,4,37,38,1.373737,6,0.06449345699393061,0.45882264462858285
paper_rank15,15,pchip,internal_validation,4,37,38,1.373737,7,0.018136539605980186,0.12902789607339524
paper_rank15,15,pchip,internal_validation,4,37,38,1.373737,8,0.026645311004771476,0.18956143199628533
paper_rank15,15,pchip,internal_validation,4,37,38,1.373737,9,0.008302223334076141,0.05906410113504116
paper_rank15,15,pchip,internal_validation,4,37,38,1.373737,10,0.04809051964459102,0.3421280302429838
paper_rank15,15,pchip,internal_validation,4,37,38,1.373737,11,0.019026437816278025,0.13535885535717998
paper_rank15,15,pchip,internal_validation,4,37,38,1.373737,12,0.00790261776547291,0.05622120679597514
paper_rank15,15,pchip,internal_validation,4,37,38,1.373737,13,0.01120202353061454,0.07969400775014854
paper_rank15,15,pchip,internal_validation,4,37,38,1.373737,14,0.02252677682118598,0.1602611458248718
paper_rank15,15,pchip,internal_validation,4,37,38,1.373737,15,0.011336506994287409,0.08065075687381554
paper_rank15,15,pchip,internal_validation,5,40,41,1.40404,1,0.015458434186642833,0.10909547039753252
paper_rank15,15,pchip,internal_validation,5,40,41,1.40404,2,0.022937322344000505,0.1618765484631542
paper_rank15,15,pchip,internal_validation,5,40,41,1.40404,3,0.06020849527179423,0.424911995244617
paper_rank15,15,pchip,internal_validation,5,40,41,1.40404,4,0.031043904841479994,0.21908748070900255
paper_rank15,15,pchip,internal_validation,5,40,41,1.40404,5,0.033699941577758505,0.237832042650975
paper_rank15,15,pchip,internal_validation,5,40,41,1.40404,6,0.031721606295291666,0.22387025223683038
paper_rank15,15,pchip,internal_validation,5,40,41,1.40404,7,0.01889211924615014,0.13332816319429774
paper_rank15,15,pchip,internal_validation,5,40,41,1.40404,8,0.044390567030185624,0.31327945203892804
paper_rank15,15,pchip,internal_validation,5,40,41,1.40404,9,0.0322398716293041,0.22752782840024774
paper_rank15,15,pchip,internal_validation,5,40,41,1.40404,10,0.01979056173917905,0.13966877992291915
paper_rank15,15,pchip,internal_validation,5,40,41,1.40404,11,0.03737544818155557,0.2637713530008521
paper_rank15,15,pchip,internal_validation,5,40,41,1.40404,12,0.022386853855137428,0.15799170359423295
paper_rank15,15,pchip,internal_validation,5,40,41,1.40404,13,0.00868333377561092,0.061281263770401766
paper_rank15,15,pchip,internal_validation,5,40,41,1.40404,14,0.0223300928001633,0.15759112136721715
paper_rank15,15,pchip,internal_validation,5,40,41,1.40404,15,0.013172223433769453,0.09296089722529424
paper_rank15,15,pchip,internal_validation,6,42,43,1.424242,1,0.08202032442647678,0.5799925923628354
paper_rank15,15,pchip,internal_validation,6,42,43,1.424242,2,0.13767122576249213,0.9735183527021183
paper_rank15,15,pchip,internal_validation,6,42,43,1.424242,3,0.01583237633167206,0.11195592136558588
paper_rank15,15,pchip,internal_validation,6,42,43,1.424242,4,0.04016831036145736,0.2840432858597185
paper_rank15,15,pchip,internal_validation,6,42,43,1.424242,5,0.0034463339628813122,0.024370156827060452
paper_rank15,15,pchip,internal_validation,6,42,43,1.424242,6,0.04106277467655418,0.29036833615080937
paper_rank15,15,pchip,internal_validation,6,42,43,1.424242,7,0.06032540766500601,0.4265807264434231
paper_rank15,15,pchip,internal_validation,6,42,43,1.424242,8,0.019934002206583736,0.14095986204403282
paper_rank15,15,pchip,internal_validation,6,42,43,1.424242,9,0.07956943340157197,0.562661538760291
paper_rank15,15,pchip,internal_validation,6,42,43,1.424242,10,0.02433693056146835,0.17209441129623038
paper_rank15,15,pchip,internal_validation,6,42,43,1.424242,11,0.028908442005863774,0.20442106681961872
paper_rank15,15,pchip,internal_validation,6,42,43,1.424242,12,0.003107275607380968,0.021972564084724946
paper_rank15,15,pchip,internal_validation,6,42,43,1.424242,13,0.017564949391173028,0.1242075132394848
paper_rank15,15,pchip,internal_validation,6,42,43,1.424242,14,0.014863859103549558,0.1051072186590954
paper_rank15,15,pchip,internal_validation,6,42,43,1.424242,15,0.015395668400064993,0.10886781647049683
paper_rank15,15,pchip,internal_validation,7,51,52,1.515152,1,0.03942805824826934,0.2719268314109877
paper_rank15,15,pchip,internal_validation,7,51,52,1.515152,2,0.08580229055272237,0.5917599302225557
paper_rank15,15,pchip,internal_validation,7,51,52,1.515152,3,0.018742487898209148,0.12926290498068105
paper_rank15,15,pchip,internal_validation,7,51,52,1.515152,4,0.04500848176944253,0.31041381132992857
paper_rank15,15,pchip,internal_validation,7,51,52,1.515152,5,0.010072263390092956,0.06946623269039867
paper_rank15,15,pchip,internal_validation,7,51,52,1.515152,6,0.008308859318847618,0.05730441435860122
paper_rank15,15,pchip,internal_validation,7,51,52,1.515152,7,0.005390869346505775,0.03717966557509291
paper_rank15,15,pchip,internal_validation,7,51,52,1.515152,8,0.03138792284162409,0.21647574803585592
paper_rank15,15,pchip,internal_validation,7,51,52,1.515152,9,0.04183426903927602,0.28852194933399866
paper_rank15,15,pchip,internal_validation,7,51,52,1.515152,10,0.049460228119355173,0.34111654773035255
paper_rank15,15,pchip,internal_validation,7,51,52,1.515152,11,0.009524170251061854,0.065686152279734
paper_rank15,15,pchip,internal_validation,7,51,52,1.515152,12,0.006681631480761048,0.046081774196907344
paper_rank15,15,pchip,internal_validation,7,51,52,1.515152,13,0.0048035458989370665,0.03312902217020886
paper_rank15,15,pchip,internal_validation,7,51,52,1.515152,14,0.006469110580461646,0.044616063289635785
paper_rank15,15,pchip,internal_validation,7,51,52,1.515152,15,0.023110463033642663,0.15938788934540188
paper_rank15,15,pchip,internal_validation,8,53,54,1.535354,1,0.015270867722872339,0.10500897258853405
paper_rank15,15,pchip,internal_validation,8,53,54,1.535354,2,0.037788437110897743,0.2598493437801469
paper_rank15,15,pchip,internal_validation,8,53,54,1.535354,3,0.02638028618753499,0.18140205254973532
paper_rank15,15,pchip,internal_validation,8,53,54,1.535354,4,0.04424676579942275,0.30425955494354406
paper_rank15,15,pchip,internal_validation,8,53,54,1.535354,5,0.03001833303228459,0.20641880787293948
paper_rank15,15,pchip,internal_validation,8,53,54,1.535354,6,0.014306821192661363,0.09837977917908747
paper_rank15,15,pchip,internal_validation,8,53,54,1.535354,7,0.024503080299441725,0.16849358754151753
paper_rank15,15,pchip,internal_validation,8,53,54,1.535354,8,0.04892847431858523,0.33645297122334716
paper_rank15,15,pchip,internal_validation,8,53,54,1.535354,9,0.003274761032170323,0.022518647774423372
paper_rank15,15,pchip,internal_validation,8,53,54,1.535354,10,0.037029911875263596,0.2546334020850253
paper_rank15,15,pchip,internal_validation,8,53,54,1.535354,11,0.008820944856262232,0.06065656342690033
paper_rank15,15,pchip,internal_validation,8,53,54,1.535354,12,0.017571991787643102,0.12083247903397384
paper_rank15,15,pchip,internal_validation,8,53,54,1.535354,13,0.008487144425845482,0.058361209889447235
paper_rank15,15,pchip,internal_validation,8,53,54,1.535354,14,0.012304595623498853,0.0846116257431607
paper_rank15,15,pchip,internal_validation,8,53,54,1.535354,15,0.011737740541920585,0.0807136894370287
paper_rank15,15,pchip,internal_validation,9,65,66,1.656566,1,0.050400237261996494,0.34042339815663336
paper_rank15,15,pchip,internal_validation,9,65,66,1.656566,2,0.11215918916112466,0.757568106480184
paper_rank15,15,pchip,internal_validation,9,65,66,1.656566,3,0.07702534489392197,0.5202600439491841
paper_rank15,15,pchip,internal_validation,9,65,66,1.656566,4,0.0604620104457223,0.40838464605472596
paper_rank15,15,pchip,internal_validation,9,65,66,1.656566,5,0.009078641321494779,0.061320781353521245
paper_rank15,15,pchip,internal_validation,9,65,66,1.656566,6,0.06495838592998822,0.4387549678011309
paper_rank15,15,pchip,internal_validation,9,65,66,1.656566,7,0.08865748202218132,0.5988281591832737
paper_rank15,15,pchip,internal_validation,9,65,66,1.656566,8,0.010717091187557752,0.0723875282859809
paper_rank15,15,pchip,internal_validation,9,65,66,1.656566,9,0.04882921164167,0.32981206159719323
paper_rank15,15,pchip,internal_validation,9,65,66,1.656566,10,0.020018281456253745,0.13521149440564897
paper_rank15,15,pchip,internal_validation,9,65,66,1.656566,11,0.006484455147486506,0.04379860842770536
paper_rank15,15,pchip,internal_validation,9,65,66,1.656566,12,0.018509219868304574,0.12501868775025918
paper_rank15,15,pchip,internal_validation,9,65,66,1.656566,13,0.017406781224462712,0.1175723753957175
paper_rank15,15,pchip,internal_validation,9,65,66,1.656566,14,0.022492161246873813,0.15192106981054346
paper_rank15,15,pchip,internal_validation,9,65,66,1.656566,15,0.023389591337543432,0.15798267224875517
paper_rank15,15,pchip,external,0,0,8,1.0625,1,0.02690691770026099,0.21264367011256885
paper_rank15,15,pchip,external,0,0,8,1.0625,2,0.007051942363894614,0.05573105483079208
paper_rank15,15,pchip,external,0,0,8,1.0625,3,0.13624601153155985,1.0767436186118504
paper_rank15,15,pchip,external,0,0,8,1.0625,4,0.15126338265982434,1.195424953565564
paper_rank15,15,pchip,external,0,0,8,1.0625,5,0.035710983936844035,0.2822216491778934
paper_rank15,15,pchip,external,0,0,8,1.0625,6,0.04912203593618607,0.3882083455724393
paper_rank15,15,pchip,external,0,0,8,1.0625,7,0.095886135985352,0.7577820728473977
paper_rank15,15,pchip,external,0,0,8,1.0625,8,0.040954466800452866,0.3236605628695694
paper_rank15,15,pchip,external,0,0,8,1.0625,9,0.03456829739250719,0.27319106963389467
paper_rank15,15,pchip,external,0,0,8,1.0625,10,0.027892179261446978,0.22043012996372435
paper_rank15,15,pchip,external,0,0,8,1.0625,11,0.01865560117664861,0.1474340370959859
paper_rank15,15,pchip,external,0,0,8,1.0625,12,0.04448785134051696,0.3515846775856505
paper_rank15,15,pchip,external,0,0,8,1.0625,13,0.03670616722743074,0.2900865198294659
paper_rank15,15,pchip,external,0,0,8,1.0625,14,0.019098147641341573,0.15093145383825143
paper_rank15,15,pchip,external,0,0,8,1.0625,15,0.03776173480311623,0.29842860366998747
paper_rank15,15,pchip,external,1,1,4,1.125,1,0.03453457711284358,0.26806940232188825
paper_rank15,15,pchip,external,1,1,4,1.125,2,0.04737495994578689,0.36774092111199985
paper_rank15,15,pchip,external,1,1,4,1.125,3,0.03794493461496683,0.2945417837357654
paper_rank15,15,pchip,external,1,1,4,1.125,4,0.041745791970881574,0.32404536087184926
paper_rank15,15,pchip,external,1,1,4,1.125,5,0.050416137310743556,0.3913475978613612
paper_rank15,15,pchip,external,1,1,4,1.125,6,0.07168274427388274,0.5564263998804259
paper_rank15,15,pchip,external,1,1,4,1.125,7,0.004102358715347731,0.03184393558200733
paper_rank15,15,pchip,external,1,1,4,1.125,8,0.03166107985854937,0.24576431692833473
paper_rank15,15,pchip,external,1,1,4,1.125,9,0.016196645981231966,0.12572400100979722
paper_rank15,15,pchip,external,1,1,4,1.125,10,0.02115460683991154,0.16420941809710418
paper_rank15,15,pchip,external,1,1,4,1.125,11,0.03307618699338392,0.2567488708325856
paper_rank15,15,pchip,external,1,1,4,1.125,12,0.044677349134538406,0.3468011274812418
paper_rank15,15,pchip,external,1,1,4,1.125,13,0.02028910984963651,0.1574911293473591
paper_rank15,15,pchip,external,1,1,4,1.125,14,0.00531185734244511,0.04123248471685561
paper_rank15,15,pchip,external,1,1,4,1.125,15,0.026438027597884148,0.2052211681520379
paper_rank15,15,pchip,external,2,2,2,1.25,1,0.0432423784384568,0.3225814092230874
paper_rank15,15,pchip,external,2,2,2,1.25,2,0.06314737825512662,0.471069608145473
paper_rank15,15,pchip,external,2,2,2,1.25,3,0.03309154058100211,0.2468577395476769
paper_rank15,15,pchip,external,2,2,2,1.25,4,0.03477069945595549,0.2593840032674864
paper_rank15,15,pchip,external,2,2,2,1.25,5,0.011430470484696802,0.08526952980359676
paper_rank15,15,pchip,external,2,2,2,1.25,6,0.0017440535713114744,0.013010368048901693
paper_rank15,15,pchip,external,2,2,2,1.25,7,0.004041942710175662,0.03015226318559506
paper_rank15,15,pchip,external,2,2,2,1.25,8,0.028703408825134252,0.21412295999157457
paper_rank15,15,pchip,external,2,2,2,1.25,9,0.03990322488381787,0.29767184369581834
paper_rank15,15,pchip,external,2,2,2,1.25,10,0.010015772736912355,0.07471610490920695
paper_rank15,15,pchip,external,2,2,2,1.25,11,0.005058456594075117,0.037735298462662534
paper_rank15,15,pchip,external,2,2,2,1.25,12,0.011777523399864823,0.08785849050586743
paper_rank15,15,pchip,external,2,2,2,1.25,13,0.009083367070047295,0.06776050383344759
paper_rank15,15,pchip,external,2,2,2,1.25,14,0.00026127065313689794,0.0019490383859779377
paper_rank15,15,pchip,external,2,2,2,1.25,15,0.009740082334402803,0.0726594974384273
paper_rank15,15,pchip,external,3,3,10,1.3125,1,0.03279596742223845,0.23783871713770507
paper_rank15,15,pchip,external,3,3,10,1.3125,2,0.053716501561188235,0.3895559370441203
paper_rank15,15,pchip,external,3,3,10,1.3125,3,0.013017166239494227,0.09440142683731934
paper_rank15,15,pchip,external,3,3,10,1.3125,4,0.024922630535684605,0.18074071113648044
paper_rank15,15,pchip,external,3,3,10,1.3125,5,0.023924045101990123,0.17349889767068072
paper_rank15,15,pchip,external,3,3,10,1.3125,6,0.03111520366054175,0.2256496973186885
paper_rank15,15,pchip,external,3,3,10,1.3125,7,0.04498161323128312,0.3262098979418548
paper_rank15,15,pchip,external,3,3,10,1.3125,8,0.02045108807029214,0.1483127632152196
paper_rank15,15,pchip,external,3,3,10,1.3125,9,0.006859658005415478,0.04974673376779598
paper_rank15,15,pchip,external,3,3,10,1.3125,10,0.032406027456545625,0.2350108444298485
paper_rank15,15,pchip,external,3,3,10,1.3125,11,0.02056953292586192,0.14917173383613733
paper_rank15,15,pchip,external,3,3,10,1.3125,12,0.006344978025015439,0.04601423749168979
paper_rank15,15,pchip,external,3,3,10,1.3125,13,0.01693686255913596,0.12282734677529396
paper_rank15,15,pchip,external,3,3,10,1.3125,14,0.006398978807118675,0.046405855051693756
paper_rank15,15,pchip,external,3,3,10,1.3125,15,0.008378542249573833,0.06076179166989457
paper_rank15,15,pchip,external,4,4,6,1.375,1,0.03532549992885947,0.25246009173004474
paper_rank15,15,pchip,external,4,4,6,1.375,2,0.04899810380451142,0.3501738349350117
paper_rank15,15,pchip,external,4,4,6,1.375,3,0.013600519461036298,0.09719857886298114
paper_rank15,15,pchip,external,4,4,6,1.375,4,0.04522309132997804,0.3231950236649081
paper_rank15,15,pchip,external,4,4,6,1.375,5,0.029965200409645426,0.2141517390939442
paper_rank15,15,pchip,external,4,4,6,1.375,6,0.046864758395127784,0.3349274950720375
paper_rank15,15,pchip,external,4,4,6,1.375,7,0.005711349853486088,0.040817197515031135
paper_rank15,15,pchip,external,4,4,6,1.375,8,0.011658691439334633,0.08332095274388772
paper_rank15,15,pchip,external,4,4,6,1.375,9,0.014885762884415149,0.10638380407465835
paper_rank15,15,pchip,external,4,4,6,1.375,10,0.025301334041627974,0.18082057227514323
paper_rank15,15,pchip,external,4,4,6,1.375,11,0.007119647604571979,0.05088185279629721
paper_rank15,15,pchip,external,4,4,6,1.375,12,0.01662159738665709,0.11878926014878916
paper_rank15,15,pchip,external,4,4,6,1.375,13,0.00024682870036930654,0.0017640060710346684
paper_rank15,15,pchip,external,4,4,6,1.375,14,0.01797036608019088,0.12842848022431227
paper_rank15,15,pchip,external,4,4,6,1.375,15,0.001932652691526036,0.013812052957992885
paper_rank15,15,pchip,external,5,5,1,1.5,1,0.03441602416718048,0.23844170360976227
paper_rank15,15,pchip,external,5,5,1,1.5,2,0.0475073376077767,0.3291411715117477
paper_rank15,15,pchip,external,5,5,1,1.5,3,0.11666866795411684,0.8083059161548797
paper_rank15,15,pchip,external,5,5,1,1.5,4,0.05570864684221183,0.3859616263147173
paper_rank15,15,pchip,external,5,5,1,1.5,5,0.06987306357121542,0.4840957872827628
paper_rank15,15,pchip,external,5,5,1,1.5,6,0.02139587821408014,0.14823529954564818
paper_rank15,15,pchip,external,5,5,1,1.5,7,0.02518339148188463,0.17447601554564127
paper_rank15,15,pchip,external,5,5,1,1.5,8,0.06365011891674208,0.440981872738942
paper_rank15,15,pchip,external,5,5,1,1.5,9,0.042302154994905056,0.2930785338350637
paper_rank15,15,pchip,external,5,5,1,1.5,10,0.011510741459113369,0.07974892131613023
paper_rank15,15,pchip,external,5,5,1,1.5,11,0.01908155491803025,0.13220116420411945
paper_rank15,15,pchip,external,5,5,1,1.5,12,0.0010598833309878068,0.007343102324681631
paper_rank15,15,pchip,external,5,5,1,1.5,13,0.0018139402759642827,0.012567372905895997
paper_rank15,15,pchip,external,5,5,1,1.5,14,0.020052936753351208,0.13893110891081745
paper_rank15,15,pchip,external,5,5,1,1.5,15,0.015895217901262478,0.11012552807420684
paper_rank15,15,pchip,external,6,6,9,1.5625,1,0.027102021279370447,0.18546093595642443
paper_rank15,15,pchip,external,6,6,9,1.5625,2,0.05598818325858035,0.3831308655026385
paper_rank15,15,pchip,external,6,6,9,1.5625,3,0.06366659823578402,0.4356747703890972
paper_rank15,15,pchip,external,6,6,9,1.5625,4,0.013711711335598717,0.0938301535391431
paper_rank15,15,pchip,external,6,6,9,1.5625,5,0.027798015995441357,0.1902236741349783
paper_rank15,15,pchip,external,6,6,9,1.5625,6,0.03738690870575752,0.25584110534091675
paper_rank15,15,pchip,external,6,6,9,1.5625,7,0.01485222592338777,0.10163477079417858
paper_rank15,15,pchip,external,6,6,9,1.5625,8,0.02231256416467489,0.15268636205810343
paper_rank15,15,pchip,external,6,6,9,1.5625,9,0.07458297207481382,0.5103762433370854
paper_rank15,15,pchip,external,6,6,9,1.5625,10,0.030402757718468364,0.20804809515869907
paper_rank15,15,pchip,external,6,6,9,1.5625,11,0.025146847731578166,0.17208155320142637
paper_rank15,15,pchip,external,6,6,9,1.5625,12,0.002257411409615993,0.015447616565217993
paper_rank15,15,pchip,external,6,6,9,1.5625,13,0.0067731225834507455,0.04634892876534373
paper_rank15,15,pchip,external,6,6,9,1.5625,14,0.017414723808143892,0.11917011442018978
paper_rank15,15,pchip,external,6,6,9,1.5625,15,0.011790943163663182,0.0806862090617019
paper_rank15,15,pchip,external,7,7,5,1.625,1,0.004600661793823235,0.03118410977301746
paper_rank15,15,pchip,external,7,7,5,1.625,2,0.0005894010021663121,0.003995065574382659
paper_rank15,15,pchip,external,7,7,5,1.625,3,0.02816758052709112,0.19092490658113942
paper_rank15,15,pchip,external,7,7,5,1.625,4,0.001159846797014405,0.007861649358042242
paper_rank15,15,pchip,external,7,7,5,1.625,5,0.027503320261870568,0.1864224315119435
paper_rank15,15,pchip,external,7,7,5,1.625,6,0.021348328643568303,0.1447027957554459
paper_rank15,15,pchip,external,7,7,5,1.625,7,0.056406276758703695,0.3823318481467587
paper_rank15,15,pchip,external,7,7,5,1.625,8,0.054714422746434364,0.370864158583192
paper_rank15,15,pchip,external,7,7,5,1.625,9,0.04087147143662516,0.277034154863468
paper_rank15,15,pchip,external,7,7,5,1.625,10,0.004992076155152009,0.03383718642968443
paper_rank15,15,pchip,external,7,7,5,1.625,11,0.025247170617455593,0.171129845069217
paper_rank15,15,pchip,external,7,7,5,1.625,12,0.004949507990437899,0.033548651783850886
paper_rank15,15,pchip,external,7,7,5,1.625,13,0.022257314262037805,0.15086406310756983
paper_rank15,15,pchip,external,7,7,5,1.625,14,0.013508252708501416,0.09156135664419444
paper_rank15,15,pchip,external,7,7,5,1.625,15,0.02081107784562745,0.1410612136071728
paper_rank15,15,pchip,external,8,8,3,1.75,1,0.010468445274279148,0.06976452641149816
paper_rank15,15,pchip,external,8,8,3,1.75,2,0.020160394973208984,0.13435427809231418
paper_rank15,15,pchip,external,8,8,3,1.75,3,0.025269122905955788,0.16840021093670354
paper_rank15,15,pchip,external,8,8,3,1.75,4,0.012575749956073023,0.08380816988273042
paper_rank15,15,pchip,external,8,8,3,1.75,5,0.02435680118957087,0.16232025438050882
paper_rank15,15,pchip,external,8,8,3,1.75,6,0.008870476542190892,0.05911523428705746
paper_rank15,15,pchip,external,8,8,3,1.75,7,0.005427653175941266,0.03617133618453964
paper_rank15,15,pchip,external,8,8,3,1.75,8,0.033866230885897894,0.2256936438214136
paper_rank15,15,pchip,external,8,8,3,1.75,9,0.02060363775135198,0.13730816682099095
paper_rank15,15,pchip,external,8,8,3,1.75,10,0.024643370768530872,0.1642300308980599
paper_rank15,15,pchip,external,8,8,3,1.75,11,0.003888323212120829,0.02591282853576595
paper_rank15,15,pchip,external,8,8,3,1.75,12,0.002893494313017211,0.0192830219897108
paper_rank15,15,pchip,external,8,8,3,1.75,13,0.02381949575661202,0.15873950689732724
paper_rank15,15,pchip,external,8,8,3,1.75,14,0.01608182579029603,0.10717359939291234
paper_rank15,15,pchip,external,8,8,3,1.75,15,0.002269710746894896,0.015125961038098254
paper_rank15,15,pchip,external,9,9,7,1.875,1,0.026514050122882438,0.17504813677916778
paper_rank15,15,pchip,external,9,9,7,1.875,2,0.05104682764582513,0.3370157341664395
paper_rank15,15,pchip,external,9,9,7,1.875,3,0.03655064556019999,0.24131063997148416
paper_rank15,15,pchip,external,9,9,7,1.875,4,0.003938292164581969,0.026000958069665257
paper_rank15,15,pchip,external,9,9,7,1.875,5,0.01905566745528824,0.12580722551523185
paper_rank15,15,pchip,external,9,9,7,1.875,6,0.019630160200354456,0.1296000781405726
paper_rank15,15,pchip,external,9,9,7,1.875,7,0.026550661801151995,0.17528985036256003
paper_rank15,15,pchip,external,9,9,7,1.875,8,0.027665078920048332,0.1826473321261347
paper_rank15,15,pchip,external,9,9,7,1.875,9,0.02089770109693817,0.13796849681708725
paper_rank15,15,pchip,external,9,9,7,1.875,10,0.020050919749582608,0.13237797041968788
paper_rank15,15,pchip,external,9,9,7,1.875,11,0.011224180714494438,0.07410304769882219
paper_rank15,15,pchip,external,9,9,7,1.875,12,0.011280068239818065,0.0744720221531873
paper_rank15,15,pchip,external,9,9,7,1.875,13,0.008951121183365116,0.05909610481879341
paper_rank15,15,pchip,external,9,9,7,1.875,14,0.01821945430954692,0.12028647133268104
paper_rank15,15,pchip,external,9,9,7,1.875,15,0.007279136804529172,0.04805751400061749
