model,rank,evaluation_role,uncertainty_source,prediction_source,duration_scaling,size_ratio,source_simulation,quantity,mode,loo_eligible,exclusion_reason,observed_absolute,predicted_absolute,absolute_error,relative_error_percent
validation_selected_rank,6,fitting,observed_numbered_windows,leave_one_parameter_out_interpolation,empirical_primary,1.0,1,mode,1,False,endpoint_requires_extrapolation,0.007590022103831441,,,
validation_selected_rank,6,fitting,observed_numbered_windows,leave_one_parameter_out_interpolation,empirical_primary,1.0,1,mode,2,False,endpoint_requires_extrapolation,0.012494560351392013,,,
validation_selected_rank,6,fitting,observed_numbered_windows,leave_one_parameter_out_interpolation,empirical_primary,1.0,1,mode,3,False,endpoint_requires_extrapolation,0.019107283549369056,,,
validation_selected_rank,6,fitting,observed_numbered_windows,leave_one_parameter_out_interpolation,empirical_primary,1.0,1,mode,4,False,endpoint_requires_extrapolation,0.030659906419936732,,,
validation_selected_rank,6,fitting,observed_numbered_windows,leave_one_parameter_out_interpolation,empirical_primary,1.0,1,mode,5,False,endpoint_requires_extrapolation,0.014464645360723867,,,
validation_selected_rank,6,fitting,observed_numbered_windows,leave_one_parameter_out_interpolation,empirical_primary,1.0,1,mode,6,False,endpoint_requires_extrapolation,0.026008573538561362,,,
validation_selected_rank,6,fitting,observed_numbered_windows,leave_one_parameter_out_interpolation,empirical_primary,1.0,1,modal_vector_summary,0,False,endpoint_requires_extrapolation,0.049035828565945114,,,
validation_selected_rank,6,fitting,observed_numbered_windows,leave_one_parameter_out_interpolation,empirical_primary,1.0,1,field,0,False,endpoint_requires_extrapolation,0.1445121491044985,,,
validation_selected_rank,6,fitting,observed_numbered_windows,leave_one_parameter_out_interpolation,empirical_primary,1.10101,11,mode,1,True,,0.013685220884157221,0.009293477793513845,0.0043917430906433765,32.09113778885005
validation_selected_rank,6,fitting,observed_numbered_windows,leave_one_parameter_out_interpolation,empirical_primary,1.10101,11,mode,2,True,,0.02648388827690764,0.01631640368433451,0.01016748459257313,38.39120784027233
validation_selected_rank,6,fitting,observed_numbered_windows,leave_one_parameter_out_interpolation,empirical_primary,1.10101,11,mode,3,True,,0.013734466328124544,0.025694742769089257,0.011960276440964713,87.08220731134809
validation_selected_rank,6,fitting,observed_numbered_windows,leave_one_parameter_out_interpolation,empirical_primary,1.10101,11,mode,4,True,,0.02651321630253734,0.028535204275886863,0.002021987973349522,7.626339823418615
validation_selected_rank,6,fitting,observed_numbered_windows,leave_one_parameter_out_interpolation,empirical_primary,1.10101,11,mode,5,True,,0.02175676403903246,0.014032906717310419,0.00772385732172204,35.500947235835014
validation_selected_rank,6,fitting,observed_numbered_windows,leave_one_parameter_out_interpolation,empirical_primary,1.10101,11,mode,6,True,,0.022520962930333326,0.025052882360211876,0.00253191942987855,11.242500765668085
validation_selected_rank,6,fitting,observed_numbered_windows,leave_one_parameter_out_interpolation,empirical_primary,1.10101,11,modal_vector_summary,0,True,,0.052543490231378824,0.051494085419748044,0.01832676693115311,34.87923404107711
validation_selected_rank,6,fitting,observed_numbered_windows,leave_one_parameter_out_interpolation,empirical_primary,1.10101,11,field,0,True,,0.1436835084809138,0.142087025784109,0.0015964826968047907,1.1111106025204414
validation_selected_rank,6,fitting,observed_numbered_windows,leave_one_parameter_out_interpolation,empirical_primary,1.20202,21,mode,1,True,,0.010996933483196249,0.011320800660214684,0.0003238671770184349,2.9450680729615835
validation_selected_rank,6,fitting,observed_numbered_windows,leave_one_parameter_out_interpolation,empirical_primary,1.20202,21,mode,2,True,,0.020138247017277004,0.021384805865161314,0.0012465588478843097,6.190006740978308
validation_selected_rank,6,fitting,observed_numbered_windows,leave_one_parameter_out_interpolation,empirical_primary,1.20202,21,mode,3,True,,0.03228220198880946,0.021168873197806658,0.011113328791002804,34.425559925730006
validation_selected_rank,6,fitting,observed_numbered_windows,leave_one_parameter_out_interpolation,empirical_primary,1.20202,21,mode,4,True,,0.02641050213183699,0.027938550433902667,0.0015280483020656752,5.785760128443992
validation_selected_rank,6,fitting,observed_numbered_windows,leave_one_parameter_out_interpolation,empirical_primary,1.20202,21,mode,5,True,,0.01360116807389697,0.023236469143683925,0.009635301069786955,70.8417175454128
validation_selected_rank,6,fitting,observed_numbered_windows,leave_one_parameter_out_interpolation,empirical_primary,1.20202,21,mode,6,True,,0.02409719118186239,0.03170132604763011,0.00760413486576772,31.556104644641085
validation_selected_rank,6,fitting,observed_numbered_windows,leave_one_parameter_out_interpolation,empirical_primary,1.20202,21,modal_vector_summary,0,True,,0.05506181183810055,0.05795741379439753,0.016678180389424625,30.28992296596386
validation_selected_rank,6,fitting,observed_numbered_windows,leave_one_parameter_out_interpolation,empirical_primary,1.20202,21,field,0,True,,0.1396619024637195,0.14167669456644275,0.002014792102723234,1.442621120850494
validation_selected_rank,6,fitting,observed_numbered_windows,leave_one_parameter_out_interpolation,empirical_primary,1.30303,31,mode,1,True,,0.008956380436272154,0.010555698466559854,0.0015993180302877,17.8567451624841
validation_selected_rank,6,fitting,observed_numbered_windows,leave_one_parameter_out_interpolation,empirical_primary,1.30303,31,mode,2,True,,0.016285723453415002,0.021751572825839574,0.005465849372424572,33.56221409542861
validation_selected_rank,6,fitting,observed_numbered_windows,leave_one_parameter_out_interpolation,empirical_primary,1.30303,31,mode,3,True,,0.028603280067488752,0.028745308972750246,0.00014202890526149314,0.4965476159600555
validation_selected_rank,6,fitting,observed_numbered_windows,leave_one_parameter_out_interpolation,empirical_primary,1.30303,31,mode,4,True,,0.02936388456526799,0.022037845123531432,0.0073260394417365565,24.949149440540637
validation_selected_rank,6,fitting,observed_numbered_windows,leave_one_parameter_out_interpolation,empirical_primary,1.30303,31,mode,5,True,,0.024716174248335387,0.017182903565933716,0.0075332706824016715,30.479113016081083
validation_selected_rank,6,fitting,observed_numbered_windows,leave_one_parameter_out_interpolation,empirical_primary,1.30303,31,mode,6,True,,0.04088168916492688,0.024648197087102895,0.016233492077823982,39.70846706537503
validation_selected_rank,6,fitting,observed_numbered_windows,leave_one_parameter_out_interpolation,empirical_primary,1.30303,31,modal_vector_summary,0,True,,0.06563557468898791,0.052908400946760956,0.020159384560322107,30.71411297279975
validation_selected_rank,6,fitting,observed_numbered_windows,leave_one_parameter_out_interpolation,empirical_primary,1.30303,31,field,0,True,,0.13966988065197172,0.13567345380768564,0.003996426844286083,2.861337623853454
validation_selected_rank,6,internal_validation,observed_numbered_windows,leave_one_parameter_out_interpolation,empirical_primary,1.40404,41,mode,1,True,,0.010114463449923457,0.00849226709127979,0.0016221963586436662,16.03838272465103
validation_selected_rank,6,internal_validation,observed_numbered_windows,leave_one_parameter_out_interpolation,empirical_primary,1.40404,41,mode,2,True,,0.023364898634402147,0.01609567037027848,0.0072692282641236665,31.111747488690394
validation_selected_rank,6,internal_validation,observed_numbered_windows,leave_one_parameter_out_interpolation,empirical_primary,1.40404,41,mode,3,True,,0.025208415956691023,0.02109283101103444,0.004115584945656583,16.32623387652484
validation_selected_rank,6,internal_validation,observed_numbered_windows,leave_one_parameter_out_interpolation,empirical_primary,1.40404,41,mode,4,True,,0.017665188115225862,0.02367707269573661,0.006011884580510749,34.03238358570903
validation_selected_rank,6,internal_validation,observed_numbered_windows,leave_one_parameter_out_interpolation,empirical_primary,1.40404,41,mode,5,True,,0.020764639057970467,0.02296355541055818,0.0021989163525877146,10.589716230794124
validation_selected_rank,6,internal_validation,observed_numbered_windows,leave_one_parameter_out_interpolation,empirical_primary,1.40404,41,mode,6,True,,0.025199202992343402,0.03284456243935646,0.007645359447013059,30.339687526371556
validation_selected_rank,6,internal_validation,observed_numbered_windows,leave_one_parameter_out_interpolation,empirical_primary,1.40404,41,modal_vector_summary,0,True,,0.05159374023972983,0.05424749446236303,0.01310880430992616,25.40774180940599
validation_selected_rank,6,internal_validation,observed_numbered_windows,leave_one_parameter_out_interpolation,empirical_primary,1.40404,41,field,0,True,,0.13168500515165177,0.12872415023240424,0.002960854919247524,2.2484374100435573
validation_selected_rank,6,fitting,observed_numbered_windows,leave_one_parameter_out_interpolation,empirical_primary,1.505051,51,mode,1,True,,0.008028149151560717,0.008329939576040103,0.00030179042447938537,3.7591531844013586
validation_selected_rank,6,fitting,observed_numbered_windows,leave_one_parameter_out_interpolation,empirical_primary,1.505051,51,mode,2,True,,0.015905615405614554,0.016796038860087608,0.0008904234544730542,5.598170405646435
validation_selected_rank,6,fitting,observed_numbered_windows,leave_one_parameter_out_interpolation,empirical_primary,1.505051,51,mode,3,True,,0.013582307601060118,0.025355386919597316,0.011773079318537197,86.67952209842672
validation_selected_rank,6,fitting,observed_numbered_windows,leave_one_parameter_out_interpolation,empirical_primary,1.505051,51,mode,4,True,,0.01799020452671143,0.019177419116370848,0.0011872145896594175,6.599227862566372
validation_selected_rank,6,fitting,observed_numbered_windows,leave_one_parameter_out_interpolation,empirical_primary,1.505051,51,mode,5,True,,0.021210919221837134,0.020377924934253246,0.0008329942875838874,3.927195605583658
validation_selected_rank,6,fitting,observed_numbered_windows,leave_one_parameter_out_interpolation,empirical_primary,1.505051,51,mode,6,True,,0.024807356146151895,0.026689465462235263,0.0018821093160833677,7.586900050916226
validation_selected_rank,6,fitting,observed_numbered_windows,leave_one_parameter_out_interpolation,empirical_primary,1.505051,51,modal_vector_summary,0,True,,0.043484184850484116,0.049897407305624544,0.012047199735701522,27.70478457196467
validation_selected_rank,6,fitting,observed_numbered_windows,leave_one_parameter_out_interpolation,empirical_primary,1.505051,51,field,0,True,,0.11777831144999726,0.1256621937873971,0.007883882337399839,6.693832030990646
validation_selected_rank,6,fitting,observed_numbered_windows,leave_one_parameter_out_interpolation,empirical_primary,1.606061,61,mode,1,True,,0.006545433368785867,0.00774596727046974,0.0012005339016838727,18.34154950547703
validation_selected_rank,6,fitting,observed_numbered_windows,leave_one_parameter_out_interpolation,empirical_primary,1.606061,61,mode,2,True,,0.010227244116906052,0.013177430084257154,0.0029501859673511013,28.84634348831396
validation_selected_rank,6,fitting,observed_numbered_windows,leave_one_parameter_out_interpolation,empirical_primary,1.606061,61,mode,3,True,,0.025502356427504022,0.018716210140216103,0.006786146287287919,26.60987939125944
validation_selected_rank,6,fitting,observed_numbered_windows,leave_one_parameter_out_interpolation,empirical_primary,1.606061,61,mode,4,True,,0.020689635146562167,0.01757851153622546,0.003111123610336705,15.03711200462448
validation_selected_rank,6,fitting,observed_numbered_windows,leave_one_parameter_out_interpolation,empirical_primary,1.606061,61,mode,5,True,,0.01999121463897178,0.018176088825316863,0.001815125813654915,9.079617454141214
validation_selected_rank,6,fitting,observed_numbered_windows,leave_one_parameter_out_interpolation,empirical_primary,1.606061,61,mode,6,True,,0.028179713178659978,0.025388499362354374,0.0027912138163056037,9.905046934329135
validation_selected_rank,6,fitting,observed_numbered_windows,leave_one_parameter_out_interpolation,empirical_primary,1.606061,61,modal_vector_summary,0,True,,0.0491895853167955,0.04321910882099133,0.008772759356670252,17.83458693577326
validation_selected_rank,6,fitting,observed_numbered_windows,leave_one_parameter_out_interpolation,empirical_primary,1.606061,61,field,0,True,,0.11963944204844427,0.12052861366871004,0.0008891716202657635,0.7432094341477462
validation_selected_rank,6,fitting,observed_numbered_windows,leave_one_parameter_out_interpolation,empirical_primary,1.707071,71,mode,1,True,,0.007463785389378762,0.005800018885519469,0.0016637665038592934,22.291188948531314
validation_selected_rank,6,fitting,observed_numbered_windows,leave_one_parameter_out_interpolation,empirical_primary,1.707071,71,mode,2,True,,0.010449244762899755,0.011931607849139509,0.0014823630862397536,14.186317957666303
validation_selected_rank,6,fitting,observed_numbered_windows,leave_one_parameter_out_interpolation,empirical_primary,1.707071,71,mode,3,True,,0.023850112679372086,0.020850075418573116,0.0030000372607989698,12.578713153811202
validation_selected_rank,6,fitting,observed_numbered_windows,leave_one_parameter_out_interpolation,empirical_primary,1.707071,71,mode,4,True,,0.017166818545739496,0.022357500587690326,0.00519068204195083,30.236715254609987
validation_selected_rank,6,fitting,observed_numbered_windows,leave_one_parameter_out_interpolation,empirical_primary,1.707071,71,mode,5,True,,0.015141258428796595,0.020064687346575773,0.004923428917779178,32.51664279380829
validation_selected_rank,6,fitting,observed_numbered_windows,leave_one_parameter_out_interpolation,empirical_primary,1.707071,71,mode,6,True,,0.025969642578556853,0.023316157928949803,0.00265348464960705,10.217640237367123
validation_selected_rank,6,fitting,observed_numbered_windows,leave_one_parameter_out_interpolation,empirical_primary,1.707071,71,modal_vector_summary,0,True,,0.04395568660276369,0.04535219797661803,0.00849647315182882,19.329633566216682
validation_selected_rank,6,fitting,observed_numbered_windows,leave_one_parameter_out_interpolation,empirical_primary,1.707071,71,field,0,True,,0.12327891588742283,0.1175182768743167,0.005760639013106139,4.672850155793633
validation_selected_rank,6,fitting,observed_numbered_windows,leave_one_parameter_out_interpolation,empirical_primary,1.808081,81,mode,1,True,,0.005054604402253072,0.008943088824659485,0.003888484422406413,76.92955002914046
validation_selected_rank,6,fitting,observed_numbered_windows,leave_one_parameter_out_interpolation,empirical_primary,1.808081,81,mode,2,True,,0.013635971581372967,0.013647386883486861,1.141530211389366e-05,0.08371462235582253
validation_selected_rank,6,fitting,observed_numbered_windows,leave_one_parameter_out_interpolation,empirical_primary,1.808081,81,mode,3,True,,0.01619779440964221,0.024661657940055922,0.008463863530413712,52.25318531870826
validation_selected_rank,6,fitting,observed_numbered_windows,leave_one_parameter_out_interpolation,empirical_primary,1.808081,81,mode,4,True,,0.02402536602881849,0.021783992313395954,0.002241373715422535,9.329196952645805
validation_selected_rank,6,fitting,observed_numbered_windows,leave_one_parameter_out_interpolation,empirical_primary,1.808081,81,mode,5,True,,0.02013816005417977,0.018498624139808312,0.001639535914371458,8.141438492694691
validation_selected_rank,6,fitting,observed_numbered_windows,leave_one_parameter_out_interpolation,empirical_primary,1.808081,81,mode,6,True,,0.01845260267923963,0.02478476778054629,0.006332165101306662,34.31583723650407
validation_selected_rank,6,fitting,observed_numbered_windows,leave_one_parameter_out_interpolation,empirical_primary,1.808081,81,modal_vector_summary,0,True,,0.04239244672335713,0.048015138330918514,0.011600240354871696,27.36393214237447
validation_selected_rank,6,fitting,observed_numbered_windows,leave_one_parameter_out_interpolation,empirical_primary,1.808081,81,field,0,True,,0.11539711170018911,0.12455256447585847,0.009155452775669357,7.933866490052154
validation_selected_rank,6,fitting,observed_numbered_windows,leave_one_parameter_out_interpolation,empirical_primary,1.909091,91,mode,1,False,endpoint_requires_extrapolation,0.010422392259940206,,,
validation_selected_rank,6,fitting,observed_numbered_windows,leave_one_parameter_out_interpolation,empirical_primary,1.909091,91,mode,2,False,endpoint_requires_extrapolation,0.016845529004073965,,,
validation_selected_rank,6,fitting,observed_numbered_windows,leave_one_parameter_out_interpolation,empirical_primary,1.909091,91,mode,3,False,endpoint_requires_extrapolation,0.025473203200739758,,,
validation_selected_rank,6,fitting,observed_numbered_windows,leave_one_parameter_out_interpolation,empirical_primary,1.909091,91,mode,4,False,endpoint_requires_extrapolation,0.02640116608105241,,,
validation_selected_rank,6,fitting,observed_numbered_windows,leave_one_parameter_out_interpolation,empirical_primary,1.909091,91,mode,5,False,endpoint_requires_extrapolation,0.021855989850820032,,,
validation_selected_rank,6,fitting,observed_numbered_windows,leave_one_parameter_out_interpolation,empirical_primary,1.909091,91,mode,6,False,endpoint_requires_extrapolation,0.023599892982535727,,,
validation_selected_rank,6,fitting,observed_numbered_windows,leave_one_parameter_out_interpolation,empirical_primary,1.909091,91,modal_vector_summary,0,False,endpoint_requires_extrapolation,0.05265874097183616,,,
validation_selected_rank,6,fitting,observed_numbered_windows,leave_one_parameter_out_interpolation,empirical_primary,1.909091,91,field,0,False,endpoint_requires_extrapolation,0.1258262130642941,,,
validation_selected_rank,6,fitting,observed_numbered_windows,leave_one_parameter_out_interpolation,inverse_sqrt_sensitivity,1.0,1,mode,1,False,endpoint_requires_extrapolation,0.006939082335958781,,,
validation_selected_rank,6,fitting,observed_numbered_windows,leave_one_parameter_out_interpolation,inverse_sqrt_sensitivity,1.0,1,mode,2,False,endpoint_requires_extrapolation,0.01142299480078572,,,
validation_selected_rank,6,fitting,observed_numbered_windows,leave_one_parameter_out_interpolation,inverse_sqrt_sensitivity,1.0,1,mode,3,False,endpoint_requires_extrapolation,0.017468593892322488,,,
validation_selected_rank,6,fitting,observed_numbered_windows,leave_one_parameter_out_interpolation,inverse_sqrt_sensitivity,1.0,1,mode,4,False,endpoint_requires_extrapolation,0.028030434187185732,,,
validation_selected_rank,6,fitting,observed_numbered_windows,leave_one_parameter_out_interpolation,inverse_sqrt_sensitivity,1.0,1,mode,5,False,endpoint_requires_extrapolation,0.013224120265452147,,,
validation_selected_rank,6,fitting,observed_numbered_windows,leave_one_parameter_out_interpolation,inverse_sqrt_sensitivity,1.0,1,mode,6,False,endpoint_requires_extrapolation,0.023778011546740037,,,
validation_selected_rank,6,fitting,observed_numbered_windows,leave_one_parameter_out_interpolation,inverse_sqrt_sensitivity,1.0,1,modal_vector_summary,0,False,endpoint_requires_extrapolation,0.04483039010641191,,,
validation_selected_rank,6,fitting,observed_numbered_windows,leave_one_parameter_out_interpolation,inverse_sqrt_sensitivity,1.0,1,field,0,False,endpoint_requires_extrapolation,0.13211841645049532,,,
validation_selected_rank,6,fitting,observed_numbered_windows,leave_one_parameter_out_interpolation,inverse_sqrt_sensitivity,1.10101,11,mode,1,True,,0.012511541231614113,0.008496445295468044,0.004015095936146068,32.09113778885003
validation_selected_rank,6,fitting,observed_numbered_windows,leave_one_parameter_out_interpolation,inverse_sqrt_sensitivity,1.10101,11,mode,2,True,,0.02421256207370287,0.014917067044532648,0.009295495029170223,38.39120784027234
validation_selected_rank,6,fitting,observed_numbered_windows,leave_one_parameter_out_interpolation,inverse_sqrt_sensitivity,1.10101,11,mode,3,True,,0.012556563259967311,0.023491095709192618,0.010934532449225307,87.08220731134813
validation_selected_rank,6,fitting,observed_numbered_windows,leave_one_parameter_out_interpolation,inverse_sqrt_sensitivity,1.10101,11,mode,4,True,,0.02423937485261334,0.026087951949945908,0.0018485770973325696,7.626339823418621
validation_selected_rank,6,fitting,observed_numbered_windows,leave_one_parameter_out_interpolation,inverse_sqrt_sensitivity,1.10101,11,mode,5,True,,0.019890848137933976,0.012829408635725964,0.007061439502208012,35.500947235835014
validation_selected_rank,6,fitting,observed_numbered_windows,leave_one_parameter_out_interpolation,inverse_sqrt_sensitivity,1.10101,11,mode,6,True,,0.020589507371759956,0.022904282895677357,0.0023147755239174006,11.242500765668089
validation_selected_rank,6,fitting,observed_numbered_windows,leave_one_parameter_out_interpolation,inverse_sqrt_sensitivity,1.10101,11,modal_vector_summary,0,True,,0.04803722570849059,0.04707782054575972,0.016755016381704898,34.87923404107712
validation_selected_rank,6,fitting,observed_numbered_windows,leave_one_parameter_out_interpolation,inverse_sqrt_sensitivity,1.10101,11,field,0,True,,0.13136084217267183,0.12990127792773112,0.0014595642449407031,1.1111106025204438
validation_selected_rank,6,fitting,observed_numbered_windows,leave_one_parameter_out_interpolation,inverse_sqrt_sensitivity,1.20202,21,mode,1,True,,0.010053808254977306,0.010349899752011418,0.00029609149703411185,2.9450680729615746
validation_selected_rank,6,fitting,observed_numbered_windows,leave_one_parameter_out_interpolation,inverse_sqrt_sensitivity,1.20202,21,mode,2,True,,0.018411139288279577,0.01955079005131499,0.0011396507630354116,6.190006740978308
validation_selected_rank,6,fitting,observed_numbered_windows,leave_one_parameter_out_interpolation,inverse_sqrt_sensitivity,1.20202,21,mode,3,True,,0.029513597526062745,0.01935337632348924,0.010160221202573504,34.42555992573002
validation_selected_rank,6,fitting,observed_numbered_windows,leave_one_parameter_out_interpolation,inverse_sqrt_sensitivity,1.20202,21,mode,4,True,,0.024145469712706084,0.02554246867216935,0.0013969989594632658,5.78576012844398
validation_selected_rank,6,fitting,observed_numbered_windows,leave_one_parameter_out_interpolation,inverse_sqrt_sensitivity,1.20202,21,mode,5,True,,0.01243469700599978,0.021243649936618047,0.008808952930618267,70.84171754541279
validation_selected_rank,6,fitting,observed_numbered_windows,leave_one_parameter_out_interpolation,inverse_sqrt_sensitivity,1.20202,21,mode,6,True,,0.02203055424461468,0.028982538995839704,0.0069519847512250245,31.556104644641074
validation_selected_rank,6,fitting,observed_numbered_windows,leave_one_parameter_out_interpolation,inverse_sqrt_sensitivity,1.20202,21,modal_vector_summary,0,True,,0.050339569593450394,0.05298683729729083,0.015247816851253891,30.28992296596386
validation_selected_rank,6,fitting,observed_numbered_windows,leave_one_parameter_out_interpolation,inverse_sqrt_sensitivity,1.20202,21,field,0,True,,0.12768413940496692,0.12952613776799918,0.0018419983630322545,1.4426211208505044
validation_selected_rank,6,fitting,observed_numbered_windows,leave_one_parameter_out_interpolation,inverse_sqrt_sensitivity,1.30303,31,mode,1,True,,0.008188258272408728,0.009650414685358778,0.00146215641295005,17.856745162484106
validation_selected_rank,6,fitting,observed_numbered_windows,leave_one_parameter_out_interpolation,inverse_sqrt_sensitivity,1.30303,31,mode,2,True,,0.01488901802892712,0.019886102136502604,0.004997084107575484,33.56221409542861
validation_selected_rank,6,fitting,observed_numbered_windows,leave_one_parameter_out_interpolation,inverse_sqrt_sensitivity,1.30303,31,mode,3,True,,0.02615018938701116,0.026280037528981406,0.00012984814197024644,0.4965476159600673
validation_selected_rank,6,fitting,observed_numbered_windows,leave_one_parameter_out_interpolation,inverse_sqrt_sensitivity,1.30303,31,mode,4,True,,0.02684556249172536,0.02014782298751108,0.006697739504214283,24.949149440540626
validation_selected_rank,6,fitting,observed_numbered_windows,leave_one_parameter_out_interpolation,inverse_sqrt_sensitivity,1.30303,31,mode,5,True,,0.022596451735302114,0.015709253673275168,0.006887198062026947,30.479113016081083
validation_selected_rank,6,fitting,observed_numbered_windows,leave_one_parameter_out_interpolation,inverse_sqrt_sensitivity,1.30303,31,mode,6,True,,0.03737557061991944,0.022534304469812742,0.014841266150106697,39.70846706537503
validation_selected_rank,6,fitting,observed_numbered_windows,leave_one_parameter_out_interpolation,inverse_sqrt_sensitivity,1.30303,31,modal_vector_summary,0,True,,0.060006499415192455,0.048370840744740885,0.018430464021404636,30.714112972799757
validation_selected_rank,6,fitting,observed_numbered_windows,leave_one_parameter_out_interpolation,inverse_sqrt_sensitivity,1.30303,31,field,0,True,,0.12769143336332656,0.12403775033806393,0.00365368302526263,2.8613376238534585
validation_selected_rank,6,internal_validation,observed_numbered_windows,leave_one_parameter_out_interpolation,inverse_sqrt_sensitivity,1.40404,41,mode,1,True,,0.00924702111574025,0.007763948478568532,0.0014830726371717184,16.038382724651044
validation_selected_rank,6,internal_validation,observed_numbered_windows,leave_one_parameter_out_interpolation,inverse_sqrt_sensitivity,1.40404,41,mode,2,True,,0.021361064984725633,0.014715264385782733,0.006645800598942901,31.111747488690394
validation_selected_rank,6,internal_validation,observed_numbered_windows,leave_one_parameter_out_interpolation,inverse_sqrt_sensitivity,1.40404,41,mode,3,True,,0.02304647753190006,0.019283855709741306,0.003762621822158755,16.326233876524846
validation_selected_rank,6,internal_validation,observed_numbered_windows,leave_one_parameter_out_interpolation,inverse_sqrt_sensitivity,1.40404,41,mode,4,True,,0.016150176262316063,0.021646466197675587,0.005496289935359524,34.032383585709006
validation_selected_rank,6,internal_validation,observed_numbered_windows,leave_one_parameter_out_interpolation,inverse_sqrt_sensitivity,1.40404,41,mode,5,True,,0.01898381034055056,0.020994141985407017,0.002010331644856457,10.58971623079413
validation_selected_rank,6,internal_validation,observed_numbered_windows,leave_one_parameter_out_interpolation,inverse_sqrt_sensitivity,1.40404,41,mode,6,True,,0.023038054695010808,0.030027728501631656,0.006989673806620848,30.339687526371545
validation_selected_rank,6,internal_validation,observed_numbered_windows,leave_one_parameter_out_interpolation,inverse_sqrt_sensitivity,1.40404,41,modal_vector_summary,0,True,,0.047168928712714824,0.04959509016499233,0.011984559621589348,25.407741809405987
validation_selected_rank,6,internal_validation,observed_numbered_windows,leave_one_parameter_out_interpolation,inverse_sqrt_sensitivity,1.40404,41,field,0,True,,0.12039136127116092,0.11768443686587944,0.0027069244052814745,2.2484374100435587
validation_selected_rank,6,fitting,observed_numbered_windows,leave_one_parameter_out_interpolation,inverse_sqrt_sensitivity,1.505051,51,mode,1,True,,0.0073396344840571765,0.007615542587488033,0.0002759081034308568,3.759153184401375
validation_selected_rank,6,fitting,observed_numbered_windows,leave_one_parameter_out_interpolation,inverse_sqrt_sensitivity,1.505051,51,mode,2,True,,0.014541509022475557,0.015355567477106188,0.0008140584546306312,5.598170405646424
validation_selected_rank,6,fitting,observed_numbered_windows,leave_one_parameter_out_interpolation,inverse_sqrt_sensitivity,1.505051,51,mode,3,True,,0.012417454055700076,0.023180843887972605,0.010763389832272529,86.67952209842669
validation_selected_rank,6,fitting,observed_numbered_windows,leave_one_parameter_out_interpolation,inverse_sqrt_sensitivity,1.505051,51,mode,4,True,,0.01644731843252104,0.017532714453164983,0.0010853960206439438,6.599227862566376
validation_selected_rank,6,fitting,observed_numbered_windows,leave_one_parameter_out_interpolation,inverse_sqrt_sensitivity,1.505051,51,mode,5,True,,0.019391816372629534,0.018630261812200778,0.0007615545604287566,3.9271956055836434
validation_selected_rank,6,fitting,observed_numbered_windows,leave_one_parameter_out_interpolation,inverse_sqrt_sensitivity,1.505051,51,mode,6,True,,0.02267981363963416,0.02440050843220727,0.0017206947925731096,7.586900050916228
validation_selected_rank,6,fitting,observed_numbered_windows,leave_one_parameter_out_interpolation,inverse_sqrt_sensitivity,1.505051,51,modal_vector_summary,0,True,,0.03975486959876471,0.04561807764299091,0.011014000979203235,27.704784571964662
validation_selected_rank,6,fitting,observed_numbered_windows,leave_one_parameter_out_interpolation,inverse_sqrt_sensitivity,1.505051,51,field,0,True,,0.10767734129906793,0.11488508166106408,0.0072077403619961455,6.693832030990661
validation_selected_rank,6,fitting,observed_numbered_windows,leave_one_parameter_out_interpolation,inverse_sqrt_sensitivity,1.606061,61,mode,1,True,,0.0059840802107294965,0.007081653245027901,0.0010975730342984045,18.341549505477026
validation_selected_rank,6,fitting,observed_numbered_windows,leave_one_parameter_out_interpolation,inverse_sqrt_sensitivity,1.606061,61,mode,2,True,,0.009350129423382926,0.012047299873453876,0.0026971704500709497,28.846343488313973
validation_selected_rank,6,fitting,observed_numbered_windows,leave_one_parameter_out_interpolation,inverse_sqrt_sensitivity,1.606061,61,mode,3,True,,0.023315208913830064,0.017111059942039715,0.006204148971790349,26.609879391259433
validation_selected_rank,6,fitting,observed_numbered_windows,leave_one_parameter_out_interpolation,inverse_sqrt_sensitivity,1.606061,61,mode,4,True,,0.01891523895700763,0.01607093328910003,0.002844305667907599,15.037112004624472
validation_selected_rank,6,fitting,observed_numbered_windows,leave_one_parameter_out_interpolation,inverse_sqrt_sensitivity,1.606061,61,mode,5,True,,0.01827671678395027,0.016617260816790765,0.001659455967159506,9.079617454141216
validation_selected_rank,6,fitting,observed_numbered_windows,leave_one_parameter_out_interpolation,inverse_sqrt_sensitivity,1.606061,61,mode,6,True,,0.025762948681231784,0.023211116522688646,0.0025518321585431374,9.905046934329135
validation_selected_rank,6,fitting,observed_numbered_windows,leave_one_parameter_out_interpolation,inverse_sqrt_sensitivity,1.606061,61,modal_vector_summary,0,True,,0.04497096028384548,0.0395125271696154,0.008020385007674487,17.83458693577326
validation_selected_rank,6,fitting,observed_numbered_windows,leave_one_parameter_out_interpolation,inverse_sqrt_sensitivity,1.606061,61,field,0,True,,0.10937885656265021,0.11019177054358677,0.0008129139809365526,0.7432094341477508
validation_selected_rank,6,fitting,observed_numbered_windows,leave_one_parameter_out_interpolation,inverse_sqrt_sensitivity,1.707071,71,mode,1,True,,0.0068236720059986255,0.005302594385913436,0.0015210776200851898,22.2911889485313
validation_selected_rank,6,fitting,observed_numbered_windows,leave_one_parameter_out_interpolation,inverse_sqrt_sensitivity,1.707071,71,mode,2,True,,0.009553090724432197,0.010908322549384475,0.0013552318249522785,14.186317957666303
validation_selected_rank,6,fitting,observed_numbered_windows,leave_one_parameter_out_interpolation,inverse_sqrt_sensitivity,1.707071,71,mode,3,True,,0.021804665828379352,0.019061919459680422,0.00274274636869893,12.578713153811202
validation_selected_rank,6,fitting,observed_numbered_windows,leave_one_parameter_out_interpolation,inverse_sqrt_sensitivity,1.707071,71,mode,4,True,,0.015694548145679024,0.02044006397898566,0.004745515833306638,30.236715254609987
validation_selected_rank,6,fitting,observed_numbered_windows,leave_one_parameter_out_interpolation,inverse_sqrt_sensitivity,1.707071,71,mode,5,True,,0.013842705260951998,0.01834388828365547,0.004501183022703472,32.51664279380831
validation_selected_rank,6,fitting,observed_numbered_windows,leave_one_parameter_out_interpolation,inverse_sqrt_sensitivity,1.707071,71,mode,6,True,,0.023742419405743127,0.021316504407217458,0.0024259149985256696,10.217640237367123
validation_selected_rank,6,fitting,observed_numbered_windows,leave_one_parameter_out_interpolation,inverse_sqrt_sensitivity,1.707071,71,modal_vector_summary,0,True,,0.040185934151128165,0.0414626771268023,0.0077677938165742035,19.329633566216682
validation_selected_rank,6,fitting,observed_numbered_windows,leave_one_parameter_out_interpolation,inverse_sqrt_sensitivity,1.707071,71,field,0,True,,0.1127061997881056,0.10743960795571803,0.0052665918323875766,4.6728501557936335
validation_selected_rank,6,fitting,observed_numbered_windows,leave_one_parameter_out_interpolation,inverse_sqrt_sensitivity,1.808081,81,mode,1,True,,0.004621108561097375,0.008176106583507672,0.003554998022410297,76.92955002914044
validation_selected_rank,6,fitting,observed_numbered_windows,leave_one_parameter_out_interpolation,inverse_sqrt_sensitivity,1.808081,81,mode,2,True,,0.012466515675386024,0.012476951971904604,1.0436296518579607e-05,0.08371462235582877
validation_selected_rank,6,fitting,observed_numbered_windows,leave_one_parameter_out_interpolation,inverse_sqrt_sensitivity,1.808081,81,mode,3,True,,0.01480863000553078,0.02254661088548262,0.007737980879951839,52.25318531870828
validation_selected_rank,6,fitting,observed_numbered_windows,leave_one_parameter_out_interpolation,inverse_sqrt_sensitivity,1.808081,81,mode,4,True,,0.021964889000963692,0.019915741245633757,0.002049147755329935,9.329196952645791
validation_selected_rank,6,fitting,observed_numbered_windows,leave_one_parameter_out_interpolation,inverse_sqrt_sensitivity,1.808081,81,mode,5,True,,0.018411059783360665,0.01691213467524511,0.0014989251081155563,8.141438492694688
validation_selected_rank,6,fitting,observed_numbered_windows,leave_one_parameter_out_interpolation,inverse_sqrt_sensitivity,1.808081,81,mode,6,True,,0.016870060133203132,0.022659162510213486,0.005789102377010354,34.3158372365041
validation_selected_rank,6,fitting,observed_numbered_windows,leave_one_parameter_out_interpolation,inverse_sqrt_sensitivity,1.808081,81,modal_vector_summary,0,True,,0.03875676173428097,0.04389723688452822,0.010605373981550403,27.36393214237448
validation_selected_rank,6,fitting,observed_numbered_windows,leave_one_parameter_out_interpolation,inverse_sqrt_sensitivity,1.808081,81,field,0,True,,0.10550035934878584,0.11387061700604376,0.00837025765725792,7.933866490052151
validation_selected_rank,6,fitting,observed_numbered_windows,leave_one_parameter_out_interpolation,inverse_sqrt_sensitivity,1.909091,91,mode,1,False,endpoint_requires_extrapolation,0.009528541161016719,,,
validation_selected_rank,6,fitting,observed_numbered_windows,leave_one_parameter_out_interpolation,inverse_sqrt_sensitivity,1.909091,91,mode,2,False,endpoint_requires_extrapolation,0.01540081321937701,,,
validation_selected_rank,6,fitting,observed_numbered_windows,leave_one_parameter_out_interpolation,inverse_sqrt_sensitivity,1.909091,91,mode,3,False,endpoint_requires_extrapolation,0.023288555942585883,,,
validation_selected_rank,6,fitting,observed_numbered_windows,leave_one_parameter_out_interpolation,inverse_sqrt_sensitivity,1.909091,91,mode,4,False,endpoint_requires_extrapolation,0.024136934345588487,,,
validation_selected_rank,6,fitting,observed_numbered_windows,leave_one_parameter_out_interpolation,inverse_sqrt_sensitivity,1.909091,91,mode,5,False,endpoint_requires_extrapolation,0.01998156408953822,,,
validation_selected_rank,6,fitting,observed_numbered_windows,leave_one_parameter_out_interpolation,inverse_sqrt_sensitivity,1.909091,91,mode,6,False,endpoint_requires_extrapolation,0.02157590561468384,,,
validation_selected_rank,6,fitting,observed_numbered_windows,leave_one_parameter_out_interpolation,inverse_sqrt_sensitivity,1.909091,91,modal_vector_summary,0,False,endpoint_requires_extrapolation,0.048142592249769835,,,
validation_selected_rank,6,fitting,observed_numbered_windows,leave_one_parameter_out_interpolation,inverse_sqrt_sensitivity,1.909091,91,field,0,False,endpoint_requires_extrapolation,0.11503503422398191,,,
paper_rank15,15,fitting,observed_numbered_windows,leave_one_parameter_out_interpolation,empirical_primary,1.0,1,mode,1,False,endpoint_requires_extrapolation,0.007590022103831441,,,
paper_rank15,15,fitting,observed_numbered_windows,leave_one_parameter_out_interpolation,empirical_primary,1.0,1,mode,2,False,endpoint_requires_extrapolation,0.012494560351392013,,,
paper_rank15,15,fitting,observed_numbered_windows,leave_one_parameter_out_interpolation,empirical_primary,1.0,1,mode,3,False,endpoint_requires_extrapolation,0.019107283549369056,,,
paper_rank15,15,fitting,observed_numbered_windows,leave_one_parameter_out_interpolation,empirical_primary,1.0,1,mode,4,False,endpoint_requires_extrapolation,0.030659906419936732,,,
paper_rank15,15,fitting,observed_numbered_windows,leave_one_parameter_out_interpolation,empirical_primary,1.0,1,mode,5,False,endpoint_requires_extrapolation,0.014464645360723867,,,
paper_rank15,15,fitting,observed_numbered_windows,leave_one_parameter_out_interpolation,empirical_primary,1.0,1,mode,6,False,endpoint_requires_extrapolation,0.026008573538561362,,,
paper_rank15,15,fitting,observed_numbered_windows,leave_one_parameter_out_interpolation,empirical_primary,1.0,1,mode,7,False,endpoint_requires_extrapolation,0.018645002776012484,,,
paper_rank15,15,fitting,observed_numbered_windows,leave_one_parameter_out_interpolation,empirical_primary,1.0,1,mode,8,False,endpoint_requires_extrapolation,0.019660175924843353,,,
paper_rank15,15,fitting,observed_numbered_windows,leave_one_parameter_out_interpolation,empirical_primary,1.0,1,mode,9,False,endpoint_requires_extrapolation,0.025035564407688126,,,
paper_rank15,15,fitting,observed_numbered_windows,leave_one_parameter_out_interpolation,empirical_primary,1.0,1,mode,10,False,endpoint_requires_extrapolation,0.019096622086406796,,,
paper_rank15,15,fitting,observed_numbered_windows,leave_one_parameter_out_interpolation,empirical_primary,1.0,1,mode,11,False,endpoint_requires_extrapolation,0.016851683661468088,,,
paper_rank15,15,fitting,observed_numbered_windows,leave_one_parameter_out_interpolation,empirical_primary,1.0,1,mode,12,False,endpoint_requires_extrapolation,0.014861887905946308,,,
paper_rank15,15,fitting,observed_numbered_windows,leave_one_parameter_out_interpolation,empirical_primary,1.0,1,mode,13,False,endpoint_requires_extrapolation,0.028048699112342486,,,
paper_rank15,15,fitting,observed_numbered_windows,leave_one_parameter_out_interpolation,empirical_primary,1.0,1,mode,14,False,endpoint_requires_extrapolation,0.02237315924939787,,,
paper_rank15,15,fitting,observed_numbered_windows,leave_one_parameter_out_interpolation,empirical_primary,1.0,1,mode,15,False,endpoint_requires_extrapolation,0.023184195551836304,,,
paper_rank15,15,fitting,observed_numbered_windows,leave_one_parameter_out_interpolation,empirical_primary,1.0,1,modal_vector_summary,0,False,endpoint_requires_extrapolation,0.08037276431614836,,,
paper_rank15,15,fitting,observed_numbered_windows,leave_one_parameter_out_interpolation,empirical_primary,1.0,1,field,0,False,endpoint_requires_extrapolation,0.1445121491044985,,,
paper_rank15,15,fitting,observed_numbered_windows,leave_one_parameter_out_interpolation,empirical_primary,1.10101,11,mode,1,True,,0.013685220884157221,0.009293477793513845,0.0043917430906433765,32.09113778885005
paper_rank15,15,fitting,observed_numbered_windows,leave_one_parameter_out_interpolation,empirical_primary,1.10101,11,mode,2,True,,0.02648388827690764,0.01631640368433451,0.01016748459257313,38.39120784027233
paper_rank15,15,fitting,observed_numbered_windows,leave_one_parameter_out_interpolation,empirical_primary,1.10101,11,mode,3,True,,0.013734466328124544,0.025694742769089257,0.011960276440964713,87.08220731134809
paper_rank15,15,fitting,observed_numbered_windows,leave_one_parameter_out_interpolation,empirical_primary,1.10101,11,mode,4,True,,0.02651321630253734,0.028535204275886863,0.002021987973349522,7.626339823418615
paper_rank15,15,fitting,observed_numbered_windows,leave_one_parameter_out_interpolation,empirical_primary,1.10101,11,mode,5,True,,0.02175676403903246,0.014032906717310419,0.00772385732172204,35.500947235835014
paper_rank15,15,fitting,observed_numbered_windows,leave_one_parameter_out_interpolation,empirical_primary,1.10101,11,mode,6,True,,0.022520962930333326,0.025052882360211876,0.00253191942987855,11.242500765668085
paper_rank15,15,fitting,observed_numbered_windows,leave_one_parameter_out_interpolation,empirical_primary,1.10101,11,mode,7,True,,0.028392291821849568,0.029154867826395633,0.0007625760045460658,2.685855757368688
paper_rank15,15,fitting,observed_numbered_windows,leave_one_parameter_out_interpolation,empirical_primary,1.10101,11,mode,8,True,,0.021754844107102645,0.018226562362913548,0.003528281744189097,16.218372914183117
paper_rank15,15,fitting,observed_numbered_windows,leave_one_parameter_out_interpolation,empirical_primary,1.10101,11,mode,9,True,,0.02467417706675809,0.023666129271450162,0.0010080477953079287,4.085436335244614
paper_rank15,15,fitting,observed_numbered_windows,leave_one_parameter_out_interpolation,empirical_primary,1.10101,11,mode,10,True,,0.015437514868641299,0.015409386721757389,2.8128146883910077e-05,0.18220644399862346
paper_rank15,15,fitting,observed_numbered_windows,leave_one_parameter_out_interpolation,empirical_primary,1.10101,11,mode,11,True,,0.015305372690223732,0.013956833595888235,0.001348539094335497,8.810887010917892
paper_rank15,15,fitting,observed_numbered_windows,leave_one_parameter_out_interpolation,empirical_primary,1.10101,11,mode,12,True,,0.01595838046857269,0.015017821715223471,0.0009405587533492174,5.893823343800379
paper_rank15,15,fitting,observed_numbered_windows,leave_one_parameter_out_interpolation,empirical_primary,1.10101,11,mode,13,True,,0.023831100427923666,0.02578176846824913,0.0019506680403254643,8.185388023625647
paper_rank15,15,fitting,observed_numbered_windows,leave_one_parameter_out_interpolation,empirical_primary,1.10101,11,mode,14,True,,0.019619790264004615,0.015181375588310907,0.0044384146756937075,22.62213110318835
paper_rank15,15,fitting,observed_numbered_windows,leave_one_parameter_out_interpolation,empirical_primary,1.10101,11,mode,15,True,,0.032504585734882525,0.02255084111265628,0.009953744622226247,30.622585697329207
paper_rank15,15,fitting,observed_numbered_windows,leave_one_parameter_out_interpolation,empirical_primary,1.10101,11,modal_vector_summary,0,True,,0.08593995388484722,0.08034570280157698,0.021799139960720432,25.365547658926562
paper_rank15,15,fitting,observed_numbered_windows,leave_one_parameter_out_interpolation,empirical_primary,1.10101,11,field,0,True,,0.1436835084809138,0.142087025784109,0.0015964826968047907,1.1111106025204414
paper_rank15,15,fitting,observed_numbered_windows,leave_one_parameter_out_interpolation,empirical_primary,1.20202,21,mode,1,True,,0.010996933483196249,0.011320800660214684,0.0003238671770184349,2.9450680729615835
paper_rank15,15,fitting,observed_numbered_windows,leave_one_parameter_out_interpolation,empirical_primary,1.20202,21,mode,2,True,,0.020138247017277004,0.021384805865161314,0.0012465588478843097,6.190006740978308
paper_rank15,15,fitting,observed_numbered_windows,leave_one_parameter_out_interpolation,empirical_primary,1.20202,21,mode,3,True,,0.03228220198880946,0.021168873197806658,0.011113328791002804,34.425559925730006
paper_rank15,15,fitting,observed_numbered_windows,leave_one_parameter_out_interpolation,empirical_primary,1.20202,21,mode,4,True,,0.02641050213183699,0.027938550433902667,0.0015280483020656752,5.785760128443992
paper_rank15,15,fitting,observed_numbered_windows,leave_one_parameter_out_interpolation,empirical_primary,1.20202,21,mode,5,True,,0.01360116807389697,0.023236469143683925,0.009635301069786955,70.8417175454128
paper_rank15,15,fitting,observed_numbered_windows,leave_one_parameter_out_interpolation,empirical_primary,1.20202,21,mode,6,True,,0.02409719118186239,0.03170132604763011,0.00760413486576772,31.556104644641085
paper_rank15,15,fitting,observed_numbered_windows,leave_one_parameter_out_interpolation,empirical_primary,1.20202,21,mode,7,True,,0.03966473287677878,0.0255996322446574,0.014065100632121384,35.45996559668153
paper_rank15,15,fitting,observed_numbered_windows,leave_one_parameter_out_interpolation,empirical_primary,1.20202,21,mode,8,True,,0.016792948800983743,0.01952003451827731,0.0027270857172935654,16.23946901531559
paper_rank15,15,fitting,observed_numbered_windows,leave_one_parameter_out_interpolation,empirical_primary,1.20202,21,mode,9,True,,0.0222966941352122,0.022311549378407687,1.4855243195485701e-05,0.0666253172124986
paper_rank15,15,fitting,observed_numbered_windows,leave_one_parameter_out_interpolation,empirical_primary,1.20202,21,mode,10,True,,0.011722151357107982,0.01726926200252713,0.005547110645419146,47.321609117899115
paper_rank15,15,fitting,observed_numbered_windows,leave_one_parameter_out_interpolation,empirical_primary,1.20202,21,mode,11,True,,0.011061983530308381,0.0168470333494025,0.005785049819094119,52.29667720299748
paper_rank15,15,fitting,observed_numbered_windows,leave_one_parameter_out_interpolation,empirical_primary,1.20202,21,mode,12,True,,0.015173755524500633,0.013603791354716677,0.001569964169783956,10.346576147539608
paper_rank15,15,fitting,observed_numbered_windows,leave_one_parameter_out_interpolation,empirical_primary,1.20202,21,mode,13,True,,0.023514837824155775,0.0225452179688623,0.0009696198552934764,4.123438411713934
paper_rank15,15,fitting,observed_numbered_windows,leave_one_parameter_out_interpolation,empirical_primary,1.20202,21,mode,14,True,,0.007989591927223946,0.01939751854822071,0.011407926620996765,142.7848471475132
paper_rank15,15,fitting,observed_numbered_windows,leave_one_parameter_out_interpolation,empirical_primary,1.20202,21,mode,15,True,,0.021917486673476254,0.026633291155693073,0.004715804482216819,21.516173603626342
paper_rank15,15,fitting,observed_numbered_windows,leave_one_parameter_out_interpolation,empirical_primary,1.20202,21,modal_vector_summary,0,True,,0.08349500837652073,0.0851718018298489,0.026522589690040777,31.765479404992885
paper_rank15,15,fitting,observed_numbered_windows,leave_one_parameter_out_interpolation,empirical_primary,1.20202,21,field,0,True,,0.1396619024637195,0.14167669456644275,0.002014792102723234,1.442621120850494
paper_rank15,15,fitting,observed_numbered_windows,leave_one_parameter_out_interpolation,empirical_primary,1.30303,31,mode,1,True,,0.008956380436272154,0.010555698466559854,0.0015993180302877,17.8567451624841
paper_rank15,15,fitting,observed_numbered_windows,leave_one_parameter_out_interpolation,empirical_primary,1.30303,31,mode,2,True,,0.016285723453415002,0.021751572825839574,0.005465849372424572,33.56221409542861
paper_rank15,15,fitting,observed_numbered_windows,leave_one_parameter_out_interpolation,empirical_primary,1.30303,31,mode,3,True,,0.028603280067488752,0.028745308972750246,0.00014202890526149314,0.4965476159600555
paper_rank15,15,fitting,observed_numbered_windows,leave_one_parameter_out_interpolation,empirical_primary,1.30303,31,mode,4,True,,0.02936388456526799,0.022037845123531432,0.0073260394417365565,24.949149440540637
paper_rank15,15,fitting,observed_numbered_windows,leave_one_parameter_out_interpolation,empirical_primary,1.30303,31,mode,5,True,,0.024716174248335387,0.017182903565933716,0.0075332706824016715,30.479113016081083
paper_rank15,15,fitting,observed_numbered_windows,leave_one_parameter_out_interpolation,empirical_primary,1.30303,31,mode,6,True,,0.04088168916492688,0.024648197087102895,0.016233492077823982,39.70846706537503
paper_rank15,15,fitting,observed_numbered_windows,leave_one_parameter_out_interpolation,empirical_primary,1.30303,31,mode,7,True,,0.022806972667465238,0.034139215272379064,0.011332242604913827,49.68762303591295
paper_rank15,15,fitting,observed_numbered_windows,leave_one_parameter_out_interpolation,empirical_primary,1.30303,31,mode,8,True,,0.017285224929451976,0.015221175661352466,0.0020640492680995097,11.941118941313944
paper_rank15,15,fitting,observed_numbered_windows,leave_one_parameter_out_interpolation,empirical_primary,1.30303,31,mode,9,True,,0.019948921690057287,0.023231245419043586,0.0032823237289862986,16.45363985073056
paper_rank15,15,fitting,observed_numbered_windows,leave_one_parameter_out_interpolation,empirical_primary,1.30303,31,mode,10,True,,0.019101009136412956,0.014159941546125737,0.004941067590287219,25.868097098953164
paper_rank15,15,fitting,observed_numbered_windows,leave_one_parameter_out_interpolation,empirical_primary,1.30303,31,mode,11,True,,0.018388694008581268,0.012614442076006843,0.005774251932574425,31.401098576548247
paper_rank15,15,fitting,observed_numbered_windows,leave_one_parameter_out_interpolation,empirical_primary,1.30303,31,mode,12,True,,0.011249202240860671,0.014519411656214561,0.00327020941535389,29.070589587903857
paper_rank15,15,fitting,observed_numbered_windows,leave_one_parameter_out_interpolation,empirical_primary,1.30303,31,mode,13,True,,0.02125933550980093,0.023478918948567015,0.002219583438766083,10.440511829463418
paper_rank15,15,fitting,observed_numbered_windows,leave_one_parameter_out_interpolation,empirical_primary,1.30303,31,mode,14,True,,0.019175246832436807,0.009261958047946672,0.009913288784490135,51.698363369804646
paper_rank15,15,fitting,observed_numbered_windows,leave_one_parameter_out_interpolation,empirical_primary,1.30303,31,mode,15,True,,0.020761996576503634,0.020090941193663905,0.0006710553828397289,3.232133192812308
paper_rank15,15,fitting,observed_numbered_windows,leave_one_parameter_out_interpolation,empirical_primary,1.30303,31,modal_vector_summary,0,True,,0.08720763872584936,0.0796698857199786,0.02686922070281649,30.810627481021502
paper_rank15,15,fitting,observed_numbered_windows,leave_one_parameter_out_interpolation,empirical_primary,1.30303,31,field,0,True,,0.13966988065197172,0.13567345380768564,0.003996426844286083,2.861337623853454
paper_rank15,15,internal_validation,observed_numbered_windows,leave_one_parameter_out_interpolation,empirical_primary,1.40404,41,mode,1,True,,0.010114463449923457,0.00849226709127979,0.0016221963586436662,16.03838272465103
paper_rank15,15,internal_validation,observed_numbered_windows,leave_one_parameter_out_interpolation,empirical_primary,1.40404,41,mode,2,True,,0.023364898634402147,0.01609567037027848,0.0072692282641236665,31.111747488690394
paper_rank15,15,internal_validation,observed_numbered_windows,leave_one_parameter_out_interpolation,empirical_primary,1.40404,41,mode,3,True,,0.025208415956691023,0.02109283101103444,0.004115584945656583,16.32623387652484
paper_rank15,15,internal_validation,observed_numbered_windows,leave_one_parameter_out_interpolation,empirical_primary,1.40404,41,mode,4,True,,0.017665188115225862,0.02367707269573661,0.006011884580510749,34.03238358570903
paper_rank15,15,internal_validation,observed_numbered_windows,leave_one_parameter_out_interpolation,empirical_primary,1.40404,41,mode,5,True,,0.020764639057970467,0.02296355541055818,0.0021989163525877146,10.589716230794124
paper_rank15,15,internal_validation,observed_numbered_windows,leave_one_parameter_out_interpolation,empirical_primary,1.40404,41,mode,6,True,,0.025199202992343402,0.03284456243935646,0.007645359447013059,30.339687526371556
paper_rank15,15,internal_validation,observed_numbered_windows,leave_one_parameter_out_interpolation,empirical_primary,1.40404,41,mode,7,True,,0.02861369766797934,0.025284511387855462,0.003329186280123877,11.634939037779313
paper_rank15,15,internal_validation,observed_numbered_windows,leave_one_parameter_out_interpolation,empirical_primary,1.40404,41,mode,8,True,,0.013649402521721183,0.01813019962850422,0.004480797106783037,32.827789345742076
paper_rank15,15,internal_validation,observed_numbered_windows,leave_one_parameter_out_interpolation,empirical_primary,1.40404,41,mode,9,True,,0.024165796702874973,0.027233134962651562,0.0030673382597765884,12.69289110344817
paper_rank15,15,internal_validation,observed_numbered_windows,leave_one_parameter_out_interpolation,empirical_primary,1.40404,41,mode,10,True,,0.016597731735143496,0.018561221550695978,0.001963489815552482,11.829868363247808
paper_rank15,15,internal_validation,observed_numbered_windows,leave_one_parameter_out_interpolation,empirical_primary,1.40404,41,mode,11,True,,0.01416690062170531,0.016679703318435216,0.002512802696729906,17.73713788095616
paper_rank15,15,internal_validation,observed_numbered_windows,leave_one_parameter_out_interpolation,empirical_primary,1.40404,41,mode,12,True,,0.01386506778792849,0.012095157094226422,0.0017699106937020676,12.765250922487564
paper_rank15,15,internal_validation,observed_numbered_windows,leave_one_parameter_out_interpolation,empirical_primary,1.40404,41,mode,13,True,,0.023443000072978254,0.0171304919209991,0.006312508151979153,26.927049150399963
paper_rank15,15,internal_validation,observed_numbered_windows,leave_one_parameter_out_interpolation,empirical_primary,1.40404,41,mode,14,True,,0.010534324168669399,0.015921734515914478,0.005387410347245079,51.141490056552605
paper_rank15,15,internal_validation,observed_numbered_windows,leave_one_parameter_out_interpolation,empirical_primary,1.40404,41,mode,15,True,,0.01826439571385155,0.019770102320382,0.0015057066065304499,8.24394428439007
paper_rank15,15,internal_validation,observed_numbered_windows,leave_one_parameter_out_interpolation,empirical_primary,1.40404,41,modal_vector_summary,0,True,,0.07689934922539488,0.07974510362786054,0.017229378797601978,22.405103516678697
paper_rank15,15,internal_validation,observed_numbered_windows,leave_one_parameter_out_interpolation,empirical_primary,1.40404,41,field,0,True,,0.13168500515165177,0.12872415023240424,0.002960854919247524,2.2484374100435573
paper_rank15,15,fitting,observed_numbered_windows,leave_one_parameter_out_interpolation,empirical_primary,1.505051,51,mode,1,True,,0.008028149151560717,0.008329939576040103,0.00030179042447938537,3.7591531844013586
paper_rank15,15,fitting,observed_numbered_windows,leave_one_parameter_out_interpolation,empirical_primary,1.505051,51,mode,2,True,,0.015905615405614554,0.016796038860087608,0.0008904234544730542,5.598170405646435
paper_rank15,15,fitting,observed_numbered_windows,leave_one_parameter_out_interpolation,empirical_primary,1.505051,51,mode,3,True,,0.013582307601060118,0.025355386919597316,0.011773079318537197,86.67952209842672
paper_rank15,15,fitting,observed_numbered_windows,leave_one_parameter_out_interpolation,empirical_primary,1.505051,51,mode,4,True,,0.01799020452671143,0.019177419116370848,0.0011872145896594175,6.599227862566372
paper_rank15,15,fitting,observed_numbered_windows,leave_one_parameter_out_interpolation,empirical_primary,1.505051,51,mode,5,True,,0.021210919221837134,0.020377924934253246,0.0008329942875838874,3.927195605583658
paper_rank15,15,fitting,observed_numbered_windows,leave_one_parameter_out_interpolation,empirical_primary,1.505051,51,mode,6,True,,0.024807356146151895,0.026689465462235263,0.0018821093160833677,7.586900050916226
paper_rank15,15,fitting,observed_numbered_windows,leave_one_parameter_out_interpolation,empirical_primary,1.505051,51,mode,7,True,,0.027762074635903546,0.028696439733510458,0.0009343650976069116,3.3656169787777164
paper_rank15,15,fitting,observed_numbered_windows,leave_one_parameter_out_interpolation,empirical_primary,1.505051,51,mode,8,True,,0.018975182692814348,0.020215564287467715,0.001240381594653367,6.536862462584264
paper_rank15,15,fitting,observed_numbered_windows,leave_one_parameter_out_interpolation,empirical_primary,1.505051,51,mode,9,True,,0.03451742034902934,0.024573642653476696,0.009943777695552644,28.807997802281516
paper_rank15,15,fitting,observed_numbered_windows,leave_one_parameter_out_interpolation,empirical_primary,1.505051,51,mode,10,True,,0.018021428621076557,0.018968648880907164,0.000947220259830607,5.256077527187866
paper_rank15,15,fitting,observed_numbered_windows,leave_one_parameter_out_interpolation,empirical_primary,1.505051,51,mode,11,True,,0.014970695709264415,0.012650255704388819,0.0023204400048755965,15.499880900255178
paper_rank15,15,fitting,observed_numbered_windows,leave_one_parameter_out_interpolation,empirical_primary,1.505051,51,mode,12,True,,0.012941120322553597,0.014746823572341979,0.0018057032497883815,13.953222014646045
paper_rank15,15,fitting,observed_numbered_windows,leave_one_parameter_out_interpolation,empirical_primary,1.505051,51,mode,13,True,,0.013001607456604872,0.021489084015218665,0.008487476558613793,65.28020928906079
paper_rank15,15,fitting,observed_numbered_windows,leave_one_parameter_out_interpolation,empirical_primary,1.505051,51,mode,14,True,,0.012668189989588005,0.009747046135295001,0.0029211438542930037,23.058888891735076
paper_rank15,15,fitting,observed_numbered_windows,leave_one_parameter_out_interpolation,empirical_primary,1.505051,51,mode,15,True,,0.018778198244497408,0.017983667078557707,0.0007945311659397006,4.231136318802699
paper_rank15,15,fitting,observed_numbered_windows,leave_one_parameter_out_interpolation,empirical_primary,1.505051,51,modal_vector_summary,0,True,,0.07491080538962426,0.07709264036806847,0.018362166886120405,24.51204040674179
paper_rank15,15,fitting,observed_numbered_windows,leave_one_parameter_out_interpolation,empirical_primary,1.505051,51,field,0,True,,0.11777831144999726,0.1256621937873971,0.007883882337399839,6.693832030990646
paper_rank15,15,fitting,observed_numbered_windows,leave_one_parameter_out_interpolation,empirical_primary,1.606061,61,mode,1,True,,0.006545433368785867,0.00774596727046974,0.0012005339016838727,18.34154950547703
paper_rank15,15,fitting,observed_numbered_windows,leave_one_parameter_out_interpolation,empirical_primary,1.606061,61,mode,2,True,,0.010227244116906052,0.013177430084257154,0.0029501859673511013,28.84634348831396
paper_rank15,15,fitting,observed_numbered_windows,leave_one_parameter_out_interpolation,empirical_primary,1.606061,61,mode,3,True,,0.025502356427504022,0.018716210140216103,0.006786146287287919,26.60987939125944
paper_rank15,15,fitting,observed_numbered_windows,leave_one_parameter_out_interpolation,empirical_primary,1.606061,61,mode,4,True,,0.020689635146562167,0.01757851153622546,0.003111123610336705,15.03711200462448
paper_rank15,15,fitting,observed_numbered_windows,leave_one_parameter_out_interpolation,empirical_primary,1.606061,61,mode,5,True,,0.01999121463897178,0.018176088825316863,0.001815125813654915,9.079617454141214
paper_rank15,15,fitting,observed_numbered_windows,leave_one_parameter_out_interpolation,empirical_primary,1.606061,61,mode,6,True,,0.028179713178659978,0.025388499362354374,0.0027912138163056037,9.905046934329135
paper_rank15,15,fitting,observed_numbered_windows,leave_one_parameter_out_interpolation,empirical_primary,1.606061,61,mode,7,True,,0.028779180979902418,0.03311554489253669,0.00433636391263427,15.067711328069116
paper_rank15,15,fitting,observed_numbered_windows,leave_one_parameter_out_interpolation,empirical_primary,1.606061,61,mode,8,True,,0.026781661048791306,0.01589962098379092,0.010882040065000386,40.632431443200225
paper_rank15,15,fitting,observed_numbered_windows,leave_one_parameter_out_interpolation,empirical_primary,1.606061,61,mode,9,True,,0.024981484566439446,0.024587178518290956,0.0003943060481484892,1.578393177954711
paper_rank15,15,fitting,observed_numbered_windows,leave_one_parameter_out_interpolation,empirical_primary,1.606061,61,mode,10,True,,0.02133954255479999,0.015320570568761016,0.006018971986038974,28.205721704587816
paper_rank15,15,fitting,observed_numbered_windows,leave_one_parameter_out_interpolation,empirical_primary,1.606061,61,mode,11,True,,0.011133625801723376,0.012729766035741288,0.001596140234017912,14.336212321513852
paper_rank15,15,fitting,observed_numbered_windows,leave_one_parameter_out_interpolation,empirical_primary,1.606061,61,mode,12,True,,0.015628570627450895,0.012401045715757508,0.0032275249116933864,20.651440164491955
paper_rank15,15,fitting,observed_numbered_windows,leave_one_parameter_out_interpolation,empirical_primary,1.606061,61,mode,13,True,,0.01953518730105589,0.017128230749688524,0.0024069565513673667,12.321133727943673
paper_rank15,15,fitting,observed_numbered_windows,leave_one_parameter_out_interpolation,empirical_primary,1.606061,61,mode,14,True,,0.008959775895903766,0.012838053274020534,0.0038782773781167682,43.285428376504825
paper_rank15,15,fitting,observed_numbered_windows,leave_one_parameter_out_interpolation,empirical_primary,1.606061,61,mode,15,True,,0.017702941222452622,0.022601753968800226,0.004898812746347604,27.6723098426969
paper_rank15,15,fitting,observed_numbered_windows,leave_one_parameter_out_interpolation,empirical_primary,1.606061,61,modal_vector_summary,0,True,,0.078664284627166,0.07308516894279964,0.01756032681943183,22.32312529461118
paper_rank15,15,fitting,observed_numbered_windows,leave_one_parameter_out_interpolation,empirical_primary,1.606061,61,field,0,True,,0.11963944204844427,0.12052861366871004,0.0008891716202657635,0.7432094341477462
paper_rank15,15,fitting,observed_numbered_windows,leave_one_parameter_out_interpolation,empirical_primary,1.707071,71,mode,1,True,,0.007463785389378762,0.005800018885519469,0.0016637665038592934,22.291188948531314
paper_rank15,15,fitting,observed_numbered_windows,leave_one_parameter_out_interpolation,empirical_primary,1.707071,71,mode,2,True,,0.010449244762899755,0.011931607849139509,0.0014823630862397536,14.186317957666303
paper_rank15,15,fitting,observed_numbered_windows,leave_one_parameter_out_interpolation,empirical_primary,1.707071,71,mode,3,True,,0.023850112679372086,0.020850075418573116,0.0030000372607989698,12.578713153811202
paper_rank15,15,fitting,observed_numbered_windows,leave_one_parameter_out_interpolation,empirical_primary,1.707071,71,mode,4,True,,0.017166818545739496,0.022357500587690326,0.00519068204195083,30.236715254609987
paper_rank15,15,fitting,observed_numbered_windows,leave_one_parameter_out_interpolation,empirical_primary,1.707071,71,mode,5,True,,0.015141258428796595,0.020064687346575773,0.004923428917779178,32.51664279380829
paper_rank15,15,fitting,observed_numbered_windows,leave_one_parameter_out_interpolation,empirical_primary,1.707071,71,mode,6,True,,0.025969642578556853,0.023316157928949803,0.00265348464960705,10.217640237367123
paper_rank15,15,fitting,observed_numbered_windows,leave_one_parameter_out_interpolation,empirical_primary,1.707071,71,mode,7,True,,0.038469015149169825,0.027942832526358333,0.010526182622811492,27.362755667111614
paper_rank15,15,fitting,observed_numbered_windows,leave_one_parameter_out_interpolation,empirical_primary,1.707071,71,mode,8,True,,0.012824059274767489,0.02751114786888885,0.01468708859412136,114.52761001362144
paper_rank15,15,fitting,observed_numbered_windows,leave_one_parameter_out_interpolation,empirical_primary,1.707071,71,mode,9,True,,0.014656936687552575,0.022214891212764903,0.007557954525212329,51.56571721859816
paper_rank15,15,fitting,observed_numbered_windows,leave_one_parameter_out_interpolation,empirical_primary,1.707071,71,mode,10,True,,0.012619712516445477,0.014579528618936837,0.0019598161024913605,15.529799905801427
paper_rank15,15,fitting,observed_numbered_windows,leave_one_parameter_out_interpolation,empirical_primary,1.707071,71,mode,11,True,,0.010488836362218161,0.01184220665692869,0.0013533702947105281,12.902959374840698
paper_rank15,15,fitting,observed_numbered_windows,leave_one_parameter_out_interpolation,empirical_primary,1.707071,71,mode,12,True,,0.01186097110896142,0.013276498021905447,0.001415526912944028,11.934325612466443
paper_rank15,15,fitting,observed_numbered_windows,leave_one_parameter_out_interpolation,empirical_primary,1.707071,71,mode,13,True,,0.02125485404277218,0.018380853239539474,0.002874000803232704,13.5216209786678
paper_rank15,15,fitting,observed_numbered_windows,leave_one_parameter_out_interpolation,empirical_primary,1.707071,71,mode,14,True,,0.013007916558453065,0.009652432667467585,0.0033554838909854792,25.795705837342197
paper_rank15,15,fitting,observed_numbered_windows,leave_one_parameter_out_interpolation,empirical_primary,1.707071,71,mode,15,True,,0.026425309693103045,0.022372962378451947,0.004052347314651098,15.335098667580624
paper_rank15,15,fitting,observed_numbered_windows,leave_one_parameter_out_interpolation,empirical_primary,1.707071,71,modal_vector_summary,0,True,,0.0742999123447631,0.07448911987899902,0.02234817001176914,30.078326213993588
paper_rank15,15,fitting,observed_numbered_windows,leave_one_parameter_out_interpolation,empirical_primary,1.707071,71,field,0,True,,0.12327891588742283,0.1175182768743167,0.005760639013106139,4.672850155793633
paper_rank15,15,fitting,observed_numbered_windows,leave_one_parameter_out_interpolation,empirical_primary,1.808081,81,mode,1,True,,0.005054604402253072,0.008943088824659485,0.003888484422406413,76.92955002914046
paper_rank15,15,fitting,observed_numbered_windows,leave_one_parameter_out_interpolation,empirical_primary,1.808081,81,mode,2,True,,0.013635971581372967,0.013647386883486861,1.141530211389366e-05,0.08371462235582253
paper_rank15,15,fitting,observed_numbered_windows,leave_one_parameter_out_interpolation,empirical_primary,1.808081,81,mode,3,True,,0.01619779440964221,0.024661657940055922,0.008463863530413712,52.25318531870826
paper_rank15,15,fitting,observed_numbered_windows,leave_one_parameter_out_interpolation,empirical_primary,1.808081,81,mode,4,True,,0.02402536602881849,0.021783992313395954,0.002241373715422535,9.329196952645805
paper_rank15,15,fitting,observed_numbered_windows,leave_one_parameter_out_interpolation,empirical_primary,1.808081,81,mode,5,True,,0.02013816005417977,0.018498624139808312,0.001639535914371458,8.141438492694691
paper_rank15,15,fitting,observed_numbered_windows,leave_one_parameter_out_interpolation,empirical_primary,1.808081,81,mode,6,True,,0.01845260267923963,0.02478476778054629,0.006332165101306662,34.31583723650407
paper_rank15,15,fitting,observed_numbered_windows,leave_one_parameter_out_interpolation,empirical_primary,1.808081,81,mode,7,True,,0.02710648407281425,0.031662344240653076,0.0045558601678388246,16.807270745998398
paper_rank15,15,fitting,observed_numbered_windows,leave_one_parameter_out_interpolation,empirical_primary,1.808081,81,mode,8,True,,0.028240634688986393,0.02000170829734969,0.008238926391636703,29.17401284486646
paper_rank15,15,fitting,observed_numbered_windows,leave_one_parameter_out_interpolation,empirical_primary,1.808081,81,mode,9,True,,0.01944829785909036,0.016865308511204876,0.002582989347885485,13.281313185349871
paper_rank15,15,fitting,observed_numbered_windows,leave_one_parameter_out_interpolation,empirical_primary,1.808081,81,mode,10,True,,0.007819514683073688,0.011069518428375922,0.0032500037453022344,41.56272961974574
paper_rank15,15,fitting,observed_numbered_windows,leave_one_parameter_out_interpolation,empirical_primary,1.808081,81,mode,11,True,,0.012550787512134003,0.011558670583440797,0.0009921169286932052,7.904818145746108
paper_rank15,15,fitting,observed_numbered_windows,leave_one_parameter_out_interpolation,empirical_primary,1.808081,81,mode,12,True,,0.010924425416359998,0.00960835189984472,0.0013160735165152777,12.047073107793631
paper_rank15,15,fitting,observed_numbered_windows,leave_one_parameter_out_interpolation,empirical_primary,1.808081,81,mode,13,True,,0.017226519178023054,0.016690705328647613,0.0005358138493754411,3.1104011427857827
paper_rank15,15,fitting,observed_numbered_windows,leave_one_parameter_out_interpolation,empirical_primary,1.808081,81,mode,14,True,,0.010345089439031405,0.011232439388452548,0.0008873499494211432,8.577499060309956
paper_rank15,15,fitting,observed_numbered_windows,leave_one_parameter_out_interpolation,empirical_primary,1.808081,81,mode,15,True,,0.027042983534451268,0.02880412398295292,0.0017611404485016538,6.512374813444893
paper_rank15,15,fitting,observed_numbered_windows,leave_one_parameter_out_interpolation,empirical_primary,1.808081,81,modal_vector_summary,0,True,,0.07197748050538585,0.07466824589658898,0.015726670091173522,21.849431212025745
paper_rank15,15,fitting,observed_numbered_windows,leave_one_parameter_out_interpolation,empirical_primary,1.808081,81,field,0,True,,0.11539711170018911,0.12455256447585847,0.009155452775669357,7.933866490052154
paper_rank15,15,fitting,observed_numbered_windows,leave_one_parameter_out_interpolation,empirical_primary,1.909091,91,mode,1,False,endpoint_requires_extrapolation,0.010422392259940206,,,
paper_rank15,15,fitting,observed_numbered_windows,leave_one_parameter_out_interpolation,empirical_primary,1.909091,91,mode,2,False,endpoint_requires_extrapolation,0.016845529004073965,,,
paper_rank15,15,fitting,observed_numbered_windows,leave_one_parameter_out_interpolation,empirical_primary,1.909091,91,mode,3,False,endpoint_requires_extrapolation,0.025473203200739758,,,
paper_rank15,15,fitting,observed_numbered_windows,leave_one_parameter_out_interpolation,empirical_primary,1.909091,91,mode,4,False,endpoint_requires_extrapolation,0.02640116608105241,,,
paper_rank15,15,fitting,observed_numbered_windows,leave_one_parameter_out_interpolation,empirical_primary,1.909091,91,mode,5,False,endpoint_requires_extrapolation,0.021855989850820032,,,
paper_rank15,15,fitting,observed_numbered_windows,leave_one_parameter_out_interpolation,empirical_primary,1.909091,91,mode,6,False,endpoint_requires_extrapolation,0.023599892982535727,,,
paper_rank15,15,fitting,observed_numbered_windows,leave_one_parameter_out_interpolation,empirical_primary,1.909091,91,mode,7,False,endpoint_requires_extrapolation,0.02485567333213632,,,
paper_rank15,15,fitting,observed_numbered_windows,leave_one_parameter_out_interpolation,empirical_primary,1.909091,91,mode,8,False,endpoint_requires_extrapolation,0.02717935731993189,,,
paper_rank15,15,fitting,observed_numbered_windows,leave_one_parameter_out_interpolation,empirical_primary,1.909091,91,mode,9,False,endpoint_requires_extrapolation,0.019073680334857176,,,
paper_rank15,15,fitting,observed_numbered_windows,leave_one_parameter_out_interpolation,empirical_primary,1.909091,91,mode,10,False,endpoint_requires_extrapolation,0.009519324340306367,,,
paper_rank15,15,fitting,observed_numbered_windows,leave_one_parameter_out_interpolation,empirical_primary,1.909091,91,mode,11,False,endpoint_requires_extrapolation,0.012628504804663434,,,
paper_rank15,15,fitting,observed_numbered_windows,leave_one_parameter_out_interpolation,empirical_primary,1.909091,91,mode,12,False,endpoint_requires_extrapolation,0.00735573269072802,,,
paper_rank15,15,fitting,observed_numbered_windows,leave_one_parameter_out_interpolation,empirical_primary,1.909091,91,mode,13,False,endpoint_requires_extrapolation,0.012126556614523049,,,
paper_rank15,15,fitting,observed_numbered_windows,leave_one_parameter_out_interpolation,empirical_primary,1.909091,91,mode,14,False,endpoint_requires_extrapolation,0.009456962218452032,,,
paper_rank15,15,fitting,observed_numbered_windows,leave_one_parameter_out_interpolation,empirical_primary,1.909091,91,mode,15,False,endpoint_requires_extrapolation,0.031182938272802798,,,
paper_rank15,15,fitting,observed_numbered_windows,leave_one_parameter_out_interpolation,empirical_primary,1.909091,91,modal_vector_summary,0,False,endpoint_requires_extrapolation,0.07750056041952443,,,
paper_rank15,15,fitting,observed_numbered_windows,leave_one_parameter_out_interpolation,empirical_primary,1.909091,91,field,0,False,endpoint_requires_extrapolation,0.1258262130642941,,,
paper_rank15,15,fitting,observed_numbered_windows,leave_one_parameter_out_interpolation,inverse_sqrt_sensitivity,1.0,1,mode,1,False,endpoint_requires_extrapolation,0.006939082335958781,,,
paper_rank15,15,fitting,observed_numbered_windows,leave_one_parameter_out_interpolation,inverse_sqrt_sensitivity,1.0,1,mode,2,False,endpoint_requires_extrapolation,0.01142299480078572,,,
paper_rank15,15,fitting,observed_numbered_windows,leave_one_parameter_out_interpolation,inverse_sqrt_sensitivity,1.0,1,mode,3,False,endpoint_requires_extrapolation,0.017468593892322488,,,
paper_rank15,15,fitting,observed_numbered_windows,leave_one_parameter_out_interpolation,inverse_sqrt_sensitivity,1.0,1,mode,4,False,endpoint_requires_extrapolation,0.028030434187185732,,,
paper_rank15,15,fitting,observed_numbered_windows,leave_one_parameter_out_interpolation,inverse_sqrt_sensitivity,1.0,1,mode,5,False,endpoint_requires_extrapolation,0.013224120265452147,,,
paper_rank15,15,fitting,observed_numbered_windows,leave_one_parameter_out_interpolation,inverse_sqrt_sensitivity,1.0,1,mode,6,False,endpoint_requires_extrapolation,0.023778011546740037,,,
paper_rank15,15,fitting,observed_numbered_windows,leave_one_parameter_out_interpolation,inverse_sqrt_sensitivity,1.0,1,mode,7,False,endpoint_requires_extrapolation,0.017045959504073126,,,
paper_rank15,15,fitting,observed_numbered_windows,leave_one_parameter_out_interpolation,inverse_sqrt_sensitivity,1.0,1,mode,8,False,endpoint_requires_extrapolation,0.017974068799227347,,,
paper_rank15,15,fitting,observed_numbered_windows,leave_one_parameter_out_interpolation,inverse_sqrt_sensitivity,1.0,1,mode,9,False,endpoint_requires_extrapolation,0.02288845017519136,,,
paper_rank15,15,fitting,observed_numbered_windows,leave_one_parameter_out_interpolation,inverse_sqrt_sensitivity,1.0,1,mode,10,False,endpoint_requires_extrapolation,0.01745884678377592,,,
paper_rank15,15,fitting,observed_numbered_windows,leave_one_parameter_out_interpolation,inverse_sqrt_sensitivity,1.0,1,mode,11,False,endpoint_requires_extrapolation,0.015406440037563201,,,
paper_rank15,15,fitting,observed_numbered_windows,leave_one_parameter_out_interpolation,inverse_sqrt_sensitivity,1.0,1,mode,12,False,endpoint_requires_extrapolation,0.013587294270868135,,,
paper_rank15,15,fitting,observed_numbered_windows,leave_one_parameter_out_interpolation,inverse_sqrt_sensitivity,1.0,1,mode,13,False,endpoint_requires_extrapolation,0.025643170717359068,,,
paper_rank15,15,fitting,observed_numbered_windows,leave_one_parameter_out_interpolation,inverse_sqrt_sensitivity,1.0,1,mode,14,False,endpoint_requires_extrapolation,0.020454379713692773,,,
paper_rank15,15,fitting,observed_numbered_windows,leave_one_parameter_out_interpolation,inverse_sqrt_sensitivity,1.0,1,mode,15,False,endpoint_requires_extrapolation,0.021195859462115496,,,
paper_rank15,15,fitting,observed_numbered_windows,leave_one_parameter_out_interpolation,inverse_sqrt_sensitivity,1.0,1,modal_vector_summary,0,False,endpoint_requires_extrapolation,0.07347978985157762,,,
paper_rank15,15,fitting,observed_numbered_windows,leave_one_parameter_out_interpolation,inverse_sqrt_sensitivity,1.0,1,field,0,False,endpoint_requires_extrapolation,0.13211841645049532,,,
paper_rank15,15,fitting,observed_numbered_windows,leave_one_parameter_out_interpolation,inverse_sqrt_sensitivity,1.10101,11,mode,1,True,,0.012511541231614113,0.008496445295468044,0.004015095936146068,32.09113778885003
paper_rank15,15,fitting,observed_numbered_windows,leave_one_parameter_out_interpolation,inverse_sqrt_sensitivity,1.10101,11,mode,2,True,,0.02421256207370287,0.014917067044532648,0.009295495029170223,38.39120784027234
paper_rank15,15,fitting,observed_numbered_windows,leave_one_parameter_out_interpolation,inverse_sqrt_sensitivity,1.10101,11,mode,3,True,,0.012556563259967311,0.023491095709192618,0.010934532449225307,87.08220731134813
paper_rank15,15,fitting,observed_numbered_windows,leave_one_parameter_out_interpolation,inverse_sqrt_sensitivity,1.10101,11,mode,4,True,,0.02423937485261334,0.026087951949945908,0.0018485770973325696,7.626339823418621
paper_rank15,15,fitting,observed_numbered_windows,leave_one_parameter_out_interpolation,inverse_sqrt_sensitivity,1.10101,11,mode,5,True,,0.019890848137933976,0.012829408635725964,0.007061439502208012,35.500947235835014
paper_rank15,15,fitting,observed_numbered_windows,leave_one_parameter_out_interpolation,inverse_sqrt_sensitivity,1.10101,11,mode,6,True,,0.020589507371759956,0.022904282895677357,0.0023147755239174006,11.242500765668089
paper_rank15,15,fitting,observed_numbered_windows,leave_one_parameter_out_interpolation,inverse_sqrt_sensitivity,1.10101,11,mode,7,True,,0.025957296034609625,0.026654471564612425,0.0006971755300027999,2.6858557573687
paper_rank15,15,fitting,observed_numbered_windows,leave_one_parameter_out_interpolation,inverse_sqrt_sensitivity,1.10101,11,mode,8,True,,0.019889092864292062,0.016663405614312992,0.00322568724997907,16.218372914183114
paper_rank15,15,fitting,observed_numbered_windows,leave_one_parameter_out_interpolation,inverse_sqrt_sensitivity,1.10101,11,mode,9,True,,0.02255805633976091,0.02163646130953137,0.0009215950302295418,4.085436335244607
paper_rank15,15,fitting,observed_numbered_windows,leave_one_parameter_out_interpolation,inverse_sqrt_sensitivity,1.10101,11,mode,10,True,,0.014113553988467914,0.0140878381836237,2.571580484421465e-05,0.18220644399863317
paper_rank15,15,fitting,observed_numbered_windows,leave_one_parameter_out_interpolation,inverse_sqrt_sensitivity,1.10101,11,mode,11,True,,0.013992744662283004,0.012759859740363005,0.0012328849219199987,8.810887010917885
paper_rank15,15,fitting,observed_numbered_windows,leave_one_parameter_out_interpolation,inverse_sqrt_sensitivity,1.10101,11,mode,12,True,,0.014589748818265311,0.013729854796612548,0.0008598940216527629,5.893823343800393
paper_rank15,15,fitting,observed_numbered_windows,leave_one_parameter_out_interpolation,inverse_sqrt_sensitivity,1.10101,11,mode,13,True,,0.021787284116391196,0.023570657861127574,0.001783373744736378,8.185388023625647
paper_rank15,15,fitting,observed_numbered_windows,leave_one_parameter_out_interpolation,inverse_sqrt_sensitivity,1.10101,11,mode,14,True,,0.017937146716271796,0.01387938186994555,0.004057764846326247,22.622131103188334
paper_rank15,15,fitting,observed_numbered_windows,leave_one_parameter_out_interpolation,inverse_sqrt_sensitivity,1.10101,11,mode,15,True,,0.02971690907154572,0.020616823124514235,0.009100085947031485,30.622585697329207
paper_rank15,15,fitting,observed_numbered_windows,leave_one_parameter_out_interpolation,inverse_sqrt_sensitivity,1.10101,11,modal_vector_summary,0,True,,0.07856952296020601,0.07345504920192235,0.01992958979186231,25.36554765892657
paper_rank15,15,fitting,observed_numbered_windows,leave_one_parameter_out_interpolation,inverse_sqrt_sensitivity,1.10101,11,field,0,True,,0.13136084217267183,0.12990127792773112,0.0014595642449407031,1.1111106025204438
paper_rank15,15,fitting,observed_numbered_windows,leave_one_parameter_out_interpolation,inverse_sqrt_sensitivity,1.20202,21,mode,1,True,,0.010053808254977306,0.010349899752011418,0.00029609149703411185,2.9450680729615746
paper_rank15,15,fitting,observed_numbered_windows,leave_one_parameter_out_interpolation,inverse_sqrt_sensitivity,1.20202,21,mode,2,True,,0.018411139288279577,0.01955079005131499,0.0011396507630354116,6.190006740978308
paper_rank15,15,fitting,observed_numbered_windows,leave_one_parameter_out_interpolation,inverse_sqrt_sensitivity,1.20202,21,mode,3,True,,0.029513597526062745,0.01935337632348924,0.010160221202573504,34.42555992573002
paper_rank15,15,fitting,observed_numbered_windows,leave_one_parameter_out_interpolation,inverse_sqrt_sensitivity,1.20202,21,mode,4,True,,0.024145469712706084,0.02554246867216935,0.0013969989594632658,5.78576012844398
paper_rank15,15,fitting,observed_numbered_windows,leave_one_parameter_out_interpolation,inverse_sqrt_sensitivity,1.20202,21,mode,5,True,,0.01243469700599978,0.021243649936618047,0.008808952930618267,70.84171754541279
paper_rank15,15,fitting,observed_numbered_windows,leave_one_parameter_out_interpolation,inverse_sqrt_sensitivity,1.20202,21,mode,6,True,,0.02203055424461468,0.028982538995839704,0.0069519847512250245,31.556104644641074
paper_rank15,15,fitting,observed_numbered_windows,leave_one_parameter_out_interpolation,inverse_sqrt_sensitivity,1.20202,21,mode,7,True,,0.03626298362515172,0.023404142107342665,0.012858841517809055,35.45996559668153
paper_rank15,15,fitting,observed_numbered_windows,leave_one_parameter_out_interpolation,inverse_sqrt_sensitivity,1.20202,21,mode,8,True,,0.015352742429398637,0.017845946279222036,0.0024932038498233985,16.23946901531557
paper_rank15,15,fitting,observed_numbered_windows,leave_one_parameter_out_interpolation,inverse_sqrt_sensitivity,1.20202,21,mode,9,True,,0.02038447244387138,0.020398053663299207,1.3581219427825225e-05,0.06662531721250621
paper_rank15,15,fitting,observed_numbered_windows,leave_one_parameter_out_interpolation,inverse_sqrt_sensitivity,1.20202,21,mode,10,True,,0.010716829583471482,0.01578820578879323,0.00507137620532175,47.32160911789911
paper_rank15,15,fitting,observed_numbered_windows,leave_one_parameter_out_interpolation,inverse_sqrt_sensitivity,1.20202,21,mode,11,True,,0.010113279443162808,0.015402188548190764,0.0052889091050279564,52.2966772029975
paper_rank15,15,fitting,observed_numbered_windows,leave_one_parameter_out_interpolation,inverse_sqrt_sensitivity,1.20202,21,mode,12,True,,0.013872415322356961,0.012437095307526347,0.0014353200148306145,10.346576147539603
paper_rank15,15,fitting,observed_numbered_windows,leave_one_parameter_out_interpolation,inverse_sqrt_sensitivity,1.20202,21,mode,13,True,,0.021498145004896083,0.020611682235958235,0.0008864627689378485,4.1234384117139475
paper_rank15,15,fitting,observed_numbered_windows,leave_one_parameter_out_interpolation,inverse_sqrt_sensitivity,1.20202,21,mode,14,True,,0.007304384026198321,0.017733937593072964,0.010429553566874642,142.78484714751318
paper_rank15,15,fitting,observed_numbered_windows,leave_one_parameter_out_interpolation,inverse_sqrt_sensitivity,1.20202,21,mode,15,True,,0.020037786786912974,0.024349151778309666,0.004311364991396692,21.51617360362632
paper_rank15,15,fitting,observed_numbered_windows,leave_one_parameter_out_interpolation,inverse_sqrt_sensitivity,1.20202,21,modal_vector_summary,0,True,,0.07633426225119624,0.07786724959614313,0.024247944354357,31.76547940499288
paper_rank15,15,fitting,observed_numbered_windows,leave_one_parameter_out_interpolation,inverse_sqrt_sensitivity,1.20202,21,field,0,True,,0.12768413940496692,0.12952613776799918,0.0018419983630322545,1.4426211208505044
paper_rank15,15,fitting,observed_numbered_windows,leave_one_parameter_out_interpolation,inverse_sqrt_sensitivity,1.30303,31,mode,1,True,,0.008188258272408728,0.009650414685358778,0.00146215641295005,17.856745162484106
paper_rank15,15,fitting,observed_numbered_windows,leave_one_parameter_out_interpolation,inverse_sqrt_sensitivity,1.30303,31,mode,2,True,,0.01488901802892712,0.019886102136502604,0.004997084107575484,33.56221409542861
paper_rank15,15,fitting,observed_numbered_windows,leave_one_parameter_out_interpolation,inverse_sqrt_sensitivity,1.30303,31,mode,3,True,,0.02615018938701116,0.026280037528981406,0.00012984814197024644,0.4965476159600673
paper_rank15,15,fitting,observed_numbered_windows,leave_one_parameter_out_interpolation,inverse_sqrt_sensitivity,1.30303,31,mode,4,True,,0.02684556249172536,0.02014782298751108,0.006697739504214283,24.949149440540626
paper_rank15,15,fitting,observed_numbered_windows,leave_one_parameter_out_interpolation,inverse_sqrt_sensitivity,1.30303,31,mode,5,True,,0.022596451735302114,0.015709253673275168,0.006887198062026947,30.479113016081083
paper_rank15,15,fitting,observed_numbered_windows,leave_one_parameter_out_interpolation,inverse_sqrt_sensitivity,1.30303,31,mode,6,True,,0.03737557061991944,0.022534304469812742,0.014841266150106697,39.70846706537503
paper_rank15,15,fitting,observed_numbered_windows,leave_one_parameter_out_interpolation,inverse_sqrt_sensitivity,1.30303,31,mode,7,True,,0.02085098818007571,0.031211348586254496,0.010360360406178788,49.687623035912964
paper_rank15,15,fitting,observed_numbered_windows,leave_one_parameter_out_interpolation,inverse_sqrt_sensitivity,1.30303,31,mode,8,True,,0.015802799694152016,0.01391576858661573,0.0018870311075362863,11.94111894131393
paper_rank15,15,fitting,observed_numbered_windows,leave_one_parameter_out_interpolation,inverse_sqrt_sensitivity,1.30303,31,mode,9,True,,0.018238050986837506,0.02123887421200436,0.0030008232251668536,16.453639850730557
paper_rank15,15,fitting,observed_numbered_windows,leave_one_parameter_out_interpolation,inverse_sqrt_sensitivity,1.30303,31,mode,10,True,,0.017462857589118547,0.01294554863171345,0.004517308957405097,25.868097098953164
paper_rank15,15,fitting,observed_numbered_windows,leave_one_parameter_out_interpolation,inverse_sqrt_sensitivity,1.30303,31,mode,11,True,,0.01681163243409852,0.011532595161140288,0.005279037272958233,31.401098576548236
paper_rank15,15,fitting,observed_numbered_windows,leave_one_parameter_out_interpolation,inverse_sqrt_sensitivity,1.30303,31,mode,12,True,,0.010284441796787388,0.013274189662938295,0.002989747866150907,29.07058958790386
paper_rank15,15,fitting,observed_numbered_windows,leave_one_parameter_out_interpolation,inverse_sqrt_sensitivity,1.30303,31,mode,13,True,,0.019436080355525277,0.02146530662422791,0.0020292262687026316,10.440511829463416
paper_rank15,15,fitting,observed_numbered_windows,leave_one_parameter_out_interpolation,inverse_sqrt_sensitivity,1.30303,31,mode,14,True,,0.01753072846987413,0.00846762876414481,0.009063099705729322,51.698363369804646
paper_rank15,15,fitting,observed_numbered_windows,leave_one_parameter_out_interpolation,inverse_sqrt_sensitivity,1.30303,31,mode,15,True,,0.018981394485073626,0.018367890533462918,0.0006135039516107083,3.232133192812301
paper_rank15,15,fitting,observed_numbered_windows,leave_one_parameter_out_interpolation,inverse_sqrt_sensitivity,1.30303,31,modal_vector_summary,0,True,,0.0797284878969906,0.0728371919270547,0.024564847402193085,30.810627481021502
paper_rank15,15,fitting,observed_numbered_windows,leave_one_parameter_out_interpolation,inverse_sqrt_sensitivity,1.30303,31,field,0,True,,0.12769143336332656,0.12403775033806393,0.00365368302526263,2.8613376238534585
paper_rank15,15,internal_validation,observed_numbered_windows,leave_one_parameter_out_interpolation,inverse_sqrt_sensitivity,1.40404,41,mode,1,True,,0.00924702111574025,0.007763948478568532,0.0014830726371717184,16.038382724651044
paper_rank15,15,internal_validation,observed_numbered_windows,leave_one_parameter_out_interpolation,inverse_sqrt_sensitivity,1.40404,41,mode,2,True,,0.021361064984725633,0.014715264385782733,0.006645800598942901,31.111747488690394
paper_rank15,15,internal_validation,observed_numbered_windows,leave_one_parameter_out_interpolation,inverse_sqrt_sensitivity,1.40404,41,mode,3,True,,0.02304647753190006,0.019283855709741306,0.003762621822158755,16.326233876524846
paper_rank15,15,internal_validation,observed_numbered_windows,leave_one_parameter_out_interpolation,inverse_sqrt_sensitivity,1.40404,41,mode,4,True,,0.016150176262316063,0.021646466197675587,0.005496289935359524,34.032383585709006
paper_rank15,15,internal_validation,observed_numbered_windows,leave_one_parameter_out_interpolation,inverse_sqrt_sensitivity,1.40404,41,mode,5,True,,0.01898381034055056,0.020994141985407017,0.002010331644856457,10.58971623079413
paper_rank15,15,internal_validation,observed_numbered_windows,leave_one_parameter_out_interpolation,inverse_sqrt_sensitivity,1.40404,41,mode,6,True,,0.023038054695010808,0.030027728501631656,0.006989673806620848,30.339687526371545
paper_rank15,15,internal_validation,observed_numbered_windows,leave_one_parameter_out_interpolation,inverse_sqrt_sensitivity,1.40404,41,mode,7,True,,0.026159713547357258,0.023116046823664544,0.003043666723692714,11.634939037779315
paper_rank15,15,internal_validation,observed_numbered_windows,leave_one_parameter_out_interpolation,inverse_sqrt_sensitivity,1.40404,41,mode,8,True,,0.01247879474383282,0.016575307195225788,0.004096512451392968,32.82778934574204
paper_rank15,15,internal_validation,observed_numbered_windows,leave_one_parameter_out_interpolation,inverse_sqrt_sensitivity,1.40404,41,mode,9,True,,0.022093275980137342,0.024897551441480446,0.0028042754613431045,12.692891103448172
paper_rank15,15,internal_validation,observed_numbered_windows,leave_one_parameter_out_interpolation,inverse_sqrt_sensitivity,1.40404,41,mode,10,True,,0.015174267679955424,0.016969363571581006,0.0017950958916255824,11.8298683632478
paper_rank15,15,internal_validation,observed_numbered_windows,leave_one_parameter_out_interpolation,inverse_sqrt_sensitivity,1.40404,41,mode,11,True,,0.01295191087911777,0.015249209169965451,0.0022972982908476807,17.737137880956166
paper_rank15,15,internal_validation,observed_numbered_windows,leave_one_parameter_out_interpolation,inverse_sqrt_sensitivity,1.40404,41,mode,12,True,,0.012675964003519629,0.011057845391626148,0.0016181186118934803,12.765250922487558
paper_rank15,15,internal_validation,observed_numbered_windows,leave_one_parameter_out_interpolation,inverse_sqrt_sensitivity,1.40404,41,mode,13,True,,0.021432468243559735,0.015661336985472542,0.005771131258087193,26.927049150399963
paper_rank15,15,internal_validation,observed_numbered_windows,leave_one_parameter_out_interpolation,inverse_sqrt_sensitivity,1.40404,41,mode,14,True,,0.0096308735020913,0.014556245716522481,0.00492537221443118,51.141490056552584
paper_rank15,15,internal_validation,observed_numbered_windows,leave_one_parameter_out_interpolation,inverse_sqrt_sensitivity,1.40404,41,mode,15,True,,0.016697994280012857,0.018074567625067754,0.0013765733450548968,8.243944284390047
paper_rank15,15,internal_validation,observed_numbered_windows,leave_one_parameter_out_interpolation,inverse_sqrt_sensitivity,1.40404,41,modal_vector_summary,0,True,,0.0703042637500748,0.07290595895418468,0.015751743069843067,22.405103516678686
paper_rank15,15,internal_validation,observed_numbered_windows,leave_one_parameter_out_interpolation,inverse_sqrt_sensitivity,1.40404,41,field,0,True,,0.12039136127116092,0.11768443686587944,0.0027069244052814745,2.2484374100435587
paper_rank15,15,fitting,observed_numbered_windows,leave_one_parameter_out_interpolation,inverse_sqrt_sensitivity,1.505051,51,mode,1,True,,0.0073396344840571765,0.007615542587488033,0.0002759081034308568,3.759153184401375
paper_rank15,15,fitting,observed_numbered_windows,leave_one_parameter_out_interpolation,inverse_sqrt_sensitivity,1.505051,51,mode,2,True,,0.014541509022475557,0.015355567477106188,0.0008140584546306312,5.598170405646424
paper_rank15,15,fitting,observed_numbered_windows,leave_one_parameter_out_interpolation,inverse_sqrt_sensitivity,1.505051,51,mode,3,True,,0.012417454055700076,0.023180843887972605,0.010763389832272529,86.67952209842669
paper_rank15,15,fitting,observed_numbered_windows,leave_one_parameter_out_interpolation,inverse_sqrt_sensitivity,1.505051,51,mode,4,True,,0.01644731843252104,0.017532714453164983,0.0010853960206439438,6.599227862566376
paper_rank15,15,fitting,observed_numbered_windows,leave_one_parameter_out_interpolation,inverse_sqrt_sensitivity,1.505051,51,mode,5,True,,0.019391816372629534,0.018630261812200778,0.0007615545604287566,3.9271956055836434
paper_rank15,15,fitting,observed_numbered_windows,leave_one_parameter_out_interpolation,inverse_sqrt_sensitivity,1.505051,51,mode,6,True,,0.02267981363963416,0.02440050843220727,0.0017206947925731096,7.586900050916228
paper_rank15,15,fitting,observed_numbered_windows,leave_one_parameter_out_interpolation,inverse_sqrt_sensitivity,1.505051,51,mode,7,True,,0.025381127891356374,0.026235359441073153,0.0008542315497167795,3.3656169787777275
paper_rank15,15,fitting,observed_numbered_windows,leave_one_parameter_out_interpolation,inverse_sqrt_sensitivity,1.505051,51,mode,8,True,,0.01734782234413147,0.018481825631020802,0.0011340032868893332,6.53686246258425
paper_rank15,15,fitting,observed_numbered_windows,leave_one_parameter_out_interpolation,inverse_sqrt_sensitivity,1.505051,51,mode,9,True,,0.031557117825243806,0.022466144015684184,0.009090973809559623,28.80799780228151
paper_rank15,15,fitting,observed_numbered_windows,leave_one_parameter_out_interpolation,inverse_sqrt_sensitivity,1.505051,51,mode,10,True,,0.016475864668447807,0.017341848888695978,0.0008659842202481706,5.256077527187865
paper_rank15,15,fitting,observed_numbered_windows,leave_one_parameter_out_interpolation,inverse_sqrt_sensitivity,1.505051,51,mode,11,True,,0.013686770437826599,0.011565337320872142,0.0021214331169544572,15.499880900255182
paper_rank15,15,fitting,observed_numbered_windows,leave_one_parameter_out_interpolation,inverse_sqrt_sensitivity,1.505051,51,mode,12,True,,0.011831256643168152,0.013482098149711965,0.0016508415065438122,13.953222014646052
paper_rank15,15,fitting,observed_numbered_windows,leave_one_parameter_out_interpolation,inverse_sqrt_sensitivity,1.505051,51,mode,13,True,,0.011886556245423079,0.01964612503969719,0.007759568794274111,65.28020928906079
paper_rank15,15,fitting,observed_numbered_windows,leave_one_parameter_out_interpolation,inverse_sqrt_sensitivity,1.505051,51,mode,14,True,,0.011581733515762126,0.008911114452625695,0.002670619063136431,23.058888891735073
paper_rank15,15,fitting,observed_numbered_windows,leave_one_parameter_out_interpolation,inverse_sqrt_sensitivity,1.505051,51,mode,15,True,,0.017167731787466993,0.016441341652692846,0.0007263901347741471,4.231136318802672
paper_rank15,15,fitting,observed_numbered_windows,leave_one_parameter_out_interpolation,inverse_sqrt_sensitivity,1.505051,51,modal_vector_summary,0,True,,0.06848626253528121,0.07048097774846308,0.01678738034571539,24.512040406741782
paper_rank15,15,fitting,observed_numbered_windows,leave_one_parameter_out_interpolation,inverse_sqrt_sensitivity,1.505051,51,field,0,True,,0.10767734129906793,0.11488508166106408,0.0072077403619961455,6.693832030990661
paper_rank15,15,fitting,observed_numbered_windows,leave_one_parameter_out_interpolation,inverse_sqrt_sensitivity,1.606061,61,mode,1,True,,0.0059840802107294965,0.007081653245027901,0.0010975730342984045,18.341549505477026
paper_rank15,15,fitting,observed_numbered_windows,leave_one_parameter_out_interpolation,inverse_sqrt_sensitivity,1.606061,61,mode,2,True,,0.009350129423382926,0.012047299873453876,0.0026971704500709497,28.846343488313973
paper_rank15,15,fitting,observed_numbered_windows,leave_one_parameter_out_interpolation,inverse_sqrt_sensitivity,1.606061,61,mode,3,True,,0.023315208913830064,0.017111059942039715,0.006204148971790349,26.609879391259433
paper_rank15,15,fitting,observed_numbered_windows,leave_one_parameter_out_interpolation,inverse_sqrt_sensitivity,1.606061,61,mode,4,True,,0.01891523895700763,0.01607093328910003,0.002844305667907599,15.037112004624472
paper_rank15,15,fitting,observed_numbered_windows,leave_one_parameter_out_interpolation,inverse_sqrt_sensitivity,1.606061,61,mode,5,True,,0.01827671678395027,0.016617260816790765,0.001659455967159506,9.079617454141216
paper_rank15,15,fitting,observed_numbered_windows,leave_one_parameter_out_interpolation,inverse_sqrt_sensitivity,1.606061,61,mode,6,True,,0.025762948681231784,0.023211116522688646,0.0025518321585431374,9.905046934329135
paper_rank15,15,fitting,observed_numbered_windows,leave_one_parameter_out_interpolation,inverse_sqrt_sensitivity,1.606061,61,mode,7,True,,0.026311004585901365,0.03027547080442001,0.003964466218518644,15.067711328069114
paper_rank15,15,fitting,observed_numbered_windows,leave_one_parameter_out_interpolation,inverse_sqrt_sensitivity,1.606061,61,mode,8,True,,0.02448479708873193,0.014536028697646242,0.009948768391085688,40.63243144320023
paper_rank15,15,fitting,observed_numbered_windows,leave_one_parameter_out_interpolation,inverse_sqrt_sensitivity,1.606061,61,mode,9,True,,0.022839008359870325,0.02247851901000563,0.0003604893498646948,1.5783931779546911
paper_rank15,15,fitting,observed_numbered_windows,leave_one_parameter_out_interpolation,inverse_sqrt_sensitivity,1.606061,61,mode,10,True,,0.01950940863857355,0.014006639131766682,0.005502769506806868,28.205721704587805
paper_rank15,15,fitting,observed_numbered_windows,leave_one_parameter_out_interpolation,inverse_sqrt_sensitivity,1.606061,61,mode,11,True,,0.010178777489582567,0.011638028642223582,0.0014592511526410144,14.336212321513852
paper_rank15,15,fitting,observed_numbered_windows,leave_one_parameter_out_interpolation,inverse_sqrt_sensitivity,1.606061,61,mode,12,True,,0.014288224315247284,0.0113375002202156,0.002950724095031684,20.65144016449196
paper_rank15,15,fitting,observed_numbered_windows,leave_one_parameter_out_interpolation,inverse_sqrt_sensitivity,1.606061,61,mode,13,True,,0.01785979952047497,0.015659269738014608,0.0022005297824603635,12.32113372794367
paper_rank15,15,fitting,observed_numbered_windows,leave_one_parameter_out_interpolation,inverse_sqrt_sensitivity,1.606061,61,mode,14,True,,0.008191362528711261,0.011737028889136428,0.0035456663604251665,43.28542837650481
paper_rank15,15,fitting,observed_numbered_windows,leave_one_parameter_out_interpolation,inverse_sqrt_sensitivity,1.606061,61,mode,15,True,,0.016184691566211228,0.020663369563498034,0.004478677997286806,27.672309842696908
paper_rank15,15,fitting,observed_numbered_windows,leave_one_parameter_out_interpolation,inverse_sqrt_sensitivity,1.606061,61,modal_vector_summary,0,True,,0.07191783376383747,0.0668171973538177,0.01605430814027162,22.32312529461118
paper_rank15,15,fitting,observed_numbered_windows,leave_one_parameter_out_interpolation,inverse_sqrt_sensitivity,1.606061,61,field,0,True,,0.10937885656265021,0.11019177054358677,0.0008129139809365526,0.7432094341477508
paper_rank15,15,fitting,observed_numbered_windows,leave_one_parameter_out_interpolation,inverse_sqrt_sensitivity,1.707071,71,mode,1,True,,0.0068236720059986255,0.005302594385913436,0.0015210776200851898,22.2911889485313
paper_rank15,15,fitting,observed_numbered_windows,leave_one_parameter_out_interpolation,inverse_sqrt_sensitivity,1.707071,71,mode,2,True,,0.009553090724432197,0.010908322549384475,0.0013552318249522785,14.186317957666303
paper_rank15,15,fitting,observed_numbered_windows,leave_one_parameter_out_interpolation,inverse_sqrt_sensitivity,1.707071,71,mode,3,True,,0.021804665828379352,0.019061919459680422,0.00274274636869893,12.578713153811202
paper_rank15,15,fitting,observed_numbered_windows,leave_one_parameter_out_interpolation,inverse_sqrt_sensitivity,1.707071,71,mode,4,True,,0.015694548145679024,0.02044006397898566,0.004745515833306638,30.236715254609987
paper_rank15,15,fitting,observed_numbered_windows,leave_one_parameter_out_interpolation,inverse_sqrt_sensitivity,1.707071,71,mode,5,True,,0.013842705260951998,0.01834388828365547,0.004501183022703472,32.51664279380831
paper_rank15,15,fitting,observed_numbered_windows,leave_one_parameter_out_interpolation,inverse_sqrt_sensitivity,1.707071,71,mode,6,True,,0.023742419405743127,0.021316504407217458,0.0024259149985256696,10.217640237367123
paper_rank15,15,fitting,observed_numbered_windows,leave_one_parameter_out_interpolation,inverse_sqrt_sensitivity,1.707071,71,mode,7,True,,0.03516981371748364,0.025546383521390287,0.009623430196093356,27.36275566711162
paper_rank15,15,fitting,observed_numbered_windows,leave_one_parameter_out_interpolation,inverse_sqrt_sensitivity,1.707071,71,mode,8,True,,0.011724235051161014,0.02515172124763501,0.013427486196473997,114.52761001362144
paper_rank15,15,fitting,observed_numbered_windows,leave_one_parameter_out_interpolation,inverse_sqrt_sensitivity,1.707071,71,mode,9,True,,0.013399920194767451,0.020309685149919064,0.006909764955151613,51.565717218598174
paper_rank15,15,fitting,observed_numbered_windows,leave_one_parameter_out_interpolation,inverse_sqrt_sensitivity,1.707071,71,mode,10,True,,0.011537413595085555,0.013329150840707075,0.0017917372456215195,15.529799905801445
paper_rank15,15,fitting,observed_numbered_windows,leave_one_parameter_out_interpolation,inverse_sqrt_sensitivity,1.707071,71,mode,11,True,,0.009589286846620566,0.010826588632776961,0.0012373017861563949,12.902959374840705
paper_rank15,15,fitting,observed_numbered_windows,leave_one_parameter_out_interpolation,inverse_sqrt_sensitivity,1.707071,71,mode,12,True,,0.010843743797263048,0.012137871490610052,0.001294127693347004,11.93432561246643
paper_rank15,15,fitting,observed_numbered_windows,leave_one_parameter_out_interpolation,inverse_sqrt_sensitivity,1.707071,71,mode,13,True,,0.019431983230606138,0.01680446410952529,0.0026275191210808485,13.5216209786678
paper_rank15,15,fitting,observed_numbered_windows,leave_one_parameter_out_interpolation,inverse_sqrt_sensitivity,1.707071,71,mode,14,True,,0.011892324262510731,0.008824615278530588,0.0030677089839801427,25.795705837342194
paper_rank15,15,fitting,observed_numbered_windows,leave_one_parameter_out_interpolation,inverse_sqrt_sensitivity,1.707071,71,mode,15,True,,0.02415900733952907,0.020454199726904244,0.003704807612624827,15.33509866758062
paper_rank15,15,fitting,observed_numbered_windows,leave_one_parameter_out_interpolation,inverse_sqrt_sensitivity,1.707071,71,modal_vector_summary,0,True,,0.0679277612451972,0.06810074185588394,0.02043153361719312,30.078326213993577
paper_rank15,15,fitting,observed_numbered_windows,leave_one_parameter_out_interpolation,inverse_sqrt_sensitivity,1.707071,71,field,0,True,,0.1127061997881056,0.10743960795571803,0.0052665918323875766,4.6728501557936335
paper_rank15,15,fitting,observed_numbered_windows,leave_one_parameter_out_interpolation,inverse_sqrt_sensitivity,1.808081,81,mode,1,True,,0.004621108561097375,0.008176106583507672,0.003554998022410297,76.92955002914044
paper_rank15,15,fitting,observed_numbered_windows,leave_one_parameter_out_interpolation,inverse_sqrt_sensitivity,1.808081,81,mode,2,True,,0.012466515675386024,0.012476951971904604,1.0436296518579607e-05,0.08371462235582877
paper_rank15,15,fitting,observed_numbered_windows,leave_one_parameter_out_interpolation,inverse_sqrt_sensitivity,1.808081,81,mode,3,True,,0.01480863000553078,0.02254661088548262,0.007737980879951839,52.25318531870828
paper_rank15,15,fitting,observed_numbered_windows,leave_one_parameter_out_interpolation,inverse_sqrt_sensitivity,1.808081,81,mode,4,True,,0.021964889000963692,0.019915741245633757,0.002049147755329935,9.329196952645791
paper_rank15,15,fitting,observed_numbered_windows,leave_one_parameter_out_interpolation,inverse_sqrt_sensitivity,1.808081,81,mode,5,True,,0.018411059783360665,0.01691213467524511,0.0014989251081155563,8.141438492694688
paper_rank15,15,fitting,observed_numbered_windows,leave_one_parameter_out_interpolation,inverse_sqrt_sensitivity,1.808081,81,mode,6,True,,0.016870060133203132,0.022659162510213486,0.005789102377010354,34.3158372365041
paper_rank15,15,fitting,observed_numbered_windows,leave_one_parameter_out_interpolation,inverse_sqrt_sensitivity,1.808081,81,mode,7,True,,0.02478176245687921,0.028946900368637084,0.004165137911757873,16.807270745998398
paper_rank15,15,fitting,observed_numbered_windows,leave_one_parameter_out_interpolation,inverse_sqrt_sensitivity,1.808081,81,mode,8,True,,0.025818645406538096,0.01828631047926415,0.007532334927273947,29.174012844866454
paper_rank15,15,fitting,observed_numbered_windows,leave_one_parameter_out_interpolation,inverse_sqrt_sensitivity,1.808081,81,mode,9,True,,0.017780361939967803,0.015418896385231926,0.002361465554735877,13.28131318534989
paper_rank15,15,fitting,observed_numbered_windows,leave_one_parameter_out_interpolation,inverse_sqrt_sensitivity,1.808081,81,mode,10,True,,0.007148893042840597,0.010120168129041249,0.0029712750862006514,41.56272961974574
paper_rank15,15,fitting,observed_numbered_windows,leave_one_parameter_out_interpolation,inverse_sqrt_sensitivity,1.808081,81,mode,11,True,,0.011474399775971353,0.010567369340364919,0.0009070304356064342,7.904818145746108
paper_rank15,15,fitting,observed_numbered_windows,leave_one_parameter_out_interpolation,inverse_sqrt_sensitivity,1.808081,81,mode,12,True,,0.009987518665972821,0.008784314990628539,0.0012032036753442821,12.047073107793643
paper_rank15,15,fitting,observed_numbered_windows,leave_one_parameter_out_interpolation,inverse_sqrt_sensitivity,1.808081,81,mode,13,True,,0.015749128698575605,0.015259267619556306,0.0004898610790192992,3.1104011427857823
paper_rank15,15,fitting,observed_numbered_windows,leave_one_parameter_out_interpolation,inverse_sqrt_sensitivity,1.808081,81,mode,14,True,,0.009457868028349916,0.010269116569606985,0.0008112485412570692,8.57749906030995
paper_rank15,15,fitting,observed_numbered_windows,leave_one_parameter_out_interpolation,inverse_sqrt_sensitivity,1.808081,81,mode,15,True,,0.024723707887597257,0.026333808413018828,0.0016101005254215706,6.512374813444886
paper_rank15,15,fitting,observed_numbered_windows,leave_one_parameter_out_interpolation,inverse_sqrt_sensitivity,1.808081,81,modal_vector_summary,0,True,,0.06580450711857799,0.06826450556665649,0.014377910517286287,21.849431212025753
paper_rank15,15,fitting,observed_numbered_windows,leave_one_parameter_out_interpolation,inverse_sqrt_sensitivity,1.808081,81,field,0,True,,0.10550035934878584,0.11387061700604376,0.00837025765725792,7.933866490052151
paper_rank15,15,fitting,observed_numbered_windows,leave_one_parameter_out_interpolation,inverse_sqrt_sensitivity,1.909091,91,mode,1,False,endpoint_requires_extrapolation,0.009528541161016719,,,
paper_rank15,15,fitting,observed_numbered_windows,leave_one_parameter_out_interpolation,inverse_sqrt_sensitivity,1.909091,91,mode,2,False,endpoint_requires_extrapolation,0.01540081321937701,,,
paper_rank15,15,fitting,observed_numbered_windows,leave_one_parameter_out_interpolation,inverse_sqrt_sensitivity,1.909091,91,mode,3,False,endpoint_requires_extrapolation,0.023288555942585883,,,
paper_rank15,15,fitting,observed_numbered_windows,leave_one_parameter_out_interpolation,inverse_sqrt_sensitivity,1.909091,91,mode,4,False,endpoint_requires_extrapolation,0.024136934345588487,,,
paper_rank15,15,fitting,observed_numbered_windows,leave_one_parameter_out_interpolation,inverse_sqrt_sensitivity,1.909091,91,mode,5,False,endpoint_requires_extrapolation,0.01998156408953822,,,
paper_rank15,15,fitting,observed_numbered_windows,leave_one_parameter_out_interpolation,inverse_sqrt_sensitivity,1.909091,91,mode,6,False,endpoint_requires_extrapolation,0.02157590561468384,,,
paper_rank15,15,fitting,observed_numbered_windows,leave_one_parameter_out_interpolation,inverse_sqrt_sensitivity,1.909091,91,mode,7,False,endpoint_requires_extrapolation,0.022723987019790528,,,
paper_rank15,15,fitting,observed_numbered_windows,leave_one_parameter_out_interpolation,inverse_sqrt_sensitivity,1.909091,91,mode,8,False,endpoint_requires_extrapolation,0.024848385907367283,,,
paper_rank15,15,fitting,observed_numbered_windows,leave_one_parameter_out_interpolation,inverse_sqrt_sensitivity,1.909091,91,mode,9,False,endpoint_requires_extrapolation,0.0174378725756964,,,
paper_rank15,15,fitting,observed_numbered_windows,leave_one_parameter_out_interpolation,inverse_sqrt_sensitivity,1.909091,91,mode,10,False,endpoint_requires_extrapolation,0.008702922662996944,,,
paper_rank15,15,fitting,observed_numbered_windows,leave_one_parameter_out_interpolation,inverse_sqrt_sensitivity,1.909091,91,mode,11,False,endpoint_requires_extrapolation,0.011545451834109271,,,
paper_rank15,15,fitting,observed_numbered_windows,leave_one_parameter_out_interpolation,inverse_sqrt_sensitivity,1.909091,91,mode,12,False,endpoint_requires_extrapolation,0.0067248861839940294,,,
paper_rank15,15,fitting,observed_numbered_windows,leave_one_parameter_out_interpolation,inverse_sqrt_sensitivity,1.909091,91,mode,13,False,endpoint_requires_extrapolation,0.011086552008506473,,,
paper_rank15,15,fitting,observed_numbered_windows,leave_one_parameter_out_interpolation,inverse_sqrt_sensitivity,1.909091,91,mode,14,False,endpoint_requires_extrapolation,0.008645908876703239,,,
paper_rank15,15,fitting,observed_numbered_windows,leave_one_parameter_out_interpolation,inverse_sqrt_sensitivity,1.909091,91,mode,15,False,endpoint_requires_extrapolation,0.028508609486508588,,,
paper_rank15,15,fitting,observed_numbered_windows,leave_one_parameter_out_interpolation,inverse_sqrt_sensitivity,1.909091,91,modal_vector_summary,0,False,endpoint_requires_extrapolation,0.07085391352978479,,,
paper_rank15,15,fitting,observed_numbered_windows,leave_one_parameter_out_interpolation,inverse_sqrt_sensitivity,1.909091,91,field,0,False,endpoint_requires_extrapolation,0.11503503422398191,,,
