model,rank,case_set,case_identifier,evaluation_role,uncertainty_source,duration_scaling,size_ratio,source_simulation,mode,truth_field_norm,projected_coefficient,predicted_coefficient,coefficient_error_absolute,coefficient_error_percent,modal_uncertainty_absolute,modal_uncertainty_percent,coefficient_error_to_uncertainty_ratio,mode_ratio_stable,uncertainty_rule_frozen_before_evaluation,external_test_used_for_selection
validation_selected_rank,6,numbered,numbered_simulation_1,fitting,observed_numbered_windows,empirical_primary,1.0,1,1,12.534418235102383,-11.591603133658396,-11.580040924053849,0.01156220960454668,0.09224368764213522,0.007590022103831441,0.06055344541301278,1.5233433376577494,True,True,False
validation_selected_rank,6,numbered,numbered_simulation_1,fitting,observed_numbered_windows,empirical_primary,1.0,1,2,12.534418235102383,-4.6735707102010515,-4.671519263372908,0.0020514468281431775,0.016366510113713473,0.012494560351392013,0.09968201249581134,0.1641871959035859,True,True,False
validation_selected_rank,6,numbered,numbered_simulation_1,fitting,observed_numbered_windows,empirical_primary,1.0,1,3,12.534418235102383,0.911160312589843,0.9544901547135481,0.043329842123705165,0.34568690234350746,0.019107283549369056,0.1524385351675876,2.2677133571473043,True,True,False
validation_selected_rank,6,numbered,numbered_simulation_1,fitting,observed_numbered_windows,empirical_primary,1.0,1,4,12.534418235102383,0.20584105108018136,0.16201961338088638,0.043821437699294974,0.3496088679774058,0.030659906419936732,0.24460573953144701,1.4292749983998614,True,True,False
validation_selected_rank,6,numbered,numbered_simulation_1,fitting,observed_numbered_windows,empirical_primary,1.0,1,5,12.534418235102383,0.13518089041313067,0.08120731398142939,0.05397357643170128,0.4306029639297449,0.014464645360723867,0.11539941534913781,3.731413739202814,True,True,False
validation_selected_rank,6,numbered,numbered_simulation_1,fitting,observed_numbered_windows,empirical_primary,1.0,1,6,12.534418235102383,0.08581269328029068,0.017188855845468302,0.06862383743482237,0.5474832269649557,0.026008573538561362,0.20749725316907716,2.6385083108490317,True,True,False
validation_selected_rank,6,numbered,numbered_simulation_1,fitting,observed_numbered_windows,inverse_sqrt_sensitivity,1.0,1,1,12.534418235102383,-11.591603133658396,-11.580040924053849,0.01156220960454668,0.09224368764213522,0.006939082335958781,0.055360226584158664,1.666244763321304,True,True,False
validation_selected_rank,6,numbered,numbered_simulation_1,fitting,observed_numbered_windows,inverse_sqrt_sensitivity,1.0,1,2,12.534418235102383,-4.6735707102010515,-4.671519263372908,0.0020514468281431775,0.016366510113713473,0.01142299480078572,0.09113302736935852,0.17958922891237514,True,True,False
validation_selected_rank,6,numbered,numbered_simulation_1,fitting,observed_numbered_windows,inverse_sqrt_sensitivity,1.0,1,3,12.534418235102383,0.911160312589843,0.9544901547135481,0.043329842123705165,0.34568690234350746,0.017468593892322488,0.139365015309622,2.480442466680091,True,True,False
validation_selected_rank,6,numbered,numbered_simulation_1,fitting,observed_numbered_windows,inverse_sqrt_sensitivity,1.0,1,4,12.534418235102383,0.20584105108018136,0.16201961338088638,0.043821437699294974,0.3496088679774058,0.028030434187185732,0.22362772377171103,1.5633520839048647,True,True,False
validation_selected_rank,6,numbered,numbered_simulation_1,fitting,observed_numbered_windows,inverse_sqrt_sensitivity,1.0,1,5,12.534418235102383,0.13518089041313067,0.08120731398142939,0.05397357643170128,0.4306029639297449,0.013224120265452147,0.10550246543089066,4.081449302355983,True,True,False
validation_selected_rank,6,numbered,numbered_simulation_1,fitting,observed_numbered_windows,inverse_sqrt_sensitivity,1.0,1,6,12.534418235102383,0.08581269328029068,0.017188855845468302,0.06862383743482237,0.5474832269649557,0.023778011546740037,0.18970175640182646,2.886020864273265,True,True,False
validation_selected_rank,6,numbered,numbered_simulation_11,fitting,observed_numbered_windows,empirical_primary,1.10101,11,1,12.762901664468703,-12.337652934264913,-12.332778547246914,0.004874387017999027,0.03819184027382333,0.013685220884157221,0.10722656370734415,0.3561789071042244,True,True,False
validation_selected_rank,6,numbered,numbered_simulation_11,fitting,observed_numbered_windows,empirical_primary,1.10101,11,2,12.762901664468703,-3.2607741818890417,-3.260497572795041,0.0002766090940005128,0.002167290019718471,0.02648388827690764,0.20750679565789884,0.01044442912265641,True,True,False
validation_selected_rank,6,numbered,numbered_simulation_11,fitting,observed_numbered_windows,empirical_primary,1.10101,11,3,12.762901664468703,0.18410042852456274,0.17717182464897832,0.006928603875584416,0.05428705836442595,0.013734466328124544,0.10761241204545695,0.5044683724912175,True,True,False
validation_selected_rank,6,numbered,numbered_simulation_11,fitting,observed_numbered_windows,empirical_primary,1.10101,11,4,12.762901664468703,-0.009704972616653873,-0.02474201891023721,0.015037046293583337,0.11781839811118924,0.02651321630253734,0.20773658686369767,0.5671528539577553,True,True,False
validation_selected_rank,6,numbered,numbered_simulation_11,fitting,observed_numbered_windows,empirical_primary,1.10101,11,5,12.762901664468703,0.00030738487505776584,-0.025574548598146896,0.025881933473204662,0.20279035405607412,0.02175676403903246,0.17046879002133372,1.1896039974865515,True,True,False
validation_selected_rank,6,numbered,numbered_simulation_11,fitting,observed_numbered_windows,empirical_primary,1.10101,11,6,12.762901664468703,0.02345760689414441,-0.006284881849347085,0.029742488743491495,0.23303861085362063,0.022520962930333326,0.17645644793323598,1.3206579503504066,True,True,False
validation_selected_rank,6,numbered,numbered_simulation_11,fitting,observed_numbered_windows,inverse_sqrt_sensitivity,1.10101,11,1,12.762901664468703,-12.337652934264913,-12.332778547246914,0.004874387017999027,0.03819184027382333,0.012511541231614113,0.09803053851339803,0.38959125240961084,True,True,False
validation_selected_rank,6,numbered,numbered_simulation_11,fitting,observed_numbered_windows,inverse_sqrt_sensitivity,1.10101,11,2,12.762901664468703,-3.2607741818890417,-3.260497572795041,0.0002766090940005128,0.002167290019718471,0.02421256207370287,0.18971048050232545,0.011424197619339773,True,True,False
validation_selected_rank,6,numbered,numbered_simulation_11,fitting,observed_numbered_windows,inverse_sqrt_sensitivity,1.10101,11,3,12.762901664468703,0.18410042852456274,0.17717182464897832,0.006928603875584416,0.05428705836442595,0.012556563259967311,0.09838329550813801,0.5517914203223194,True,True,False
validation_selected_rank,6,numbered,numbered_simulation_11,fitting,observed_numbered_windows,inverse_sqrt_sensitivity,1.10101,11,4,12.762901664468703,-0.009704972616653873,-0.02474201891023721,0.015037046293583337,0.11781839811118924,0.02423937485261334,0.1899205642247842,0.6203561925592374,True,True,False
validation_selected_rank,6,numbered,numbered_simulation_11,fitting,observed_numbered_windows,inverse_sqrt_sensitivity,1.10101,11,5,12.762901664468703,0.00030738487505776584,-0.025574548598146896,0.025881933473204662,0.20279035405607412,0.019890848137933976,0.1558489492503819,1.3011980833459307,True,True,False
validation_selected_rank,6,numbered,numbered_simulation_11,fitting,observed_numbered_windows,inverse_sqrt_sensitivity,1.10101,11,6,12.762901664468703,0.02345760689414441,-0.006284881849347085,0.029742488743491495,0.23303861085362063,0.020589507371759956,0.16132309025838648,1.444545913919511,True,True,False
validation_selected_rank,6,numbered,numbered_simulation_21,fitting,observed_numbered_windows,empirical_primary,1.20202,21,1,13.19016377484132,-13.029984738013875,-13.061574689439066,0.03158995142519139,0.23949627892752545,0.010996933483196249,0.08337222850994164,2.8726145769147453,True,True,False
validation_selected_rank,6,numbered,numbered_simulation_21,fitting,observed_numbered_windows,empirical_primary,1.20202,21,2,13.19016377484132,-2.0006651345553013,-1.938714532099278,0.06195060245602324,0.4696727312377023,0.020138247017277004,0.15267624694462348,3.076265893594144,True,True,False
validation_selected_rank,6,numbered,numbered_simulation_21,fitting,observed_numbered_windows,empirical_primary,1.20202,21,3,13.19016377484132,-0.4295190112098592,-0.37459787833474856,0.054921132875110634,0.4163794613366834,0.03228220198880946,0.24474451219767226,1.7012821149607111,True,True,False
validation_selected_rank,6,numbered,numbered_simulation_21,fitting,observed_numbered_windows,empirical_primary,1.20202,21,4,13.19016377484132,-0.04611293568042107,-0.09707438096683692,0.05096144528641585,0.38635945812605293,0.02641050213183699,0.20022876578842716,1.9295901695478748,True,True,False
validation_selected_rank,6,numbered,numbered_simulation_21,fitting,observed_numbered_windows,empirical_primary,1.20202,21,5,13.19016377484132,-0.003353409463017493,-0.028000054732195967,0.024646645269178473,0.18685624901935666,0.01360116807389697,0.10311599087070922,1.8120976915563387,True,True,False
validation_selected_rank,6,numbered,numbered_simulation_21,fitting,observed_numbered_windows,empirical_primary,1.20202,21,6,13.19016377484132,0.06697178584535964,0.015274415562327781,0.051697370283031854,0.3919388050483382,0.02409719118186239,0.18269061395450553,2.145369138372597,True,True,False
validation_selected_rank,6,numbered,numbered_simulation_21,fitting,observed_numbered_windows,inverse_sqrt_sensitivity,1.20202,21,1,13.19016377484132,-13.029984738013875,-13.061574689439066,0.03158995142519139,0.23949627892752545,0.010053808254977306,0.07622201230096746,3.1420881146755764,True,True,False
validation_selected_rank,6,numbered,numbered_simulation_21,fitting,observed_numbered_windows,inverse_sqrt_sensitivity,1.20202,21,2,13.19016377484132,-2.0006651345553013,-1.938714532099278,0.06195060245602324,0.4696727312377023,0.018411139288279577,0.1395823403148083,3.364843505119785,True,True,False
validation_selected_rank,6,numbered,numbered_simulation_21,fitting,observed_numbered_windows,inverse_sqrt_sensitivity,1.20202,21,3,13.19016377484132,-0.4295190112098592,-0.37459787833474856,0.054921132875110634,0.4163794613366834,0.029513597526062745,0.22375459493805866,1.8608755786755955,True,True,False
validation_selected_rank,6,numbered,numbered_simulation_21,fitting,observed_numbered_windows,inverse_sqrt_sensitivity,1.20202,21,4,13.19016377484132,-0.04611293568042107,-0.09707438096683692,0.05096144528641585,0.38635945812605293,0.024145469712706084,0.18305663314628978,2.110600700370653,True,True,False
validation_selected_rank,6,numbered,numbered_simulation_21,fitting,observed_numbered_windows,inverse_sqrt_sensitivity,1.20202,21,5,13.19016377484132,-0.003353409463017493,-0.028000054732195967,0.024646645269178473,0.18685624901935666,0.01243469700599978,0.09427249894893266,1.9820865162445365,True,True,False
validation_selected_rank,6,numbered,numbered_simulation_21,fitting,observed_numbered_windows,inverse_sqrt_sensitivity,1.20202,21,6,13.19016377484132,0.06697178584535964,0.015274415562327781,0.051697370283031854,0.3919388050483382,0.02203055424461468,0.16702259820788096,2.3466214108375945,True,True,False
validation_selected_rank,6,numbered,numbered_simulation_31,fitting,observed_numbered_windows,empirical_primary,1.30303,31,1,13.76195028743179,-13.73117063514719,-13.681213342395537,0.04995729275165317,0.36301026895350047,0.008956380436272154,0.06508074981531971,5.5778439858732165,True,True,False
validation_selected_rank,6,numbered,numbered_simulation_31,fitting,observed_numbered_windows,empirical_primary,1.30303,31,2,13.76195028743179,-0.7214365069646523,-0.8077580065203913,0.08632149955573898,0.6272475757638274,0.016285723453415002,0.11833877548800673,5.300439971405628,True,True,False
validation_selected_rank,6,numbered,numbered_simulation_31,fitting,observed_numbered_windows,empirical_primary,1.30303,31,3,13.76195028743179,-0.5609432742999424,-0.5414719187645894,0.019471355535352952,0.14148689051097157,0.028603280067488752,0.20784321604192194,0.6807385547884982,True,True,False
validation_selected_rank,6,numbered,numbered_simulation_31,fitting,observed_numbered_windows,empirical_primary,1.30303,31,4,13.76195028743179,-0.03551408241754867,-0.05049207357517192,0.01497799115762325,0.10883625390873575,0.02936388456526799,0.2133700816524878,0.510082074608733,True,True,False
validation_selected_rank,6,numbered,numbered_simulation_31,fitting,observed_numbered_windows,empirical_primary,1.30303,31,5,13.76195028743179,-0.006360026776225234,0.012903197808527195,0.01926322458475243,0.13997452528472454,0.024716174248335387,0.1795979038734621,0.7793772770496546,True,True,False
validation_selected_rank,6,numbered,numbered_simulation_31,fitting,observed_numbered_windows,empirical_primary,1.30303,31,6,13.76195028743179,0.0397591003064719,0.013417157131513813,0.02634194317495809,0.19141141062698855,0.04088168916492688,0.29706319461321123,0.644345762443625,True,True,False
validation_selected_rank,6,numbered,numbered_simulation_31,fitting,observed_numbered_windows,inverse_sqrt_sensitivity,1.30303,31,1,13.76195028743179,-13.73117063514719,-13.681213342395537,0.04995729275165317,0.36301026895350047,0.008188258272408728,0.05949925774609664,6.101089033792446,True,True,False
validation_selected_rank,6,numbered,numbered_simulation_31,fitting,observed_numbered_windows,inverse_sqrt_sensitivity,1.30303,31,2,13.76195028743179,-0.7214365069646523,-0.8077580065203913,0.08632149955573898,0.6272475757638274,0.01488901802892712,0.10818973850330381,5.797662370213355,True,True,False
validation_selected_rank,6,numbered,numbered_simulation_31,fitting,observed_numbered_windows,inverse_sqrt_sensitivity,1.30303,31,3,13.76195028743179,-0.5609432742999424,-0.5414719187645894,0.019471355535352952,0.14148689051097157,0.02615018938701116,0.1900180486111262,0.7445971135117058,True,True,False
validation_selected_rank,6,numbered,numbered_simulation_31,fitting,observed_numbered_windows,inverse_sqrt_sensitivity,1.30303,31,4,13.76195028743179,-0.03551408241754867,-0.05049207357517192,0.01497799115762325,0.10883625390873575,0.02684556249172536,0.19507091604772242,0.5579317312587484,True,True,False
validation_selected_rank,6,numbered,numbered_simulation_31,fitting,observed_numbered_windows,inverse_sqrt_sensitivity,1.30303,31,5,13.76195028743179,-0.006360026776225234,0.012903197808527195,0.01926322458475243,0.13997452528472454,0.022596451735302114,0.16419512687775442,0.8524889133216331,True,True,False
validation_selected_rank,6,numbered,numbered_simulation_31,fitting,observed_numbered_windows,inverse_sqrt_sensitivity,1.30303,31,6,13.76195028743179,0.0397591003064719,0.013417157131513813,0.02634194317495809,0.19141141062698855,0.03737557061991944,0.2715862929257416,0.704790394850027,True,True,False
validation_selected_rank,6,numbered,numbered_simulation_41,internal_validation,observed_numbered_windows,empirical_primary,1.40404,41,1,14.169638877135696,-14.163673146316134,-14.145256860175559,0.018416286140574556,0.12997004581599678,0.010114463449923457,0.07138123658355386,1.8207872549792965,True,True,False
validation_selected_rank,6,numbered,numbered_simulation_41,internal_validation,observed_numbered_windows,empirical_primary,1.40404,41,2,14.169638877135696,0.07808986968109805,0.04185628566667737,0.03623358401442067,0.25571282605435786,0.023364898634402147,0.164894100950618,1.5507700068114507,True,True,False
validation_selected_rank,6,numbered,numbered_simulation_41,internal_validation,observed_numbered_windows,empirical_primary,1.40404,41,3,14.169638877135696,-0.3877450961985361,-0.44932306363852004,0.06157796743998395,0.43457682989611623,0.025208415956691023,0.17790443479380152,2.4427543383042054,True,True,False
validation_selected_rank,6,numbered,numbered_simulation_41,internal_validation,observed_numbered_windows,empirical_primary,1.40404,41,4,14.169638877135696,0.012183097974805542,0.038469766564085406,0.026286668589279864,0.18551403333006852,0.017665188115225862,0.12466928951683184,1.4880491743319184,True,True,False
validation_selected_rank,6,numbered,numbered_simulation_41,internal_validation,observed_numbered_windows,empirical_primary,1.40404,41,5,14.169638877135696,-0.0304078922617703,0.03860123751852382,0.06900912978029411,0.487021090506746,0.020764639057970467,0.14654317755039292,3.3233965487016297,True,True,False
validation_selected_rank,6,numbered,numbered_simulation_41,internal_validation,observed_numbered_windows,empirical_primary,1.40404,41,6,14.169638877135696,-0.06280379187435035,-0.005261920542821458,0.057541871331528896,0.4060927157740002,0.025199202992343402,0.17783941574548626,2.2834798127945786,True,True,False
validation_selected_rank,6,numbered,numbered_simulation_41,internal_validation,observed_numbered_windows,inverse_sqrt_sensitivity,1.40404,41,1,14.169638877135696,-14.163673146316134,-14.145256860175559,0.018416286140574556,0.12997004581599678,0.00924702111574025,0.06525939860514976,1.991591228144425,True,True,False
validation_selected_rank,6,numbered,numbered_simulation_41,internal_validation,observed_numbered_windows,inverse_sqrt_sensitivity,1.40404,41,2,14.169638877135696,0.07808986968109805,0.04185628566667737,0.03623358401442067,0.25571282605435786,0.021361064984725633,0.15075235981626964,1.696244266862618,True,True,False
validation_selected_rank,6,numbered,numbered_simulation_41,internal_validation,observed_numbered_windows,inverse_sqrt_sensitivity,1.40404,41,3,14.169638877135696,-0.3877450961985361,-0.44932306363852004,0.06157796743998395,0.43457682989611623,0.02304647753190006,0.16264689405097077,2.671903650123975,True,True,False
validation_selected_rank,6,numbered,numbered_simulation_41,internal_validation,observed_numbered_windows,inverse_sqrt_sensitivity,1.40404,41,4,14.169638877135696,0.012183097974805542,0.038469766564085406,0.026286668589279864,0.18551403333006852,0.016150176262316063,0.11397733140804446,1.627639733605616,True,True,False
validation_selected_rank,6,numbered,numbered_simulation_41,internal_validation,observed_numbered_windows,inverse_sqrt_sensitivity,1.40404,41,5,14.169638877135696,-0.0304078922617703,0.03860123751852382,0.06900912978029411,0.487021090506746,0.01898381034055056,0.13397525868625396,3.635156933320518,True,True,False
validation_selected_rank,6,numbered,numbered_simulation_41,internal_validation,observed_numbered_windows,inverse_sqrt_sensitivity,1.40404,41,6,14.169638877135696,-0.06280379187435035,-0.005261920542821458,0.057541871331528896,0.4060927157740002,0.023038054695010808,0.1625874512030458,2.4976879382090513,True,True,False
validation_selected_rank,6,numbered,numbered_simulation_51,fitting,observed_numbered_windows,empirical_primary,1.505051,51,1,14.437176438141057,-14.423926959741438,-14.465554784647473,0.041627824906035116,0.2883377167578285,0.008028149151560717,0.055607474120434236,5.185233124118332,True,True,False
validation_selected_rank,6,numbered,numbered_simulation_51,fitting,observed_numbered_windows,empirical_primary,1.505051,51,2,14.437176438141057,0.5439137417396861,0.6263162393432667,0.08240249760358065,0.5707660217124205,0.015905615405614554,0.11017123378498084,5.180717344296734,True,True,False
validation_selected_rank,6,numbered,numbered_simulation_51,fitting,observed_numbered_windows,empirical_primary,1.505051,51,3,14.437176438141057,-0.27117166769553447,-0.28873659868649426,0.017564930990959793,0.12166458632836012,0.013582307601060118,0.09407869786212149,1.2932214102991473,True,True,False
validation_selected_rank,6,numbered,numbered_simulation_51,fitting,observed_numbered_windows,empirical_primary,1.505051,51,4,14.437176438141057,0.05415522127401658,0.08642836051294708,0.03227313923893051,0.22354190500622587,0.01799020452671143,0.1246102699083441,1.7939284231600654,True,True,False
validation_selected_rank,6,numbered,numbered_simulation_51,fitting,observed_numbered_windows,empirical_primary,1.505051,51,5,14.437176438141057,-0.008171025561783361,0.02278197495275383,0.030953000514537192,0.2143978820731426,0.021210919221837134,0.14691875044070785,1.4592955727571844,True,True,False
validation_selected_rank,6,numbered,numbered_simulation_51,fitting,observed_numbered_windows,empirical_primary,1.505051,51,6,14.437176438141057,0.019088140254771686,-0.012025367926047123,0.03111350818081881,0.21550964840064676,0.024807356146151895,0.1718296943480876,1.2542049220204838,True,True,False
validation_selected_rank,6,numbered,numbered_simulation_51,fitting,observed_numbered_windows,inverse_sqrt_sensitivity,1.505051,51,1,14.437176438141057,-14.423926959741438,-14.465554784647473,0.041627824906035116,0.2883377167578285,0.0073396344840571765,0.05083843447855123,5.671648226687201,True,True,False
validation_selected_rank,6,numbered,numbered_simulation_51,fitting,observed_numbered_windows,inverse_sqrt_sensitivity,1.505051,51,2,14.437176438141057,0.5439137417396861,0.6263162393432667,0.08240249760358065,0.5707660217124205,0.014541509022475557,0.10072266613060755,5.666708831677525,True,True,False
validation_selected_rank,6,numbered,numbered_simulation_51,fitting,observed_numbered_windows,inverse_sqrt_sensitivity,1.505051,51,3,14.437176438141057,-0.27117166769553447,-0.28873659868649426,0.017564930990959793,0.12166458632836012,0.012417454055700076,0.08601026737399185,1.4145356135138534,True,True,False
validation_selected_rank,6,numbered,numbered_simulation_51,fitting,observed_numbered_windows,inverse_sqrt_sensitivity,1.505051,51,4,14.437176438141057,0.05415522127401658,0.08642836051294708,0.03227313923893051,0.22354190500622587,0.01644731843252104,0.11392337347259579,1.9622128294857664,True,True,False
validation_selected_rank,6,numbered,numbered_simulation_51,fitting,observed_numbered_windows,inverse_sqrt_sensitivity,1.505051,51,5,14.437176438141057,-0.008171025561783361,0.02278197495275383,0.030953000514537192,0.2143978820731426,0.019391816372629534,0.13431862148196091,1.596188821085663,True,True,False
validation_selected_rank,6,numbered,numbered_simulation_51,fitting,observed_numbered_windows,inverse_sqrt_sensitivity,1.505051,51,6,14.437176438141057,0.019088140254771686,-0.012025367926047123,0.03111350818081881,0.21550964840064676,0.02267981363963416,0.15709313893066498,1.3718590758808673,True,True,False
validation_selected_rank,6,numbered,numbered_simulation_61,fitting,observed_numbered_windows,empirical_primary,1.606061,61,1,14.728207176255644,-14.691521049089891,-14.694212098618232,0.002691049528340983,0.01827139920111532,0.006545433368785867,0.04444148082964375,0.41113389698139335,True,True,False
validation_selected_rank,6,numbered,numbered_simulation_61,fitting,observed_numbered_windows,empirical_primary,1.606061,61,2,14.728207176255644,1.0234760717540203,1.0361704700935346,0.012694398339514246,0.08619106309137041,0.010227244116906052,0.06943984420177153,1.2412335321623824,True,True,False
validation_selected_rank,6,numbered,numbered_simulation_61,fitting,observed_numbered_windows,empirical_primary,1.606061,61,3,14.728207176255644,-0.10695728607095725,-0.09357887802518267,0.013378408045774587,0.09083527876592366,0.025502356427504022,0.17315316197220612,0.5245949755194432,True,True,False
validation_selected_rank,6,numbered,numbered_simulation_61,fitting,observed_numbered_windows,empirical_primary,1.606061,61,4,14.728207176255644,0.11380839937595474,0.08713240558431845,0.026675993791636293,0.18112179895624023,0.020689635146562167,0.14047626366851595,1.2893409479030293,True,True,False
validation_selected_rank,6,numbered,numbered_simulation_61,fitting,observed_numbered_windows,empirical_primary,1.606061,61,5,14.728207176255644,0.03596675881183479,-0.012973188573398076,0.048939947385232864,0.3322872010120303,0.01999121463897178,0.13573420308210352,2.448072729399199,True,True,False
validation_selected_rank,6,numbered,numbered_simulation_61,fitting,observed_numbered_windows,empirical_primary,1.606061,61,6,14.728207176255644,0.04889137100611622,-0.009377269583123488,0.05826864058923971,0.3956261606855897,0.028179713178659978,0.19133159142472164,2.0677513720531966,True,True,False
validation_selected_rank,6,numbered,numbered_simulation_61,fitting,observed_numbered_windows,inverse_sqrt_sensitivity,1.606061,61,1,14.728207176255644,-14.691521049089891,-14.694212098618232,0.002691049528340983,0.01827139920111532,0.0059840802107294965,0.04063006541880294,0.4497014467680284,True,True,False
validation_selected_rank,6,numbered,numbered_simulation_61,fitting,observed_numbered_windows,inverse_sqrt_sensitivity,1.606061,61,2,14.728207176255644,1.0234760717540203,1.0361704700935346,0.012694398339514246,0.08619106309137041,0.009350129423382926,0.06348450501468307,1.3576708690008,True,True,False
validation_selected_rank,6,numbered,numbered_simulation_61,fitting,observed_numbered_windows,inverse_sqrt_sensitivity,1.606061,61,3,14.728207176255644,-0.10695728607095725,-0.09357887802518267,0.013378408045774587,0.09083527876592366,0.023315208913830064,0.15830310257597485,0.5738060548897254,True,True,False
validation_selected_rank,6,numbered,numbered_simulation_61,fitting,observed_numbered_windows,inverse_sqrt_sensitivity,1.606061,61,4,14.728207176255644,0.11380839937595474,0.08713240558431845,0.026675993791636293,0.18112179895624023,0.01891523895700763,0.1284286589035914,1.410291133634,True,True,False
validation_selected_rank,6,numbered,numbered_simulation_61,fitting,observed_numbered_windows,inverse_sqrt_sensitivity,1.606061,61,5,14.728207176255644,0.03596675881183479,-0.012973188573398076,0.048939947385232864,0.3322872010120303,0.01827671678395027,0.12409328959885507,2.6777209475724635,True,True,False
validation_selected_rank,6,numbered,numbered_simulation_61,fitting,observed_numbered_windows,inverse_sqrt_sensitivity,1.606061,61,6,14.728207176255644,0.04889137100611622,-0.009377269583123488,0.05826864058923971,0.3956261606855897,0.025762948681231784,0.17492250328177084,2.261722495751746,True,True,False
validation_selected_rank,6,numbered,numbered_simulation_71,fitting,observed_numbered_windows,empirical_primary,1.707071,71,1,14.947414820003644,-14.88402971084761,-14.865704585152198,0.018325125695412225,0.1225972913449107,0.007463785389378762,0.04993362049061633,2.455205333407569,True,True,False
validation_selected_rank,6,numbered,numbered_simulation_71,fitting,observed_numbered_windows,empirical_primary,1.707071,71,2,14.947414820003644,1.365119406006948,1.3375016001416014,0.02761780586534668,0.18476643752728839,0.010449244762899755,0.06990670218716262,2.6430432525998655,True,True,False
validation_selected_rank,6,numbered,numbered_simulation_71,fitting,observed_numbered_windows,empirical_primary,1.707071,71,3,14.947414820003644,0.1317053107767372,0.1199105042441885,0.01179480653254869,0.07890867199834503,0.023850112679372086,0.15956011769643436,0.4945388179549355,True,True,False
validation_selected_rank,6,numbered,numbered_simulation_71,fitting,observed_numbered_windows,empirical_primary,1.707071,71,4,14.947414820003644,0.07006328170923312,0.05148865310314124,0.01857462860609188,0.12426649577714304,0.017166818545739496,0.11484807742651053,1.0820076274821335,True,True,False
validation_selected_rank,6,numbered,numbered_simulation_71,fitting,observed_numbered_windows,empirical_primary,1.707071,71,5,14.947414820003644,0.01066747369276293,-0.031579103491412075,0.042246577184175,0.28263467424238314,0.015141258428796595,0.10129683701915823,2.790162877335731,True,True,False
validation_selected_rank,6,numbered,numbered_simulation_71,fitting,observed_numbered_windows,empirical_primary,1.707071,71,6,14.947414820003644,0.03921813088972361,-0.004411947844934025,0.043630078734657636,0.2918904657430722,0.025969642578556853,0.1737400272306788,1.6800415563163358,True,True,False
validation_selected_rank,6,numbered,numbered_simulation_71,fitting,observed_numbered_windows,inverse_sqrt_sensitivity,1.707071,71,1,14.947414820003644,-14.88402971084761,-14.865704585152198,0.018325125695412225,0.1225972913449107,0.0068236720059986255,0.04565118509233266,2.685522645183236,True,True,False
validation_selected_rank,6,numbered,numbered_simulation_71,fitting,observed_numbered_windows,inverse_sqrt_sensitivity,1.707071,71,2,14.947414820003644,1.365119406006948,1.3375016001416014,0.02761780586534668,0.18476643752728839,0.009553090724432197,0.06391132406152002,2.890981218749829,True,True,False
validation_selected_rank,6,numbered,numbered_simulation_71,fitting,observed_numbered_windows,inverse_sqrt_sensitivity,1.707071,71,3,14.947414820003644,0.1317053107767372,0.1199105042441885,0.01179480653254869,0.07890867199834503,0.021804665828379352,0.1458758326503314,0.5409303965207959,True,True,False
validation_selected_rank,6,numbered,numbered_simulation_71,fitting,observed_numbered_windows,inverse_sqrt_sensitivity,1.707071,71,4,14.947414820003644,0.07006328170923312,0.05148865310314124,0.01857462860609188,0.12426649577714304,0.015694548145679024,0.10499841166296874,1.1835083389263292,True,True,False
validation_selected_rank,6,numbered,numbered_simulation_71,fitting,observed_numbered_windows,inverse_sqrt_sensitivity,1.707071,71,5,14.947414820003644,0.01066747369276293,-0.031579103491412075,0.042246577184175,0.28263467424238314,0.013842705260951998,0.092609360398741,3.0519018058807963,True,True,False
validation_selected_rank,6,numbered,numbered_simulation_71,fitting,observed_numbered_windows,inverse_sqrt_sensitivity,1.707071,71,6,14.947414820003644,0.03921813088972361,-0.004411947844934025,0.043630078734657636,0.2918904657430722,0.023742419405743127,0.15883963676427454,1.8376424908113544,True,True,False
validation_selected_rank,6,numbered,numbered_simulation_81,fitting,observed_numbered_windows,empirical_primary,1.808081,81,1,15.127707855158455,-15.03634374136942,-14.992001617832313,0.044342123537106204,0.2931185871756891,0.005054604402253072,0.03341289011295576,8.772619973452494,True,True,False
validation_selected_rank,6,numbered,numbered_simulation_81,fitting,observed_numbered_windows,empirical_primary,1.808081,81,2,15.127707855158455,1.6270598541531416,1.5513083185318184,0.0757515356213232,0.5007469495485556,0.013635971581372967,0.09013904625824186,5.55527233019475,True,True,False
validation_selected_rank,6,numbered,numbered_simulation_81,fitting,observed_numbered_windows,empirical_primary,1.808081,81,3,15.127707855158455,0.3173583130774111,0.3050055417622198,0.012352771315191302,0.08165659618406157,0.01619779440964221,0.1070736860119814,0.7626205767766724,True,True,False
validation_selected_rank,6,numbered,numbered_simulation_81,fitting,observed_numbered_windows,empirical_primary,1.808081,81,4,15.127707855158455,-0.010161907272776013,-0.009681938038395135,0.0004799692343808778,0.0031727822812046918,0.02402536602881849,0.1588169619538626,0.01997760341320725,True,True,False
validation_selected_rank,6,numbered,numbered_simulation_81,fitting,observed_numbered_windows,empirical_primary,1.808081,81,5,15.127707855158455,0.01872172089665426,-0.020086348656158937,0.0388080695528132,0.2565363498844928,0.02013816005417977,0.1331210269724556,1.9270911269154603,True,True,False
validation_selected_rank,6,numbered,numbered_simulation_81,fitting,observed_numbered_windows,empirical_primary,1.808081,81,6,15.127707855158455,-0.02265786486053991,0.0027303869788266183,0.025388251839366528,0.1678261642969876,0.01845260267923963,0.12197884078616315,1.3758629219242853,True,True,False
validation_selected_rank,6,numbered,numbered_simulation_81,fitting,observed_numbered_windows,inverse_sqrt_sensitivity,1.808081,81,1,15.127707855158455,-15.03634374136942,-14.992001617832313,0.044342123537106204,0.2931185871756891,0.004621108561097375,0.030547314935894965,9.595559799308475,True,True,False
validation_selected_rank,6,numbered,numbered_simulation_81,fitting,observed_numbered_windows,inverse_sqrt_sensitivity,1.808081,81,2,15.127707855158455,1.6270598541531416,1.5513083185318184,0.0757515356213232,0.5007469495485556,0.012466515675386024,0.08240849039886118,6.076399981663486,True,True,False
validation_selected_rank,6,numbered,numbered_simulation_81,fitting,observed_numbered_windows,inverse_sqrt_sensitivity,1.808081,81,3,15.127707855158455,0.3173583130774111,0.3050055417622198,0.012352771315191302,0.08165659618406157,0.01480863000553078,0.09789077200139827,0.8341603045371344,True,True,False
validation_selected_rank,6,numbered,numbered_simulation_81,fitting,observed_numbered_windows,inverse_sqrt_sensitivity,1.808081,81,4,15.127707855158455,-0.010161907272776013,-0.009681938038395135,0.0004799692343808778,0.0031727822812046918,0.021964889000963692,0.14519641185081322,0.021851657632315807,True,True,False
validation_selected_rank,6,numbered,numbered_simulation_81,fitting,observed_numbered_windows,inverse_sqrt_sensitivity,1.808081,81,5,15.127707855158455,0.01872172089665426,-0.020086348656158937,0.0388080695528132,0.2565363498844928,0.018411059783360665,0.12170422617648984,2.1078672281476543,True,True,False
validation_selected_rank,6,numbered,numbered_simulation_81,fitting,observed_numbered_windows,inverse_sqrt_sensitivity,1.808081,81,6,15.127707855158455,-0.02265786486053991,0.0027303869788266183,0.025388251839366528,0.1678261642969876,0.016870060133203132,0.11151762246288055,1.504929540197557,True,True,False
validation_selected_rank,6,numbered,numbered_simulation_91,fitting,observed_numbered_windows,empirical_primary,1.909091,91,1,15.179102126120826,-15.080230783691778,-15.084280197501458,0.004049413809680047,0.026677558237859462,0.010422392259940206,0.06866277183816374,0.38853016742082197,True,True,False
validation_selected_rank,6,numbered,numbered_simulation_91,fitting,observed_numbered_windows,empirical_primary,1.909091,91,2,15.179102126120826,1.6770677661309759,1.6899230841057782,0.012855317974802327,0.08469089849972328,0.016845529004073965,0.11097842852697777,0.7631293722918031,True,True,False
validation_selected_rank,6,numbered,numbered_simulation_91,fitting,observed_numbered_windows,empirical_primary,1.909091,91,3,15.179102126120826,0.41159378733017615,0.4387587752144011,0.027164987884224945,0.17896307474918632,0.025473203200739758,0.16781758887374779,1.066414289170985,True,True,False
validation_selected_rank,6,numbered,numbered_simulation_91,fitting,observed_numbered_windows,empirical_primary,1.909091,91,4,15.179102126120826,-0.049635448842560013,-0.07817164483445027,0.028536195991890258,0.18799660055507494,0.02640116608105241,0.1739310129261216,1.080868773155066,True,True,False
validation_selected_rank,6,numbered,numbered_simulation_91,fitting,observed_numbered_windows,empirical_primary,1.909091,91,5,15.179102126120826,0.02060760592629772,0.010559833538710955,0.010047772387586765,0.066194774263335,0.021855989850820032,0.14398736940579207,0.45972625610501805,True,True,False
validation_selected_rank,6,numbered,numbered_simulation_91,fitting,observed_numbered_windows,empirical_primary,1.909091,91,6,15.179102126120826,0.06244850813863523,0.011425981449967273,0.051022526688667955,0.3361366585765721,0.023599892982535727,0.15547621187635371,2.1619812736619353,True,True,False
validation_selected_rank,6,numbered,numbered_simulation_91,fitting,observed_numbered_windows,inverse_sqrt_sensitivity,1.909091,91,1,15.179102126120826,-15.080230783691778,-15.084280197501458,0.004049413809680047,0.026677558237859462,0.009528541161016719,0.0627740763705622,0.42497731197794025,True,True,False
validation_selected_rank,6,numbered,numbered_simulation_91,fitting,observed_numbered_windows,inverse_sqrt_sensitivity,1.909091,91,2,15.179102126120826,1.6770677661309759,1.6899230841057782,0.012855317974802327,0.08469089849972328,0.01540081321937701,0.10146063378066779,0.8347168290196527,True,True,False
validation_selected_rank,6,numbered,numbered_simulation_91,fitting,observed_numbered_windows,inverse_sqrt_sensitivity,1.909091,91,3,15.179102126120826,0.41159378733017615,0.4387587752144011,0.027164987884224945,0.17896307474918632,0.023288555942585883,0.1534251219148857,1.1664522244829507,True,True,False
validation_selected_rank,6,numbered,numbered_simulation_91,fitting,observed_numbered_windows,inverse_sqrt_sensitivity,1.909091,91,4,15.179102126120826,-0.049635448842560013,-0.07817164483445027,0.028536195991890258,0.18799660055507494,0.024136934345588487,0.15901424303650116,1.1822626512262866,True,True,False
validation_selected_rank,6,numbered,numbered_simulation_91,fitting,observed_numbered_windows,inverse_sqrt_sensitivity,1.909091,91,5,15.179102126120826,0.02060760592629772,0.010559833538710955,0.010047772387586765,0.066194774263335,0.01998156408953822,0.13163864320507548,0.5028521462365148,True,True,False
validation_selected_rank,6,numbered,numbered_simulation_91,fitting,observed_numbered_windows,inverse_sqrt_sensitivity,1.909091,91,6,15.179102126120826,0.06244850813863523,0.011425981449967273,0.051022526688667955,0.3361366585765721,0.02157590561468384,0.14214217307066623,2.364791893321211,True,True,False
paper_rank15,15,numbered,numbered_simulation_1,fitting,observed_numbered_windows,empirical_primary,1.0,1,1,12.534418235102383,-11.591603133658396,-11.589224426447528,0.0023787072108678586,0.0189774041862297,0.007590022103831441,0.06055344541301278,0.31339924684370657,True,True,False
paper_rank15,15,numbered,numbered_simulation_1,fitting,observed_numbered_windows,empirical_primary,1.0,1,2,12.534418235102383,-4.6735707102010515,-4.6607010972616205,0.012869612939431008,0.10267419435063942,0.012494560351392013,0.09968201249581134,1.0300172697150733,True,True,False
paper_rank15,15,numbered,numbered_simulation_1,fitting,observed_numbered_windows,empirical_primary,1.0,1,3,12.534418235102383,0.911160312589843,0.934711799719662,0.023551487129819026,0.1878945371701701,0.019107283549369056,0.1524385351675876,1.2325921195949763,True,True,False
paper_rank15,15,numbered,numbered_simulation_1,fitting,observed_numbered_windows,empirical_primary,1.0,1,4,12.534418235102383,0.20584105108018136,0.15001216626909925,0.05582888481108211,0.4454046750628957,0.030659906419936732,0.24460573953144701,1.820908519628721,True,True,False
paper_rank15,15,numbered,numbered_simulation_1,fitting,observed_numbered_windows,empirical_primary,1.0,1,5,12.534418235102383,0.13518089041313083,0.07512005268579831,0.06006083772733252,0.47916733430143066,0.014464645360723867,0.11539941534913781,4.152250969831371,True,True,False
paper_rank15,15,numbered,numbered_simulation_1,fitting,observed_numbered_windows,empirical_primary,1.0,1,6,12.534418235102383,0.08581269328029234,0.00954007142231678,0.07627262185797556,0.608505480089819,0.026008573538561362,0.20749725316907716,2.9325953514863357,True,True,False
paper_rank15,15,numbered,numbered_simulation_1,fitting,observed_numbered_windows,empirical_primary,1.0,1,7,12.534418235102383,0.0090157224134235,0.00665191298567952,0.0023638094277439806,0.018858549183592584,0.018645002776012484,0.14875044398787918,0.1267797841674292,True,True,False
paper_rank15,15,numbered,numbered_simulation_1,fitting,observed_numbered_windows,empirical_primary,1.0,1,8,12.534418235102383,0.03866051609232176,-0.006621877533402806,0.04528239362572457,0.36126442230012834,0.019660175924843353,0.15684952868243562,2.303254752085102,True,True,False
paper_rank15,15,numbered,numbered_simulation_1,fitting,observed_numbered_windows,empirical_primary,1.0,1,9,12.534418235102383,0.015506854492217923,0.0145187369638182,0.0009881175283997234,0.0078832340669192,0.025035564407688126,0.19973455439341045,0.039468554106025434,True,True,False
paper_rank15,15,numbered,numbered_simulation_1,fitting,observed_numbered_windows,empirical_primary,1.0,1,10,12.534418235102383,0.0035654709047716624,-0.01254131092911702,0.01610678183388868,0.12850043401920297,0.019096622086406796,0.15235347766621585,0.8434361721675208,True,True,False
paper_rank15,15,numbered,numbered_simulation_1,fitting,observed_numbered_windows,empirical_primary,1.0,1,11,12.534418235102383,-0.020311631385775585,-0.028727450987665288,0.008415819601889703,0.06714168495129173,0.016851683661468088,0.13444328524378812,0.49940526839657823,True,True,False
paper_rank15,15,numbered,numbered_simulation_1,fitting,observed_numbered_windows,empirical_primary,1.0,1,12,12.534418235102383,0.012836006461254653,0.017832322962617102,0.004996316501362449,0.03986077700335837,0.014861887905946308,0.11856862941054493,0.3361831641431907,True,True,False
paper_rank15,15,numbered,numbered_simulation_1,fitting,observed_numbered_windows,empirical_primary,1.0,1,13,12.534418235102383,-0.005708562619738101,0.0021912146146131134,0.007899777234351214,0.06302468200899862,0.028048699112342486,0.2237734419439801,0.2816450489454256,True,True,False
paper_rank15,15,numbered,numbered_simulation_1,fitting,observed_numbered_windows,empirical_primary,1.0,1,14,12.534418235102383,0.021372728952446674,-0.0006475930517935435,0.022020322004240218,0.17567885155270116,0.02237315924939787,0.17849379867301934,0.984229440231283,True,True,False
paper_rank15,15,numbered,numbered_simulation_1,fitting,observed_numbered_windows,empirical_primary,1.0,1,15,12.534418235102383,-0.029607012108960586,-0.0043914088302463225,0.025215603278714263,0.20117091041448165,0.023184195551836304,0.18496427290825063,1.0876203671736655,True,True,False
paper_rank15,15,numbered,numbered_simulation_1,fitting,observed_numbered_windows,inverse_sqrt_sensitivity,1.0,1,1,12.534418235102383,-11.591603133658396,-11.589224426447528,0.0023787072108678586,0.0189774041862297,0.006939082335958781,0.055360226584158664,0.34279852806202366,True,True,False
paper_rank15,15,numbered,numbered_simulation_1,fitting,observed_numbered_windows,inverse_sqrt_sensitivity,1.0,1,2,12.534418235102383,-4.6735707102010515,-4.6607010972616205,0.012869612939431008,0.10267419435063942,0.01142299480078572,0.09113302736935852,1.1266408821744176,True,True,False
paper_rank15,15,numbered,numbered_simulation_1,fitting,observed_numbered_windows,inverse_sqrt_sensitivity,1.0,1,3,12.534418235102383,0.911160312589843,0.934711799719662,0.023551487129819026,0.1878945371701701,0.017468593892322488,0.139365015309622,1.3482188248803468,True,True,False
paper_rank15,15,numbered,numbered_simulation_1,fitting,observed_numbered_windows,inverse_sqrt_sensitivity,1.0,1,4,12.534418235102383,0.20584105108018136,0.15001216626909925,0.05582888481108211,0.4454046750628957,0.028030434187185732,0.22362772377171103,1.9917238683589353,True,True,False
paper_rank15,15,numbered,numbered_simulation_1,fitting,observed_numbered_windows,inverse_sqrt_sensitivity,1.0,1,5,12.534418235102383,0.13518089041313083,0.07512005268579831,0.06006083772733252,0.47916733430143066,0.013224120265452147,0.10550246543089066,4.541764330761626,True,True,False
paper_rank15,15,numbered,numbered_simulation_1,fitting,observed_numbered_windows,inverse_sqrt_sensitivity,1.0,1,6,12.534418235102383,0.08581269328029234,0.00954007142231678,0.07627262185797556,0.608505480089819,0.023778011546740037,0.18970175640182646,3.2076955513310166,True,True,False
paper_rank15,15,numbered,numbered_simulation_1,fitting,observed_numbered_windows,inverse_sqrt_sensitivity,1.0,1,7,12.534418235102383,0.0090157224134235,0.00665191298567952,0.0023638094277439806,0.018858549183592584,0.017045959504073126,0.1359932242913059,0.1386727116874324,True,True,False
paper_rank15,15,numbered,numbered_simulation_1,fitting,observed_numbered_windows,inverse_sqrt_sensitivity,1.0,1,8,12.534418235102383,0.03866051609232176,-0.006621877533402806,0.04528239362572457,0.36126442230012834,0.017974068799227347,0.14339771070420593,2.5193179202513747,True,True,False
paper_rank15,15,numbered,numbered_simulation_1,fitting,observed_numbered_windows,inverse_sqrt_sensitivity,1.0,1,9,12.534418235102383,0.015506854492217923,0.0145187369638182,0.0009881175283997234,0.0078832340669192,0.02288845017519136,0.18260480658841205,0.04317101074282161,True,True,False
paper_rank15,15,numbered,numbered_simulation_1,fitting,observed_numbered_windows,inverse_sqrt_sensitivity,1.0,1,10,12.534418235102383,0.0035654709047716624,-0.01254131092911702,0.01610678183388868,0.12850043401920297,0.01745884678377592,0.13928725255778346,0.922557029875325,True,True,False
paper_rank15,15,numbered,numbered_simulation_1,fitting,observed_numbered_windows,inverse_sqrt_sensitivity,1.0,1,11,12.534418235102383,-0.020311631385775585,-0.028727450987665288,0.008415819601889703,0.06714168495129173,0.015406440037563201,0.1229130841862112,0.5462533577757533,True,True,False
paper_rank15,15,numbered,numbered_simulation_1,fitting,observed_numbered_windows,inverse_sqrt_sensitivity,1.0,1,12,12.534418235102383,0.012836006461254653,0.017832322962617102,0.004996316501362449,0.03986077700335837,0.013587294270868135,0.10839987956375347,0.3677197535991261,True,True,False
paper_rank15,15,numbered,numbered_simulation_1,fitting,observed_numbered_windows,inverse_sqrt_sensitivity,1.0,1,13,12.534418235102383,-0.005708562619738101,0.0021912146146131134,0.007899777234351214,0.06302468200899862,0.025643170717359068,0.20458205747073202,0.30806553999983644,True,True,False
paper_rank15,15,numbered,numbered_simulation_1,fitting,observed_numbered_windows,inverse_sqrt_sensitivity,1.0,1,14,12.534418235102383,0.021372728952446674,-0.0006475930517935435,0.022020322004240218,0.17567885155270116,0.020454379713692773,0.16318571257189024,1.0765577989881139,True,True,False
paper_rank15,15,numbered,numbered_simulation_1,fitting,observed_numbered_windows,inverse_sqrt_sensitivity,1.0,1,15,12.534418235102383,-0.029607012108960586,-0.0043914088302463225,0.025215603278714263,0.20117091041448165,0.021195859462115496,0.16910126233666695,1.1896475971537495,True,True,False
paper_rank15,15,numbered,numbered_simulation_11,fitting,observed_numbered_windows,empirical_primary,1.10101,11,1,12.762901664468703,-12.337652934264913,-12.341937571516063,0.004284637251149803,0.03357102768469983,0.013685220884157221,0.10722656370734415,0.3130849905469878,True,True,False
paper_rank15,15,numbered,numbered_simulation_11,fitting,observed_numbered_windows,empirical_primary,1.10101,11,2,12.762901664468703,-3.2607741818890417,-3.2450763646146426,0.015697817274399117,0.12299567674411435,0.02648388827690764,0.20750679565789884,0.5927308373403263,True,True,False
paper_rank15,15,numbered,numbered_simulation_11,fitting,observed_numbered_windows,empirical_primary,1.10101,11,3,12.762901664468703,0.18410042852456274,0.1737134955712778,0.010386932953284939,0.08138378894042297,0.013734466328124544,0.10761241204545695,0.7562676776173862,True,True,False
paper_rank15,15,numbered,numbered_simulation_11,fitting,observed_numbered_windows,empirical_primary,1.10101,11,4,12.762901664468703,-0.009704972616653873,-0.023393282536801868,0.013688309920147995,0.10725076694945934,0.02651321630253734,0.20773658686369767,0.5162825122366618,True,True,False
paper_rank15,15,numbered,numbered_simulation_11,fitting,observed_numbered_windows,empirical_primary,1.10101,11,5,12.762901664468703,0.0003073848750585334,-0.02745336433170742,0.027760749206765953,0.21751126770842816,0.02175676403903246,0.17046879002133372,1.2759594743483964,True,True,False
paper_rank15,15,numbered,numbered_simulation_11,fitting,observed_numbered_windows,empirical_primary,1.10101,11,6,12.762901664468703,0.023457606894143723,-0.003568352675400892,0.027025959569544615,0.2117540374441932,0.022520962930333326,0.17645644793323598,1.200035702431868,True,True,False
paper_rank15,15,numbered,numbered_simulation_11,fitting,observed_numbered_windows,empirical_primary,1.10101,11,7,12.762901664468703,0.0090879077791843,-0.01297970341220283,0.02206761119138713,0.17290434237867933,0.028392291821849568,0.22245953599166501,0.7772395173257828,True,True,False
paper_rank15,15,numbered,numbered_simulation_11,fitting,observed_numbered_windows,empirical_primary,1.10101,11,8,12.762901664468703,0.024461026851903746,-0.005874868958432797,0.030335895810336543,0.2376880791520176,0.021754844107102645,0.17045374695369683,1.3944432633480608,True,True,False
paper_rank15,15,numbered,numbered_simulation_11,fitting,observed_numbered_windows,empirical_primary,1.10101,11,9,12.762901664468703,-0.04697186696059269,-0.006192141997394155,0.04077972496319854,0.3195176616985721,0.02467417706675809,0.1933273303785596,1.6527288773548765,True,True,False
paper_rank15,15,numbered,numbered_simulation_11,fitting,observed_numbered_windows,empirical_primary,1.10101,11,10,12.762901664468703,0.013225132400175131,-0.0006266356405860152,0.013851768040761147,0.10853149546175533,0.015437514868641299,0.12095615303233581,0.8972796566433546,True,True,False
paper_rank15,15,numbered,numbered_simulation_11,fitting,observed_numbered_windows,empirical_primary,1.10101,11,11,12.762901664468703,0.031549990245806965,0.016677790147189057,0.014872200098617908,0.11652679374645178,0.015305372690223732,0.11992079146729731,0.9716980043300408,True,True,False
paper_rank15,15,numbered,numbered_simulation_11,fitting,observed_numbered_windows,empirical_primary,1.10101,11,12,12.762901664468703,0.000358426689188758,-0.013428111674897675,0.013786538364086434,0.10802040732216471,0.01595838046857269,0.12503724378759448,0.8639058575672307,True,True,False
paper_rank15,15,numbered,numbered_simulation_11,fitting,observed_numbered_windows,empirical_primary,1.10101,11,13,12.762901664468703,-0.025523936656500986,-0.004395366972388869,0.021128569684112117,0.16554675605574107,0.023831100427923666,0.18672164884156625,0.8865964770705718,True,True,False
paper_rank15,15,numbered,numbered_simulation_11,fitting,observed_numbered_windows,empirical_primary,1.10101,11,14,12.762901664468703,-0.003522432265861245,0.002876979047377659,0.006399411313238904,0.05014072411961422,0.019619790264004615,0.15372515419926142,0.32617123970889556,True,True,False
paper_rank15,15,numbered,numbered_simulation_11,fitting,observed_numbered_windows,empirical_primary,1.10101,11,15,12.762901664468703,0.006339553221305808,0.004504347186503657,0.0018352060348021514,0.014379222554940431,0.032504585734882525,0.2546802176293006,0.05645991152665844,True,True,False
paper_rank15,15,numbered,numbered_simulation_11,fitting,observed_numbered_windows,inverse_sqrt_sensitivity,1.10101,11,1,12.762901664468703,-12.337652934264913,-12.341937571516063,0.004284637251149803,0.03357102768469983,0.012511541231614113,0.09803053851339803,0.3424547920861579,True,True,False
paper_rank15,15,numbered,numbered_simulation_11,fitting,observed_numbered_windows,inverse_sqrt_sensitivity,1.10101,11,2,12.762901664468703,-3.2607741818890417,-3.2450763646146426,0.015697817274399117,0.12299567674411435,0.02421256207370287,0.18971048050232545,0.6483335892589587,True,True,False
paper_rank15,15,numbered,numbered_simulation_11,fitting,observed_numbered_windows,inverse_sqrt_sensitivity,1.10101,11,3,12.762901664468703,0.18410042852456274,0.1737134955712778,0.010386932953284939,0.08138378894042297,0.012556563259967311,0.09838329550813801,0.8272114541405161,True,True,False
paper_rank15,15,numbered,numbered_simulation_11,fitting,observed_numbered_windows,inverse_sqrt_sensitivity,1.10101,11,4,12.762901664468703,-0.009704972616653873,-0.023393282536801868,0.013688309920147995,0.10725076694945934,0.02423937485261334,0.1899205642247842,0.5647138180493217,True,True,False
paper_rank15,15,numbered,numbered_simulation_11,fitting,observed_numbered_windows,inverse_sqrt_sensitivity,1.10101,11,5,12.762901664468703,0.0003073848750585334,-0.02745336433170742,0.027760749206765953,0.21751126770842816,0.019890848137933976,0.1558489492503819,1.3956543740245664,True,True,False
paper_rank15,15,numbered,numbered_simulation_11,fitting,observed_numbered_windows,inverse_sqrt_sensitivity,1.10101,11,6,12.762901664468703,0.023457606894143723,-0.003568352675400892,0.027025959569544615,0.2117540374441932,0.020589507371759956,0.16132309025838648,1.3126083631613612,True,True,False
paper_rank15,15,numbered,numbered_simulation_11,fitting,observed_numbered_windows,inverse_sqrt_sensitivity,1.10101,11,7,12.762901664468703,0.0090879077791843,-0.01297970341220283,0.02206761119138713,0.17290434237867933,0.025957296034609625,0.20338083546372118,0.8501506151474227,True,True,False
paper_rank15,15,numbered,numbered_simulation_11,fitting,observed_numbered_windows,inverse_sqrt_sensitivity,1.10101,11,8,12.762901664468703,0.024461026851903746,-0.005874868958432797,0.030335895810336543,0.2376880791520176,0.019889092864292062,0.15583519631481865,1.5252528618235865,True,True,False
paper_rank15,15,numbered,numbered_simulation_11,fitting,observed_numbered_windows,inverse_sqrt_sensitivity,1.10101,11,9,12.762901664468703,-0.04697186696059269,-0.006192141997394155,0.04077972496319854,0.3195176616985721,0.02255805633976091,0.17674708254284716,1.8077676706268373,True,True,False
paper_rank15,15,numbered,numbered_simulation_11,fitting,observed_numbered_windows,inverse_sqrt_sensitivity,1.10101,11,10,12.762901664468703,0.013225132400175131,-0.0006266356405860152,0.013851768040761147,0.10853149546175533,0.014113553988467914,0.11058264303453315,0.9814514510008839,True,True,False
paper_rank15,15,numbered,numbered_simulation_11,fitting,observed_numbered_windows,inverse_sqrt_sensitivity,1.10101,11,11,12.762901664468703,0.031549990245806965,0.016677790147189057,0.014872200098617908,0.11652679374645178,0.013992744662283004,0.10963607673353876,1.062850817159942,True,True,False
paper_rank15,15,numbered,numbered_simulation_11,fitting,observed_numbered_windows,inverse_sqrt_sensitivity,1.10101,11,12,12.762901664468703,0.000358426689188758,-0.013428111674897675,0.013786538364086434,0.10802040732216471,0.014589748818265311,0.11431372897655759,0.9449469306028548,True,True,False
paper_rank15,15,numbered,numbered_simulation_11,fitting,observed_numbered_windows,inverse_sqrt_sensitivity,1.10101,11,13,12.762901664468703,-0.025523936656500986,-0.004395366972388869,0.021128569684112117,0.16554675605574107,0.021787284116391196,0.1707079212013827,0.9697661062865789,True,True,False
paper_rank15,15,numbered,numbered_simulation_11,fitting,observed_numbered_windows,inverse_sqrt_sensitivity,1.10101,11,14,12.762901664468703,-0.003522432265861245,0.002876979047377659,0.006399411313238904,0.05014072411961422,0.017937146716271796,0.14054129059231052,0.3567686329639952,True,True,False
paper_rank15,15,numbered,numbered_simulation_11,fitting,observed_numbered_windows,inverse_sqrt_sensitivity,1.10101,11,15,12.762901664468703,0.006339553221305808,0.004504347186503657,0.0018352060348021514,0.014379222554940431,0.02971690907154572,0.23283818878175758,0.06175628933627495,True,True,False
paper_rank15,15,numbered,numbered_simulation_21,fitting,observed_numbered_windows,empirical_primary,1.20202,21,1,13.19016377484132,-13.029984738013875,-13.052129309125258,0.022144571111383016,0.16788700647994356,0.010996933483196249,0.08337222850994164,2.0137041971946816,True,True,False
paper_rank15,15,numbered,numbered_simulation_21,fitting,observed_numbered_windows,empirical_primary,1.20202,21,2,13.19016377484132,-2.0006651345553013,-1.9539029329702866,0.04676220158501465,0.35452328252518006,0.020138247017277004,0.15267624694462348,2.3220591913931945,True,True,False
paper_rank15,15,numbered,numbered_simulation_21,fitting,observed_numbered_windows,empirical_primary,1.20202,21,3,13.19016377484132,-0.4295190112098592,-0.37220498333199914,0.05731402787786005,0.4345209722655589,0.03228220198880946,0.24474451219767226,1.7754063956891109,True,True,False
paper_rank15,15,numbered,numbered_simulation_21,fitting,observed_numbered_windows,empirical_primary,1.20202,21,4,13.19016377484132,-0.04611293568042107,-0.10128842247361561,0.05517548679319454,0.41830782191222876,0.02641050213183699,0.20022876578842716,2.0891494799215615,True,True,False
paper_rank15,15,numbered,numbered_simulation_21,fitting,observed_numbered_windows,empirical_primary,1.20202,21,5,13.19016377484132,-0.0033534094630180917,-0.02953039349062951,0.02617698402761142,0.1984583699979596,0.01360116807389697,0.10311599087070922,1.9246129365792963,True,True,False
paper_rank15,15,numbered,numbered_simulation_21,fitting,observed_numbered_windows,empirical_primary,1.20202,21,6,13.19016377484132,0.06697178584536158,0.016486719670515963,0.05048506617484562,0.3827478341939917,0.02409719118186239,0.18269061395450553,2.0950601999142955,True,True,False
paper_rank15,15,numbered,numbered_simulation_21,fitting,observed_numbered_windows,empirical_primary,1.20202,21,7,13.19016377484132,-0.055380172834327154,-0.008971314001526412,0.04640885883280074,0.3518444473094425,0.03966473287677878,0.30071448356414326,1.1700282711337815,True,True,False
paper_rank15,15,numbered,numbered_simulation_21,fitting,observed_numbered_windows,empirical_primary,1.20202,21,8,13.19016377484132,-0.010191908474816267,-3.882806276583883e-05,0.010153080412050429,0.07697463492770447,0.016792948800983743,0.1273141796238672,0.604603785337311,True,True,False
paper_rank15,15,numbered,numbered_simulation_21,fitting,observed_numbered_windows,empirical_primary,1.20202,21,9,13.19016377484132,0.008992717998302367,-0.00630611448997518,0.015298832488277547,0.11598667574892636,0.0222966941352122,0.16904031303796632,0.6861480179753089,True,True,False
paper_rank15,15,numbered,numbered_simulation_21,fitting,observed_numbered_windows,empirical_primary,1.20202,21,10,13.19016377484132,0.022898603702981867,0.003907751266995649,0.01899085243598622,0.14397738163197812,0.011722151357107982,0.08887040037718562,1.6200825136480346,True,True,False
paper_rank15,15,numbered,numbered_simulation_21,fitting,observed_numbered_windows,empirical_primary,1.20202,21,11,13.19016377484132,0.008366058386791919,0.0023606120117202613,0.006005446375071657,0.04552973319805427,0.011061983530308381,0.08386539939259745,0.5428905547199129,True,True,False
paper_rank15,15,numbered,numbered_simulation_21,fitting,observed_numbered_windows,empirical_primary,1.20202,21,12,13.19016377484132,0.01862613649321837,-0.0005459300922386152,0.019172066585456986,0.14535123985363577,0.015173755524500633,0.11503841637996018,1.263501745134907,True,True,False
paper_rank15,15,numbered,numbered_simulation_21,fitting,observed_numbered_windows,empirical_primary,1.20202,21,13,13.19016377484132,0.0035333756943804057,-0.004903595641388767,0.008436971335769173,0.06396411356060415,0.023514837824155775,0.1782755561307552,0.3587935157733572,True,True,False
paper_rank15,15,numbered,numbered_simulation_21,fitting,observed_numbered_windows,empirical_primary,1.20202,21,14,13.19016377484132,-0.00309828770242875,0.002080029482847842,0.005178317185276593,0.039258930166990204,0.007989591927223946,0.06057234818011243,0.6481328749259219,True,True,False
paper_rank15,15,numbered,numbered_simulation_21,fitting,observed_numbered_windows,empirical_primary,1.20202,21,15,13.19016377484132,0.007537261022359607,0.00019599322828283902,0.007341267794076768,0.055657139057510185,0.021917486673476254,0.16616538693235386,0.33495025700008313,True,True,False
paper_rank15,15,numbered,numbered_simulation_21,fitting,observed_numbered_windows,inverse_sqrt_sensitivity,1.20202,21,1,13.19016377484132,-13.029984738013875,-13.052129309125258,0.022144571111383016,0.16788700647994356,0.010053808254977306,0.07622201230096746,2.2026052765050474,True,True,False
paper_rank15,15,numbered,numbered_simulation_21,fitting,observed_numbered_windows,inverse_sqrt_sensitivity,1.20202,21,2,13.19016377484132,-2.0006651345553013,-1.9539029329702866,0.04676220158501465,0.35452328252518006,0.018411139288279577,0.1395823403148083,2.539886361882189,True,True,False
paper_rank15,15,numbered,numbered_simulation_21,fitting,observed_numbered_windows,inverse_sqrt_sensitivity,1.20202,21,3,13.19016377484132,-0.4295190112098592,-0.37220498333199914,0.05731402787786005,0.4345209722655589,0.029513597526062745,0.22375459493805866,1.9419532921138272,True,True,False
paper_rank15,15,numbered,numbered_simulation_21,fitting,observed_numbered_windows,inverse_sqrt_sensitivity,1.20202,21,4,13.19016377484132,-0.04611293568042107,-0.10128842247361561,0.05517548679319454,0.41830782191222876,0.024145469712706084,0.18305663314628978,2.285127912179713,True,True,False
paper_rank15,15,numbered,numbered_simulation_21,fitting,observed_numbered_windows,inverse_sqrt_sensitivity,1.20202,21,5,13.19016377484132,-0.0033534094630180917,-0.02953039349062951,0.02617698402761142,0.1984583699979596,0.01243469700599978,0.09427249894893266,2.1051565643281007,True,True,False
paper_rank15,15,numbered,numbered_simulation_21,fitting,observed_numbered_windows,inverse_sqrt_sensitivity,1.20202,21,6,13.19016377484132,0.06697178584536158,0.016486719670515963,0.05048506617484562,0.3827478341939917,0.02203055424461468,0.16702259820788096,2.2915931035728065,True,True,False
paper_rank15,15,numbered,numbered_simulation_21,fitting,observed_numbered_windows,inverse_sqrt_sensitivity,1.20202,21,7,13.19016377484132,-0.055380172834327154,-0.008971314001526412,0.04640885883280074,0.3518444473094425,0.03626298362515172,0.27492443796883764,1.279786001960741,True,True,False
paper_rank15,15,numbered,numbered_simulation_21,fitting,observed_numbered_windows,inverse_sqrt_sensitivity,1.20202,21,8,13.19016377484132,-0.010191908474816267,-3.882806276583883e-05,0.010153080412050429,0.07697463492770447,0.015352742429398637,0.11639538895401877,0.6613203119078265,True,True,False
paper_rank15,15,numbered,numbered_simulation_21,fitting,observed_numbered_windows,inverse_sqrt_sensitivity,1.20202,21,9,13.19016377484132,0.008992717998302367,-0.00630611448997518,0.015298832488277547,0.11598667574892636,0.02038447244387138,0.1545429821178745,0.7505140263209098,True,True,False
paper_rank15,15,numbered,numbered_simulation_21,fitting,observed_numbered_windows,inverse_sqrt_sensitivity,1.20202,21,10,13.19016377484132,0.022898603702981867,0.003907751266995649,0.01899085243598622,0.14397738163197812,0.010716829583471482,0.08124864684328309,1.772058824680363,True,True,False
paper_rank15,15,numbered,numbered_simulation_21,fitting,observed_numbered_windows,inverse_sqrt_sensitivity,1.20202,21,11,13.19016377484132,0.008366058386791919,0.0023606120117202613,0.006005446375071657,0.04552973319805427,0.010113279443162808,0.0766728875834938,0.5938179013862516,True,True,False
paper_rank15,15,numbered,numbered_simulation_21,fitting,observed_numbered_windows,inverse_sqrt_sensitivity,1.20202,21,12,13.19016377484132,0.01862613649321837,-0.0005459300922386152,0.019172066585456986,0.14535123985363577,0.013872415322356961,0.1051724266594548,1.3820280131433955,True,True,False
paper_rank15,15,numbered,numbered_simulation_21,fitting,observed_numbered_windows,inverse_sqrt_sensitivity,1.20202,21,13,13.19016377484132,0.0035333756943804057,-0.004903595641388767,0.008436971335769173,0.06396411356060415,0.021498145004896083,0.16298618706995327,0.3924511316603223,True,True,False
paper_rank15,15,numbered,numbered_simulation_21,fitting,observed_numbered_windows,inverse_sqrt_sensitivity,1.20202,21,14,13.19016377484132,-0.00309828770242875,0.002080029482847842,0.005178317185276593,0.039258930166990204,0.007304384026198321,0.055377508201456684,0.7089327678697813,True,True,False
paper_rank15,15,numbered,numbered_simulation_21,fitting,observed_numbered_windows,inverse_sqrt_sensitivity,1.20202,21,15,13.19016377484132,0.007537261022359607,0.00019599322828283902,0.007341267794076768,0.055657139057510185,0.020037786786912974,0.15191461705071993,0.36637119019908315,True,True,False
paper_rank15,15,numbered,numbered_simulation_31,fitting,observed_numbered_windows,empirical_primary,1.30303,31,1,13.76195028743179,-13.73117063514719,-13.686228389464015,0.04494224568317584,0.32656887101401394,0.008956380436272154,0.06508074981531971,5.01790271225703,True,True,False
paper_rank15,15,numbered,numbered_simulation_31,fitting,observed_numbered_windows,empirical_primary,1.30303,31,2,13.76195028743179,-0.7214365069646523,-0.7990842587701485,0.07764775180549621,0.5642205514752414,0.016285723453415002,0.11833877548800673,4.767841725153083,True,True,False
paper_rank15,15,numbered,numbered_simulation_31,fitting,observed_numbered_windows,empirical_primary,1.30303,31,3,13.76195028743179,-0.5609432742999424,-0.538679790396786,0.022263483903156356,0.16177564544386314,0.028603280067488752,0.20784321604192194,0.7783542254813504,True,True,False
paper_rank15,15,numbered,numbered_simulation_31,fitting,observed_numbered_windows,empirical_primary,1.30303,31,4,13.76195028743179,-0.03551408241754867,-0.041329105815402445,0.005815023397853773,0.042254355497595354,0.02936388456526799,0.2133700816524878,0.1980331786459842,True,True,False
paper_rank15,15,numbered,numbered_simulation_31,fitting,observed_numbered_windows,empirical_primary,1.30303,31,5,13.76195028743179,-0.006360026776224912,0.017746336187180918,0.02410636296340583,0.17516676386646418,0.024716174248335387,0.1795979038734621,0.9753274402906175,True,True,False
paper_rank15,15,numbered,numbered_simulation_31,fitting,observed_numbered_windows,empirical_primary,1.30303,31,6,13.76195028743179,0.0397591003064715,0.013144953944862026,0.026614146361609473,0.19338935111482747,0.04088168916492688,0.29706319461321123,0.651004077992996,True,True,False
paper_rank15,15,numbered,numbered_simulation_31,fitting,observed_numbered_windows,empirical_primary,1.30303,31,7,13.76195028743179,-0.0016083864015463388,-0.0009518818754773589,0.0006565045260689799,0.004770432332316575,0.022806972667465238,0.1657248586945841,0.02878525509023393,True,True,False
paper_rank15,15,numbered,numbered_simulation_31,fitting,observed_numbered_windows,empirical_primary,1.30303,31,8,13.76195028743179,0.051207234905754774,0.0025266169113247194,0.048680617994430055,0.35373342424356824,0.017285224929451976,0.12560156495578859,2.8163138283195868,True,True,False
paper_rank15,15,numbered,numbered_simulation_31,fitting,observed_numbered_windows,empirical_primary,1.30303,31,9,13.76195028743179,-0.014495291385818359,0.0033787851030234704,0.01787407648884183,0.12988040296269251,0.019948921690057287,0.1449570829236013,0.8959921125837305,True,True,False
paper_rank15,15,numbered,numbered_simulation_31,fitting,observed_numbered_windows,empirical_primary,1.30303,31,10,13.76195028743179,-0.03453216556158347,0.0029884092474530832,0.037520574809036554,0.27263995309809047,0.019101009136412956,0.13879580101271768,1.9643242166462138,True,True,False
paper_rank15,15,numbered,numbered_simulation_31,fitting,observed_numbered_windows,empirical_primary,1.30303,31,11,13.76195028743179,-0.03747039566750528,-0.014100164892537303,0.023370230774967974,0.1698177241368981,0.018388694008581268,0.13361982585691282,1.270902151292638,True,True,False
paper_rank15,15,numbered,numbered_simulation_31,fitting,observed_numbered_windows,empirical_primary,1.30303,31,12,13.76195028743179,0.02168941083481465,0.008546508789279534,0.013142902045535117,0.09550174045853062,0.011249202240860671,0.08174133757142035,1.1683408088971792,True,True,False
paper_rank15,15,numbered,numbered_simulation_31,fitting,observed_numbered_windows,empirical_primary,1.30303,31,13,13.76195028743179,-0.013931258862923988,0.0016740564872240607,0.015605315350148048,0.11339464991673256,0.02125933550980093,0.15447908956055587,0.7340453017900639,True,True,False
paper_rank15,15,numbered,numbered_simulation_31,fitting,observed_numbered_windows,empirical_primary,1.30303,31,14,13.76195028743179,-0.005027548061753076,-0.001477426181736942,0.0035501218800161344,0.02579664804674023,0.019175246832436807,0.13933524269411693,0.18514086994753862,True,True,False
paper_rank15,15,numbered,numbered_simulation_31,fitting,observed_numbered_windows,empirical_primary,1.30303,31,15,13.76195028743179,0.007642755626565889,-0.002195911173141777,0.009838666799707666,0.07149180598837729,0.020761996576503634,0.15086521999330788,0.4738786447369947,True,True,False
paper_rank15,15,numbered,numbered_simulation_31,fitting,observed_numbered_windows,inverse_sqrt_sensitivity,1.30303,31,1,13.76195028743179,-13.73117063514719,-13.686228389464015,0.04494224568317584,0.32656887101401394,0.008188258272408728,0.05949925774609664,5.488620923770061,True,True,False
paper_rank15,15,numbered,numbered_simulation_31,fitting,observed_numbered_windows,inverse_sqrt_sensitivity,1.30303,31,2,13.76195028743179,-0.7214365069646523,-0.7990842587701485,0.07764775180549621,0.5642205514752414,0.01488901802892712,0.10818973850330381,5.215102275693288,True,True,False
paper_rank15,15,numbered,numbered_simulation_31,fitting,observed_numbered_windows,inverse_sqrt_sensitivity,1.30303,31,3,13.76195028743179,-0.5609432742999424,-0.538679790396786,0.022263483903156356,0.16177564544386314,0.02615018938701116,0.1900180486111262,0.8513698915777131,True,True,False
paper_rank15,15,numbered,numbered_simulation_31,fitting,observed_numbered_windows,inverse_sqrt_sensitivity,1.30303,31,4,13.76195028743179,-0.03551408241754867,-0.041329105815402445,0.005815023397853773,0.042254355497595354,0.02684556249172536,0.19507091604772242,0.21661022746854883,True,True,False
paper_rank15,15,numbered,numbered_simulation_31,fitting,observed_numbered_windows,inverse_sqrt_sensitivity,1.30303,31,5,13.76195028743179,-0.006360026776224912,0.017746336187180918,0.02410636296340583,0.17516676386646418,0.022596451735302114,0.16419512687775442,1.066820722376726,True,True,False
paper_rank15,15,numbered,numbered_simulation_31,fitting,observed_numbered_windows,inverse_sqrt_sensitivity,1.30303,31,6,13.76195028743179,0.0397591003064715,0.013144953944862026,0.026614146361609473,0.19338935111482747,0.03737557061991944,0.2715862929257416,0.7120733120640403,True,True,False
paper_rank15,15,numbered,numbered_simulation_31,fitting,observed_numbered_windows,inverse_sqrt_sensitivity,1.30303,31,7,13.76195028743179,-0.0016083864015463388,-0.0009518818754773589,0.0006565045260689799,0.004770432332316575,0.02085098818007571,0.15151186964479912,0.031485535380827025,True,True,False
paper_rank15,15,numbered,numbered_simulation_31,fitting,observed_numbered_windows,inverse_sqrt_sensitivity,1.30303,31,8,13.76195028743179,0.051207234905754774,0.0025266169113247194,0.048680617994430055,0.35373342424356824,0.015802799694152016,0.11482965251359795,3.0805059189888233,True,True,False
paper_rank15,15,numbered,numbered_simulation_31,fitting,observed_numbered_windows,inverse_sqrt_sensitivity,1.30303,31,9,13.76195028743179,-0.014495291385818359,0.0033787851030234704,0.01787407648884183,0.12988040296269251,0.018238050986837506,0.13252519160379145,0.9800431253175924,True,True,False
paper_rank15,15,numbered,numbered_simulation_31,fitting,observed_numbered_windows,inverse_sqrt_sensitivity,1.30303,31,10,13.76195028743179,-0.03453216556158347,0.0029884092474530832,0.037520574809036554,0.27263995309809047,0.017462857589118547,0.1268923170363916,2.1485930706104117,True,True,False
paper_rank15,15,numbered,numbered_simulation_31,fitting,observed_numbered_windows,inverse_sqrt_sensitivity,1.30303,31,11,13.76195028743179,-0.03747039566750528,-0.014100164892537303,0.023370230774967974,0.1698177241368981,0.01681163243409852,0.12216024678894442,1.3901226348231863,True,True,False
paper_rank15,15,numbered,numbered_simulation_31,fitting,observed_numbered_windows,inverse_sqrt_sensitivity,1.30303,31,12,13.76195028743179,0.02168941083481465,0.008546508789279534,0.013142902045535117,0.09550174045853062,0.010284441796787388,0.07473099075339441,1.277940242672251,True,True,False
paper_rank15,15,numbered,numbered_simulation_31,fitting,observed_numbered_windows,inverse_sqrt_sensitivity,1.30303,31,13,13.76195028743179,-0.013931258862923988,0.0016740564872240607,0.015605315350148048,0.11339464991673256,0.019436080355525277,0.14123056652279461,0.8029044470230222,True,True,False
paper_rank15,15,numbered,numbered_simulation_31,fitting,observed_numbered_windows,inverse_sqrt_sensitivity,1.30303,31,14,13.76195028743179,-0.005027548061753076,-0.001477426181736942,0.0035501218800161344,0.02579664804674023,0.01753072846987413,0.1273854948152531,0.20250852017455404,True,True,False
paper_rank15,15,numbered,numbered_simulation_31,fitting,observed_numbered_windows,inverse_sqrt_sensitivity,1.30303,31,15,13.76195028743179,0.007642755626565889,-0.002195911173141777,0.009838666799707666,0.07149180598837729,0.018981394485073626,0.13792663168103822,0.5183321387395686,True,True,False
paper_rank15,15,numbered,numbered_simulation_41,internal_validation,observed_numbered_windows,empirical_primary,1.40404,41,1,14.169638877135696,-14.163673146316134,-14.15255132349969,0.011121822816443583,0.07849051703349966,0.010114463449923457,0.07138123658355386,1.0995959273082103,True,True,False
paper_rank15,15,numbered,numbered_simulation_41,internal_validation,observed_numbered_windows,empirical_primary,1.40404,41,2,14.169638877135696,0.07808986968109805,0.050452115162231526,0.02763775451886652,0.1950491099915266,0.023364898634402147,0.164894100950618,1.1828750019986425,True,True,False
paper_rank15,15,numbered,numbered_simulation_41,internal_validation,observed_numbered_windows,empirical_primary,1.40404,41,3,14.169638877135696,-0.3877450961985361,-0.4600995312331516,0.07235443503461553,0.510630056714907,0.025208415956691023,0.17790443479380152,2.870249172297184,True,True,False
paper_rank15,15,numbered,numbered_simulation_41,internal_validation,observed_numbered_windows,empirical_primary,1.40404,41,4,14.169638877135696,0.012183097974805542,0.03813287724335816,0.02594977926855262,0.1831364898820781,0.017665188115225862,0.12466928951683184,1.468978371432465,True,True,False
paper_rank15,15,numbered,numbered_simulation_41,internal_validation,observed_numbered_windows,empirical_primary,1.40404,41,5,14.169638877135696,-0.03040789226177055,0.037903220729287354,0.06831111299105791,0.48209494669116487,0.020764639057970467,0.14654317755039292,3.2897809010957415,True,True,False
paper_rank15,15,numbered,numbered_simulation_41,internal_validation,observed_numbered_windows,empirical_primary,1.40404,41,6,14.169638877135696,-0.06280379187435069,-0.006095314945468238,0.05670847692888245,0.4002111657227055,0.025199202992343402,0.17783941574548626,2.250407560354703,True,True,False
paper_rank15,15,numbered,numbered_simulation_41,internal_validation,observed_numbered_windows,empirical_primary,1.40404,41,7,14.169638877135696,-0.021978195632999895,-0.0015445440536864113,0.020433651579313483,0.14420728542549857,0.02861369766797934,0.2019366754233289,0.7141213210685496,True,True,False
paper_rank15,15,numbered,numbered_simulation_41,internal_validation,observed_numbered_windows,empirical_primary,1.40404,41,8,14.169638877135696,0.05721839116097536,0.0008077193053069726,0.056410671855668386,0.3981094532105073,0.013649402521721183,0.09632851366273015,4.1328308521855375,True,True,False
paper_rank15,15,numbered,numbered_simulation_41,internal_validation,observed_numbered_windows,empirical_primary,1.40404,41,9,14.169638877135696,-0.021468871932659755,0.011127790240727107,0.03259666217338686,0.2300458216051309,0.024165796702874973,0.17054631322940206,1.3488759577915705,True,True,False
paper_rank15,15,numbered,numbered_simulation_41,internal_validation,observed_numbered_windows,empirical_primary,1.40404,41,10,14.169638877135696,-0.014987093845721125,0.0016632720140883211,0.016650365859809446,0.11750734090109156,0.016597731735143496,0.11713588383629027,1.0031711637171785,True,True,False
paper_rank15,15,numbered,numbered_simulation_41,internal_validation,observed_numbered_windows,empirical_primary,1.40404,41,11,14.169638877135696,-0.022921811385804177,-0.0029391895020195727,0.019982621883784604,0.1410242142164174,0.01416690062170531,0.0999806751925428,1.4105147214182434,True,True,False
paper_rank15,15,numbered,numbered_simulation_41,internal_validation,observed_numbered_windows,empirical_primary,1.40404,41,12,14.169638877135696,-0.008319307911742378,-0.0006459734804875397,0.007673334431254838,0.0541533520916798,0.01386506778792849,0.09785053739302653,0.5534292762661835,True,True,False
paper_rank15,15,numbered,numbered_simulation_41,internal_validation,observed_numbered_windows,empirical_primary,1.40404,41,13,14.169638877135696,0.017893339710501992,0.003912035815658724,0.013981303894843268,0.09867085545421818,0.023443000072978254,0.16544528958184085,0.5963956768041356,True,True,False
paper_rank15,15,numbered,numbered_simulation_41,internal_validation,observed_numbered_windows,empirical_primary,1.40404,41,14,14.169638877135696,-0.012053660618550826,-0.00010202398537831336,0.011951636633172513,0.08434679766227367,0.010534324168669399,0.07434433763635089,1.1345423248620359,True,True,False
paper_rank15,15,numbered,numbered_simulation_41,internal_validation,observed_numbered_windows,empirical_primary,1.40404,41,15,14.169638877135696,-0.010969690284514659,-0.00030546474481996447,0.010664225539694695,0.07526109615187596,0.01826439571385155,0.12889810299487026,0.5838805568369855,True,True,False
paper_rank15,15,numbered,numbered_simulation_41,internal_validation,observed_numbered_windows,inverse_sqrt_sensitivity,1.40404,41,1,14.169638877135696,-14.163673146316134,-14.15255132349969,0.011121822816443583,0.07849051703349966,0.00924702111574025,0.06525939860514976,1.2027465577549132,True,True,False
paper_rank15,15,numbered,numbered_simulation_41,internal_validation,observed_numbered_windows,inverse_sqrt_sensitivity,1.40404,41,2,14.169638877135696,0.07808986968109805,0.050452115162231526,0.02763775451886652,0.1950491099915266,0.021361064984725633,0.15075235981626964,1.2938378558666936,True,True,False
paper_rank15,15,numbered,numbered_simulation_41,internal_validation,observed_numbered_windows,inverse_sqrt_sensitivity,1.40404,41,3,14.169638877135696,-0.3877450961985361,-0.4600995312331516,0.07235443503461553,0.510630056714907,0.02304647753190006,0.16264689405097077,3.1395008167502065,True,True,False
paper_rank15,15,numbered,numbered_simulation_41,internal_validation,observed_numbered_windows,inverse_sqrt_sensitivity,1.40404,41,4,14.169638877135696,0.012183097974805542,0.03813287724335816,0.02594977926855262,0.1831364898820781,0.016150176262316063,0.11397733140804446,1.6067799414116868,True,True,False
paper_rank15,15,numbered,numbered_simulation_41,internal_validation,observed_numbered_windows,inverse_sqrt_sensitivity,1.40404,41,5,14.169638877135696,-0.03040789226177055,0.037903220729287354,0.06831111299105791,0.48209494669116487,0.01898381034055056,0.13397525868625396,3.598387877123976,True,True,False
paper_rank15,15,numbered,numbered_simulation_41,internal_validation,observed_numbered_windows,inverse_sqrt_sensitivity,1.40404,41,6,14.169638877135696,-0.06280379187435069,-0.006095314945468238,0.05670847692888245,0.4002111657227055,0.023038054695010808,0.1625874512030458,2.461513251861643,True,True,False
paper_rank15,15,numbered,numbered_simulation_41,internal_validation,observed_numbered_windows,inverse_sqrt_sensitivity,1.40404,41,7,14.169638877135696,-0.021978195632999895,-0.0015445440536864113,0.020433651579313483,0.14420728542549857,0.026159713547357258,0.18461806806924977,0.7811114423069728,True,True,False
paper_rank15,15,numbered,numbered_simulation_41,internal_validation,observed_numbered_windows,inverse_sqrt_sensitivity,1.40404,41,8,14.169638877135696,0.05721839116097536,0.0008077193053069726,0.056410671855668386,0.3981094532105073,0.01247879474383282,0.08806713319962413,4.52052245538755,True,True,False
paper_rank15,15,numbered,numbered_simulation_41,internal_validation,observed_numbered_windows,inverse_sqrt_sensitivity,1.40404,41,9,14.169638877135696,-0.021468871932659755,0.011127790240727107,0.03259666217338686,0.2300458216051309,0.022093275980137342,0.15591982386924005,1.4754109894201495,True,True,False
paper_rank15,15,numbered,numbered_simulation_41,internal_validation,observed_numbered_windows,inverse_sqrt_sensitivity,1.40404,41,10,14.169638877135696,-0.014987093845721125,0.0016632720140883211,0.016650365859809446,0.11750734090109156,0.015174267679955424,0.10709000992566443,1.097276403117884,True,True,False
paper_rank15,15,numbered,numbered_simulation_41,internal_validation,observed_numbered_windows,inverse_sqrt_sensitivity,1.40404,41,11,14.169638877135696,-0.022921811385804177,-0.0029391895020195727,0.019982621883784604,0.1410242142164174,0.01295191087911777,0.09140607598699732,1.542831947369432,True,True,False
paper_rank15,15,numbered,numbered_simulation_41,internal_validation,observed_numbered_windows,inverse_sqrt_sensitivity,1.40404,41,12,14.169638877135696,-0.008319307911742378,-0.0006459734804875397,0.007673334431254838,0.0541533520916798,0.012675964003519629,0.08945862427004911,0.6053452367902155,True,True,False
paper_rank15,15,numbered,numbered_simulation_41,internal_validation,observed_numbered_windows,inverse_sqrt_sensitivity,1.40404,41,13,14.169638877135696,0.017893339710501992,0.003912035815658724,0.013981303894843268,0.09867085545421818,0.021432468243559735,0.151256277096401,0.6523422191022971,True,True,False
paper_rank15,15,numbered,numbered_simulation_41,internal_validation,observed_numbered_windows,inverse_sqrt_sensitivity,1.40404,41,14,14.169638877135696,-0.012053660618550826,-0.00010202398537831336,0.011951636633172513,0.08434679766227367,0.0096308735020913,0.06796837650980503,1.2409711985706455,True,True,False
paper_rank15,15,numbered,numbered_simulation_41,internal_validation,observed_numbered_windows,inverse_sqrt_sensitivity,1.40404,41,15,14.169638877135696,-0.010969690284514659,-0.00030546474481996447,0.010664225539694695,0.07526109615187596,0.016697994280012857,0.11784347099315952,0.6386530837694407,True,True,False
paper_rank15,15,numbered,numbered_simulation_51,fitting,observed_numbered_windows,empirical_primary,1.505051,51,1,14.437176438141057,-14.423926959741438,-14.456900436273068,0.0329734765316303,0.2283928347964139,0.008028149151560717,0.055607474120434236,4.107232677063563,True,True,False
paper_rank15,15,numbered,numbered_simulation_51,fitting,observed_numbered_windows,empirical_primary,1.505051,51,2,14.437176438141057,0.5439137417396861,0.6114292831192573,0.06751554137957116,0.4676505940677173,0.015905615405614554,0.11017123378498084,4.244761341063152,True,True,False
paper_rank15,15,numbered,numbered_simulation_51,fitting,observed_numbered_windows,empirical_primary,1.505051,51,3,14.437176438141057,-0.27117166769553447,-0.28771162221406643,0.016539954518531963,0.11456502308052184,0.013582307601060118,0.09407869786212149,1.2177573210932873,True,True,False
paper_rank15,15,numbered,numbered_simulation_51,fitting,observed_numbered_windows,empirical_primary,1.505051,51,4,14.437176438141057,0.05415522127401658,0.07673079748230692,0.022575576208290343,0.156371131883162,0.01799020452671143,0.1246102699083441,1.25488157595822,True,True,False
paper_rank15,15,numbered,numbered_simulation_51,fitting,observed_numbered_windows,empirical_primary,1.505051,51,5,14.437176438141057,-0.00817102556178422,0.020162828900144536,0.028333854461928758,0.1962562041361119,0.021210919221837134,0.14691875044070785,1.3358145474788474,True,True,False
paper_rank15,15,numbered,numbered_simulation_51,fitting,observed_numbered_windows,empirical_primary,1.505051,51,6,14.437176438141057,0.01908814025476903,-0.013854072267292813,0.032942212522061844,0.22817628269079676,0.024807356146151895,0.1718296943480876,1.3279211346821342,True,True,False
paper_rank15,15,numbered,numbered_simulation_51,fitting,observed_numbered_windows,empirical_primary,1.505051,51,7,14.437176438141057,0.06426734768282472,0.0006815502776375548,0.06358579740518716,0.4404309781599824,0.027762074635903546,0.1922957356298557,2.2903834903949964,True,True,False
paper_rank15,15,numbered,numbered_simulation_51,fitting,observed_numbered_windows,empirical_primary,1.505051,51,8,14.437176438141057,0.031716239224758656,-0.00118506553982968,0.032901304764588336,0.22789293256586907,0.018975182692814348,0.13143278240116604,1.7339124106060717,True,True,False
paper_rank15,15,numbered,numbered_simulation_51,fitting,observed_numbered_windows,empirical_primary,1.505051,51,9,14.437176438141057,0.03932147228347706,0.009382953263499406,0.02993851901997765,0.2073710129418669,0.03451742034902934,0.23908705761771404,0.8673452047473051,True,True,False
paper_rank15,15,numbered,numbered_simulation_51,fitting,observed_numbered_windows,empirical_primary,1.505051,51,10,14.437176438141057,-0.02376928106794885,0.001456942639239317,0.025226223707188168,0.17473100654601625,0.018021428621076557,0.1248265455388243,1.399790451556399,True,True,False
paper_rank15,15,numbered,numbered_simulation_51,fitting,observed_numbered_windows,empirical_primary,1.505051,51,11,14.437176438141057,-0.010447152176753715,0.004478565388752251,0.014925717565505967,0.1033839104859469,0.014970695709264415,0.10369545439448861,0.9969955876044816,True,True,False
paper_rank15,15,numbered,numbered_simulation_51,fitting,observed_numbered_windows,empirical_primary,1.505051,51,12,14.437176438141057,-0.010897574462468978,-0.003621264864267763,0.007276309598201215,0.05039981072045497,0.012941120322553597,0.08963747432195202,0.5622627266296387,True,True,False
paper_rank15,15,numbered,numbered_simulation_51,fitting,observed_numbered_windows,empirical_primary,1.505051,51,13,14.437176438141057,-0.005251916934929357,0.001514068273950008,0.006765985208879365,0.04686501711653639,0.013001607456604872,0.09005644221578114,0.5203960534466233,True,True,False
paper_rank15,15,numbered,numbered_simulation_51,fitting,observed_numbered_windows,empirical_primary,1.505051,51,14,14.437176438141057,0.002801750755775392,0.0021583365664365334,0.0006434141893388585,0.004456648376472326,0.012668189989588005,0.08774700540557481,0.050789748959218416,True,True,False
paper_rank15,15,numbered,numbered_simulation_51,fitting,observed_numbered_windows,empirical_primary,1.505051,51,15,14.437176438141057,-0.02117891148420657,0.0005809174086893916,0.02175982889289596,0.15072080739700217,0.018778198244497408,0.130068357375532,1.1587815087250057,True,True,False
paper_rank15,15,numbered,numbered_simulation_51,fitting,observed_numbered_windows,inverse_sqrt_sensitivity,1.505051,51,1,14.437176438141057,-14.423926959741438,-14.456900436273068,0.0329734765316303,0.2283928347964139,0.0073396344840571765,0.05083843447855123,4.492522972806588,True,True,False
paper_rank15,15,numbered,numbered_simulation_51,fitting,observed_numbered_windows,inverse_sqrt_sensitivity,1.505051,51,2,14.437176438141057,0.5439137417396861,0.6114292831192573,0.06751554137957116,0.4676505940677173,0.014541509022475557,0.10072266613060755,4.642952892661842,True,True,False
paper_rank15,15,numbered,numbered_simulation_51,fitting,observed_numbered_windows,inverse_sqrt_sensitivity,1.505051,51,3,14.437176438141057,-0.27117166769553447,-0.28771162221406643,0.016539954518531963,0.11456502308052184,0.012417454055700076,0.08601026737399185,1.3319924071665483,True,True,False
paper_rank15,15,numbered,numbered_simulation_51,fitting,observed_numbered_windows,inverse_sqrt_sensitivity,1.505051,51,4,14.437176438141057,0.05415522127401658,0.07673079748230692,0.022575576208290343,0.156371131883162,0.01644731843252104,0.11392337347259579,1.3725992052085518,True,True,False
paper_rank15,15,numbered,numbered_simulation_51,fitting,observed_numbered_windows,inverse_sqrt_sensitivity,1.505051,51,5,14.437176438141057,-0.00817102556178422,0.020162828900144536,0.028333854461928758,0.1962562041361119,0.019391816372629534,0.13431862148196091,1.4611243174682909,True,True,False
paper_rank15,15,numbered,numbered_simulation_51,fitting,observed_numbered_windows,inverse_sqrt_sensitivity,1.505051,51,6,14.437176438141057,0.01908814025476903,-0.013854072267292813,0.032942212522061844,0.22817628269079676,0.02267981363963416,0.15709313893066498,1.4524904413012285,True,True,False
paper_rank15,15,numbered,numbered_simulation_51,fitting,observed_numbered_windows,inverse_sqrt_sensitivity,1.505051,51,7,14.437176438141057,0.06426734768282472,0.0006815502776375548,0.06358579740518716,0.4404309781599824,0.025381127891356374,0.17580396000635473,2.50523923433842,True,True,False
paper_rank15,15,numbered,numbered_simulation_51,fitting,observed_numbered_windows,inverse_sqrt_sensitivity,1.505051,51,8,14.437176438141057,0.031716239224758656,-0.00118506553982968,0.032901304764588336,0.22789293256586907,0.01734782234413147,0.12016076979083584,1.896566849251739,True,True,False
paper_rank15,15,numbered,numbered_simulation_51,fitting,observed_numbered_windows,inverse_sqrt_sensitivity,1.505051,51,9,14.437176438141057,0.03932147228347706,0.009382953263499406,0.02993851901997765,0.2073710129418669,0.031557117825243806,0.21858233817711192,0.9487089152365058,True,True,False
paper_rank15,15,numbered,numbered_simulation_51,fitting,observed_numbered_windows,inverse_sqrt_sensitivity,1.505051,51,10,14.437176438141057,-0.02376928106794885,0.001456942639239317,0.025226223707188168,0.17473100654601625,0.016475864668447807,0.11412110075014956,1.5311016577781063,True,True,False
paper_rank15,15,numbered,numbered_simulation_51,fitting,observed_numbered_windows,inverse_sqrt_sensitivity,1.505051,51,11,14.437176438141057,-0.010447152176753715,0.004478565388752251,0.014925717565505967,0.1033839104859469,0.013686770437826599,0.09480226619429553,1.0905215100455874,True,True,False
paper_rank15,15,numbered,numbered_simulation_51,fitting,observed_numbered_windows,inverse_sqrt_sensitivity,1.505051,51,12,14.437176438141057,-0.010897574462468978,-0.003621264864267763,0.007276309598201215,0.05039981072045497,0.011831256643168152,0.08194993455861344,0.6150073333421308,True,True,False
paper_rank15,15,numbered,numbered_simulation_51,fitting,observed_numbered_windows,inverse_sqrt_sensitivity,1.505051,51,13,14.437176438141057,-0.005251916934929357,0.001514068273950008,0.006765985208879365,0.04686501711653639,0.011886556245423079,0.08233297069100308,0.569213241344364,True,True,False
paper_rank15,15,numbered,numbered_simulation_51,fitting,observed_numbered_windows,inverse_sqrt_sensitivity,1.505051,51,14,14.437176438141057,0.002801750755775392,0.0021583365664365334,0.0006434141893388585,0.004456648376472326,0.011581733515762126,0.08022159710651428,0.05555422152160606,True,True,False
paper_rank15,15,numbered,numbered_simulation_51,fitting,observed_numbered_windows,inverse_sqrt_sensitivity,1.505051,51,15,14.437176438141057,-0.02117891148420657,0.0005809174086893916,0.02175982889289596,0.15072080739700217,0.017167731787466993,0.1189133613558409,1.267484205967229,True,True,False
paper_rank15,15,numbered,numbered_simulation_61,fitting,observed_numbered_windows,empirical_primary,1.606061,61,1,14.728207176255644,-14.691521049089891,-14.691185434076658,0.0003356150132329816,0.0022787227882973406,0.006545433368785867,0.04444148082964375,0.05127468180082259,True,True,False
paper_rank15,15,numbered,numbered_simulation_61,fitting,observed_numbered_windows,empirical_primary,1.606061,61,2,14.728207176255644,1.0234760717540203,1.0374508531048865,0.013974781350866161,0.09488447021166206,0.010227244116906052,0.06943984420177153,1.366426887939956,True,True,False
paper_rank15,15,numbered,numbered_simulation_61,fitting,observed_numbered_windows,empirical_primary,1.606061,61,3,14.728207176255644,-0.10695728607095725,-0.08077940176304355,0.026177884307913707,0.17773978865612966,0.025502356427504022,0.17315316197220612,1.0264888416225386,True,True,False
paper_rank15,15,numbered,numbered_simulation_61,fitting,observed_numbered_windows,empirical_primary,1.606061,61,4,14.728207176255644,0.11380839937595474,0.08519851291766532,0.02860988645828942,0.1942523357792888,0.020689635146562167,0.14047626366851595,1.3828125172639065,True,True,False
paper_rank15,15,numbered,numbered_simulation_61,fitting,observed_numbered_windows,empirical_primary,1.606061,61,5,14.728207176255644,0.035966758811834754,-0.01442191200275253,0.05038867081458728,0.3421235878309909,0.01999121463897178,0.13573420308210352,2.520540733745979,True,True,False
paper_rank15,15,numbered,numbered_simulation_61,fitting,observed_numbered_windows,empirical_primary,1.606061,61,6,14.728207176255644,0.04889137100611489,-0.010796926961795192,0.05968829796791008,0.40526519795388055,0.028179713178659978,0.19133159142472164,2.118130074266016,True,True,False
paper_rank15,15,numbered,numbered_simulation_61,fitting,observed_numbered_windows,empirical_primary,1.606061,61,7,14.728207176255644,0.02359653825563962,0.0065734939307448,0.01702304432489482,0.11558123891914585,0.028779180979902418,0.19540179354822843,0.5915055170188009,True,True,False
paper_rank15,15,numbered,numbered_simulation_61,fitting,observed_numbered_windows,empirical_primary,1.606061,61,8,14.728207176255644,0.0013142740145161056,-0.002154534849736392,0.0034688088642524976,0.02355214604697307,0.026781661048791306,0.18183924715540303,0.1295217969465359,True,True,False
paper_rank15,15,numbered,numbered_simulation_61,fitting,observed_numbered_windows,empirical_primary,1.606061,61,9,14.728207176255644,-0.01761426191489658,0.0007059818118611734,0.018320243726757755,0.12438882416247565,0.024981484566439446,0.16961660212597915,0.7333528829335261,True,True,False
paper_rank15,15,numbered,numbered_simulation_61,fitting,observed_numbered_windows,empirical_primary,1.606061,61,10,14.728207176255644,0.019339764630658673,0.0019648089961534776,0.017374955634505196,0.1179706085511654,0.02133954255479999,0.1448889352208661,0.8142140624564127,True,True,False
paper_rank15,15,numbered,numbered_simulation_61,fitting,observed_numbered_windows,empirical_primary,1.606061,61,11,14.728207176255644,0.02488903208376616,0.004590467343911833,0.020298564739854325,0.1378210158027858,0.011133625801723376,0.07559389726451336,1.8231764836853332,True,True,False
paper_rank15,15,numbered,numbered_simulation_61,fitting,observed_numbered_windows,empirical_primary,1.606061,61,12,14.728207176255644,0.002862667900983575,-7.438495328905819e-05,0.002937052854272633,0.01994168617486355,0.015628570627450895,0.10611319110615709,0.18792843723749306,True,True,False
paper_rank15,15,numbered,numbered_simulation_61,fitting,observed_numbered_windows,empirical_primary,1.606061,61,13,14.728207176255644,-0.002063899091245231,-0.0004727445280254903,0.0015911545632197408,0.010803450441578188,0.01953518730105589,0.13263791761803778,0.08145069400659075,True,True,False
paper_rank15,15,numbered,numbered_simulation_61,fitting,observed_numbered_windows,empirical_primary,1.606061,61,14,14.728207176255644,0.004416907614384581,0.002435420948155985,0.001981486666228596,0.01345368545211047,0.008959775895903766,0.060834124538582245,0.22115359683655625,True,True,False
paper_rank15,15,numbered,numbered_simulation_61,fitting,observed_numbered_windows,empirical_primary,1.606061,61,15,14.728207176255644,-0.005803918148676732,5.661333773510427e-05,0.005860531486411837,0.039791207553489624,0.017702941222452622,0.12019752988668404,0.3310484632338343,True,True,False
paper_rank15,15,numbered,numbered_simulation_61,fitting,observed_numbered_windows,inverse_sqrt_sensitivity,1.606061,61,1,14.728207176255644,-14.691521049089891,-14.691185434076658,0.0003356150132329816,0.0022787227882973406,0.0059840802107294965,0.04063006541880294,0.0560846448266555,True,True,False
paper_rank15,15,numbered,numbered_simulation_61,fitting,observed_numbered_windows,inverse_sqrt_sensitivity,1.606061,61,2,14.728207176255644,1.0234760717540203,1.0374508531048865,0.013974781350866161,0.09488447021166206,0.009350129423382926,0.06348450501468307,1.4946083330053,True,True,False
paper_rank15,15,numbered,numbered_simulation_61,fitting,observed_numbered_windows,inverse_sqrt_sensitivity,1.606061,61,3,14.728207176255644,-0.10695728607095725,-0.08077940176304355,0.026177884307913707,0.17773978865612966,0.023315208913830064,0.15830310257597485,1.122781460147482,True,True,False
paper_rank15,15,numbered,numbered_simulation_61,fitting,observed_numbered_windows,inverse_sqrt_sensitivity,1.606061,61,4,14.728207176255644,0.11380839937595474,0.08519851291766532,0.02860988645828942,0.1942523357792888,0.01891523895700763,0.1284286589035914,1.5125310615063714,True,True,False
paper_rank15,15,numbered,numbered_simulation_61,fitting,observed_numbered_windows,inverse_sqrt_sensitivity,1.606061,61,5,14.728207176255644,0.035966758811834754,-0.01442191200275253,0.05038867081458728,0.3421235878309909,0.01827671678395027,0.12409328959885507,2.7569870130523757,True,True,False
paper_rank15,15,numbered,numbered_simulation_61,fitting,observed_numbered_windows,inverse_sqrt_sensitivity,1.606061,61,6,14.728207176255644,0.04889137100611489,-0.010796926961795192,0.05968829796791008,0.40526519795388055,0.025762948681231784,0.17492250328177084,2.3168271111525676,True,True,False
paper_rank15,15,numbered,numbered_simulation_61,fitting,observed_numbered_windows,inverse_sqrt_sensitivity,1.606061,61,7,14.728207176255644,0.02359653825563962,0.0065734939307448,0.01702304432489482,0.11558123891914585,0.026311004585901365,0.17864363442903727,0.6469933243832333,True,True,False
paper_rank15,15,numbered,numbered_simulation_61,fitting,observed_numbered_windows,inverse_sqrt_sensitivity,1.606061,61,8,14.728207176255644,0.0013142740145161056,-0.002154534849736392,0.0034688088642524976,0.02355214604697307,0.02448479708873193,0.1662442468096562,0.14167194654224302,True,True,False
paper_rank15,15,numbered,numbered_simulation_61,fitting,observed_numbered_windows,inverse_sqrt_sensitivity,1.606061,61,9,14.728207176255644,-0.01761426191489658,0.0007059818118611734,0.018320243726757755,0.12438882416247565,0.022839008359870325,0.1550698471752262,0.8021470739048222,True,True,False
paper_rank15,15,numbered,numbered_simulation_61,fitting,observed_numbered_windows,inverse_sqrt_sensitivity,1.606061,61,10,14.728207176255644,0.019339764630658673,0.0019648089961534776,0.017374955634505196,0.1179706085511654,0.01950940863857355,0.13246288842287615,0.8905936595203525,True,True,False
paper_rank15,15,numbered,numbered_simulation_61,fitting,observed_numbered_windows,inverse_sqrt_sensitivity,1.606061,61,11,14.728207176255644,0.02488903208376616,0.004590467343911833,0.020298564739854325,0.1378210158027858,0.010178777489582567,0.06911077069850344,1.9942045850426358,True,True,False
paper_rank15,15,numbered,numbered_simulation_61,fitting,observed_numbered_windows,inverse_sqrt_sensitivity,1.606061,61,12,14.728207176255644,0.002862667900983575,-7.438495328905819e-05,0.002937052854272633,0.01994168617486355,0.014288224315247284,0.09701265160285302,0.20555758290681636,True,True,False
paper_rank15,15,numbered,numbered_simulation_61,fitting,observed_numbered_windows,inverse_sqrt_sensitivity,1.606061,61,13,14.728207176255644,-0.002063899091245231,-0.0004727445280254903,0.0015911545632197408,0.010803450441578188,0.01785979952047497,0.1212625495197269,0.08909140113222419,True,True,False
paper_rank15,15,numbered,numbered_simulation_61,fitting,observed_numbered_windows,inverse_sqrt_sensitivity,1.606061,61,14,14.728207176255644,0.004416907614384581,0.002435420948155985,0.001981486666228596,0.01345368545211047,0.008191362528711261,0.05561683394783528,0.24189952029144793,True,True,False
paper_rank15,15,numbered,numbered_simulation_61,fitting,observed_numbered_windows,inverse_sqrt_sensitivity,1.606061,61,15,14.728207176255644,-0.005803918148676732,5.661333773510427e-05,0.005860531486411837,0.039791207553489624,0.016184691566211228,0.1098890813561048,0.3621033779010571,True,True,False
paper_rank15,15,numbered,numbered_simulation_71,fitting,observed_numbered_windows,empirical_primary,1.707071,71,1,14.947414820003644,-14.88402971084761,-14.870391239540536,0.01363847130707363,0.09124301072331051,0.007463785389378762,0.04993362049061633,1.8272861015647193,True,True,False
paper_rank15,15,numbered,numbered_simulation_71,fitting,observed_numbered_windows,empirical_primary,1.707071,71,2,14.947414820003644,1.365119406006948,1.3474952603064831,0.017624145700464888,0.11790765100650757,0.010449244762899755,0.06990670218716262,1.6866430158703676,True,True,False
paper_rank15,15,numbered,numbered_simulation_71,fitting,observed_numbered_windows,empirical_primary,1.707071,71,3,14.947414820003644,0.1317053107767372,0.11961676957932917,0.012088541197408029,0.0808737921772956,0.023850112679372086,0.15956011769643436,0.5068546786306541,True,True,False
paper_rank15,15,numbered,numbered_simulation_71,fitting,observed_numbered_windows,empirical_primary,1.707071,71,4,14.947414820003644,0.07006328170923312,0.05692396040054344,0.01313932130868968,0.08790363729723852,0.017166818545739496,0.11484807742651053,0.7653905861287635,True,True,False
paper_rank15,15,numbered,numbered_simulation_71,fitting,observed_numbered_windows,empirical_primary,1.707071,71,5,14.947414820003644,0.01066747369276246,-0.029743264255707336,0.0404107379484698,0.270352689311796,0.015141258428796595,0.10129683701915823,2.6689154100701513,True,True,False
paper_rank15,15,numbered,numbered_simulation_71,fitting,observed_numbered_windows,empirical_primary,1.707071,71,6,14.947414820003644,0.03921813088972486,-0.0043264625539035165,0.04354459344362838,0.29131855888119224,0.025969642578556853,0.1737400272306788,1.67674981709541,True,True,False
paper_rank15,15,numbered,numbered_simulation_71,fitting,observed_numbered_windows,empirical_primary,1.707071,71,7,14.947414820003644,0.018466888801092027,0.006915390815972755,0.011551497985119272,0.0772809086000629,0.038469015149169825,0.25736233062648384,0.30028057490753196,True,True,False
paper_rank15,15,numbered,numbered_simulation_71,fitting,observed_numbered_windows,empirical_primary,1.707071,71,8,14.947414820003644,-0.019860235212738074,-0.0010899929978183398,0.018770242214919734,0.12557517430907267,0.012824059274767489,0.08579449643429621,1.4636740062370037,True,True,False
paper_rank15,15,numbered,numbered_simulation_71,fitting,observed_numbered_windows,empirical_primary,1.707071,71,9,14.947414820003644,-0.01043746846129635,-0.0052998487078602455,0.005137619753436105,0.03437129306507633,0.014656936687552575,0.09805666641389833,0.35052479675369247,True,True,False
paper_rank15,15,numbered,numbered_simulation_71,fitting,observed_numbered_windows,empirical_primary,1.707071,71,10,14.947414820003644,0.015605008407667088,0.000944045433364224,0.014660962974302864,0.09808360275572582,0.012619712516445477,0.08442739208359241,1.161750947590709,True,True,False
paper_rank15,15,numbered,numbered_simulation_71,fitting,observed_numbered_windows,empirical_primary,1.707071,71,11,14.947414820003644,0.014357829125243058,0.0023040654278353554,0.012053763697407703,0.08064112652628426,0.010488836362218161,0.07017157474067884,1.1491993278517116,True,True,False
paper_rank15,15,numbered,numbered_simulation_71,fitting,observed_numbered_windows,empirical_primary,1.707071,71,12,14.947414820003644,-0.006443594521884123,0.0030875234513707862,0.00953111797325491,0.06376432371770215,0.01186097110896142,0.07935132095944955,0.8035697824146779,True,True,False
paper_rank15,15,numbered,numbered_simulation_71,fitting,observed_numbered_windows,empirical_primary,1.707071,71,13,14.947414820003644,0.006233521353910994,-0.0010949911547936259,0.00732851250870462,0.049028628675622944,0.02125485404277218,0.14219752578437503,0.34479241748529993,True,True,False
paper_rank15,15,numbered,numbered_simulation_71,fitting,observed_numbered_windows,empirical_primary,1.707071,71,14,14.947414820003644,-0.003868721163110658,0.0018256254560266236,0.005694346619137282,0.03809586264720988,0.013007916558453065,0.08702452373934916,0.43776008198921507,True,True,False
paper_rank15,15,numbered,numbered_simulation_71,fitting,observed_numbered_windows,empirical_primary,1.707071,71,15,14.947414820003644,-0.012896073185042262,-0.0010610359918634751,0.011835037193178787,0.07917781994877361,0.026425309693103045,0.17678849494254284,0.44786749259054887,True,True,False
paper_rank15,15,numbered,numbered_simulation_71,fitting,observed_numbered_windows,inverse_sqrt_sensitivity,1.707071,71,1,14.947414820003644,-14.88402971084761,-14.870391239540536,0.01363847130707363,0.09124301072331051,0.0068236720059986255,0.04565118509233266,1.998699716968251,True,True,False
paper_rank15,15,numbered,numbered_simulation_71,fitting,observed_numbered_windows,inverse_sqrt_sensitivity,1.707071,71,2,14.947414820003644,1.365119406006948,1.3474952603064831,0.017624145700464888,0.11790765100650757,0.009553090724432197,0.06391132406152002,1.8448632184964837,True,True,False
paper_rank15,15,numbered,numbered_simulation_71,fitting,observed_numbered_windows,inverse_sqrt_sensitivity,1.707071,71,3,14.947414820003644,0.1317053107767372,0.11961676957932917,0.012088541197408029,0.0808737921772956,0.021804665828379352,0.1458758326503314,0.5544015804945046,True,True,False
paper_rank15,15,numbered,numbered_simulation_71,fitting,observed_numbered_windows,inverse_sqrt_sensitivity,1.707071,71,4,14.947414820003644,0.07006328170923312,0.05692396040054344,0.01313932130868968,0.08790363729723852,0.015694548145679024,0.10499841166296874,0.8371901622607185,True,True,False
paper_rank15,15,numbered,numbered_simulation_71,fitting,observed_numbered_windows,inverse_sqrt_sensitivity,1.707071,71,5,14.947414820003644,0.01066747369276246,-0.029743264255707336,0.0404107379484698,0.270352689311796,0.013842705260951998,0.092609360398741,2.919280385349377,True,True,False
paper_rank15,15,numbered,numbered_simulation_71,fitting,observed_numbered_windows,inverse_sqrt_sensitivity,1.707071,71,6,14.947414820003644,0.03921813088972486,-0.0043264625539035165,0.04354459344362838,0.29131855888119224,0.023742419405743127,0.15883963676427454,1.8340419609088043,True,True,False
paper_rank15,15,numbered,numbered_simulation_71,fitting,observed_numbered_windows,inverse_sqrt_sensitivity,1.707071,71,7,14.947414820003644,0.018466888801092027,0.006915390815972755,0.011551497985119272,0.0772809086000629,0.03516981371748364,0.23529027688732512,0.3284492229021043,True,True,False
paper_rank15,15,numbered,numbered_simulation_71,fitting,observed_numbered_windows,inverse_sqrt_sensitivity,1.707071,71,8,14.947414820003644,-0.019860235212738074,-0.0010899929978183398,0.018770242214919734,0.12557517430907267,0.011724235051161014,0.07843654031378622,1.6009779856009434,True,True,False
paper_rank15,15,numbered,numbered_simulation_71,fitting,observed_numbered_windows,inverse_sqrt_sensitivity,1.707071,71,9,14.947414820003644,-0.01043746846129635,-0.0052998487078602455,0.005137619753436105,0.03437129306507633,0.013399920194767451,0.08964707513726568,0.3834067426343553,True,True,False
paper_rank15,15,numbered,numbered_simulation_71,fitting,observed_numbered_windows,inverse_sqrt_sensitivity,1.707071,71,10,14.947414820003644,0.015605008407667088,0.000944045433364224,0.014660962974302864,0.09808360275572582,0.011537413595085555,0.07718668233951335,1.2707322012403028,True,True,False
paper_rank15,15,numbered,numbered_simulation_71,fitting,observed_numbered_windows,inverse_sqrt_sensitivity,1.707071,71,11,14.947414820003644,0.014357829125243058,0.0023040654278353554,0.012053763697407703,0.08064112652628426,0.009589286846620566,0.06415348046531452,1.257003142173775,True,True,False
paper_rank15,15,numbered,numbered_simulation_71,fitting,observed_numbered_windows,inverse_sqrt_sensitivity,1.707071,71,12,14.947414820003644,-0.006443594521884123,0.0030875234513707862,0.00953111797325491,0.06376432371770215,0.010843743797263048,0.07254594809766847,0.8789508634149541,True,True,False
paper_rank15,15,numbered,numbered_simulation_71,fitting,observed_numbered_windows,inverse_sqrt_sensitivity,1.707071,71,13,14.947414820003644,0.006233521353910994,-0.0010949911547936259,0.00732851250870462,0.049028628675622944,0.019431983230606138,0.1300023011644859,0.37713662170940554,True,True,False
paper_rank15,15,numbered,numbered_simulation_71,fitting,observed_numbered_windows,inverse_sqrt_sensitivity,1.707071,71,14,14.947414820003644,-0.003868721163110658,0.0018256254560266236,0.005694346619137282,0.03809586264720988,0.011892324262510731,0.07956107732151527,0.478825374539113,True,True,False
paper_rank15,15,numbered,numbered_simulation_71,fitting,observed_numbered_windows,inverse_sqrt_sensitivity,1.707071,71,15,14.947414820003644,-0.012896073185042262,-0.0010610359918634751,0.011835037193178787,0.07917781994877361,0.02415900733952907,0.16162666006430657,0.4898809386846888,True,True,False
paper_rank15,15,numbered,numbered_simulation_81,fitting,observed_numbered_windows,empirical_primary,1.808081,81,1,15.127707855158455,-15.03634374136942,-14.995756125244984,0.0405876161244354,0.2682998410138868,0.005054604402253072,0.03341289011295576,8.029830406973812,True,True,False
paper_rank15,15,numbered,numbered_simulation_81,fitting,observed_numbered_windows,empirical_primary,1.808081,81,2,15.127707855158455,1.6270598541531416,1.549540564306156,0.07751928984698564,0.5124324887101256,0.013635971581372967,0.09013904625824186,5.684911367289637,True,True,False
paper_rank15,15,numbered,numbered_simulation_81,fitting,observed_numbered_windows,empirical_primary,1.808081,81,3,15.127707855158455,0.3173583130774111,0.2920579657540794,0.025300347323331696,0.16724508144639,0.01619779440964221,0.1070736860119814,1.5619624921446666,True,True,False
paper_rank15,15,numbered,numbered_simulation_81,fitting,observed_numbered_windows,empirical_primary,1.808081,81,4,15.127707855158455,-0.010161907272776013,-0.004243844507836728,0.0059180627649392855,0.039120683857741624,0.02402536602881849,0.1588169619538626,0.24632560260853276,True,True,False
paper_rank15,15,numbered,numbered_simulation_81,fitting,observed_numbered_windows,empirical_primary,1.808081,81,5,15.127707855158455,0.01872172089665314,-0.01679861387299944,0.03552033476965258,0.2348031513415323,0.02013816005417977,0.1331210269724556,1.763832180998093,True,True,False
paper_rank15,15,numbered,numbered_simulation_81,fitting,observed_numbered_windows,empirical_primary,1.808081,81,6,15.127707855158455,-0.022657864860545142,0.0028915225722681466,0.02554938743281329,0.16889133289350974,0.01845260267923963,0.12197884078616315,1.3845953265746085,True,True,False
paper_rank15,15,numbered,numbered_simulation_81,fitting,observed_numbered_windows,empirical_primary,1.808081,81,7,15.127707855158455,0.004721687652450207,0.000600066049417744,0.004121621603032463,0.027245512952096148,0.02710648407281425,0.17918434393595925,0.15205297713863736,True,True,False
paper_rank15,15,numbered,numbered_simulation_81,fitting,observed_numbered_windows,empirical_primary,1.808081,81,8,15.127707855158455,-0.033910195829293575,0.0005634291035571531,0.03447362493285073,0.2278839944750482,0.028240634688986393,0.1866815181743248,1.2207099915603223,True,True,False
paper_rank15,15,numbered,numbered_simulation_81,fitting,observed_numbered_windows,empirical_primary,1.808081,81,9,15.127707855158455,-0.06560985977323036,-0.0044555098455469205,0.06115434992768344,0.4042539062309442,0.01944829785909036,0.12856077103881017,3.144457698600044,True,True,False
paper_rank15,15,numbered,numbered_simulation_81,fitting,observed_numbered_windows,empirical_primary,1.808081,81,10,15.127707855158455,-0.011684912717258276,-0.0010698383887059043,0.010615074328552371,0.07016974699794125,0.007819514683073688,0.051690016477990625,1.357510633176509,True,True,False
paper_rank15,15,numbered,numbered_simulation_81,fitting,observed_numbered_windows,empirical_primary,1.808081,81,11,15.127707855158455,0.006797486820704896,0.0003561038871820335,0.006441382933522862,0.0425800325812505,0.012550787512134003,0.08296555983432917,0.5132253993859257,True,True,False
paper_rank15,15,numbered,numbered_simulation_81,fitting,observed_numbered_windows,empirical_primary,1.808081,81,12,15.127707855158455,0.009125626475745637,0.002751863892790831,0.006373762582954806,0.042133035909874425,0.010924425416359998,0.07221467733880672,0.5834414479510935,True,True,False
paper_rank15,15,numbered,numbered_simulation_81,fitting,observed_numbered_windows,empirical_primary,1.808081,81,13,15.127707855158455,0.00040742313867229345,-0.0007198428524801334,0.0011272659911524268,0.007451664204157909,0.017226519178023054,0.11387395461995861,0.06543782754385752,True,True,False
paper_rank15,15,numbered,numbered_simulation_81,fitting,observed_numbered_windows,empirical_primary,1.808081,81,14,15.127707855158455,0.0035710390380596655,0.0009818508538532583,0.002589188184206407,0.017115535340825015,0.010345089439031405,0.06838504245376337,0.25028185589556673,True,True,False
paper_rank15,15,numbered,numbered_simulation_81,fitting,observed_numbered_windows,empirical_primary,1.808081,81,15,15.127707855158455,0.004681140522463859,-0.0013166926855055633,0.005997833207969422,0.03964799733969081,0.027042983534451268,0.1787645808167149,0.22178888658230014,True,True,False
paper_rank15,15,numbered,numbered_simulation_81,fitting,observed_numbered_windows,inverse_sqrt_sensitivity,1.808081,81,1,15.127707855158455,-15.03634374136942,-14.995756125244984,0.0405876161244354,0.2682998410138868,0.004621108561097375,0.030547314935894965,8.783090807716722,True,True,False
paper_rank15,15,numbered,numbered_simulation_81,fitting,observed_numbered_windows,inverse_sqrt_sensitivity,1.808081,81,2,15.127707855158455,1.6270598541531416,1.549540564306156,0.07751928984698564,0.5124324887101256,0.012466515675386024,0.08240849039886118,6.218200166389737,True,True,False
paper_rank15,15,numbered,numbered_simulation_81,fitting,observed_numbered_windows,inverse_sqrt_sensitivity,1.808081,81,3,15.127707855158455,0.3173583130774111,0.2920579657540794,0.025300347323331696,0.16724508144639,0.01480863000553078,0.09789077200139827,1.7084866941697125,True,True,False
paper_rank15,15,numbered,numbered_simulation_81,fitting,observed_numbered_windows,inverse_sqrt_sensitivity,1.808081,81,4,15.127707855158455,-0.010161907272776013,-0.004243844507836728,0.0059180627649392855,0.039120683857741624,0.021964889000963692,0.14519641185081322,0.26943285553046203,True,True,False
paper_rank15,15,numbered,numbered_simulation_81,fitting,observed_numbered_windows,inverse_sqrt_sensitivity,1.808081,81,5,15.127707855158455,0.01872172089665314,-0.01679861387299944,0.03552033476965258,0.2348031513415323,0.018411059783360665,0.12170422617648984,1.929293326273088,True,True,False
paper_rank15,15,numbered,numbered_simulation_81,fitting,observed_numbered_windows,inverse_sqrt_sensitivity,1.808081,81,6,15.127707855158455,-0.022657864860545142,0.0028915225722681466,0.02554938743281329,0.16889133289350974,0.016870060133203132,0.11151762246288055,1.5144811121643706,True,True,False
paper_rank15,15,numbered,numbered_simulation_81,fitting,observed_numbered_windows,inverse_sqrt_sensitivity,1.808081,81,7,15.127707855158455,0.004721687652450207,0.000600066049417744,0.004121621603032463,0.027245512952096148,0.02478176245687921,0.16381703490148233,0.16631672627014207,True,True,False
paper_rank15,15,numbered,numbered_simulation_81,fitting,observed_numbered_windows,inverse_sqrt_sensitivity,1.808081,81,8,15.127707855158455,-0.033910195829293575,0.0005634291035571531,0.03447362493285073,0.2278839944750482,0.025818645406538096,0.17067123224311936,1.3352220610350425,True,True,False
paper_rank15,15,numbered,numbered_simulation_81,fitting,observed_numbered_windows,inverse_sqrt_sensitivity,1.808081,81,9,15.127707855158455,-0.06560985977323036,-0.0044555098455469205,0.06115434992768344,0.4042539062309442,0.017780361939967803,0.11753506949107832,3.439432230578889,True,True,False
paper_rank15,15,numbered,numbered_simulation_81,fitting,observed_numbered_windows,inverse_sqrt_sensitivity,1.808081,81,10,15.127707855158455,-0.011684912717258276,-0.0010698383887059043,0.010615074328552371,0.07016974699794125,0.007148893042840597,0.04725694805378509,1.4848556643581416,True,True,False
paper_rank15,15,numbered,numbered_simulation_81,fitting,observed_numbered_windows,inverse_sqrt_sensitivity,1.808081,81,11,15.127707855158455,0.006797486820704896,0.0003561038871820335,0.006441382933522862,0.0425800325812505,0.011474399775971353,0.0758502205742865,0.5613699242911008,True,True,False
paper_rank15,15,numbered,numbered_simulation_81,fitting,observed_numbered_windows,inverse_sqrt_sensitivity,1.808081,81,12,15.127707855158455,0.009125626475745637,0.002751863892790831,0.006373762582954806,0.042133035909874425,0.009987518665972821,0.06602136134303478,0.6381727830627266,True,True,False
paper_rank15,15,numbered,numbered_simulation_81,fitting,observed_numbered_windows,inverse_sqrt_sensitivity,1.808081,81,13,15.127707855158455,0.00040742313867229345,-0.0007198428524801334,0.0011272659911524268,0.007451664204157909,0.015749128698575605,0.10410783212742471,0.07157640354125622,True,True,False
paper_rank15,15,numbered,numbered_simulation_81,fitting,observed_numbered_windows,inverse_sqrt_sensitivity,1.808081,81,14,15.127707855158455,0.0035710390380596655,0.0009818508538532583,0.002589188184206407,0.017115535340825015,0.009457868028349916,0.06252016577068444,0.273760236074909,True,True,False
paper_rank15,15,numbered,numbered_simulation_81,fitting,observed_numbered_windows,inverse_sqrt_sensitivity,1.808081,81,15,15.127707855158455,0.004681140522463859,-0.0013166926855055633,0.005997833207969422,0.03964799733969081,0.024723707887597257,0.16343327174424924,0.24259440514496042,True,True,False
paper_rank15,15,numbered,numbered_simulation_91,fitting,observed_numbered_windows,empirical_primary,1.909091,91,1,15.179102126120826,-15.080230783691778,-15.083500816882298,0.003270033190519328,0.021542994857990445,0.010422392259940206,0.06866277183816374,0.31375073101864703,True,True,False
paper_rank15,15,numbered,numbered_simulation_91,fitting,observed_numbered_windows,empirical_primary,1.909091,91,2,15.179102126120826,1.6770677661309759,1.6838889365634007,0.006821170432424806,0.04493790459902535,0.016845529004073965,0.11097842852697777,0.4049246794668874,True,True,False
paper_rank15,15,numbered,numbered_simulation_91,fitting,observed_numbered_windows,empirical_primary,1.909091,91,3,15.179102126120826,0.41159378733017615,0.43536954091600943,0.02377575358583328,0.1566347824020433,0.025473203200739758,0.16781758887374779,0.9333633229582535,True,True,False
paper_rank15,15,numbered,numbered_simulation_91,fitting,observed_numbered_windows,empirical_primary,1.909091,91,4,15.179102126120826,-0.049635448842560013,-0.07938178928012105,0.029746340437561032,0.19596903815787825,0.02640116608105241,0.1739310129261216,1.1267055533168053,True,True,False
paper_rank15,15,numbered,numbered_simulation_91,fitting,observed_numbered_windows,empirical_primary,1.909091,91,5,15.179102126120826,0.020607605926296558,0.010503309630653622,0.010104296295642936,0.06656715404961303,0.021855989850820032,0.14398736940579207,0.46231245368481105,True,True,False
paper_rank15,15,numbered,numbered_simulation_91,fitting,observed_numbered_windows,empirical_primary,1.909091,91,6,15.179102126120826,0.062448508138632605,0.011438293212142535,0.05101021492649007,0.33605554862635506,0.023599892982535727,0.15547621187635371,2.1614595864582262,True,True,False
paper_rank15,15,numbered,numbered_simulation_91,fitting,observed_numbered_windows,empirical_primary,1.909091,91,7,15.179102126120826,0.025748776592344542,-0.006501160396056194,0.032249936988400736,0.2124627446369421,0.02485567333213632,0.16374929904031443,1.2974879641141825,True,True,False
paper_rank15,15,numbered,numbered_simulation_91,fitting,observed_numbered_windows,empirical_primary,1.909091,91,8,15.179102126120826,0.01100509279908882,0.0001578845836343601,0.01084720821545446,0.07146146145751359,0.02717935731993189,0.17905774066280591,0.39909730343401817,True,True,False
paper_rank15,15,numbered,numbered_simulation_91,fitting,observed_numbered_windows,empirical_primary,1.909091,91,9,15.179102126120826,-0.018054826772565688,0.0016291218588450236,0.01968394863141071,0.12967795109262598,0.019073680334857176,0.1256575005318292,1.0319953090247753,True,True,False
paper_rank15,15,numbered,numbered_simulation_91,fitting,observed_numbered_windows,empirical_primary,1.909091,91,10,15.179102126120826,-0.002081530931535146,-0.0017469671116662339,0.0003345638198689123,0.0022041081026339567,0.009519324340306367,0.0627133559100648,0.035145752777044764,True,True,False
paper_rank15,15,numbered,numbered_simulation_91,fitting,observed_numbered_windows,empirical_primary,1.909091,91,11,15.179102126120826,-0.003914641506694596,-0.0004448670865557272,0.0034697744201388687,0.022858891068187344,0.012628504804663434,0.08319665221127791,0.27475734252067247,True,True,False
paper_rank15,15,numbered,numbered_simulation_91,fitting,observed_numbered_windows,empirical_primary,1.909091,91,12,15.179102126120826,-0.011085778815527882,-0.0009349028258722461,0.010150875989655635,0.06687402130451173,0.00735573269072802,0.048459603404802,1.379995225010137,True,True,False
paper_rank15,15,numbered,numbered_simulation_91,fitting,observed_numbered_windows,empirical_primary,1.909091,91,13,15.179102126120826,0.009631762199092859,0.0007423438509683734,0.008889418348124485,0.058563532113188745,0.012126556614523049,0.07988981504811915,0.733053795129139,True,True,False
paper_rank15,15,numbered,numbered_simulation_91,fitting,observed_numbered_windows,empirical_primary,1.909091,91,14,15.179102126120826,-0.0016059903400272419,-0.0006335593648548049,0.000972430975172437,0.006406380081592821,0.009456962218452032,0.062302513942363566,0.10282699166071216,True,True,False
paper_rank15,15,numbered,numbered_simulation_91,fitting,observed_numbered_windows,empirical_primary,1.909091,91,15,15.179102126120826,0.00833941393824219,0.0006645692039302098,0.007674844734311979,0.05056191512872681,0.031182938272802798,0.20543335181296335,0.2461232058111035,True,True,False
paper_rank15,15,numbered,numbered_simulation_91,fitting,observed_numbered_windows,inverse_sqrt_sensitivity,1.909091,91,1,15.179102126120826,-15.080230783691778,-15.083500816882298,0.003270033190519328,0.021542994857990445,0.009528541161016719,0.0627740763705622,0.3431829841799631,True,True,False
paper_rank15,15,numbered,numbered_simulation_91,fitting,observed_numbered_windows,inverse_sqrt_sensitivity,1.909091,91,2,15.179102126120826,1.6770677661309759,1.6838889365634007,0.006821170432424806,0.04493790459902535,0.01540081321937701,0.10146063378066779,0.4429097564693882,True,True,False
paper_rank15,15,numbered,numbered_simulation_91,fitting,observed_numbered_windows,inverse_sqrt_sensitivity,1.909091,91,3,15.179102126120826,0.41159378733017615,0.43536954091600943,0.02377575358583328,0.1566347824020433,0.023288555942585883,0.1534251219148857,1.0209200452122709,True,True,False
paper_rank15,15,numbered,numbered_simulation_91,fitting,observed_numbered_windows,inverse_sqrt_sensitivity,1.909091,91,4,15.179102126120826,-0.049635448842560013,-0.07938178928012105,0.029746340437561032,0.19596903815787825,0.024136934345588487,0.15901424303650116,1.2323992770439705,True,True,False
paper_rank15,15,numbered,numbered_simulation_91,fitting,observed_numbered_windows,inverse_sqrt_sensitivity,1.909091,91,5,15.179102126120826,0.020607605926296558,0.010503309630653622,0.010104296295642936,0.06656715404961303,0.01998156408953822,0.13163864320507548,0.5056809492172466,True,True,False
paper_rank15,15,numbered,numbered_simulation_91,fitting,observed_numbered_windows,inverse_sqrt_sensitivity,1.909091,91,6,15.179102126120826,0.062448508138632605,0.011438293212142535,0.05101021492649007,0.33605554862635506,0.02157590561468384,0.14214217307066623,2.3642212678096914,True,True,False
paper_rank15,15,numbered,numbered_simulation_91,fitting,observed_numbered_windows,inverse_sqrt_sensitivity,1.909091,91,7,15.179102126120826,0.025748776592344542,-0.006501160396056194,0.032249936988400736,0.2124627446369421,0.022723987019790528,0.14970573905479,1.4192024031836479,True,True,False
paper_rank15,15,numbered,numbered_simulation_91,fitting,observed_numbered_windows,inverse_sqrt_sensitivity,1.909091,91,8,15.179102126120826,0.01100509279908882,0.0001578845836343601,0.01084720821545446,0.07146146145751359,0.024848385907367283,0.1637012894498361,0.4365357273463134,True,True,False
paper_rank15,15,numbered,numbered_simulation_91,fitting,observed_numbered_windows,inverse_sqrt_sensitivity,1.909091,91,9,15.179102126120826,-0.018054826772565688,0.0016291218588450236,0.01968394863141071,0.12967795109262598,0.0174378725756964,0.11488079091113425,1.1288044769202366,True,True,False
paper_rank15,15,numbered,numbered_simulation_91,fitting,observed_numbered_windows,inverse_sqrt_sensitivity,1.909091,91,10,15.179102126120826,-0.002081530931535146,-0.0017469671116662339,0.0003345638198689123,0.0022041081026339567,0.008702922662996944,0.057334897615719936,0.03844269710581361,True,True,False
paper_rank15,15,numbered,numbered_simulation_91,fitting,observed_numbered_windows,inverse_sqrt_sensitivity,1.909091,91,11,15.179102126120826,-0.003914641506694596,-0.0004448670865557272,0.0034697744201388687,0.022858891068187344,0.011545451834109271,0.0760614938761192,0.30053171326634015,True,True,False
paper_rank15,15,numbered,numbered_simulation_91,fitting,observed_numbered_windows,inverse_sqrt_sensitivity,1.909091,91,12,15.179102126120826,-0.011085778815527882,-0.0009349028258722461,0.010150875989655635,0.06687402130451173,0.0067248861839940294,0.044303583493397594,1.5094494853780336,True,True,False
paper_rank15,15,numbered,numbered_simulation_91,fitting,observed_numbered_windows,inverse_sqrt_sensitivity,1.909091,91,13,15.179102126120826,0.009631762199092859,0.0007423438509683734,0.008889418348124485,0.058563532113188745,0.011086552008506473,0.07303825955178388,0.801819929343571,True,True,False
paper_rank15,15,numbered,numbered_simulation_91,fitting,observed_numbered_windows,inverse_sqrt_sensitivity,1.909091,91,14,15.179102126120826,-0.0016059903400272419,-0.0006335593648548049,0.000972430975172437,0.006406380081592821,0.008645908876703239,0.05695929050918632,0.11247296137861142,True,True,False
paper_rank15,15,numbered,numbered_simulation_91,fitting,observed_numbered_windows,inverse_sqrt_sensitivity,1.909091,91,15,15.179102126120826,0.00833941393824219,0.0006645692039302098,0.007674844734311979,0.05056191512872681,0.028508609486508588,0.1878148605209645,0.26921147234290826,True,True,False
validation_selected_rank,6,external,external_simulation_8,external,interpolated_external,empirical_primary,1.0625,8,1,12.653523937964877,-12.075756462763172,-12.042993369837465,0.03276309292570723,0.2589246528187045,0.011361430120566032,0.0897886642192842,2.8837120483979137,True,True,False
validation_selected_rank,6,external,external_simulation_8,external,interpolated_external,empirical_primary,1.0625,8,2,12.653523937964877,-3.7606103098640835,-3.7909113328585557,0.030301022994472238,0.23946706975089255,0.021150465661210115,0.16715079344617606,1.4326409394401285,True,True,False
validation_selected_rank,6,external,external_simulation_8,external,interpolated_external,empirical_primary,1.0625,8,3,12.653523937964877,0.3656534902391463,0.46203245057005426,0.09637896033090798,0.7616768325046456,0.015782849569290037,0.1247308626961705,6.10656269058284,True,True,False
validation_selected_rank,6,external,external_simulation_8,external,interpolated_external,empirical_primary,1.0625,8,4,12.653523937964877,-0.05287264889450628,0.0341870306343286,0.08705967952883488,0.6880271452889596,0.028094139344028785,0.22202620773282616,3.098855546444736,True,True,False
validation_selected_rank,6,external,external_simulation_8,external,interpolated_external,empirical_primary,1.0625,8,5,12.653523937964877,0.02428874568567184,-0.00031952492550424427,0.024608270611176083,0.1944776074382165,0.01897664830493025,0.14997125226114955,1.2967659101730153,True,True,False
validation_selected_rank,6,external,external_simulation_8,external,interpolated_external,empirical_primary,1.0625,8,6,12.653523937964877,0.013760548972642042,-0.008292341397710207,0.022052890370352247,0.1742825988907807,0.023850612316759043,0.18848988182018678,0.9246257528934133,True,True,False
validation_selected_rank,6,external,external_simulation_8,external,interpolated_external,inverse_sqrt_sensitivity,1.0625,8,1,12.653523937964877,-12.075756462763172,-12.042993369837465,0.03276309292570723,0.2589246528187045,0.010387044725607905,0.08208815802247181,3.154226615096216,True,True,False
validation_selected_rank,6,external,external_simulation_8,external,interpolated_external,inverse_sqrt_sensitivity,1.0625,8,2,12.653523937964877,-3.7606103098640835,-3.7909113328585557,0.030301022994472238,0.23946706975089255,0.019336547464455865,0.15281551257385023,1.5670337763331896,True,True,False
validation_selected_rank,6,external,external_simulation_8,external,interpolated_external,inverse_sqrt_sensitivity,1.0625,8,3,12.653523937964877,0.3656534902391463,0.46203245057005426,0.09637896033090798,0.7616768325046456,0.01442927189923073,0.11403362391355665,6.679405655669033,True,True,False
validation_selected_rank,6,external,external_simulation_8,external,interpolated_external,inverse_sqrt_sensitivity,1.0625,8,4,12.653523937964877,-0.05287264889450628,0.0341870306343286,0.08705967952883488,0.6880271452889596,0.025684713878198755,0.20298467054806665,3.3895522426952684,True,True,False
validation_selected_rank,6,external,external_simulation_8,external,interpolated_external,inverse_sqrt_sensitivity,1.0625,8,5,12.653523937964877,0.02428874568567184,-0.00031952492550424427,0.024608270611176083,0.1944776074382165,0.017349162261592273,0.13710933291506947,1.4184126149799225,True,True,False
validation_selected_rank,6,external,external_simulation_8,external,interpolated_external,inverse_sqrt_sensitivity,1.0625,8,6,12.653523937964877,0.013760548972642042,-0.008292341397710207,0.022052890370352247,0.1742825988907807,0.021805122615582182,0.17232450598334426,1.011362823274977,True,True,False
validation_selected_rank,6,external,external_simulation_4,external,interpolated_external,empirical_primary,1.125,4,1,12.88270008203906,-12.563242857908758,-12.511754926917147,0.05148793099161075,0.39966723329525267,0.013046749299670006,0.10127340710088922,3.946418361308824,True,True,False
validation_selected_rank,6,external,external_simulation_4,external,interpolated_external,empirical_primary,1.125,4,2,12.88270008203906,-2.8466391803508264,-2.9357556851695334,0.08911650481870703,0.6917533145318847,0.024976790625006455,0.19387853839606856,3.567972609318536,True,True,False
validation_selected_rank,6,external,external_simulation_4,external,interpolated_external,empirical_primary,1.125,4,3,12.88270008203906,-0.003149128380477348,0.015870601299618203,0.019019729680095552,0.1476377588469414,0.018139576500383035,0.14080570365581252,1.0485211537156853,True,True,False
validation_selected_rank,6,external,external_simulation_4,external,interpolated_external,empirical_primary,1.125,4,4,12.88270008203906,-0.06376613667541645,-0.05321626922452818,0.010549867450888269,0.08189174151152362,0.026488821559887094,0.2056154485566078,0.3982762097225301,True,True,False
validation_selected_rank,6,external,external_simulation_4,external,interpolated_external,empirical_primary,1.125,4,5,12.88270008203906,-0.10395836939669463,-0.033407793361916294,0.07055057603477834,0.5476381161208533,0.019819799904752685,0.15384818227962369,3.559600822098142,True,True,False
validation_selected_rank,6,external,external_simulation_4,external,interpolated_external,empirical_primary,1.125,4,6,12.88270008203906,0.04257558414746236,-0.001581260004617141,0.0441568441520795,0.3427607867208099,0.02289531909065589,0.1777214321908831,1.9286406962592164,True,True,False
validation_selected_rank,6,external,external_simulation_4,external,interpolated_external,inverse_sqrt_sensitivity,1.125,4,1,12.88270008203906,-12.563242857908758,-12.511754926917147,0.05148793099161075,0.39966723329525267,0.011927826608215272,0.09258793989037234,4.316623026373348,True,True,False
validation_selected_rank,6,external,external_simulation_4,external,interpolated_external,inverse_sqrt_sensitivity,1.125,4,2,12.88270008203906,-2.8466391803508264,-2.9357556851695334,0.08911650481870703,0.6917533145318847,0.022834716982896963,0.17725101754664702,3.9026761262447285,True,True,False
validation_selected_rank,6,external,external_simulation_4,external,interpolated_external,inverse_sqrt_sensitivity,1.125,4,3,12.88270008203906,-0.003149128380477348,0.015870601299618203,0.019019729680095552,0.1476377588469414,0.016583879882515855,0.1287298452723971,1.146880574077709,True,True,False
validation_selected_rank,6,external,external_simulation_4,external,interpolated_external,inverse_sqrt_sensitivity,1.125,4,4,12.88270008203906,-0.06376613667541645,-0.05321626922452818,0.010549867450888269,0.08189174151152362,0.02421707226567764,0.18798134018070367,0.43563760867329865,True,True,False
validation_selected_rank,6,external,external_simulation_4,external,interpolated_external,inverse_sqrt_sensitivity,1.125,4,5,12.88270008203906,-0.10395836939669463,-0.033407793361916294,0.07055057603477834,0.5476381161208533,0.018120003017103356,0.14065376746887165,3.8935190004210316,True,True,False
validation_selected_rank,6,external,external_simulation_4,external,interpolated_external,inverse_sqrt_sensitivity,1.125,4,6,12.88270008203906,0.04257558414746236,-0.001581260004617141,0.0441568441520795,0.3427607867208099,0.02093175778736024,0.16247958622077294,2.10956215911995,True,True,False
validation_selected_rank,6,external,external_simulation_2,external,interpolated_external,empirical_primary,1.25,2,1,13.40510556470158,-13.318456684382852,-13.373448346309223,0.05499166192637084,0.4102292343834671,0.010027665735533462,0.07480482482688076,5.483994318987472,True,True,False
validation_selected_rank,6,external,external_simulation_2,external,interpolated_external,empirical_primary,1.25,2,2,13.40510556470158,-1.4481135312559459,-1.370349855135629,0.07776367612031687,0.5801049140939609,0.0183082887894372,0.13657698330736548,4.247457368335915,True,True,False
validation_selected_rank,6,external,external_simulation_2,external,interpolated_external,empirical_primary,1.25,2,3,13.40510556470158,-0.45556588082816085,-0.5005087676204838,0.044942886792322945,0.3352669367309339,0.030534704970841264,0.2277841440595997,1.4718624868077355,True,True,False
validation_selected_rank,6,external,external_simulation_2,external,interpolated_external,empirical_primary,1.25,2,4,13.40510556470158,-0.060268544097106976,-0.08714290959314513,0.02687436549603816,0.20047858158464585,0.027813366097345547,0.20748337984434753,0.9662392319570049,True,True,False
validation_selected_rank,6,external,external_simulation_2,external,interpolated_external,empirical_primary,1.25,2,5,13.40510556470158,-0.03977773123742383,-0.01007620637832618,0.029701524859097647,0.2215687501731274,0.01888082351642301,0.14084800321259783,1.5731053697558541,True,True,False
validation_selected_rank,6,external,external_simulation_2,external,interpolated_external,empirical_primary,1.25,2,6,13.40510556470158,0.010050923170687065,0.018541705804040694,0.008490782633353629,0.06333991621603949,0.032069869265492074,0.2392362306339361,0.2647588789047515,True,True,False
validation_selected_rank,6,external,external_simulation_2,external,interpolated_external,inverse_sqrt_sensitivity,1.25,2,1,13.40510556470158,-13.318456684382852,-13.373448346309223,0.05499166192637084,0.4102292343834671,0.009167667396016408,0.06838937113749238,5.998435539913475,True,True,False
validation_selected_rank,6,external,external_simulation_2,external,interpolated_external,inverse_sqrt_sensitivity,1.25,2,2,13.40510556470158,-1.4481135312559459,-1.370349855135629,0.07776367612031687,0.5801049140939609,0.016738122972828326,0.12486379082984077,4.645901828212985,True,True,False
validation_selected_rank,6,external,external_simulation_2,external,interpolated_external,inverse_sqrt_sensitivity,1.25,2,3,13.40510556470158,-0.45556588082816085,-0.5005087676204838,0.044942886792322945,0.3352669367309339,0.02791597033556977,0.20824879148343525,1.6099346091888462,True,True,False
validation_selected_rank,6,external,external_simulation_2,external,interpolated_external,inverse_sqrt_sensitivity,1.25,2,4,13.40510556470158,-0.060268544097106976,-0.08714290959314513,0.02687436549603816,0.20047858158464585,0.025428020465476552,0.1896890728890177,1.0568799695802236,True,True,False
validation_selected_rank,6,external,external_simulation_2,external,interpolated_external,inverse_sqrt_sensitivity,1.25,2,5,13.40510556470158,-0.03977773123742383,-0.01007620637832618,0.029701524859097647,0.2215687501731274,0.017261555652786496,0.12876851711067272,1.7206748601655142,True,True,False
validation_selected_rank,6,external,external_simulation_2,external,interpolated_external,inverse_sqrt_sensitivity,1.25,2,6,13.40510556470158,0.010050923170687065,0.018541705804040694,0.008490782633353629,0.06333991621603949,0.029319475001837948,0.21871871773275847,0.28959531617879813,True,True,False
validation_selected_rank,6,external,external_simulation_10,external,interpolated_external,empirical_primary,1.3125,10,1,13.789162595949454,-13.763254391980189,-13.731638533067505,0.03161585891268359,0.2292804852556507,0.009064954301624871,0.0657397012947522,3.487701963044262,True,True,False
validation_selected_rank,6,external,external_simulation_10,external,interpolated_external,empirical_primary,1.3125,10,2,13.789162595949454,-0.6593733772676107,-0.7154868589010481,0.056113481633437434,0.40693900911662817,0.01694941802785267,0.12291839993845265,3.310643559632972,True,True,False
validation_selected_rank,6,external,external_simulation_10,external,interpolated_external,empirical_primary,1.3125,10,3,13.789162595949454,-0.5223225574287046,-0.5400470700180076,0.017724512589302965,0.12853944150683605,0.028285001054230118,0.20512486423605442,0.6266399833367587,True,True,False
validation_selected_rank,6,external,external_simulation_10,external,interpolated_external,empirical_primary,1.3125,10,4,13.789162595949454,-0.009906181199481548,-0.042190276509465094,0.032284095309983545,0.2341265837235609,0.028267095580198194,0.20499501244913604,1.142108683164441,True,True,False
validation_selected_rank,6,external,external_simulation_10,external,interpolated_external,empirical_primary,1.3125,10,5,13.789162595949454,0.006953748330833827,0.016717781011121646,0.009764032680287818,0.07080946803220659,0.024345705599164453,0.17655680995679873,0.4010576994992875,True,True,False
validation_selected_rank,6,external,external_simulation_10,external,interpolated_external,empirical_primary,1.3125,10,6,13.789162595949454,0.028317146087697257,0.01179656103776601,0.016520585049931247,0.11980847230552016,0.03941140756850705,0.28581436540667154,0.4191828221616868,True,True,False
validation_selected_rank,6,external,external_simulation_10,external,interpolated_external,inverse_sqrt_sensitivity,1.3125,10,1,13.789162595949454,-13.763254391980189,-13.731638533067505,0.03161585891268359,0.2292804852556507,0.00828752056452188,0.06010169585610896,3.814875470478855,True,True,False
validation_selected_rank,6,external,external_simulation_10,external,interpolated_external,inverse_sqrt_sensitivity,1.3125,10,2,13.789162595949454,-0.6593733772676107,-0.7154868589010481,0.056113481633437434,0.40693900911662817,0.015495792453948528,0.11237660261182497,3.6212076149186547,True,True,False
validation_selected_rank,6,external,external_simulation_10,external,interpolated_external,inverse_sqrt_sensitivity,1.3125,10,3,13.789162595949454,-0.5223225574287046,-0.5400470700180076,0.017724512589302965,0.12853944150683605,0.025859206798476336,0.18753282963007803,0.685423676272519,True,True,False
validation_selected_rank,6,external,external_simulation_10,external,interpolated_external,inverse_sqrt_sensitivity,1.3125,10,4,13.789162595949454,-0.009906181199481548,-0.042190276509465094,0.032284095309983545,0.2341265837235609,0.025842836943833995,0.1874141142655413,1.2492473399940098,True,True,False
validation_selected_rank,6,external,external_simulation_10,external,interpolated_external,inverse_sqrt_sensitivity,1.3125,10,5,13.789162595949454,0.006953748330833827,0.016717781011121646,0.009764032680287818,0.07080946803220659,0.022257755427923662,0.1614148449773291,0.43868002377446674,True,True,False
validation_selected_rank,6,external,external_simulation_10,external,interpolated_external,inverse_sqrt_sensitivity,1.3125,10,6,13.789162595949454,0.028317146087697257,0.01179656103776601,0.016520585049931247,0.11980847230552016,0.03603138414522499,0.2613021921708948,0.4585054235869708,True,True,False
validation_selected_rank,6,external,external_simulation_6,external,interpolated_external,empirical_primary,1.375,6,1,13.992508553246099,-13.982663484232704,-14.028328940260609,0.04566545602790484,0.3263564632040978,0.009781518882886196,0.06990539863287772,4.668544484211076,True,True,False
validation_selected_rank,6,external,external_simulation_6,external,interpolated_external,empirical_primary,1.375,6,2,13.992508553246099,-0.23294164722531308,-0.17228426504244887,0.060657382182864206,0.43349898234503775,0.02132966205133249,0.15243629811027884,2.843804183905242,True,True,False
validation_selected_rank,6,external,external_simulation_6,external,interpolated_external,empirical_primary,1.375,6,3,13.992508553246099,-0.4647726686816865,-0.48824790007699026,0.023475231395303775,0.16776999853866656,0.026184426785099753,0.18713175472045912,0.8965340959330206,True,True,False
validation_selected_rank,6,external,external_simulation_6,external,interpolated_external,empirical_primary,1.375,6,4,13.992508553246099,0.011107823195160363,0.0149549446918526,0.003847121496692238,0.027494151474359834,0.021028519913158964,0.15028413120591297,0.18294780196512234,True,True,False
validation_selected_rank,6,external,external_simulation_6,external,interpolated_external,empirical_primary,1.375,6,5,13.992508553246099,-0.02813253604578519,0.03526566194972208,0.06339819799550728,0.4530867196132579,0.021900690755111314,0.15651725830126872,2.894803579686683,True,True,False
validation_selected_rank,6,external,external_simulation_6,external,interpolated_external,empirical_primary,1.375,6,6,13.992508553246099,-0.02139681061443116,-0.0003948175615389182,0.021001993052892243,0.15009455218821377,0.029707859545673003,0.21231260593927687,0.7069507320311542,True,True,False
validation_selected_rank,6,external,external_simulation_6,external,interpolated_external,inverse_sqrt_sensitivity,1.375,6,1,13.992508553246099,-13.982663484232704,-14.028328940260609,0.04566545602790484,0.3263564632040978,0.008942630728943425,0.06391013230339487,5.10649018304038,True,True,False
validation_selected_rank,6,external,external_simulation_6,external,interpolated_external,inverse_sqrt_sensitivity,1.375,6,2,13.992508553246099,-0.23294164722531308,-0.17228426504244887,0.060657382182864206,0.43349898234503775,0.019500375512431917,0.13936297010808726,3.1105750832435914,True,True,False
validation_selected_rank,6,external,external_simulation_6,external,interpolated_external,inverse_sqrt_sensitivity,1.375,6,3,13.992508553246099,-0.4647726686816865,-0.48824790007699026,0.023475231395303775,0.16776999853866656,0.023938783167702714,0.17108285534797257,0.98063595091064,True,True,False
validation_selected_rank,6,external,external_simulation_6,external,interpolated_external,inverse_sqrt_sensitivity,1.375,6,4,13.992508553246099,0.011107823195160363,0.0149549446918526,0.003847121496692238,0.027494151474359834,0.019225060096610146,0.13739537855883716,0.20010972539797578,True,True,False
validation_selected_rank,6,external,external_simulation_6,external,interpolated_external,inverse_sqrt_sensitivity,1.375,6,5,13.992508553246099,-0.02813253604578519,0.03526566194972208,0.06339819799550728,0.4530867196132579,0.02002243132959704,0.14309393668336956,3.166358618086128,True,True,False
validation_selected_rank,6,external,external_simulation_6,external,interpolated_external,inverse_sqrt_sensitivity,1.375,6,6,13.992508553246099,-0.02139681061443116,-0.0003948175615389182,0.021001993052892243,0.15009455218821377,0.02716003729534093,0.1941041321646369,0.7732681963767021,True,True,False
validation_selected_rank,6,external,external_simulation_1,external,interpolated_external,empirical_primary,1.5,1,1,14.433726838114836,-14.416808625250361,-14.452149367358064,0.035340742107702994,0.24484835070024635,0.008132474160926332,0.056343550436683335,4.345632264963446,True,True,False
validation_selected_rank,6,external,external_simulation_1,external,interpolated_external,empirical_primary,1.5,1,2,14.433726838114836,0.5505564129301254,0.6020223311477285,0.05146591821760316,0.35656707927780784,0.01627861279786496,0.11278177133627312,3.16156658166556,True,True,False
validation_selected_rank,6,external,external_simulation_1,external,interpolated_external,empirical_primary,1.5,1,3,14.433726838114836,-0.39459380770410946,-0.29750412384843217,0.09708968385567729,0.6726584543590961,0.014163664812693412,0.09812895152824788,6.854841959311686,True,True,False
validation_selected_rank,6,external,external_simulation_1,external,interpolated_external,empirical_primary,1.5,1,4,14.433726838114836,0.1334012391995818,0.08528289678895606,0.048118342410625736,0.33337434572726327,0.017973952258201926,0.12452745198654094,2.677115289914506,True,True,False
validation_selected_rank,6,external,external_simulation_1,external,interpolated_external,empirical_primary,1.5,1,5,14.433726838114836,0.07084044030982976,0.024373198622312853,0.04646724168751691,0.3219351606739006,0.021188603225483365,0.14679925332611304,2.1930299601642043,True,True,False
validation_selected_rank,6,external,external_simulation_1,external,interpolated_external,empirical_primary,1.5,1,6,14.433726838114836,0.02721690179904241,-0.012010538220755054,0.039227440019797465,0.27177623949630525,0.024826950234123634,0.17200651302727743,1.5800345853950657,True,True,False
validation_selected_rank,6,external,external_simulation_1,external,interpolated_external,inverse_sqrt_sensitivity,1.5,1,1,14.433726838114836,-14.416808625250361,-14.452149367358064,0.035340742107702994,0.24484835070024635,0.007435012312973147,0.051511383001510515,4.753286291945733,True,True,False
validation_selected_rank,6,external,external_simulation_1,external,interpolated_external,inverse_sqrt_sensitivity,1.5,1,2,14.433726838114836,0.5505564129301254,0.6020223311477285,0.05146591821760316,0.35656707927780784,0.014882517201439478,0.10310931728415097,3.458146059634672,True,True,False
validation_selected_rank,6,external,external_simulation_1,external,interpolated_external,inverse_sqrt_sensitivity,1.5,1,3,14.433726838114836,-0.39459380770410946,-0.29750412384843217,0.09708968385567729,0.6726584543590961,0.012948952581388222,0.08971316089476072,7.497879326180108,True,True,False
validation_selected_rank,6,external,external_simulation_1,external,interpolated_external,inverse_sqrt_sensitivity,1.5,1,4,14.433726838114836,0.1334012391995818,0.08528289678895606,0.048118342410625736,0.33337434572726327,0.016432460000254202,0.11384765822823635,2.928249477551223,True,True,False
validation_selected_rank,6,external,external_simulation_1,external,interpolated_external,inverse_sqrt_sensitivity,1.5,1,5,14.433726838114836,0.07084044030982976,0.024373198622312853,0.04646724168751691,0.3219351606739006,0.01937141425337489,0.13420937274648434,2.3987531875439285,True,True,False
validation_selected_rank,6,external,external_simulation_1,external,interpolated_external,inverse_sqrt_sensitivity,1.5,1,6,14.433726838114836,0.02721690179904241,-0.012010538220755054,0.039227440019797465,0.27177623949630525,0.02269772728835269,0.15725479318629812,1.728254089999882,True,True,False
validation_selected_rank,6,external,external_simulation_9,external,interpolated_external,empirical_primary,1.5625,9,1,14.61333144880617,-14.587199323915602,-14.603831332414625,0.016632008499023243,0.11381394144989429,0.007184860972126676,0.04916648197091048,2.3148685219583682,True,True,False
validation_selected_rank,6,external,external_simulation_9,external,interpolated_external,empirical_primary,1.5625,9,2,14.61333144880617,0.8434589407731033,0.8752646125154154,0.03180567174231208,0.21764832922413754,0.012676066329631828,0.0867431658143044,2.5091121263670337,True,True,False
validation_selected_rank,6,external,external_simulation_9,external,interpolated_external,empirical_primary,1.5625,9,3,14.61333144880617,-0.19821048046359238,-0.18223377394234386,0.015976706521248524,0.10932966638865728,0.02036178374233699,0.13933704175306608,0.7846417938340615,True,True,False
validation_selected_rank,6,external,external_simulation_9,external,interpolated_external,empirical_primary,1.5625,9,4,14.61333144880617,0.0787227175609859,0.09169622529923407,0.01297350773824818,0.08877857717589814,0.019525493999830973,0.13361425536834792,0.6644394112825257,True,True,False
validation_selected_rank,6,external,external_simulation_9,external,interpolated_external,empirical_primary,1.5625,9,5,14.61333144880617,0.026325520858634995,0.0022668228841781213,0.024058697974456873,0.16463527196888658,0.02051721752318322,0.14040068546354204,1.1726101722746758,True,True,False
validation_selected_rank,6,external,external_simulation_9,external,interpolated_external,empirical_primary,1.5625,9,6,14.61333144880617,-0.030290732705030295,-0.010972470119186659,0.019318262585843637,0.13219615700581291,0.026725369601854867,0.18288348345125768,0.7228436079141393,True,True,False
validation_selected_rank,6,external,external_simulation_9,external,interpolated_external,inverse_sqrt_sensitivity,1.5625,9,1,14.61333144880617,-14.587199323915602,-14.603831332414625,0.016632008499023243,0.11381394144989429,0.006568668862352375,0.04494983834017533,2.532021151857392,True,True,False
validation_selected_rank,6,external,external_simulation_9,external,interpolated_external,inverse_sqrt_sensitivity,1.5625,9,2,14.61333144880617,0.8434589407731033,0.8752646125154154,0.03180567174231208,0.21764832922413754,0.011588934360676994,0.07930384937394784,2.7444863136194413,True,True,False
validation_selected_rank,6,external,external_simulation_9,external,interpolated_external,inverse_sqrt_sensitivity,1.5625,9,3,14.61333144880617,-0.19821048046359238,-0.18223377394234386,0.015976706521248524,0.10932966638865728,0.01861550493031358,0.12738713958229128,0.8582472826311563,True,True,False
validation_selected_rank,6,external,external_simulation_9,external,interpolated_external,inverse_sqrt_sensitivity,1.5625,9,4,14.61333144880617,0.0787227175609859,0.09169622529923407,0.01297350773824818,0.08877857717589814,0.017850937541631327,0.12215515403976998,0.7267689838694367,True,True,False
validation_selected_rank,6,external,external_simulation_9,external,interpolated_external,inverse_sqrt_sensitivity,1.5625,9,5,14.61333144880617,0.026325520858634995,0.0022668228841781213,0.024058697974456873,0.16463527196888658,0.018757608311348126,0.12835956247937236,1.282610105463267,True,True,False
validation_selected_rank,6,external,external_simulation_9,external,interpolated_external,inverse_sqrt_sensitivity,1.5625,9,6,14.61333144880617,-0.030290732705030295,-0.010972470119186659,0.019318262585843637,0.13219615700581291,0.02443333334070081,0.16719892672178377,0.7906519473404582,True,True,False
validation_selected_rank,6,external,external_simulation_5,external,interpolated_external,empirical_primary,1.625,5,1,14.753224726665227,-14.713050761195177,-14.730220373924633,0.017169612729455608,0.11637871073991682,0.0067176209632617495,0.04553323824262101,2.555906744866248,True,True,False
validation_selected_rank,6,external,external_simulation_5,external,interpolated_external,empirical_primary,1.625,5,2,14.753224726665227,1.0753643295220308,1.0998863108646795,0.024521981342648713,0.16621438225859375,0.01026886841385165,0.06960422961152028,2.387992557151777,True,True,False
validation_selected_rank,6,external,external_simulation_5,external,interpolated_external,empirical_primary,1.625,5,3,14.753224726665227,-0.10307983556455531,-0.053572208214820616,0.0495076273497347,0.33557156667080235,0.025192566858690334,0.17075973101092173,1.9651680445042357,True,True,False
validation_selected_rank,6,external,external_simulation_5,external,interpolated_external,empirical_primary,1.625,5,4,14.753224726665227,0.10748181076964837,0.08301746490396039,0.024464345865687978,0.1658237186712862,0.020029120112377626,0.135760964016068,1.2214388714244848,True,True,False
validation_selected_rank,6,external,external_simulation_5,external,interpolated_external,empirical_primary,1.625,5,5,14.753224726665227,-0.002217626096664751,-0.018618386277985732,0.01640076018132098,0.11116729044110586,0.019081865855044365,0.129340304974515,0.8594945748968975,True,True,False
validation_selected_rank,6,external,external_simulation_5,external,interpolated_external,empirical_primary,1.625,5,6,14.753224726665227,0.015309893620405092,-0.008580165090267877,0.02389005871067297,0.16193109746029744,0.02776533314603595,0.1881984017762057,0.8604275909465811,True,True,False
validation_selected_rank,6,external,external_simulation_5,external,interpolated_external,inverse_sqrt_sensitivity,1.625,5,1,14.753224726665227,-14.713050761195177,-14.730220373924633,0.017169612729455608,0.11637871073991682,0.0061415005553548015,0.04162819091513295,2.7956706304431327,True,True,False
validation_selected_rank,6,external,external_simulation_5,external,interpolated_external,inverse_sqrt_sensitivity,1.625,5,2,14.753224726665227,1.0753643295220308,1.0998863108646795,0.024521981342648713,0.16621438225859375,0.00938818391383508,0.06363479230996,2.6120047889679086,True,True,False
validation_selected_rank,6,external,external_simulation_5,external,interpolated_external,inverse_sqrt_sensitivity,1.625,5,3,14.753224726665227,-0.10307983556455531,-0.053572208214820616,0.0495076273497347,0.33557156667080235,0.02303198769320487,0.15611493839429197,2.149516056069314,True,True,False
validation_selected_rank,6,external,external_simulation_5,external,interpolated_external,inverse_sqrt_sensitivity,1.625,5,4,14.753224726665227,0.10748181076964837,0.08301746490396039,0.024464345865687978,0.1658237186712862,0.01831137138671011,0.12411775544646743,1.3360193154863065,True,True,False
validation_selected_rank,6,external,external_simulation_5,external,interpolated_external,inverse_sqrt_sensitivity,1.625,5,5,14.753224726665227,-0.002217626096664751,-0.018618386277985732,0.01640076018132098,0.11116729044110586,0.017445356084672334,0.11824774859655804,0.9401218353880924,True,True,False
validation_selected_rank,6,external,external_simulation_5,external,interpolated_external,inverse_sqrt_sensitivity,1.625,5,6,14.753224726665227,0.015309893620405092,-0.008580165090267877,0.02389005871067297,0.16193109746029744,0.025384106943300098,0.1720580240157288,0.9411423755831021,True,True,False
validation_selected_rank,6,external,external_simulation_3,external,interpolated_external,empirical_primary,1.75,3,1,15.005398606925535,-14.933296321813074,-14.924338380868642,0.008957940944432252,0.05969812051709068,0.00643988943257925,0.04291715002897029,1.3910085007227357,True,True,False
validation_selected_rank,6,external,external_simulation_3,external,interpolated_external,empirical_primary,1.75,3,2,15.005398606925535,1.4550041606547617,1.4384875787766096,0.01651658187815208,0.110070930541819,0.011803595773594107,0.07866232735827704,1.3992839296565394,True,True,False
validation_selected_rank,6,external,external_simulation_3,external,interpolated_external,empirical_primary,1.75,3,3,15.005398606925535,0.18716310998818603,0.20423141626410218,0.017068306275916156,0.11374776987289438,0.02059789635424355,0.13726990461111024,0.8286431770688937,True,True,False
validation_selected_rank,6,external,external_simulation_3,external,interpolated_external,empirical_primary,1.75,3,4,15.005398606925535,0.04455221008121624,0.0276048779975909,0.01694733208362534,0.11294156541635308,0.02008168425112607,0.133829728734148,0.843919856108435,True,True,False
validation_selected_rank,6,external,external_simulation_3,external,interpolated_external,empirical_primary,1.75,3,5,15.005398606925535,-0.012460974738630505,-0.030032134115727138,0.017571159377096635,0.11709891777874469,0.017264929252240553,0.11505811811138535,1.0177371201689889,True,True,False
validation_selected_rank,6,external,external_simulation_3,external,interpolated_external,empirical_primary,1.75,3,6,15.005398606925535,0.00505098600787222,-0.0016505322969843778,0.0067015183048565975,0.04466071498936126,0.02277491922603939,0.15177816879538233,0.29424992634856456,True,True,False
validation_selected_rank,6,external,external_simulation_3,external,interpolated_external,inverse_sqrt_sensitivity,1.75,3,1,15.005398606925535,-14.933296321813074,-14.924338380868642,0.008957940944432252,0.05969812051709068,0.005887587993265572,0.03923646513827521,1.5214958918114951,True,True,False
validation_selected_rank,6,external,external_simulation_3,external,interpolated_external,inverse_sqrt_sensitivity,1.75,3,2,15.005398606925535,1.4550041606547617,1.4384875787766096,0.01651658187815208,0.110070930541819,0.010791289117853608,0.0719160443553498,1.5305476201936137,True,True,False
validation_selected_rank,6,external,external_simulation_3,external,interpolated_external,inverse_sqrt_sensitivity,1.75,3,3,15.005398606925535,0.18716310998818603,0.20423141626410218,0.017068306275916156,0.11374776987289438,0.018831367918874686,0.12549728542488253,0.9063763370481752,True,True,False
validation_selected_rank,6,external,external_simulation_3,external,interpolated_external,inverse_sqrt_sensitivity,1.75,3,4,15.005398606925535,0.04455221008121624,0.0276048779975909,0.01694733208362534,0.11294156541635308,0.01835942749006587,0.12235214785692085,0.9230860871231086,True,True,False
validation_selected_rank,6,external,external_simulation_3,external,interpolated_external,inverse_sqrt_sensitivity,1.75,3,5,15.005398606925535,-0.012460974738630505,-0.030032134115727138,0.017571159377096635,0.11709891777874469,0.01578424462628693,0.10519043871984801,1.113208759311408,True,True,False
validation_selected_rank,6,external,external_simulation_3,external,interpolated_external,inverse_sqrt_sensitivity,1.75,3,6,15.005398606925535,0.00505098600787222,-0.0016505322969843778,0.0067015183048565975,0.04466071498936126,0.020821683724019838,0.13876128365167104,0.32185285271266245,True,True,False
validation_selected_rank,6,external,external_simulation_7,external,interpolated_external,empirical_primary,1.875,7,1,15.146719417145961,-15.051873340664658,-15.056159484652689,0.004286143988030844,0.02829750700457925,0.008610757215326677,0.05684899137683484,0.49776621043289226,True,True,False
validation_selected_rank,6,external,external_simulation_7,external,interpolated_external,empirical_primary,1.875,7,2,15.146719417145961,1.6442568771794561,1.6504762920410134,0.006219414861557304,0.04106113469374086,0.015762299402081095,0.10406411426779519,0.3945753536908553,True,True,False
validation_selected_rank,6,external,external_simulation_7,external,interpolated_external,empirical_primary,1.875,7,3,15.146719417145961,0.3907496201516666,0.3993866998270262,0.008637079675359594,0.05702277461865762,0.02234274125541447,0.14750878153933897,0.38657206725994336,True,True,False
validation_selected_rank,6,external,external_simulation_7,external,interpolated_external,empirical_primary,1.875,7,4,15.146719417145961,-0.053592169905809166,-0.05528212807508475,0.001689958169275585,0.011157255394607535,0.025599330623367954,0.1690090766082966,0.0660157171349212,True,True,False
validation_selected_rank,6,external,external_simulation_7,external,interpolated_external,empirical_primary,1.875,7,5,15.146719417145961,-0.018630335452676332,-0.0009618897717942887,0.017668445680882043,0.1166486629499554,0.021276220168637443,0.1404675136752909,0.8304316058416477,True,True,False
validation_selected_rank,6,external,external_simulation_7,external,interpolated_external,empirical_primary,1.875,7,6,15.146719417145961,-0.01059587791191644,0.008413684027323787,0.01900956193924023,0.12550283276338745,0.02186267613539517,0.14433934856314035,0.8694984009054677,True,True,False
validation_selected_rank,6,external,external_simulation_7,external,interpolated_external,inverse_sqrt_sensitivity,1.875,7,1,15.146719417145961,-15.051873340664658,-15.056159484652689,0.004286143988030844,0.02829750700457925,0.007872276585590022,0.051973476029922826,0.5444605434565788,True,True,False
validation_selected_rank,6,external,external_simulation_7,external,interpolated_external,inverse_sqrt_sensitivity,1.875,7,2,15.146719417145961,1.6442568771794561,1.6504762920410134,0.006219414861557304,0.04106113469374086,0.01441048416708321,0.09513930885106818,0.43158958362855343,True,True,False
validation_selected_rank,6,external,external_simulation_7,external,interpolated_external,inverse_sqrt_sensitivity,1.875,7,3,15.146719417145961,0.3907496201516666,0.3993866998270262,0.008637079675359594,0.05702277461865762,0.02042657044491094,0.13485804999984505,0.4228355268278248,True,True,False
validation_selected_rank,6,external,external_simulation_7,external,interpolated_external,inverse_sqrt_sensitivity,1.875,7,4,15.146719417145961,-0.053592169905809166,-0.05528212807508475,0.001689958169275585,0.011157255394607535,0.023403866353868815,0.15451442460455053,0.07220850366017509,True,True,False
validation_selected_rank,6,external,external_simulation_7,external,interpolated_external,inverse_sqrt_sensitivity,1.875,7,5,15.146719417145961,-0.018630335452676332,-0.0009618897717942887,0.017668445680882043,0.1166486629499554,0.019451516942702272,0.12842065933223346,0.9083325343173714,True,True,False
validation_selected_rank,6,external,external_simulation_7,external,interpolated_external,inverse_sqrt_sensitivity,1.875,7,6,15.146719417145961,-0.01059587791191644,0.008413684027323787,0.01900956193924023,0.12550283276338745,0.019987676941194493,0.13196043572688493,0.9510640979023243,True,True,False
paper_rank15,15,external,external_simulation_8,external,interpolated_external,empirical_primary,1.0625,8,1,12.653523937964877,-12.075756462763172,-12.039095579618925,0.03666088314424698,0.289728642581944,0.011361430120566032,0.0897886642192842,3.226784194877442,True,True,False
paper_rank15,15,external,external_simulation_8,external,interpolated_external,empirical_primary,1.0625,8,2,12.653523937964877,-3.7606103098640835,-3.794620501597449,0.0340101917333655,0.2687803958810506,0.021150465661210115,0.16715079344617606,1.6080114867513335,True,True,False
paper_rank15,15,external,external_simulation_8,external,interpolated_external,empirical_primary,1.0625,8,3,12.653523937964877,0.3656534902391463,0.47323814754108395,0.10758465730193767,0.850234747485221,0.015782849569290037,0.1247308626961705,6.8165546930938135,True,True,False
paper_rank15,15,external,external_simulation_8,external,interpolated_external,empirical_primary,1.0625,8,4,12.653523937964877,-0.05287264889450628,0.04210525514476236,0.09497790403926865,0.750604373176255,0.028094139344028785,0.22202620773282616,3.3807016786031405,True,True,False
paper_rank15,15,external,external_simulation_8,external,interpolated_external,empirical_primary,1.0625,8,5,12.653523937964877,0.02428874568567061,0.004954246996302404,0.019334498689368207,0.15279932123381165,0.01897664830493025,0.14997125226114955,1.0188574072031986,True,True,False
paper_rank15,15,external,external_simulation_8,external,interpolated_external,empirical_primary,1.0625,8,6,12.653523937964877,0.013760548972641461,-0.006378003539132494,0.020138552511773954,0.1591537077774156,0.023850612316759043,0.18848988182018678,0.8443620752505064,True,True,False
paper_rank15,15,external,external_simulation_8,external,interpolated_external,empirical_primary,1.0625,8,7,12.653523937964877,0.04020855210471181,-0.006481046960832043,0.04668959906554385,0.3689849507097321,0.024676143904265306,0.19501400578402098,1.892094617647026,True,True,False
paper_rank15,15,external,external_simulation_8,external,interpolated_external,empirical_primary,1.0625,8,8,12.653523937964877,0.011730167307201427,-0.006942675263830314,0.01867284257103174,0.14757029474616837,0.020956253158693525,0.16561594431269566,0.891039177167292,True,True,False
paper_rank15,15,external,external_simulation_8,external,interpolated_external,empirical_primary,1.0625,8,9,12.653523937964877,-0.002867832624589822,-0.00040295289107160695,0.002464879733518215,0.019479788757681464,0.024811955766879026,0.19608731835117263,0.09934242010895944,True,True,False
paper_rank15,15,external,external_simulation_8,external,interpolated_external,empirical_primary,1.0625,8,10,12.653523937964877,-0.002045855392804621,-0.005018453933768402,0.002972598540963781,0.023492258405936817,0.01683254723133954,0.13302655698019564,0.17659825931925935,True,True,False
paper_rank15,15,external,external_simulation_8,external,interpolated_external,empirical_primary,1.0625,8,11,12.653523937964877,-0.020626562922596507,0.0022581366089696573,0.022884699531566164,0.18085633412289426,0.01589490279122977,0.12561641222758235,1.439750832838884,True,True,False
paper_rank15,15,external,external_simulation_8,external,interpolated_external,empirical_primary,1.0625,8,12,12.653523937964877,0.03265252554583208,-0.00539015419111712,0.038042679736949206,0.3006488937268157,0.015540343357526833,0.12281435143059646,2.4479948004831926,True,True,False
paper_rank15,15,external,external_simulation_8,external,interpolated_external,empirical_primary,1.0625,8,13,12.653523937964877,0.024223916266910478,-0.0012621355335472248,0.025486051800457703,0.20141465670279307,0.025439057316716546,0.20104326226776018,1.0018473358959836,True,True,False
paper_rank15,15,external,external_simulation_8,external,interpolated_external,empirical_primary,1.0625,8,14,12.653523937964877,0.009979064912991022,0.0008280142581482269,0.009151050654842795,0.07232017499399143,0.020669510486037032,0.16334983509235296,0.4427318518754784,True,True,False
paper_rank15,15,external,external_simulation_8,external,interpolated_external,empirical_primary,1.0625,8,15,12.653523937964877,-0.019969340008587938,0.003924342055593347,0.023893682064181285,0.18883025931212813,0.028951192744593342,0.22879944659313373,0.8253090736181654,True,True,False
paper_rank15,15,external,external_simulation_8,external,interpolated_external,inverse_sqrt_sensitivity,1.0625,8,1,12.653523937964877,-12.075756462763172,-12.039095579618925,0.03666088314424698,0.289728642581944,0.010387044725607905,0.08208815802247181,3.52948159103083,True,True,False
paper_rank15,15,external,external_simulation_8,external,interpolated_external,inverse_sqrt_sensitivity,1.0625,8,2,12.653523937964877,-3.7606103098640835,-3.794620501597449,0.0340101917333655,0.2687803958810506,0.019336547464455865,0.15281551257385023,1.7588554417939655,True,True,False
paper_rank15,15,external,external_simulation_8,external,interpolated_external,inverse_sqrt_sensitivity,1.0625,8,3,12.653523937964877,0.3656534902391463,0.47323814754108395,0.10758465730193767,0.850234747485221,0.01442927189923073,0.11403362391355665,7.456000417295716,True,True,False
paper_rank15,15,external,external_simulation_8,external,interpolated_external,inverse_sqrt_sensitivity,1.0625,8,4,12.653523937964877,-0.05287264889450628,0.04210525514476236,0.09497790403926865,0.750604373176255,0.025684713878198755,0.20298467054806665,3.697837729073794,True,True,False
paper_rank15,15,external,external_simulation_8,external,interpolated_external,inverse_sqrt_sensitivity,1.0625,8,5,12.653523937964877,0.02428874568567061,0.004954246996302404,0.019334498689368207,0.15279932123381165,0.017349162261592273,0.13710933291506947,1.1144341379624472,True,True,False
paper_rank15,15,external,external_simulation_8,external,interpolated_external,inverse_sqrt_sensitivity,1.0625,8,6,12.653523937964877,0.013760548972641461,-0.006378003539132494,0.020138552511773954,0.1591537077774156,0.021805122615582182,0.17232450598334426,0.9235697898521662,True,True,False
paper_rank15,15,external,external_simulation_8,external,interpolated_external,inverse_sqrt_sensitivity,1.0625,8,7,12.653523937964877,0.04020855210471181,-0.006481046960832043,0.04668959906554385,0.3689849507097321,0.022559854496237576,0.17828910433836015,2.069587774749634,True,True,False
paper_rank15,15,external,external_simulation_8,external,interpolated_external,inverse_sqrt_sensitivity,1.0625,8,8,12.653523937964877,0.011730167307201427,-0.006942675263830314,0.01867284257103174,0.14757029474616837,0.019158991124408463,0.15141229603972195,0.9746255661261114,True,True,False
paper_rank15,15,external,external_simulation_8,external,interpolated_external,inverse_sqrt_sensitivity,1.0625,8,9,12.653523937964877,-0.002867832624589822,-0.00040295289107160695,0.002464879733518215,0.019479788757681464,0.022684018785087377,0.17927036686616288,0.1086615099762941,True,True,False
paper_rank15,15,external,external_simulation_8,external,interpolated_external,inverse_sqrt_sensitivity,1.0625,8,10,12.653523937964877,-0.002045855392804621,-0.005018453933768402,0.002972598540963781,0.023492258405936817,0.015388944796777104,0.12161785817312941,0.19316454638178507,True,True,False
paper_rank15,15,external,external_simulation_8,external,interpolated_external,inverse_sqrt_sensitivity,1.0625,8,11,12.653523937964877,-0.020626562922596507,0.0022581366089696573,0.022884699531566164,0.18085633412289426,0.014531715149383692,0.11484322644527192,1.5748106329029394,True,True,False
paper_rank15,15,external,external_simulation_8,external,interpolated_external,inverse_sqrt_sensitivity,1.0625,8,12,12.653523937964877,0.03265252554583208,-0.00539015419111712,0.038042679736949206,0.3006488937268157,0.01420756364233951,0.11228147757093962,2.677635708319435,True,True,False
paper_rank15,15,external,external_simulation_8,external,interpolated_external,inverse_sqrt_sensitivity,1.0625,8,13,12.653523937964877,0.024223916266910478,-0.0012621355335472248,0.025486051800457703,0.20141465670279307,0.02325733849717798,0.18380127631795953,1.0958283899746377,True,True,False
paper_rank15,15,external,external_simulation_8,external,interpolated_external,inverse_sqrt_sensitivity,1.0625,8,14,12.653523937964877,0.009979064912991022,0.0008280142581482269,0.009151050654842795,0.07232017499399143,0.01889684023899907,0.1493405341598329,0.48426353501983727,True,True,False
paper_rank15,15,external,external_simulation_8,external,interpolated_external,inverse_sqrt_sensitivity,1.0625,8,15,12.653523937964877,-0.019969340008587938,0.003924342055593347,0.023893682064181285,0.18883025931212813,0.026468264180355163,0.2091770190669286,0.9027294688223362,True,True,False
paper_rank15,15,external,external_simulation_4,external,interpolated_external,empirical_primary,1.125,4,1,12.88270008203906,-12.563242857908758,-12.522286653711255,0.0409562041975029,0.31791630587289427,0.013046749299670006,0.10127340710088922,3.1391884105980954,True,True,False
paper_rank15,15,external,external_simulation_4,external,interpolated_external,empirical_primary,1.125,4,2,12.88270008203906,-2.8466391803508264,-2.919406380348079,0.07276719999725278,0.56484432249342,0.024976790625006455,0.19387853839606856,2.913392720856584,True,True,False
paper_rank15,15,external,external_simulation_4,external,interpolated_external,empirical_primary,1.125,4,3,12.88270008203906,-0.003149128380477348,0.007552327391101232,0.010701455771578581,0.08306842279514409,0.018139576500383035,0.14080570365581252,0.5899506954505035,True,True,False
paper_rank15,15,external,external_simulation_4,external,interpolated_external,empirical_primary,1.125,4,4,12.88270008203906,-0.06376613667541645,-0.05622895835033108,0.007537178325085367,0.058506200385691126,0.026488821559887094,0.2056154485566078,0.2845418512879096,True,True,False
paper_rank15,15,external,external_simulation_4,external,interpolated_external,empirical_primary,1.125,4,5,12.88270008203906,-0.10395836939669577,-0.03851696630056278,0.06544140309613299,0.5079789382613259,0.019819799904752685,0.15384818227962369,3.30181956481006,True,True,False
paper_rank15,15,external,external_simulation_4,external,interpolated_external,empirical_primary,1.125,4,6,12.88270008203906,0.04257558414746546,0.0008449345147602538,0.04173064963270521,0.3239278207748211,0.02289531909065589,0.1777214321908831,1.8226716765758664,True,True,False
paper_rank15,15,external,external_simulation_4,external,interpolated_external,empirical_primary,1.125,4,7,12.88270008203906,0.014767775261828384,-0.014575993384761309,0.02934376864658969,0.22777654109560852,0.031069510522055005,0.2411723499281942,0.9444554533860365,True,True,False
paper_rank15,15,external,external_simulation_4,external,interpolated_external,empirical_primary,1.125,4,8,12.88270008203906,-0.02357014920976562,-0.004737292593715331,0.01883285661605029,0.14618718510964082,0.020576387831547825,0.15972108098856724,0.9152654377546119,True,True,False
paper_rank15,15,external,external_simulation_4,external,interpolated_external,empirical_primary,1.125,4,9,12.88270008203906,-0.008074071097255466,-0.00800965084791843,6.442024933703619e-05,0.0005000523875181283,0.024109521928377873,0.1871464970452207,0.0026719836887852586,True,True,False
paper_rank15,15,external,external_simulation_4,external,interpolated_external,empirical_primary,1.125,4,10,12.88270008203906,0.044784186737908675,0.0013894023077926088,0.043394784430116067,0.336845414034102,0.014555111436885195,0.11298183877755406,2.9814120364716756,True,True,False
paper_rank15,15,external,external_simulation_4,external,interpolated_external,empirical_primary,1.125,4,11,12.88270008203906,-0.02039101665625675,0.01946838459735638,0.03985940125361313,0.3094025398385602,0.014297562513544502,0.11098265443187667,2.7878459154036324,True,True,False
paper_rank15,15,external,external_simulation_4,external,interpolated_external,empirical_primary,1.125,4,12,12.88270008203906,-0.026954282806661047,-0.014095786206818277,0.01285849659984277,0.09981212415066595,0.015772031073381237,0.12242799236916534,0.8152720813202241,True,True,False
paper_rank15,15,external,external_simulation_4,external,interpolated_external,empirical_primary,1.125,4,13,12.88270008203906,0.010368671033240138,-0.005703113065032274,0.01607178409827241,0.12475477963411988,0.023755987668153428,0.18440224112081757,0.6765361357641116,True,True,False
paper_rank15,15,external,external_simulation_4,external,interpolated_external,empirical_primary,1.125,4,14,12.88270008203906,0.014552578688731546,0.0036060473725752426,0.010946531316156303,0.08497078443530526,0.01685760376663438,0.1308545852909911,0.6493527471456151,True,True,False
paper_rank15,15,external,external_simulation_4,external,interpolated_external,empirical_primary,1.125,4,15,12.88270008203906,-0.02181619760448428,0.003936055710890712,0.025752253315374993,0.19989794958650434,0.029990136606250353,0.2327938740735129,0.8586907640163224,True,True,False
paper_rank15,15,external,external_simulation_4,external,interpolated_external,inverse_sqrt_sensitivity,1.125,4,1,12.88270008203906,-12.563242857908758,-12.522286653711255,0.0409562041975029,0.31791630587289427,0.011927826608215272,0.09258793989037234,3.433668642474596,True,True,False
paper_rank15,15,external,external_simulation_4,external,interpolated_external,inverse_sqrt_sensitivity,1.125,4,2,12.88270008203906,-2.8466391803508264,-2.919406380348079,0.07276719999725278,0.56484432249342,0.022834716982896963,0.17725101754664702,3.186691564942753,True,True,False
paper_rank15,15,external,external_simulation_4,external,interpolated_external,inverse_sqrt_sensitivity,1.125,4,3,12.88270008203906,-0.003149128380477348,0.007552327391101232,0.010701455771578581,0.08306842279514409,0.016583879882515855,0.1287298452723971,0.6452926484869786,True,True,False
paper_rank15,15,external,external_simulation_4,external,interpolated_external,inverse_sqrt_sensitivity,1.125,4,4,12.88270008203906,-0.06376613667541645,-0.05622895835033108,0.007537178325085367,0.058506200385691126,0.02421707226567764,0.18798134018070367,0.31123408488018,True,True,False
paper_rank15,15,external,external_simulation_4,external,interpolated_external,inverse_sqrt_sensitivity,1.125,4,5,12.88270008203906,-0.10395836939669577,-0.03851696630056278,0.06544140309613299,0.5079789382613259,0.018120003017103356,0.14065376746887165,3.6115558609103573,True,True,False
paper_rank15,15,external,external_simulation_4,external,interpolated_external,inverse_sqrt_sensitivity,1.125,4,6,12.88270008203906,0.04257558414746546,0.0008449345147602538,0.04173064963270521,0.3239278207748211,0.02093175778736024,0.16247958622077294,1.9936524231091808,True,True,False
paper_rank15,15,external,external_simulation_4,external,interpolated_external,inverse_sqrt_sensitivity,1.125,4,7,12.88270008203906,0.014767775261828384,-0.014575993384761309,0.02934376864658969,0.22777654109560852,0.028404909590664513,0.22048879046921516,1.0330527035450852,True,True,False
paper_rank15,15,external,external_simulation_4,external,interpolated_external,inverse_sqrt_sensitivity,1.125,4,8,12.88270008203906,-0.02357014920976562,-0.004737292593715331,0.01883285661605029,0.14618718510964082,0.018811704022265598,0.14602299131757868,1.0011244379435087,True,True,False
paper_rank15,15,external,external_simulation_4,external,interpolated_external,inverse_sqrt_sensitivity,1.125,4,9,12.88270008203906,-0.008074071097255466,-0.00800965084791843,6.442024933703619e-05,0.0005000523875181283,0.022041827474674387,0.17109633333314106,0.0029226364924166905,True,True,False
paper_rank15,15,external,external_simulation_4,external,interpolated_external,inverse_sqrt_sensitivity,1.125,4,10,12.88270008203906,0.044784186737908675,0.0013894023077926088,0.043394784430116067,0.336845414034102,0.013306827738830608,0.1032922264283934,3.261091620167735,True,True,False
paper_rank15,15,external,external_simulation_4,external,interpolated_external,inverse_sqrt_sensitivity,1.125,4,11,12.88270008203906,-0.02039101665625675,0.01946838459735638,0.03985940125361313,0.3094025398385602,0.01307136687189895,0.10146449726112097,3.0493674949406833,True,True,False
paper_rank15,15,external,external_simulation_4,external,interpolated_external,inverse_sqrt_sensitivity,1.125,4,12,12.88270008203906,-0.026954282806661047,-0.014095786206818277,0.01285849659984277,0.09981212415066595,0.01441938122528599,0.11192825365382336,0.8917509287634316,True,True,False
paper_rank15,15,external,external_simulation_4,external,interpolated_external,inverse_sqrt_sensitivity,1.125,4,13,12.88270008203906,0.010368671033240138,-0.005703113065032274,0.01607178409827241,0.12475477963411988,0.0217186132196011,0.1685874318372201,0.7400004749735857,True,True,False
paper_rank15,15,external,external_simulation_4,external,interpolated_external,inverse_sqrt_sensitivity,1.125,4,14,12.88270008203906,0.014552578688731546,0.0036060473725752426,0.010946531316156303,0.08497078443530526,0.015411852419322365,0.11963216034819771,0.7102670735694473,True,True,False
paper_rank15,15,external,external_simulation_4,external,interpolated_external,inverse_sqrt_sensitivity,1.125,4,15,12.88270008203906,-0.02181619760448428,0.003936055710890712,0.025752253315374993,0.19989794958650434,0.027418105551019645,0.21282887419886232,0.9392426208096386,True,True,False
paper_rank15,15,external,external_simulation_2,external,interpolated_external,empirical_primary,1.25,2,1,13.40510556470158,-13.318456684382852,-13.364806941986485,0.04635025760363298,0.3457657038202132,0.010027665735533462,0.07480482482688076,4.622237998958109,True,True,False
paper_rank15,15,external,external_simulation_2,external,interpolated_external,empirical_primary,1.25,2,2,13.40510556470158,-1.4481135312559459,-1.3831288405067381,0.06498469074920776,0.48477567323547166,0.0183082887894372,0.13657698330736548,3.5494683034877674,True,True,False
paper_rank15,15,external,external_simulation_2,external,interpolated_external,empirical_primary,1.25,2,3,13.40510556470158,-0.45556588082816085,-0.49365796299986664,0.03809208217170579,0.28416100110401316,0.030534704970841264,0.2277841440595997,1.247501235334723,True,True,False
paper_rank15,15,external,external_simulation_2,external,interpolated_external,empirical_primary,1.25,2,4,13.40510556470158,-0.060268544097106976,-0.08429623029743487,0.024027686200327893,0.17924279733833479,0.027813366097345547,0.20748337984434753,0.8638899051712065,True,True,False
paper_rank15,15,external,external_simulation_2,external,interpolated_external,empirical_primary,1.25,2,5,13.40510556470158,-0.03977773123742266,-0.0064816304978120645,0.0332961007396106,0.24838372647572524,0.01888082351642301,0.14084800321259783,1.7634877372085396,True,True,False
paper_rank15,15,external,external_simulation_2,external,interpolated_external,empirical_primary,1.25,2,6,13.40510556470158,0.01005092317068901,0.01916632497210079,0.009115401801411781,0.06799947794081176,0.032069869265492074,0.2392362306339361,0.2842357019278581,True,True,False
paper_rank15,15,external,external_simulation_2,external,interpolated_external,empirical_primary,1.25,2,7,13.40510556470158,0.005027742439305563,-0.003754415090375343,0.008782157529680906,0.06551352756822852,0.03165725505435661,0.2361581928732939,0.27741374021852605,True,True,False
paper_rank15,15,external,external_simulation_2,external,interpolated_external,empirical_primary,1.25,2,8,13.40510556470158,-0.04262344799019604,0.001995908744712893,0.04461935673490893,0.3328534528844065,0.01702678118039079,0.12701713610690119,2.620539740435241,True,True,False
paper_rank15,15,external,external_simulation_2,external,interpolated_external,empirical_primary,1.25,2,9,13.40510556470158,0.02007800636704229,-0.0020897152657232965,0.022167721632765588,0.16536775130766437,0.021181496413021004,0.15801066474848413,1.0465606962092782,True,True,False
paper_rank15,15,external,external_simulation_2,external,interpolated_external,empirical_primary,1.25,2,10,13.40510556470158,-0.009755405898146347,0.0036834017566930305,0.013438807654839378,0.10025141234416342,0.015227127064969112,0.11359199665734294,0.8825570048440807,True,True,False
paper_rank15,15,external,external_simulation_2,external,interpolated_external,empirical_primary,1.25,2,11,13.40510556470158,0.00378066574012411,-0.010430768085894934,0.014211433826019044,0.10601508326380281,0.01454218914111457,0.10848246640747959,0.9772554660178092,True,True,False
paper_rank15,15,external,external_simulation_2,external,interpolated_external,empirical_primary,1.25,2,12,13.40510556470158,0.007797316391602678,0.007546570448454162,0.000250745943148516,0.001870525688427117,0.013309583001492561,0.09928741655373048,0.01883950407164499,True,True,False
paper_rank15,15,external,external_simulation_2,external,interpolated_external,empirical_primary,1.25,2,13,13.40510556470158,0.002704367174928101,-0.001830944229941232,0.004535311404869333,0.03383271681807376,0.022443468642463413,0.16742478105925337,0.20207711549044824,True,True,False
paper_rank15,15,external,external_simulation_2,external,interpolated_external,empirical_primary,1.25,2,14,13.40510556470158,-0.014594595986135148,-9.811853511623725e-05,0.01449647745101891,0.10814146431782781,0.013302805691723629,0.09923685887825212,1.0897308272372892,True,True,False
paper_rank15,15,external,external_simulation_2,external,interpolated_external,empirical_primary,1.25,2,15,13.40510556470158,-0.008513695837744285,-0.001754201421509484,0.006759494416234801,0.050424775721527704,0.02136862601757341,0.15940662245765097,0.31632798527504014,True,True,False
paper_rank15,15,external,external_simulation_2,external,interpolated_external,inverse_sqrt_sensitivity,1.25,2,1,13.40510556470158,-13.318456684382852,-13.364806941986485,0.04635025760363298,0.3457657038202132,0.009167667396016408,0.06838937113749238,5.05583979014917,True,True,False
paper_rank15,15,external,external_simulation_2,external,interpolated_external,inverse_sqrt_sensitivity,1.25,2,2,13.40510556470158,-1.4481135312559459,-1.3831288405067381,0.06498469074920776,0.48477567323547166,0.016738122972828326,0.12486379082984077,3.8824359729403377,True,True,False
paper_rank15,15,external,external_simulation_2,external,interpolated_external,inverse_sqrt_sensitivity,1.25,2,3,13.40510556470158,-0.45556588082816085,-0.49365796299986664,0.03809208217170579,0.28416100110401316,0.02791597033556977,0.20824879148343525,1.364526531365807,True,True,False
paper_rank15,15,external,external_simulation_2,external,interpolated_external,inverse_sqrt_sensitivity,1.25,2,4,13.40510556470158,-0.060268544097106976,-0.08429623029743487,0.024027686200327893,0.17924279733833479,0.025428020465476552,0.1896890728890177,0.9449294817482987,True,True,False
paper_rank15,15,external,external_simulation_2,external,interpolated_external,inverse_sqrt_sensitivity,1.25,2,5,13.40510556470158,-0.03977773123742266,-0.0064816304978120645,0.0332961007396106,0.24838372647572524,0.017261555652786496,0.12876851711067272,1.9289165709833156,True,True,False
paper_rank15,15,external,external_simulation_2,external,interpolated_external,inverse_sqrt_sensitivity,1.25,2,6,13.40510556470158,0.01005092317068901,0.01916632497210079,0.009115401801411781,0.06799947794081176,0.029319475001837948,0.21871871773275847,0.31089921633454776,True,True,False
paper_rank15,15,external,external_simulation_2,external,interpolated_external,inverse_sqrt_sensitivity,1.25,2,7,13.40510556470158,0.005027742439305563,-0.003754415090375343,0.008782157529680906,0.06551352756822852,0.028942247644013746,0.21590466038719366,0.3034373016809342,True,True,False
paper_rank15,15,external,external_simulation_2,external,interpolated_external,inverse_sqrt_sensitivity,1.25,2,8,13.40510556470158,-0.04262344799019604,0.001995908744712893,0.04461935673490893,0.3328534528844065,0.015566520744049336,0.11612382065113468,2.8663667025250787,True,True,False
paper_rank15,15,external,external_simulation_2,external,interpolated_external,inverse_sqrt_sensitivity,1.25,2,9,13.40510556470158,0.02007800636704229,-0.0020897152657232965,0.022167721632765588,0.16536775130766437,0.019364916939381874,0.1444592647623284,1.144736210444762,True,True,False
paper_rank15,15,external,external_simulation_2,external,interpolated_external,inverse_sqrt_sensitivity,1.25,2,10,13.40510556470158,-0.009755405898146347,0.0036834017566930305,0.013438807654839378,0.10025141234416342,0.013921209582589848,0.10385005560304782,0.9653477002204053,True,True,False
paper_rank15,15,external,external_simulation_2,external,interpolated_external,inverse_sqrt_sensitivity,1.25,2,11,13.40510556470158,0.00378066574012411,-0.010430768085894934,0.014211433826019044,0.10601508326380281,0.013295013692297502,0.09917873177594383,1.0689296118779081,True,True,False
paper_rank15,15,external,external_simulation_2,external,interpolated_external,inverse_sqrt_sensitivity,1.25,2,12,13.40510556470158,0.007797316391602678,0.007546570448454162,0.000250745943148516,0.001870525688427117,0.012168119017468058,0.0907722729876088,0.020606795741277294,True,True,False
paper_rank15,15,external,external_simulation_2,external,interpolated_external,inverse_sqrt_sensitivity,1.25,2,13,13.40510556470158,0.002704367174928101,-0.001830944229941232,0.004535311404869333,0.03383271681807376,0.02051865919282984,0.1530660023063132,0.22103351696850534,True,True,False
paper_rank15,15,external,external_simulation_2,external,interpolated_external,inverse_sqrt_sensitivity,1.25,2,14,13.40510556470158,-0.014594595986135148,-9.811853511623725e-05,0.01449647745101891,0.10814146431782781,0.012161922947172138,0.09072605126808549,1.191956034747745,True,True,False
paper_rank15,15,external,external_simulation_2,external,interpolated_external,inverse_sqrt_sensitivity,1.25,2,15,13.40510556470158,-0.008513695837744285,-0.001754201421509484,0.006759494416234801,0.050424775721527704,0.019535997828965722,0.14573550155701906,0.34600200488416333,True,True,False
paper_rank15,15,external,external_simulation_10,external,interpolated_external,empirical_primary,1.3125,10,1,13.789162595949454,-13.763254391980189,-13.738889198979084,0.0243651930011044,0.1766981339988089,0.009064954301624871,0.0657397012947522,2.6878450999733117,True,True,False
paper_rank15,15,external,external_simulation_10,external,interpolated_external,empirical_primary,1.3125,10,2,13.789162595949454,-0.6593733772676107,-0.7034989974905471,0.044125620222936424,0.3200021750116882,0.01694941802785267,0.12291839993845265,2.6033708148814076,True,True,False
paper_rank15,15,external,external_simulation_10,external,interpolated_external,empirical_primary,1.3125,10,3,13.789162595949454,-0.5223225574287046,-0.5386626452162522,0.016340087787547586,0.11849949316245978,0.028285001054230118,0.20512486423605442,0.5776944379892067,True,True,False
paper_rank15,15,external,external_simulation_10,external,interpolated_external,empirical_primary,1.3125,10,4,13.789162595949454,-0.009906181199481548,-0.0326985615533662,0.02279238035388465,0.16529198343472926,0.028267095580198194,0.20499501244913604,0.8063219756419292,True,True,False
paper_rank15,15,external,external_simulation_10,external,interpolated_external,empirical_primary,1.3125,10,5,13.789162595949454,0.00695374833083419,0.02127036347918593,0.014316615148351742,0.10382512388792359,0.024345705599164453,0.17655680995679873,0.5880550510248136,True,True,False
paper_rank15,15,external,external_simulation_10,external,interpolated_external,empirical_primary,1.3125,10,6,13.789162595949454,0.028317146087697805,0.011392981397922608,0.016924164689775197,0.12273526091241134,0.03941140756850705,0.28581436540667154,0.42942299536896,True,True,False
paper_rank15,15,external,external_simulation_10,external,interpolated_external,empirical_primary,1.3125,10,7,13.789162595949454,0.03016800654441315,-0.0007956542311990528,0.030963660775612203,0.22455069740571287,0.023351371100836873,0.16934582458035777,1.3259889811995886,True,True,False
paper_rank15,15,external,external_simulation_10,external,interpolated_external,empirical_primary,1.3125,10,8,13.789162595949454,0.012142218227419609,0.0024630931475461693,0.00967912507987344,0.07019371200044205,0.01694435533039039,0.12288168489192933,0.5712300581016225,True,True,False
paper_rank15,15,external,external_simulation_10,external,interpolated_external,empirical_primary,1.3125,10,9,13.789162595949454,-0.017914629337082422,0.004342651292071415,0.022257280629153837,0.16141140170246365,0.020344266768479065,0.14753808744307043,1.0940320868992315,True,True,False
paper_rank15,15,external,external_simulation_10,external,interpolated_external,empirical_primary,1.3125,10,10,13.789162595949454,0.011264971931399777,0.0028512908969617334,0.008413681034438044,0.06101662066781017,0.018866319135521736,0.13681990479293998,0.4459630399549779,True,True,False
paper_rank15,15,external,external_simulation_10,external,interpolated_external,empirical_primary,1.3125,10,11,13.789162595949454,0.00548735759980832,-0.013651334258611538,0.01913869185841986,0.13879517139091405,0.01799288781737529,0.1304857179845038,1.063680941751779,True,True,False
paper_rank15,15,external,external_simulation_10,external,interpolated_external,empirical_primary,1.3125,10,12,13.789162595949454,0.005663691486437603,0.00796977871618267,0.0023060872297450677,0.01672391063415611,0.011494447728740411,0.08335856255779367,0.20062618789234984,True,True,False
paper_rank15,15,external,external_simulation_10,external,interpolated_external,empirical_primary,1.3125,10,13,13.789162595949454,-0.016186577927161903,0.0021791524272532633,0.018365730354415168,0.13318959890871165,0.021464060818317806,0.15565891452047162,0.8556503128588572,True,True,False
paper_rank15,15,external,external_simulation_10,external,interpolated_external,empirical_primary,1.3125,10,14,13.789162595949454,-0.00013158170670884222,-0.0015453128547130712,0.001413731148004229,0.010252480077503113,0.01836513359982738,0.1331852712014732,0.07697908323506653,True,True,False
paper_rank15,15,external,external_simulation_10,external,interpolated_external,empirical_primary,1.3125,10,15,13.789162595949454,-0.003071657872071851,-0.0020999133885664274,0.0009717444835054237,0.0070471609624131355,0.020527838768669603,0.14886936480609506,0.047337885612612006,True,True,False
paper_rank15,15,external,external_simulation_10,external,interpolated_external,inverse_sqrt_sensitivity,1.3125,10,1,13.789162595949454,-13.763254391980189,-13.738889198979084,0.0243651930011044,0.1766981339988089,0.00828752056452188,0.06010169585610896,2.9399858270529755,True,True,False
paper_rank15,15,external,external_simulation_10,external,interpolated_external,inverse_sqrt_sensitivity,1.3125,10,2,13.789162595949454,-0.6593733772676107,-0.7034989974905471,0.044125620222936424,0.3200021750116882,0.015495792453948528,0.11237660261182497,2.847587198529666,True,True,False
paper_rank15,15,external,external_simulation_10,external,interpolated_external,inverse_sqrt_sensitivity,1.3125,10,3,13.789162595949454,-0.5223225574287046,-0.5386626452162522,0.016340087787547586,0.11849949316245978,0.025859206798476336,0.18753282963007803,0.6318866589717039,True,True,False
paper_rank15,15,external,external_simulation_10,external,interpolated_external,inverse_sqrt_sensitivity,1.3125,10,4,13.789162595949454,-0.009906181199481548,-0.0326985615533662,0.02279238035388465,0.16529198343472926,0.025842836943833995,0.1874141142655413,0.8819612337229419,True,True,False
paper_rank15,15,external,external_simulation_10,external,interpolated_external,inverse_sqrt_sensitivity,1.3125,10,5,13.789162595949454,0.00695374833083419,0.02127036347918593,0.014316615148351742,0.10382512388792359,0.022257755427923662,0.1614148449773291,0.6432191779046466,True,True,False
paper_rank15,15,external,external_simulation_10,external,interpolated_external,inverse_sqrt_sensitivity,1.3125,10,6,13.789162595949454,0.028317146087697805,0.011392981397922608,0.016924164689775197,0.12273526091241134,0.03603138414522499,0.2613021921708948,0.4697062045011126,True,True,False
paper_rank15,15,external,external_simulation_10,external,interpolated_external,inverse_sqrt_sensitivity,1.3125,10,7,13.789162595949454,0.03016800654441315,-0.0007956542311990528,0.030963660775612203,0.22455069740571287,0.021348697607143887,0.15482229220659877,1.4503770368292104,True,True,False
paper_rank15,15,external,external_simulation_10,external,interpolated_external,inverse_sqrt_sensitivity,1.3125,10,8,13.789162595949454,0.012142218227419609,0.0024630931475461693,0.00967912507987344,0.07019371200044205,0.01549116394640899,0.11234303634188414,0.6248158700894234,True,True,False
paper_rank15,15,external,external_simulation_10,external,interpolated_external,inverse_sqrt_sensitivity,1.3125,10,9,13.789162595949454,-0.017914629337082422,0.004342651292071415,0.022257280629153837,0.16141140170246365,0.01859949025707362,0.13488484255408803,1.1966607859421907,True,True,False
paper_rank15,15,external,external_simulation_10,external,interpolated_external,inverse_sqrt_sensitivity,1.3125,10,10,13.789162595949454,0.011264971931399777,0.0028512908969617334,0.008413681034438044,0.06101662066781017,0.01724829520480239,0.12508587874559585,0.48779783361404017,True,True,False
paper_rank15,15,external,external_simulation_10,external,interpolated_external,inverse_sqrt_sensitivity,1.3125,10,11,13.789162595949454,0.00548735759980832,-0.013651334258611538,0.01913869185841986,0.13879517139091405,0.01644977159729357,0.11929492804824612,1.1634624678660395,True,True,False
paper_rank15,15,external,external_simulation_10,external,interpolated_external,inverse_sqrt_sensitivity,1.3125,10,12,13.789162595949454,0.005663691486437603,0.00796977871618267,0.0023060872297450677,0.01672391063415611,0.010508654402447764,0.07620951837593579,0.21944648110303394,True,True,False
paper_rank15,15,external,external_simulation_10,external,interpolated_external,inverse_sqrt_sensitivity,1.3125,10,13,13.789162595949454,-0.016186577927161903,0.0021791524272532633,0.018365730354415168,0.13318959890871165,0.019623247896359716,0.14230920666729982,0.9359169517408059,True,True,False
paper_rank15,15,external,external_simulation_10,external,interpolated_external,inverse_sqrt_sensitivity,1.3125,10,14,13.789162595949454,-0.00013158170670884222,-0.0015453128547130712,0.001413731148004229,0.010252480077503113,0.016790092626443737,0.1217629606556079,0.08420031857225481,True,True,False
paper_rank15,15,external,external_simulation_10,external,interpolated_external,inverse_sqrt_sensitivity,1.3125,10,15,13.789162595949454,-0.003071657872071851,-0.0020999133885664274,0.0009717444835054237,0.0070471609624131355,0.018767318651572728,0.1361019461550595,0.05177854660788157,True,True,False
paper_rank15,15,external,external_simulation_6,external,interpolated_external,empirical_primary,1.375,6,1,13.992508553246099,-13.982663484232704,-14.039715271970966,0.057051787738261694,0.4077309477507973,0.009781518882886196,0.06990539863287772,5.832610295122963,True,True,False
paper_rank15,15,external,external_simulation_6,external,interpolated_external,empirical_primary,1.375,6,2,13.992508553246099,-0.23294164722531308,-0.1561362877235431,0.07680535950176998,0.5489034307858403,0.02132966205133249,0.15243629811027884,3.6008709053583834,True,True,False
paper_rank15,15,external,external_simulation_6,external,interpolated_external,empirical_primary,1.375,6,3,13.992508553246099,-0.4647726686816865,-0.49670184799825834,0.031929179316571854,0.22818767053149064,0.026184426785099753,0.18713175472045912,1.2193957720984425,True,True,False
paper_rank15,15,external,external_simulation_6,external,interpolated_external,empirical_primary,1.375,6,4,13.992508553246099,0.011107823195160363,0.01946666975711102,0.008358846561950656,0.05973801288126782,0.021028519913158964,0.15028413120591297,0.397500470621328,True,True,False
paper_rank15,15,external,external_simulation_6,external,interpolated_external,empirical_primary,1.375,6,5,13.992508553246099,-0.028132536045785354,0.03618868028541309,0.06432121633119844,0.4596832375441119,0.021900690755111314,0.15651725830126872,2.9369492063252287,True,True,False
paper_rank15,15,external,external_simulation_6,external,interpolated_external,empirical_primary,1.375,6,6,13.992508553246099,-0.021396810614431626,-0.0011651926991126278,0.020231617915318998,0.14458892655545671,0.029707859545673003,0.21231260593927687,0.6810190375450919,True,True,False
paper_rank15,15,external,external_simulation_6,external,interpolated_external,empirical_primary,1.375,6,7,13.992508553246099,0.033407175851669066,-0.0011950523745106467,0.03460222822617971,0.24729109933724072,0.026944285787819662,0.19256222488832356,1.2842139702148598,True,True,False
paper_rank15,15,external,external_simulation_6,external,interpolated_external,empirical_primary,1.375,6,8,13.992508553246099,-0.002414579921048417,0.0014292032497790624,0.0038437831708274793,0.027470293523142186,0.014694687965939597,0.10501825251720572,0.26157637234195624,True,True,False
paper_rank15,15,external,external_simulation_6,external,interpolated_external,empirical_primary,1.375,6,9,13.992508553246099,-0.01413432035541916,0.009669982548267477,0.02380430290368664,0.17012176775239002,0.022953460791854032,0.16404107029492646,1.0370681405975417,True,True,False
paper_rank15,15,external,external_simulation_6,external,interpolated_external,empirical_primary,1.375,6,10,13.992508553246099,-0.011382535544936664,0.0019839433004284895,0.013366478845365154,0.09552596515843677,0.01731741469458182,0.12376204473045957,0.771851865945509,True,True,False
paper_rank15,15,external,external_simulation_6,external,interpolated_external,empirical_primary,1.375,6,11,13.992508553246099,0.004815470060456337,-0.0066510672927419575,0.011466537353198294,0.08194768871903381,0.015380650547008523,0.10992060850618807,0.7455170584724383,True,True,False
paper_rank15,15,external,external_simulation_6,external,interpolated_external,empirical_primary,1.375,6,12,13.992508553246099,0.005572092211087197,0.001975091479613578,0.003597000731473619,0.025706618064844113,0.01311301615455705,0.0937145480716178,0.2743076565358753,True,True,False
paper_rank15,15,external,external_simulation_6,external,interpolated_external,empirical_primary,1.375,6,13,13.992508553246099,0.0028081375992075356,0.003978127478358968,0.001169989879151432,0.008361544855943703,0.022815204617927572,0.16305299747438576,0.051281147758459524,True,True,False
paper_rank15,15,external,external_simulation_6,external,interpolated_external,empirical_primary,1.375,6,14,13.992508553246099,-0.010702611227180431,-0.0008427087880470419,0.00985990243913339,0.07046558093292005,0.013018557355045056,0.0930394811302431,0.7573728924205569,True,True,False
paper_rank15,15,external,external_simulation_6,external,interpolated_external,empirical_primary,1.375,6,15,13.992508553246099,-0.0021315257255949595,-0.0008845278921526326,0.001246997833442327,0.00891189616713179,0.01898244668951155,0.13566149784563,0.06569215517045734,True,True,False
paper_rank15,15,external,external_simulation_6,external,interpolated_external,inverse_sqrt_sensitivity,1.375,6,1,13.992508553246099,-13.982663484232704,-14.039715271970966,0.057051787738261694,0.4077309477507973,0.008942630728943425,0.06391013230339487,6.379754399743887,True,True,False
paper_rank15,15,external,external_simulation_6,external,interpolated_external,inverse_sqrt_sensitivity,1.375,6,2,13.992508553246099,-0.23294164722531308,-0.1561362877235431,0.07680535950176998,0.5489034307858403,0.019500375512431917,0.13936297010808726,3.9386605377319466,True,True,False
paper_rank15,15,external,external_simulation_6,external,interpolated_external,inverse_sqrt_sensitivity,1.375,6,3,13.992508553246099,-0.4647726686816865,-0.49670184799825834,0.031929179316571854,0.22818767053149064,0.023938783167702714,0.17108285534797257,1.3337845575897724,True,True,False
paper_rank15,15,external,external_simulation_6,external,interpolated_external,inverse_sqrt_sensitivity,1.375,6,4,13.992508553246099,0.011107823195160363,0.01946666975711102,0.008358846561950656,0.05973801288126782,0.019225060096610146,0.13739537855883716,0.43478909922495,True,True,False
paper_rank15,15,external,external_simulation_6,external,interpolated_external,inverse_sqrt_sensitivity,1.375,6,5,13.992508553246099,-0.028132536045785354,0.03618868028541309,0.06432121633119844,0.4596832375441119,0.02002243132959704,0.14309393668336956,3.212457831538131,True,True,False
paper_rank15,15,external,external_simulation_6,external,interpolated_external,inverse_sqrt_sensitivity,1.375,6,6,13.992508553246099,-0.021396810614431626,-0.0011651926991126278,0.020231617915318998,0.14458892655545671,0.02716003729534093,0.1941041321646369,0.7449039077273122,True,True,False
paper_rank15,15,external,external_simulation_6,external,interpolated_external,inverse_sqrt_sensitivity,1.375,6,7,13.992508553246099,0.033407175851669066,-0.0011950523745106467,0.03460222822617971,0.24729109933724072,0.02463347471292645,0.1760475944623366,1.4046832056551952,True,True,False
paper_rank15,15,external,external_simulation_6,external,interpolated_external,inverse_sqrt_sensitivity,1.375,6,8,13.992508553246099,-0.002414579921048417,0.0014292032497790624,0.0038437831708274793,0.027470293523142186,0.013434433826668868,0.09601161775636174,0.28611426580531707,True,True,False
paper_rank15,15,external,external_simulation_6,external,interpolated_external,inverse_sqrt_sensitivity,1.375,6,9,13.992508553246099,-0.01413432035541916,0.009669982548267477,0.02380430290368664,0.17012176775239002,0.020984913107100742,0.14997248725806558,1.1343531794578596,True,True,False
paper_rank15,15,external,external_simulation_6,external,interpolated_external,inverse_sqrt_sensitivity,1.375,6,10,13.992508553246099,-0.011382535544936664,0.0019839433004284895,0.013366478845365154,0.09552596515843677,0.015832228782441286,0.11314789426209351,0.8442575602614606,True,True,False
paper_rank15,15,external,external_simulation_6,external,interpolated_external,inverse_sqrt_sensitivity,1.375,6,11,13.992508553246099,0.004815470060456337,-0.0066510672927419575,0.011466537353198294,0.08194768871903381,0.014061566496944133,0.10049353511870475,0.8154523434988704,True,True,False
paper_rank15,15,external,external_simulation_6,external,interpolated_external,inverse_sqrt_sensitivity,1.375,6,12,13.992508553246099,0.005572092211087197,0.001975091479613578,0.003597000731473619,0.025706618064844113,0.011988410247619182,0.08567734800375026,0.300039843246769,True,True,False
paper_rank15,15,external,external_simulation_6,external,interpolated_external,inverse_sqrt_sensitivity,1.375,6,13,13.992508553246099,0.0028081375992075356,0.003978127478358968,0.001169989879151432,0.008361544855943703,0.020858514137347274,0.14906915409752128,0.056091717341292265,True,True,False
paper_rank15,15,external,external_simulation_6,external,interpolated_external,inverse_sqrt_sensitivity,1.375,6,14,13.992508553246099,-0.010702611227180431,-0.0008427087880470419,0.00985990243913339,0.07046558093292005,0.011902052477087963,0.08506017653515621,0.82842034666829,True,True,False
paper_rank15,15,external,external_simulation_6,external,interpolated_external,inverse_sqrt_sensitivity,1.375,6,15,13.992508553246099,-0.0021315257255949595,-0.0008845278921526326,0.001246997833442327,0.00891189616713179,0.01735446336183609,0.12402681974998726,0.07185458907272115,True,True,False
paper_rank15,15,external,external_simulation_1,external,interpolated_external,empirical_primary,1.5,1,1,14.433726838114836,-14.416808625250361,-14.443788283291022,0.026979658040660937,0.18692094109344182,0.008132474160926332,0.056343550436683335,3.317521520116064,True,True,False
paper_rank15,15,external,external_simulation_1,external,interpolated_external,empirical_primary,1.5,1,2,14.433726838114836,0.5505564129301254,0.5872664895455255,0.036710076615400156,0.2543353981070269,0.01627861279786496,0.11278177133627312,2.2551108667081823,True,True,False
paper_rank15,15,external,external_simulation_1,external,interpolated_external,empirical_primary,1.5,1,3,14.433726838114836,-0.39459380770410946,-0.2975042497249998,0.09708955797910968,0.6726575822588476,0.014163664812693412,0.09812895152824788,6.8548330720237365,True,True,False
paper_rank15,15,external,external_simulation_1,external,interpolated_external,empirical_primary,1.5,1,4,14.433726838114836,0.1334012391995818,0.07554599935244617,0.05785523984713563,0.40083368970485517,0.017973952258201926,0.12452745198654094,3.218837961513721,True,True,False
paper_rank15,15,external,external_simulation_1,external,interpolated_external,empirical_primary,1.5,1,5,14.433726838114836,0.07084044030982993,0.021750366101376553,0.04909007420845338,0.34010671505035184,0.021188603225483365,0.14679925332611304,2.316815020133707,True,True,False
paper_rank15,15,external,external_simulation_1,external,interpolated_external,empirical_primary,1.5,1,6,14.433726838114836,0.027216901799040495,-0.01379034292786282,0.041007244726903314,0.28410711375399145,0.024826950234123634,0.17200651302727743,1.6517230002153274,True,True,False
paper_rank15,15,external,external_simulation_1,external,interpolated_external,empirical_primary,1.5,1,7,14.433726838114836,0.03559192380048622,0.00041952344765239236,0.03517240035283383,0.24368204239500238,0.027804659581454175,0.19263673127047826,1.2649822325569477,True,True,False
paper_rank15,15,external,external_simulation_1,external,interpolated_external,empirical_primary,1.5,1,8,14.433726838114836,-0.04071781045339061,-0.0010990815273195231,0.03961872892607109,0.2744871741749383,0.018708869958120194,0.1296191217137079,2.1176441449835086,True,True,False
paper_rank15,15,external,external_simulation_1,external,interpolated_external,empirical_primary,1.5,1,9,14.433726838114836,-0.020043706590465338,0.009705490333528504,0.029749196923993842,0.20610890906869436,0.03399979305064872,0.23555796387157743,0.8749817059085371,True,True,False
paper_rank15,15,external,external_simulation_1,external,interpolated_external,empirical_primary,1.5,1,10,14.433726838114836,0.009171431304034161,0.001432639642193409,0.007738791661840752,0.05361603242625522,0.017950237434266728,0.12436315052648714,0.43112475198057926,True,True,False
paper_rank15,15,external,external_simulation_1,external,interpolated_external,empirical_primary,1.5,1,11,14.433726838114836,0.0107657772498166,0.004323883383409928,0.006441893866406673,0.04463084232268897,0.014930502374011216,0.10344176900025956,0.4314586143879363,True,True,False
paper_rank15,15,external,external_simulation_1,external,interpolated_external,empirical_primary,1.5,1,12,14.433726838114836,-0.00809752672608156,-0.0036876022865324114,0.004409924439549149,0.030552916020995736,0.012987321811971665,0.08997899127255421,0.3395561073634209,True,True,False
paper_rank15,15,external,external_simulation_1,external,interpolated_external,empirical_primary,1.5,1,13,14.433726838114836,-0.0005909574529605392,0.0016507835664301652,0.0022417410193907045,0.015531269536506584,0.013523723603413645,0.09369529959304644,0.16576359330686458,True,True,False
paper_rank15,15,external,external_simulation_1,external,interpolated_external,empirical_primary,1.5,1,14,14.433726838114836,0.012346370984725009,0.002091197590686114,0.010255173394038895,0.07105007257694718,0.01256148719225445,0.08702871637478685,0.8163980297143755,True,True,False
paper_rank15,15,external,external_simulation_1,external,interpolated_external,empirical_primary,1.5,1,15,14.433726838114836,0.015041061763532287,0.0005767745766053489,0.014464287186926938,0.10021172874583854,0.018752505828995212,0.12992144052134802,0.7713255667710387,True,True,False
paper_rank15,15,external,external_simulation_1,external,interpolated_external,inverse_sqrt_sensitivity,1.5,1,1,14.433726838114836,-14.416808625250361,-14.443788283291022,0.026979658040660937,0.18692094109344182,0.007435012312973147,0.051511383001510515,3.6287307814655367,True,True,False
paper_rank15,15,external,external_simulation_1,external,interpolated_external,inverse_sqrt_sensitivity,1.5,1,2,14.433726838114836,0.5505564129301254,0.5872664895455255,0.036710076615400156,0.2543353981070269,0.014882517201439478,0.10310931728415097,2.4666577648470285,True,True,False
paper_rank15,15,external,external_simulation_1,external,interpolated_external,inverse_sqrt_sensitivity,1.5,1,3,14.433726838114836,-0.39459380770410946,-0.2975042497249998,0.09708955797910968,0.6726575822588476,0.012948952581388222,0.08971316089476072,7.497869605195587,True,True,False
paper_rank15,15,external,external_simulation_1,external,interpolated_external,inverse_sqrt_sensitivity,1.5,1,4,14.433726838114836,0.1334012391995818,0.07554599935244617,0.05785523984713563,0.40083368970485517,0.016432460000254202,0.11384765822823635,3.5207899393177065,True,True,False
paper_rank15,15,external,external_simulation_1,external,interpolated_external,inverse_sqrt_sensitivity,1.5,1,5,14.433726838114836,0.07084044030982993,0.021750366101376553,0.04909007420845338,0.34010671505035184,0.01937141425337489,0.13420937274648434,2.534150246665697,True,True,False
paper_rank15,15,external,external_simulation_1,external,interpolated_external,inverse_sqrt_sensitivity,1.5,1,6,14.433726838114836,0.027216901799040495,-0.01379034292786282,0.041007244726903314,0.28410711375399145,0.02269772728835269,0.15725479318629812,1.8066674344063571,True,True,False
paper_rank15,15,external,external_simulation_1,external,interpolated_external,inverse_sqrt_sensitivity,1.5,1,7,14.433726838114836,0.03559192380048622,0.00041952344765239236,0.03517240035283383,0.24368204239500238,0.025420060642724646,0.17611571098601111,1.3836473817736685,True,True,False
paper_rank15,15,external,external_simulation_1,external,interpolated_external,inverse_sqrt_sensitivity,1.5,1,8,14.433726838114836,-0.04071781045339061,-0.0010990815273195231,0.03961872892607109,0.2744871741749383,0.017104349272791634,0.1185026532968917,2.316295597932726,True,True,False
paper_rank15,15,external,external_simulation_1,external,interpolated_external,inverse_sqrt_sensitivity,1.5,1,9,14.433726838114836,-0.020043706590465338,0.009705490333528504,0.029749196923993842,0.20610890906869436,0.031083883571948304,0.21535590856455555,0.9570617794631379,True,True,False
paper_rank15,15,external,external_simulation_1,external,interpolated_external,inverse_sqrt_sensitivity,1.5,1,10,14.433726838114836,0.009171431304034161,0.001432639642193409,0.007738791661840752,0.05361603242625522,0.016410779020460214,0.11369744768291316,0.47156759908791523,True,True,False
paper_rank15,15,external,external_simulation_1,external,interpolated_external,inverse_sqrt_sensitivity,1.5,1,11,14.433726838114836,0.0107657772498166,0.004323883383409928,0.006441893866406673,0.04463084232268897,0.01365002418612096,0.09457033751030698,0.4719327803797334,True,True,False
paper_rank15,15,external,external_simulation_1,external,interpolated_external,inverse_sqrt_sensitivity,1.5,1,12,14.433726838114836,-0.00809752672608156,-0.0036876022865324114,0.004409924439549149,0.030552916020995736,0.011873495774323523,0.08226216213936816,0.37140910506622876,True,True,False
paper_rank15,15,external,external_simulation_1,external,interpolated_external,inverse_sqrt_sensitivity,1.5,1,13,14.433726838114836,-0.0005909574529605392,0.0016507835664301652,0.0022417410193907045,0.015531269536506584,0.012363894371989368,0.08565975032408327,0.18131350462435286,True,True,False
paper_rank15,15,external,external_simulation_1,external,interpolated_external,inverse_sqrt_sensitivity,1.5,1,14,14.433726838114836,0.012346370984725009,0.002091197590686114,0.010255173394038895,0.07105007257694718,0.011484181824074575,0.07956491038578159,0.8929824998539051,True,True,False
paper_rank15,15,external,external_simulation_1,external,interpolated_external,inverse_sqrt_sensitivity,1.5,1,15,14.433726838114836,0.015041061763532287,0.0005767745766053489,0.014464287186926938,0.10021172874583854,0.017144242819432314,0.11877904446798782,0.8436818901405343,True,True,False
paper_rank15,15,external,external_simulation_9,external,interpolated_external,empirical_primary,1.5625,9,1,14.61333144880617,-14.587199323915602,-14.596435007696124,0.009235683780522308,0.06320039898415371,0.007184860972126676,0.04916648197091048,1.285436672519023,True,True,False
paper_rank15,15,external,external_simulation_9,external,interpolated_external,empirical_primary,1.5625,9,2,14.61333144880617,0.8434589407731033,0.8669320863538164,0.023473145580713006,0.16062829795481465,0.012676066329631828,0.0867431658143044,1.8517689139762314,True,True,False
paper_rank15,15,external,external_simulation_9,external,interpolated_external,empirical_primary,1.5625,9,3,14.61333144880617,-0.19821048046359238,-0.17147069364428832,0.026739786819304057,0.18298214143010183,0.02036178374233699,0.13933704175306608,1.3132340053148528,True,True,False
paper_rank15,15,external,external_simulation_9,external,interpolated_external,empirical_primary,1.5625,9,4,14.61333144880617,0.0787227175609859,0.0854052417423309,0.006682524181345004,0.04572895786806321,0.019525493999830973,0.13361425536834792,0.3422461004778088,True,True,False
paper_rank15,15,external,external_simulation_9,external,interpolated_external,empirical_primary,1.5625,9,5,14.61333144880617,0.02632552085863571,4.09305637891072e-05,0.026284590294846602,0.17986720130811729,0.02051721752318322,0.14040068546354204,1.2810991678158405,True,True,False
paper_rank15,15,external,external_simulation_9,external,interpolated_external,empirical_primary,1.5625,9,6,14.61333144880617,-0.03029073270502928,-0.012902953518306916,0.017387779186722362,0.11898573058193962,0.026725369601854867,0.18288348345125768,0.6506094937416906,True,True,False
paper_rank15,15,external,external_simulation_9,external,interpolated_external,empirical_primary,1.5625,9,7,14.61333144880617,-0.0040799691852419755,0.004187779572326078,0.008267748757568054,0.05657675518092408,0.028340549463706646,0.19393626677797632,0.29172859785784544,True,True,False
paper_rank15,15,external,external_simulation_9,external,interpolated_external,empirical_primary,1.5625,9,8,14.61333144880617,0.018046528715663403,-0.0019542162985932976,0.0200007450142567,0.13686642970033128,0.023415083445933058,0.16023097490097607,0.8541820942231411,True,True,False
paper_rank15,15,external,external_simulation_9,external,interpolated_external,empirical_primary,1.5625,9,9,14.61333144880617,-0.032317300801041,0.004677291929496379,0.03699459273053737,0.2531564610036929,0.029093898175244493,0.19909148216590478,1.2715584727664802,True,True,False
paper_rank15,15,external,external_simulation_9,external,interpolated_external,empirical_primary,1.5625,9,10,14.61333144880617,-0.026684172959162696,0.0018203605945933399,0.028504533553756036,0.19505842082357408,0.019908591549286415,0.13623581740433896,1.431770473726843,True,True,False
paper_rank15,15,external,external_simulation_9,external,interpolated_external,empirical_primary,1.5625,9,11,14.61333144880617,0.0015519109667588996,0.005092548105517991,0.003540637138759091,0.02422881566166312,0.012788378818676104,0.0875117276541404,0.2768636422928258,True,True,False
paper_rank15,15,external,external_simulation_9,external,interpolated_external,empirical_primary,1.5625,9,12,14.61333144880617,0.008339526927287582,-0.0019163352142861495,0.010255862141573731,0.07018154742812995,0.014469596043433165,0.09901640905171731,0.7087870394438702,True,True,False
paper_rank15,15,external,external_simulation_9,external,interpolated_external,empirical_primary,1.5625,9,13,14.61333144880617,0.007484429019078766,0.00018963095470383648,0.00729479806437493,0.049918788812327086,0.016717552694540394,0.1143993260750007,0.4363556196091584,True,True,False
paper_rank15,15,external,external_simulation_9,external,interpolated_external,empirical_primary,1.5625,9,14,14.61333144880617,-0.0014520066635519632,0.002524939188264498,0.003976945851816461,0.027214505232763718,0.010559045535889697,0.07225625158014407,0.37663876325743745,True,True,False
paper_rank15,15,external,external_simulation_9,external,interpolated_external,empirical_primary,1.5625,9,15,14.61333144880617,0.01734228123221868,0.00040812321174065955,0.01693415802047802,0.11588157074108826,0.01816665047042107,0.1243155986303533,0.9321563184171021,True,True,False
paper_rank15,15,external,external_simulation_9,external,interpolated_external,inverse_sqrt_sensitivity,1.5625,9,1,14.61333144880617,-14.587199323915602,-14.596435007696124,0.009235683780522308,0.06320039898415371,0.006568668862352375,0.04494983834017533,1.4060206069232146,True,True,False
paper_rank15,15,external,external_simulation_9,external,interpolated_external,inverse_sqrt_sensitivity,1.5625,9,2,14.61333144880617,0.8434589407731033,0.8669320863538164,0.023473145580713006,0.16062829795481465,0.011588934360676994,0.07930384937394784,2.0254792071616987,True,True,False
paper_rank15,15,external,external_simulation_9,external,interpolated_external,inverse_sqrt_sensitivity,1.5625,9,3,14.61333144880617,-0.19821048046359238,-0.17147069364428832,0.026739786819304057,0.18298214143010183,0.01861550493031358,0.12738713958229128,1.4364255452325043,True,True,False
paper_rank15,15,external,external_simulation_9,external,interpolated_external,inverse_sqrt_sensitivity,1.5625,9,4,14.61333144880617,0.0787227175609859,0.0854052417423309,0.006682524181345004,0.04572895786806321,0.017850937541631327,0.12215515403976998,0.3743514404081162,True,True,False
paper_rank15,15,external,external_simulation_9,external,interpolated_external,inverse_sqrt_sensitivity,1.5625,9,5,14.61333144880617,0.02632552085863571,4.09305637891072e-05,0.026284590294846602,0.17986720130811729,0.018757608311348126,0.12835956247937236,1.4012762106214118,True,True,False
paper_rank15,15,external,external_simulation_9,external,interpolated_external,inverse_sqrt_sensitivity,1.5625,9,6,14.61333144880617,-0.03029073270502928,-0.012902953518306916,0.017387779186722362,0.11898573058193962,0.02443333334070081,0.16719892672178377,0.711641712748132,True,True,False
paper_rank15,15,external,external_simulation_9,external,interpolated_external,inverse_sqrt_sensitivity,1.5625,9,7,14.61333144880617,-0.0040799691852419755,0.004187779572326078,0.008267748757568054,0.05657675518092408,0.025909991233846377,0.17730379499441987,0.3190950040449201,True,True,False
paper_rank15,15,external,external_simulation_9,external,interpolated_external,inverse_sqrt_sensitivity,1.5625,9,8,14.61333144880617,0.018046528715663403,-0.0019542162985932976,0.0200007450142567,0.13686642970033128,0.021406945818070212,0.14648915541992338,0.9343110028042161,True,True,False
paper_rank15,15,external,external_simulation_9,external,interpolated_external,inverse_sqrt_sensitivity,1.5625,9,9,14.61333144880617,-0.032317300801041,0.004677291929496379,0.03699459273053737,0.2531564610036929,0.026598730827162017,0.18201688588494302,1.3908405243440916,True,True,False
paper_rank15,15,external,external_simulation_9,external,interpolated_external,inverse_sqrt_sensitivity,1.5625,9,10,14.61333144880617,-0.026684172959162696,0.0018203605945933399,0.028504533553756036,0.19505842082357408,0.018201179662406367,0.12455188418992102,1.5660816541815,True,True,False
paper_rank15,15,external,external_simulation_9,external,interpolated_external,inverse_sqrt_sensitivity,1.5625,9,11,14.61333144880617,0.0015519109667588996,0.005092548105517991,0.003540637138759091,0.02422881566166312,0.011691614642522455,0.08000649737864939,0.30283560030124307,True,True,False
paper_rank15,15,external,external_simulation_9,external,interpolated_external,inverse_sqrt_sensitivity,1.5625,9,12,14.61333144880617,0.008339526927287582,-0.0019163352142861495,0.010255862141573731,0.07018154742812995,0.013228646364911289,0.0905245077842397,0.7752767636738097,True,True,False
paper_rank15,15,external,external_simulation_9,external,interpolated_external,inverse_sqrt_sensitivity,1.5625,9,13,14.61333144880617,0.007484429019078766,0.00018963095470383648,0.00729479806437493,0.049918788812327086,0.01528381248647304,0.1045881463786387,0.4772891626896889,True,True,False
paper_rank15,15,external,external_simulation_9,external,interpolated_external,inverse_sqrt_sensitivity,1.5625,9,14,14.61333144880617,-0.0014520066635519632,0.002524939188264498,0.003976945851816461,0.027214505232763718,0.009653474701435967,0.06605937007077604,0.41197040183105105,True,True,False
paper_rank15,15,external,external_simulation_9,external,interpolated_external,inverse_sqrt_sensitivity,1.5625,9,15,14.61333144880617,0.01734228123221868,0.00040812321174065955,0.01693415802047802,0.11588157074108826,0.016608631919424993,0.11365397395938644,1.0195998142792424,True,True,False
paper_rank15,15,external,external_simulation_5,external,interpolated_external,empirical_primary,1.625,5,1,14.753224726665227,-14.713050761195177,-14.729229310579091,0.016178549383914387,0.10966110585079751,0.0067176209632617495,0.04553323824262101,2.408374850619567,True,True,False
paper_rank15,15,external,external_simulation_5,external,interpolated_external,empirical_primary,1.625,5,2,14.753224726665227,1.0753643295220308,1.1048724099967175,0.029508080474686782,0.20001105535492442,0.01026886841385165,0.06960422961152028,2.8735474334137354,True,True,False
paper_rank15,15,external,external_simulation_5,external,interpolated_external,empirical_primary,1.625,5,3,14.753224726665227,-0.10307983556455531,-0.041662707230894436,0.06141712833366088,0.41629629773519633,0.025192566858690334,0.17075973101092173,2.4379067317022782,True,True,False
paper_rank15,15,external,external_simulation_5,external,interpolated_external,empirical_primary,1.625,5,4,14.753224726665227,0.10748181076964837,0.0829394162642816,0.02454239450536677,0.16635274633218616,0.020029120112377626,0.135760964016068,1.2253356297064706,True,True,False
paper_rank15,15,external,external_simulation_5,external,interpolated_external,empirical_primary,1.625,5,5,14.753224726665227,-0.0022176260966646033,-0.01957048782751708,0.017352861730852476,0.11762080529749283,0.019081865855044365,0.129340304974515,0.9093901960465349,True,True,False
paper_rank15,15,external,external_simulation_5,external,interpolated_external,empirical_primary,1.625,5,6,14.753224726665227,0.015309893620405702,-0.0096838636008595,0.024993757221265202,0.16941216367490872,0.02776533314603595,0.1881984017762057,0.9001785460238051,True,True,False
paper_rank15,15,external,external_simulation_5,external,interpolated_external,empirical_primary,1.625,5,7,14.753224726665227,0.022582353973152437,0.0072733527649907065,0.01530900120816173,0.1037671525499912,0.030595988913094733,0.20738509363173344,0.5003597449209969,True,True,False
paper_rank15,15,external,external_simulation_5,external,interpolated_external,empirical_primary,1.625,5,8,14.753224726665227,0.024609958313233277,-0.0021098976218272975,0.026719855935060575,0.18111196995980586,0.02416466253381024,0.16379241136437528,1.1057409097964936,True,True,False
paper_rank15,15,external,external_simulation_5,external,interpolated_external,empirical_primary,1.625,5,9,14.753224726665227,-0.026481499254427023,-0.0008733972667295635,0.02560810198769746,0.1735763025517597,0.023045670169070484,0.15620768066670435,1.1111892949880888,True,True,False
paper_rank15,15,external,external_simulation_5,external,interpolated_external,empirical_primary,1.625,5,10,14.753224726665227,-0.002282732178803093,0.0019287271696478842,0.004211459348450977,0.02854602587893286,0.019704606795009905,0.13356135461961388,0.21372968221408553,True,True,False
paper_rank15,15,external,external_simulation_5,external,interpolated_external,empirical_primary,1.625,5,11,14.753224726665227,0.01565500161801284,0.004226474037721911,0.01142852758029093,0.07746460717591333,0.011012730175599336,0.07464625788350353,1.0377560693907555,True,True,False
paper_rank15,15,external,external_simulation_5,external,interpolated_external,empirical_primary,1.625,5,12,14.753224726665227,-0.0018830669778392443,0.0007089095777450937,0.0025919765555843383,0.017568881404616283,0.014922159704961316,0.10114507154487216,0.17369982675648207,True,True,False
paper_rank15,15,external,external_simulation_5,external,interpolated_external,empirical_primary,1.625,5,13,14.753224726665227,-0.019892803965311068,-0.0006756463975633765,0.01921715756774769,0.13025733643855011,0.019857618430858533,0.13459849489696676,0.9677473476821584,True,True,False
paper_rank15,15,external,external_simulation_5,external,interpolated_external,empirical_primary,1.625,5,14,14.753224726665227,-0.007695279606262603,0.002342725221031468,0.01003800482729407,0.06803939486633868,0.009718787241394522,0.06587568088642086,1.032845413524429,True,True,False
paper_rank15,15,external,external_simulation_5,external,interpolated_external,empirical_primary,1.625,5,15,14.753224726665227,0.012574579800019012,-0.0001397404290441953,0.012714320229063207,0.08617994007834186,0.01933835292887425,0.13107882030646348,0.6574665523907857,True,True,False
paper_rank15,15,external,external_simulation_5,external,interpolated_external,inverse_sqrt_sensitivity,1.625,5,1,14.753224726665227,-14.713050761195177,-14.729229310579091,0.016178549383914387,0.10966110585079751,0.0061415005553548015,0.04162819091513295,2.6342990997221745,True,True,False
paper_rank15,15,external,external_simulation_5,external,interpolated_external,inverse_sqrt_sensitivity,1.625,5,2,14.753224726665227,1.0753643295220308,1.1048724099967175,0.029508080474686782,0.20001105535492442,0.00938818391383508,0.06363479230996,3.1431084803528,True,True,False
paper_rank15,15,external,external_simulation_5,external,interpolated_external,inverse_sqrt_sensitivity,1.625,5,3,14.753224726665227,-0.10307983556455531,-0.041662707230894436,0.06141712833366088,0.41629629773519633,0.02303198769320487,0.15611493839429197,2.6666013004071196,True,True,False
paper_rank15,15,external,external_simulation_5,external,interpolated_external,inverse_sqrt_sensitivity,1.625,5,4,14.753224726665227,0.10748181076964837,0.0829394162642816,0.02454239450536677,0.16635274633218616,0.01831137138671011,0.12411775544646743,1.340281619932572,True,True,False
paper_rank15,15,external,external_simulation_5,external,interpolated_external,inverse_sqrt_sensitivity,1.625,5,5,14.753224726665227,-0.0022176260966646033,-0.01957048782751708,0.017352861730852476,0.11762080529749283,0.017445356084672334,0.11824774859655804,0.9946980529734716,True,True,False
paper_rank15,15,external,external_simulation_5,external,interpolated_external,inverse_sqrt_sensitivity,1.625,5,6,14.753224726665227,0.015309893620405702,-0.0096838636008595,0.024993757221265202,0.16941216367490872,0.025384106943300098,0.1720580240157288,0.9846222786995497,True,True,False
paper_rank15,15,external,external_simulation_5,external,interpolated_external,inverse_sqrt_sensitivity,1.625,5,7,14.753224726665227,0.022582353973152437,0.0072733527649907065,0.01530900120816173,0.1037671525499912,0.027971998409711256,0.18959921595415133,0.5472973716045538,True,True,False
paper_rank15,15,external,external_simulation_5,external,interpolated_external,inverse_sqrt_sensitivity,1.625,5,8,14.753224726665227,0.024609958313233277,-0.0021098976218272975,0.026719855935060575,0.18111196995980586,0.02209223908032132,0.14974515395533447,1.2094679872834306,True,True,False
paper_rank15,15,external,external_simulation_5,external,interpolated_external,inverse_sqrt_sensitivity,1.625,5,9,14.753224726665227,-0.026481499254427023,-0.0008733972667295635,0.02560810198769746,0.1735763025517597,0.02106921437156339,0.14281090922096873,1.2154274732834887,True,True,False
paper_rank15,15,external,external_simulation_5,external,interpolated_external,inverse_sqrt_sensitivity,1.625,5,10,14.753224726665227,-0.002282732178803093,0.0019287271696478842,0.004211459348450977,0.02854602587893286,0.018014689163980743,0.12210679019496455,0.23377918487050722,True,True,False
paper_rank15,15,external,external_simulation_5,external,interpolated_external,inverse_sqrt_sensitivity,1.625,5,11,14.753224726665227,0.01565500161801284,0.004226474037721911,0.01142852758029093,0.07746460717591333,0.010068250182513392,0.06824440330198364,1.1351056413099545,True,True,False
paper_rank15,15,external,external_simulation_5,external,interpolated_external,inverse_sqrt_sensitivity,1.625,5,12,14.753224726665227,-0.0018830669778392443,0.0007089095777450937,0.0025919765555843383,0.017568881404616283,0.01364239700577195,0.09247061072088499,0.18999421835383484,True,True,False
paper_rank15,15,external,external_simulation_5,external,interpolated_external,inverse_sqrt_sensitivity,1.625,5,13,14.753224726665227,-0.019892803965311068,-0.0006756463975633765,0.01921715756774769,0.13025733643855011,0.018154578129386704,0.12305498266134192,1.0585295582628271,True,True,False
paper_rank15,15,external,external_simulation_5,external,interpolated_external,inverse_sqrt_sensitivity,1.625,5,14,14.753224726665227,-0.007695279606262603,0.002342725221031468,0.01003800482729407,0.06803939486633868,0.008885279113964487,0.060226013489139654,1.12973432781846,True,True,False
paper_rank15,15,external,external_simulation_5,external,interpolated_external,inverse_sqrt_sensitivity,1.625,5,15,14.753224726665227,0.012574579800019012,-0.0001397404290441953,0.012714320229063207,0.08617994007834186,0.017679846169031413,0.11983716439346688,0.719142016706798,True,True,False
paper_rank15,15,external,external_simulation_3,external,interpolated_external,empirical_primary,1.75,3,1,15.005398606925535,-14.933296321813074,-14.929429380997622,0.0038669408154525797,0.025770330510699307,0.00643988943257925,0.04291715002897029,0.6004669576918226,True,True,False
paper_rank15,15,external,external_simulation_3,external,interpolated_external,empirical_primary,1.75,3,2,15.005398606925535,1.4550041606547617,1.444407873127449,0.010596287527312676,0.0706165014664929,0.011803595773594107,0.07866232735827704,0.8977169102162658,True,True,False
paper_rank15,15,external,external_simulation_3,external,interpolated_external,empirical_primary,1.75,3,3,15.005398606925535,0.18716310998818603,0.19663453024038846,0.009471420252202434,0.06312008431306203,0.02059789635424355,0.13726990461111024,0.4598246388520712,True,True,False
paper_rank15,15,external,external_simulation_3,external,interpolated_external,empirical_primary,1.75,3,4,15.005398606925535,0.04455221008121624,0.03391953931672799,0.010632670764488247,0.07085896911516155,0.02008168425112607,0.133829728734148,0.5294710658490722,True,True,False
paper_rank15,15,external,external_simulation_3,external,interpolated_external,empirical_primary,1.75,3,5,15.005398606925535,-0.012460974738631099,-0.027049748269954724,0.014588773531323625,0.09722349877856878,0.017264929252240553,0.11505811811138535,0.8449946894181666,True,True,False
paper_rank15,15,external,external_simulation_3,external,interpolated_external,empirical_primary,1.75,3,6,15.005398606925535,0.005050986007871389,-0.0013621435058977262,0.006413129513769115,0.04273881475437262,0.02277491922603939,0.15177816879538233,0.2815873659142006,True,True,False
paper_rank15,15,external,external_simulation_3,external,interpolated_external,empirical_primary,1.75,3,7,15.005398606925535,5.231516798990938e-05,0.00472769500875507,0.004675379840765161,0.031157984957542573,0.03363996756401125,0.22418576437206528,0.1389828878957357,True,True,False
paper_rank15,15,external,external_simulation_3,external,interpolated_external,empirical_primary,1.75,3,8,15.005398606925535,-0.02961685610637592,-0.0002917385971119568,0.029325117509263962,0.19543044658426706,0.019376065669748213,0.12912729729689057,1.5134712076791301,True,True,False
paper_rank15,15,external,external_simulation_3,external,interpolated_external,empirical_primary,1.75,3,9,15.005398606925535,-0.032332383807341734,-0.0057412242403037245,0.02659115956703801,0.17721061774903618,0.016693253326825374,0.11124831645005974,1.5929285350451794,True,True,False
paper_rank15,15,external,external_simulation_3,external,interpolated_external,empirical_primary,1.75,3,10,15.005398606925535,-0.008211785730039348,6.795659082864391e-05,0.008279742320867992,0.0551784230313388,0.010579640317763987,0.07050555999812694,0.7826109463254343,True,True,False
paper_rank15,15,external,external_simulation_3,external,interpolated_external,empirical_primary,1.75,3,11,15.005398606925535,0.004535869476461774,0.0013566933253391247,0.0031791761511226497,0.02118688236416022,0.011365160497598194,0.07574047711303558,0.2797299828536963,True,True,False
paper_rank15,15,external,external_simulation_3,external,interpolated_external,empirical_primary,1.75,3,12,15.005398606925535,0.011537626636576091,0.0034031023950983584,0.008134524241477733,0.05421065081019144,0.011462941507558723,0.07639211598329791,0.709636722486439,True,True,False
paper_rank15,15,external,external_simulation_3,external,interpolated_external,empirical_primary,1.75,3,13,15.005398606925535,0.014163362711103342,-0.0010581442359889493,0.015221506947092291,0.10144020392811834,0.01954282169539256,0.1302386041672551,0.778879692213583,True,True,False
paper_rank15,15,external,external_simulation_3,external,interpolated_external,empirical_primary,1.75,3,14,15.005398606925535,0.014668353483926602,0.0015181670048632356,0.013150186479063367,0.08763636890654859,0.01187622162320257,0.07914632549462074,1.1072702157537926,True,True,False
paper_rank15,15,external,external_simulation_3,external,interpolated_external,empirical_primary,1.75,3,15,15.005398606925535,0.007901573816516282,-0.0013759087263202872,0.00927748254283657,0.06182763141363452,0.026687819546931755,0.1778547857743303,0.34762984388895807,True,True,False
paper_rank15,15,external,external_simulation_3,external,interpolated_external,inverse_sqrt_sensitivity,1.75,3,1,15.005398606925535,-14.933296321813074,-14.929429380997622,0.0038669408154525797,0.025770330510699307,0.005887587993265572,0.03923646513827521,0.6567954177289106,True,True,False
paper_rank15,15,external,external_simulation_3,external,interpolated_external,inverse_sqrt_sensitivity,1.75,3,2,15.005398606925535,1.4550041606547617,1.444407873127449,0.010596287527312676,0.0706165014664929,0.010791289117853608,0.0719160443553498,0.9819297223518632,True,True,False
paper_rank15,15,external,external_simulation_3,external,interpolated_external,inverse_sqrt_sensitivity,1.75,3,3,15.005398606925535,0.18716310998818603,0.19663453024038846,0.009471420252202434,0.06312008431306203,0.018831367918874686,0.12549728542488253,0.5029597580486559,True,True,False
paper_rank15,15,external,external_simulation_3,external,interpolated_external,inverse_sqrt_sensitivity,1.75,3,4,15.005398606925535,0.04455221008121624,0.03391953931672799,0.010632670764488247,0.07085896911516155,0.01835942749006587,0.12235214785692085,0.5791395603289642,True,True,False
paper_rank15,15,external,external_simulation_3,external,interpolated_external,inverse_sqrt_sensitivity,1.75,3,5,15.005398606925535,-0.012460974738631099,-0.027049748269954724,0.014588773531323625,0.09722349877856878,0.01578424462628693,0.10519043871984801,0.9242617481376093,True,True,False
paper_rank15,15,external,external_simulation_3,external,interpolated_external,inverse_sqrt_sensitivity,1.75,3,6,15.005398606925535,0.005050986007871389,-0.0013621435058977262,0.006413129513769115,0.04273881475437262,0.020821683724019838,0.13876128365167104,0.3080024458526832,True,True,False
paper_rank15,15,external,external_simulation_3,external,interpolated_external,inverse_sqrt_sensitivity,1.75,3,7,15.005398606925535,5.231516798990938e-05,0.00472769500875507,0.004675379840765161,0.031157984957542573,0.03075491764217934,0.20495901806956887,0.15202056123710875,True,True,False
paper_rank15,15,external,external_simulation_3,external,interpolated_external,inverse_sqrt_sensitivity,1.75,3,8,15.005398606925535,-0.02961685610637592,-0.0002917385971119568,0.029325117509263962,0.19543044658426706,0.017714324568495757,0.11805300900383917,1.655446550946546,True,True,False
paper_rank15,15,external,external_simulation_3,external,interpolated_external,inverse_sqrt_sensitivity,1.75,3,9,15.005398606925535,-0.032332383807341734,-0.0057412242403037245,0.02659115956703801,0.17721061774903618,0.015261597094873439,0.10170737542306713,1.742357592179544,True,True,False
paper_rank15,15,external,external_simulation_3,external,interpolated_external,inverse_sqrt_sensitivity,1.75,3,10,15.005398606925535,-0.008211785730039348,6.795659082864391e-05,0.008279742320867992,0.0551784230313388,0.009672303221980677,0.06445882229024265,0.8560259258675805,True,True,False
paper_rank15,15,external,external_simulation_3,external,interpolated_external,inverse_sqrt_sensitivity,1.75,3,11,15.005398606925535,0.004535869476461774,0.0013566933253391247,0.0031791761511226497,0.02118688236416022,0.010390455175935485,0.0692447794831649,0.3059708258484854,True,True,False
paper_rank15,15,external,external_simulation_3,external,interpolated_external,inverse_sqrt_sensitivity,1.75,3,12,15.005398606925535,0.011537626636576091,0.0034031023950983584,0.008134524241477733,0.05421065081019144,0.010479850235624021,0.06984053213213004,0.7762061535790032,True,True,False
paper_rank15,15,external,external_simulation_3,external,interpolated_external,inverse_sqrt_sensitivity,1.75,3,13,15.005398606925535,0.014163362711103342,-0.0010581442359889493,0.015221506947092291,0.10144020392811834,0.017866779169567245,0.11906900734593667,0.8519446511668602,True,True,False
paper_rank15,15,external,external_simulation_3,external,interpolated_external,inverse_sqrt_sensitivity,1.75,3,14,15.005398606925535,0.014668353483926602,0.0015181670048632356,0.013150186479063367,0.08763636890654859,0.01085768638827759,0.07235853356982049,1.2111407540063834,True,True,False
paper_rank15,15,external,external_simulation_3,external,interpolated_external,inverse_sqrt_sensitivity,1.75,3,15,15.005398606925535,0.007901573816516282,-0.0013759087263202872,0.00927748254283657,0.06182763141363452,0.024399003674822797,0.1626015030587843,0.3802402207271256,True,True,False
paper_rank15,15,external,external_simulation_7,external,interpolated_external,empirical_primary,1.875,7,1,15.146719417145961,-15.051873340664658,-15.0570751444339,0.00520180376924273,0.03434277499954433,0.008610757215326677,0.05684899137683484,0.6041052649799258,True,True,False
paper_rank15,15,external,external_simulation_7,external,interpolated_external,empirical_primary,1.875,7,2,15.146719417145961,1.6442568771794561,1.6437279517694954,0.0005289254099607454,0.003492012992344773,0.015762299402081095,0.10406411426779519,0.033556361065626726,True,True,False
paper_rank15,15,external,external_simulation_7,external,interpolated_external,empirical_primary,1.875,7,3,15.146719417145961,0.3907496201516666,0.3900443590199223,0.0007052611317442947,0.004656197241931774,0.02234274125541447,0.14750878153933897,0.03156555964561349,True,True,False
paper_rank15,15,external,external_simulation_7,external,interpolated_external,empirical_primary,1.875,7,4,15.146719417145961,-0.053592169905809166,-0.05356474860113844,2.7421304670725843e-05,0.00018103791266962504,0.025599330623367954,0.1690090766082966,0.001071172722215429,True,True,False
paper_rank15,15,external,external_simulation_7,external,interpolated_external,empirical_primary,1.875,7,5,15.146719417145961,-0.01863033545267466,0.000598640008260834,0.019228975460935493,0.12695142051135147,0.021276220168637443,0.1404675136752909,0.9037778002166135,True,True,False
paper_rank15,15,external,external_simulation_7,external,interpolated_external,empirical_primary,1.875,7,6,15.146719417145961,-0.01059587791191854,0.008360785312536017,0.018956663224454558,0.12515359070424037,0.02186267613539517,0.14433934856314035,0.8670788108032281,True,True,False
paper_rank15,15,external,external_simulation_7,external,interpolated_external,empirical_primary,1.875,7,7,15.146719417145961,-0.017523223731438303,-0.00433766990467134,0.013185553826766963,0.08705220888848726,0.025615324742496202,0.1691146712171869,0.5147525537668447,True,True,False
paper_rank15,15,external,external_simulation_7,external,interpolated_external,empirical_primary,1.875,7,8,15.146719417145961,-0.050437760994257716,0.0006408941454428829,0.0510786551397006,0.3372258621354006,0.027537539745319844,0.1818053070564414,1.8548735875499442,True,True,False
paper_rank15,15,external,external_simulation_7,external,interpolated_external,empirical_primary,1.875,7,9,15.146719417145961,-0.005538552692270397,-0.0008609082522109193,0.0046776444400594775,0.03088222809993049,0.019200114212875527,0.1267608759632872,0.24362586535671055,True,True,False
paper_rank15,15,external,external_simulation_7,external,interpolated_external,empirical_primary,1.875,7,10,15.146719417145961,0.00048757684995564063,-0.0017734206547996845,0.002260997504755325,0.014927308300145142,0.008945636477473783,0.059059894298612255,0.2527486457166906,True,True,False
paper_rank15,15,external,external_simulation_7,external,interpolated_external,empirical_primary,1.875,7,11,15.146719417145961,-0.011615744838720243,-0.00030577236114856234,0.011309972477571682,0.07466945261274785,0.012602275122259504,0.08320135057096148,0.8974548141386616,True,True,False
paper_rank15,15,external,external_simulation_7,external,interpolated_external,empirical_primary,1.875,7,12,15.146719417145961,-0.005536312945456735,0.0006273965818028721,0.006163709527259607,0.040693363080868454,0.00856017090189048,0.05651501599878081,0.7200451483858081,True,True,False
paper_rank15,15,external,external_simulation_7,external,interpolated_external,empirical_primary,1.875,7,13,15.146719417145961,0.0036710176884821744,0.00012087819245702736,0.003550139496025147,0.02343833934103525,0.013847800290914288,0.09142441943724587,0.2563684788517955,True,True,False
paper_rank15,15,external,external_simulation_7,external,interpolated_external,empirical_primary,1.875,7,14,15.146719417145961,-0.006531716311932763,3.327732413906104e-05,0.006564993636071824,0.04334267675573567,0.009756706254456106,0.06441464970567551,0.6728698666185061,True,True,False
paper_rank15,15,external,external_simulation_7,external,interpolated_external,empirical_primary,1.875,7,15,15.146719417145961,-0.0066022711101218325,-0.0002925647841273728,0.00630970632599446,0.041657247039592775,0.02978569842541004,0.19664785228471898,0.2118367760217326,True,True,False
paper_rank15,15,external,external_simulation_7,external,interpolated_external,inverse_sqrt_sensitivity,1.875,7,1,15.146719417145961,-15.051873340664658,-15.0570751444339,0.00520180376924273,0.03434277499954433,0.007872276585590022,0.051973476029922826,0.6607750264725815,True,True,False
paper_rank15,15,external,external_simulation_7,external,interpolated_external,inverse_sqrt_sensitivity,1.875,7,2,15.146719417145961,1.6442568771794561,1.6437279517694954,0.0005289254099607454,0.003492012992344773,0.01441048416708321,0.09513930885106818,0.036704208118761905,True,True,False
paper_rank15,15,external,external_simulation_7,external,interpolated_external,inverse_sqrt_sensitivity,1.875,7,3,15.146719417145961,0.3907496201516666,0.3900443590199223,0.0007052611317442947,0.004656197241931774,0.02042657044491094,0.13485804999984505,0.034526654077655164,True,True,False
paper_rank15,15,external,external_simulation_7,external,interpolated_external,inverse_sqrt_sensitivity,1.875,7,4,15.146719417145961,-0.053592169905809166,-0.05356474860113844,2.7421304670725843e-05,0.00018103791266962504,0.023403866353868815,0.15451442460455053,0.0011716570354706763,True,True,False
paper_rank15,15,external,external_simulation_7,external,interpolated_external,inverse_sqrt_sensitivity,1.875,7,5,15.146719417145961,-0.01863033545267466,0.000598640008260834,0.019228975460935493,0.12695142051135147,0.019451516942702272,0.12842065933223346,0.9885591708645494,True,True,False
paper_rank15,15,external,external_simulation_7,external,interpolated_external,inverse_sqrt_sensitivity,1.875,7,6,15.146719417145961,-0.01059587791191854,0.008360785312536017,0.018956663224454558,0.12515359070424037,0.019987676941194493,0.13196043572688493,0.9484175314733538,True,True,False
paper_rank15,15,external,external_simulation_7,external,interpolated_external,inverse_sqrt_sensitivity,1.875,7,7,15.146719417145961,-0.017523223731438303,-0.00433766990467134,0.013185553826766963,0.08705220888848726,0.02341848877630761,0.1546109631488788,0.5630403376031136,True,True,False
paper_rank15,15,external,external_simulation_7,external,interpolated_external,inverse_sqrt_sensitivity,1.875,7,8,15.146719417145961,-0.050437760994257716,0.0006408941454428829,0.0510786551397006,0.3372258621354006,0.025175849689034763,0.16621321750065501,2.028875123207766,True,True,False
paper_rank15,15,external,external_simulation_7,external,interpolated_external,inverse_sqrt_sensitivity,1.875,7,9,15.146719417145961,-0.005538552692270397,-0.0008609082522109193,0.0046776444400594775,0.03088222809993049,0.017553463159969012,0.11588953803487398,0.26647986197543794,True,True,False
paper_rank15,15,external,external_simulation_7,external,interpolated_external,inverse_sqrt_sensitivity,1.875,7,10,15.146719417145961,0.00048757684995564063,-0.0017734206547996845,0.002260997504755325,0.014927308300145142,0.008178435743080598,0.053994766245043645,0.27645842992264774,True,True,False
paper_rank15,15,external,external_simulation_7,external,interpolated_external,inverse_sqrt_sensitivity,1.875,7,11,15.146719417145961,-0.011615744838720243,-0.00030577236114856234,0.011309972477571682,0.07466945261274785,0.011521471676560714,0.07606578929242264,0.981643039628409,True,True,False
paper_rank15,15,external,external_simulation_7,external,interpolated_external,inverse_sqrt_sensitivity,1.875,7,12,15.146719417145961,-0.005536312945456735,0.0006273965818028721,0.006163709527259607,0.040693363080868454,0.007826028684173609,0.05166814323710658,0.7875909705933394,True,True,False
paper_rank15,15,external,external_simulation_7,external,interpolated_external,inverse_sqrt_sensitivity,1.875,7,13,15.146719417145961,0.0036710176884821744,0.00012087819245702736,0.003550139496025147,0.02343833934103525,0.012660177411349232,0.08358362667640107,0.2804178314944165,True,True,False
paper_rank15,15,external,external_simulation_7,external,interpolated_external,inverse_sqrt_sensitivity,1.875,7,14,15.146719417145961,-0.006531716311932763,3.327732413906104e-05,0.006564993636071824,0.04334267675573567,0.008919946095184447,0.05889028409073942,0.735990281333205,True,True,False
paper_rank15,15,external,external_simulation_7,external,interpolated_external,inverse_sqrt_sensitivity,1.875,7,15,15.146719417145961,-0.0066022711101218325,-0.0002925647841273728,0.00630970632599446,0.041657247039592775,0.0272312005130556,0.17978282797151512,0.23170870938904672,True,True,False
